PitcherId,Pitcher,Season,StintId,StartDate,EndDate,DaysMissed,ILType,Injury,BodyPart,IsArmInjury,OpenEnded,SourceDescription
683003,Jared Jones,2024,683003-1,2024-07-04,2024-08-27,54,15,Right lat strain.,lat,True,False,Pittsburgh Pirates placed RHP Jared Jones on the 15-day injured list. Right lat strain. | Pittsburgh Pirates activated RHP Jared Jones from the 15-day injured list.
683003,Jared Jones,2025,683003-2,2025-03-24,2025-09-28,185,60,Right elbow UCL sprain.,elbow,True,False,"Pittsburgh Pirates placed RHP Jared Jones on the 15-day injured list retroactive to March 24, 2025. Right elbow UCL sprain. | Pittsburgh Pirates transferred RHP Jared Jones from the 15-day injured list to the 60-day injured list. | Pittsburgh Pirates activated RHP Jared Jones from the 60-day injured list."
640462,A. J. Puk,2022,640462-1,2022-04-18,2022-04-20,2,10,,other,False,False,Oakland Athletics placed LHP A.J. Puk on the 10-day injured list. | Oakland Athletics activated LHP A.J. Puk from the 10-day injured list.
640462,A. J. Puk,2023,640462-2,2023-05-13,2023-06-06,24,15,Left elbow nerve irritation.,elbow,True,False,Miami Marlins placed LHP A.J. Puk on the 15-day injured list. Left elbow nerve irritation. | Miami Marlins placed LHP A.J. Puk on the 15-day injured list. Left elbow nerve irritation. | Miami Marlins activated LHP A.J. Puk from the 15-day injured list.
640462,A. J. Puk,2024,640462-3,2024-04-20,2024-05-13,23,15,Left shoulder fatigue.,shoulder,True,False,Miami Marlins placed LHP A.J. Puk on the 15-day injured list. Left shoulder fatigue. | Miami Marlins activated LHP A.J. Puk from the 15-day injured list.
640462,A. J. Puk,2025,640462-4,2025-04-18,2025-09-28,163,60,Left elbow inflammation.,elbow,True,False,"Arizona Diamondbacks placed LHP A.J. Puk on the 15-day injured list retroactive to April 18, 2025. Left elbow inflammation. | Arizona Diamondbacks transferred LHP A.J. Puk from the 15-day injured list to the 60-day injured list. Left elbow inflammation. | Arizona Diamondbacks activated LHP A.J. Puk from the 60-day injured list."
543101,Anthony Desclafani,2022,543101-1,2022-04-22,2022-06-21,60,60,Right ankle inflammation.,ankle/foot,False,False,San Francisco Giants placed RHP Anthony DeSclafani on the 10-day injured list. Right ankle inflammation. | San Francisco Giants transferred RHP Anthony DeSclafani from the 10-day injured list to the 60-day injured list. Right ankle inflammation. | San Francisco Giants activated RHP Anthony DeSclafani.
543101,Anthony Desclafani,2022,543101-2,2022-06-28,2022-10-05,99,60,Right ankle inflammation.,ankle/foot,False,False,"San Francisco Giants placed RHP Anthony DeSclafani on the 15-day injured list retroactive to June 28, 2022. Right ankle inflammation. | San Francisco Giants transferred RHP Anthony DeSclafani from the 15-day injured list to the 60-day injured list. Right ankle inflammation. | San Francisco Giants activated RHP Anthony DeSclafani from the 60-day injured list."
543101,Anthony Desclafani,2023,543101-3,2023-07-03,2023-07-18,15,15,Right shoulder fatigue.,shoulder,True,False,San Francisco Giants placed RHP Anthony DeSclafani on the 15-day injured list. Right shoulder fatigue. | San Francisco Giants activated RHP Anthony DeSclafani from the 15-day injured list.
543101,Anthony Desclafani,2023,543101-4,2023-07-27,2023-10-02,67,60,Right elbow flexor strain.,elbow,True,False,"San Francisco Giants placed RHP Anthony DeSclafani on the 15-day injured list retroactive to July 27, 2023. Right elbow flexor strain. | San Francisco Giants transferred RHP Anthony DeSclafani from the 15-day injured list to the 60-day injured list. Right elbow flexor strain. | San Francisco Giants activated RHP Anthony DeSclafani from the 60-day injured list."
543101,Anthony Desclafani,2024,543101-5,2024-03-28,2024-09-30,186,60,Right elbow strain.,elbow,True,False,Minnesota Twins placed RHP Anthony DeSclafani on the 60-day injured list. Right elbow strain. | (no activation listed; return inferred from first MLB appearance 2025-06-15)
543101,Anthony Desclafani,2025,543101-5,2025-03-27,2025-06-15,80,60,Right elbow strain.,elbow,True,False,Minnesota Twins placed RHP Anthony DeSclafani on the 60-day injured list. Right elbow strain. | (no activation listed; return inferred from first MLB appearance 2025-06-15)
543101,Anthony Desclafani,2025,543101-6,2025-08-13,2025-09-07,25,15,Right thumb inflammation.,hand/wrist,False,False,Arizona Diamondbacks placed RHP Anthony DeSclafani on the 15-day injured list. Right thumb inflammation. | Arizona Diamondbacks activated RHP Anthony DeSclafani from the 15-day injured list.
686826,Bryce Jarvis,2024,686826-1,2024-07-31,2024-09-30,61,60,Sprained right elbow.,elbow,True,False,"Arizona Diamondbacks placed RHP Bryce Jarvis on the 15-day injured list retroactive to July 31, 2024. Sprained right elbow. | Arizona Diamondbacks transferred RHP Bryce Jarvis from the 15-day injured list to the 60-day injured list. | Arizona Diamondbacks activated RHP Bryce Jarvis from the 60-day injured list."
801216,Christian Montes De Oca,2025,801216-1,2025-06-09,2025-09-28,111,60,Right elbow inflammation.,elbow,True,False,"Arizona Diamondbacks placed RHP Christian Montes De Oca on the 15-day injured list retroactive to June 9, 2025. Right elbow inflammation. | Arizona Diamondbacks transferred RHP Christian Montes De Oca from the 15-day injured list to the 60-day injured list. Right elbow inflammation. | Arizona Diamondbacks activated RHP Christian Montes De Oca from the 60-day injured list."
669203,Corbin Burnes,2025,669203-1,2025-06-02,2025-09-28,118,60,Right elbow inflammation.,elbow,True,False,"Arizona Diamondbacks placed RHP Corbin Burnes on the 15-day injured list retroactive to June 2, 2025. Right elbow inflammation. | Arizona Diamondbacks transferred RHP Corbin Burnes from the 15-day injured list to the 60-day injured list. Right elbow inflammation. | Arizona Diamondbacks activated RHP Corbin Burnes from the 60-day injured list."
691441,Cristian Mena,2025,691441-1,2025-06-07,2025-09-28,113,60,Right shoulder strain.,shoulder,True,False,Arizona Diamondbacks placed RHP Cristian Mena on the 15-day injured list. Right shoulder strain. | Arizona Diamondbacks transferred RHP Cristian Mena from the 15-day injured list to the 60-day injured list. Right shoulder strain. | Arizona Diamondbacks activated RHP Cristian Mena from the 60-day injured list.
686753,Drey Jameson,2023,686753-1,2023-07-07,2023-10-02,87,60,Right elbow inflammation.,elbow,True,False,Arizona Diamondbacks placed RHP Drey Jameson on the 15-day injured list. Right elbow inflammation. | Arizona Diamondbacks transferred RHP Drey Jameson from the 15-day injured list to the 60-day injured list. Right elbow inflammation. | Arizona Diamondbacks activated RHP Drey Jameson from the 60-day injured list.
593958,Eduardo Rodríguez,2022,593958-1,2022-05-19,2022-08-19,92,15,Left ribcage sprain.,other,False,False,"Detroit Tigers placed LHP Eduardo Rodriguez on the 15-day injured list retroactive to May 19, 2022. Left ribcage sprain. | Detroit Tigers activated LHP Eduardo Rodriguez."
593958,Eduardo Rodríguez,2023,593958-2,2023-05-29,2023-07-05,37,15,Left index finger pulley rupture.,hand/wrist,False,False,"Detroit Tigers placed LHP Eduardo Rodriguez on the 15-day injured list retroactive to May 29, 2023. Left index finger pulley rupture. | Detroit Tigers activated LHP Eduardo Rodriguez from the 15-day injured list."
593958,Eduardo Rodríguez,2024,593958-3,2024-03-25,2024-08-06,131,60,Left shoulder strain.,shoulder,True,False,"Arizona Diamondbacks placed LHP Eduardo Rodriguez on the 15-day injured list retroactive to March 25, 2024. Left shoulder strain. | Arizona Diamondbacks transferred LHP Eduardo Rodriguez from the 15-day injured list to the 60-day injured list. | Arizona Diamondbacks activated LHP Eduardo Rodriguez from the 60-day injured list."
593958,Eduardo Rodríguez,2025,593958-4,2025-05-15,2025-06-06,22,15,Left shoulder inflammation.,shoulder,True,False,"Arizona Diamondbacks placed LHP Eduardo Rodriguez on the 15-day injured list retroactive to May 15, 2025. Left shoulder inflammation. | Arizona Diamondbacks activated LHP Eduardo Rodriguez from the 15-day injured list."
663765,Jake Woodford,2023,663765-1,2023-05-05,2023-06-13,39,15,Right shoulder inflammation.,shoulder,True,False,St. Louis Cardinals placed RHP Jake Woodford on the 15-day injured list. Right shoulder inflammation. | (no activation listed; return inferred from first MLB appearance 2023-06-13)
663765,Jake Woodford,2023,663765-2,2023-06-30,2023-09-01,63,15,Right shoulder strain.,shoulder,True,False,St. Louis Cardinals placed RHP Jake Woodford on the 15-day injured list. Right shoulder strain. | St. Louis Cardinals activated RHP Jake Woodford from the 15-day injured list.
656222,Jalen Beeks,2022,656222-1,2022-07-15,2022-07-31,16,15,Lower right leg tightness.,other,False,False,"Tampa Bay Rays placed LHP Jalen Beeks on the 15-day injured list retroactive to July 15, 2022. Lower right leg tightness. | (no activation listed; return inferred from first MLB appearance 2022-07-31)"
656222,Jalen Beeks,2022,656222-2,2022-09-18,2022-10-05,17,15,Right lower leg tightness.,other,False,False,"Tampa Bay Rays placed LHP Jalen Beeks on the 15-day injured list retroactive to September 18, 2022. Right lower leg tightness. | Tampa Bay Rays activated LHP Jalen Beeks from the 15-day injured list."
656222,Jalen Beeks,2025,656222-3,2025-07-08,2025-08-01,24,15,Lower back inflammation.,back,False,False,"Arizona Diamondbacks placed LHP Jalen Beeks on the 15-day injured list retroactive to July 8, 2025. Lower back inflammation. | Arizona Diamondbacks activated LHP Jalen Beeks from the 15-day injured list."
573009,Joe Mantiply,2023,573009-1,2023-03-30,2023-04-18,19,15,Left shoulder inflammation.,shoulder,True,False,Arizona Diamondbacks placed LHP Joe Mantiply on the 15-day injured list. Left shoulder inflammation. | Arizona Diamondbacks activated LHP Joe Mantiply from the 15-day injured list.
573009,Joe Mantiply,2023,573009-2,2023-05-09,2023-06-12,34,15,Right hamstring strain.,hamstring,False,False,"Arizona Diamondbacks placed LHP Joe Mantiply on the 15-day injured list retroactive to May 9, 2023. Right hamstring strain. | Arizona Diamondbacks activated LHP Joe Mantiply from the 15-day injured list."
595928,John Curtiss,2022,595928-1,2022-04-06,2022-10-05,181,60,Recovery from Tommy John surgery.,elbow,True,False,New York Mets placed RHP John Curtiss on the 60-day injured list. Recovery from Tommy John surgery. | New York Mets activated RHP John Curtiss from the 60-day injured list.
595928,John Curtiss,2023,595928-2,2023-08-14,2023-10-02,49,60,,other,False,False,New York Mets placed RHP John Curtiss on the 60-day injured list. | Colorado Rockies selected the contract of RHP John Curtiss from Albuquerque Isotopes.
595928,John Curtiss,2024,595928-2,2024-03-28,2024-05-24,57,60,,other,False,False,New York Mets placed RHP John Curtiss on the 60-day injured list. | Colorado Rockies selected the contract of RHP John Curtiss from Albuquerque Isotopes.
679885,Justin Martinez,2025,679885-1,2025-05-01,2025-05-23,22,15,Right shoulder inflammation.,shoulder,True,False,Arizona Diamondbacks placed RHP Justin Martinez on the 15-day injured list. Right shoulder inflammation. | Arizona Diamondbacks activated RHP Justin Martinez from the 15-day injured list.
679885,Justin Martinez,2025,679885-2,2025-06-10,2025-09-28,110,60,Right UCL sprain.,elbow,True,False,Arizona Diamondbacks placed RHP Justin Martinez on the 15-day injured list. Right UCL sprain. | Arizona Diamondbacks transferred RHP Justin Martinez from the 15-day injured list to the 60-day injured list. Right UCL sprain. | Arizona Diamondbacks activated RHP Justin Martinez from the 60-day injured list.
608665,Kendall Graveman,2024,608665-1,2024-03-27,2024-09-30,186,60,Right shoulder surgery.,shoulder,True,False,Houston Astros placed RHP Kendall Graveman on the 60-day injured list. Right shoulder surgery.
608665,Kendall Graveman,2025,608665-2,2025-03-24,2025-05-12,46,15,Right lumbar strain.,back,False,False,"Arizona Diamondbacks placed RHP Kendall Graveman on the 15-day injured list retroactive to March 24, 2025. Right lumbar strain. | Arizona Diamondbacks activated RHP Kendall Graveman from the 15-day injured list."
608665,Kendall Graveman,2025,608665-3,2025-06-08,2025-07-11,33,15,Right hip impingement.,hip/groin,False,False,"Arizona Diamondbacks placed RHP Kendall Graveman on the 15-day injured list retroactive to June 8, 2025. Right hip impingement. | Arizona Diamondbacks activated RHP Kendall Graveman from the 15-day injured list."
656464,Kevin Ginkel,2025,656464-1,2025-03-24,2025-04-29,33,15,Right shoulder inflammation.,shoulder,True,False,"Arizona Diamondbacks placed RHP Kevin Ginkel on the 15-day injured list retroactive to March 24, 2025. Right shoulder inflammation. | Arizona Diamondbacks activated RHP Kevin Ginkel from the 15-day injured list."
656464,Kevin Ginkel,2025,656464-2,2025-08-03,2025-09-28,56,60,Right shoulder sprain.,shoulder,True,False,"Arizona Diamondbacks placed RHP Kevin Ginkel on the 15-day injured list retroactive to August 3, 2025. Right shoulder sprain. | Arizona Diamondbacks transferred RHP Kevin Ginkel from the 15-day injured list to the 60-day injured list. Right shoulder sprain. | Arizona Diamondbacks activated RHP Kevin Ginkel from the 60-day injured list."
669459,Kyle Nelson,2022,669459-1,2022-05-18,2022-05-28,10,10,,other,False,True,Arizona Diamondbacks placed LHP Kyle Nelson on the 10-day injured list.
669459,Kyle Nelson,2022,669459-2,2022-05-28,2022-05-31,3,10,,other,False,False,Arizona Diamondbacks placed LHP Kyle Nelson on the 10-day injured list. | (no activation listed; return inferred from first MLB appearance 2022-05-31)
669459,Kyle Nelson,2022,669459-3,2022-08-05,2022-09-01,27,15,Lower back spasms.,back,False,False,"Arizona Diamondbacks placed LHP Kyle Nelson on the 15-day injured list retroactive to August 5, 2022. Lower back spasms. | Arizona Diamondbacks activated LHP Kyle Nelson from the 15-day injured list."
669459,Kyle Nelson,2022,669459-4,2022-09-13,2022-10-05,22,15,Left elbow inflammation.,elbow,True,False,"Arizona Diamondbacks placed LHP Kyle Nelson on the 15-day injured list retroactive to September 13, 2022. Left elbow inflammation. | Arizona Diamondbacks activated LHP Kyle Nelson from the 15-day injured list."
669459,Kyle Nelson,2024,669459-5,2024-04-23,2024-09-30,160,60,Left shoulder inflammation.,shoulder,True,False,Arizona Diamondbacks placed LHP Kyle Nelson on the 15-day injured list. Left shoulder inflammation. | Arizona Diamondbacks transferred LHP Kyle Nelson from the 15-day injured list to the 60-day injured list. | Arizona Diamondbacks activated LHP Kyle Nelson from the 60-day injured list.
622503,Nabil Crismatt,2023,622503-1,2023-04-19,2023-06-16,58,15,Left hip strain.,hip/groin,False,False,San Diego Padres placed RHP Nabil Crismatt on the 15-day injured list. Left hip strain. | San Diego Padres activated RHP Nabil Crismatt from the 15-day injured list.
657044,Ryan Thompson,2022,657044-1,2022-08-27,2022-10-05,39,60,Right triceps inflammation.,biceps/triceps,False,False,"Tampa Bay Rays placed RHP Ryan Thompson on the 15-day injured list retroactive to August 27, 2022. Right triceps inflammation. | Tampa Bay Rays transferred RHP Ryan Thompson from the 15-day injured list to the 60-day injured list. Right triceps inflammation. | Tampa Bay Rays activated RHP Ryan Thompson from the 60-day injured list."
657044,Ryan Thompson,2023,657044-2,2023-04-13,2023-04-28,15,15,Right lat strain.,lat,True,False,"Tampa Bay Rays placed RHP Ryan Thompson on the 15-day injured list retroactive to April 13, 2023. Right lat strain. | Tampa Bay Rays activated RHP Ryan Thompson from the 15-day injured list."
657044,Ryan Thompson,2025,657044-3,2025-07-05,2025-09-01,58,15,Right scapular strain.,shoulder,True,False,"Arizona Diamondbacks placed RHP Ryan Thompson on the 15-day injured list retroactive to July 5, 2025. Right scapular strain. | Arizona Diamondbacks activated RHP Ryan Thompson from the 15-day injured list."
669194,Ryne Nelson,2022,669194-1,2022-09-21,2022-10-05,14,15,Right scapula inflammation.,shoulder,True,False,Arizona Diamondbacks placed RHP Ryne Nelson on the 15-day injured list. Right scapula inflammation. | Arizona Diamondbacks activated RHP Ryne Nelson from the 15-day injured list.
669194,Ryne Nelson,2024,669194-2,2024-04-19,2024-05-05,16,15,Right elbow contusion.,elbow,True,False,Arizona Diamondbacks placed RHP Ryne Nelson on the 15-day injured list. Right elbow contusion. | Arizona Diamondbacks activated RHP Ryne Nelson from the 15-day injured list.
669194,Ryne Nelson,2024,669194-3,2024-09-11,2024-09-26,15,15,Right shoulder inflammation.,shoulder,True,False,"Arizona Diamondbacks placed RHP Ryne Nelson on the 15-day injured list retroactive to September 11, 2024. Right shoulder inflammation. | Arizona Diamondbacks activated RHP Ryne Nelson from the 15-day injured list."
674072,Tommy Henry,2023,674072-1,2023-07-29,2023-10-02,65,60,Left elbow inflammation.,elbow,True,False,"Arizona Diamondbacks placed LHP Tommy Henry on the 15-day injured list retroactive to July 29, 2023. Left elbow inflammation. | Arizona Diamondbacks transferred LHP Tommy Henry from the 15-day injured list to the 60-day injured list. Left elbow inflammation. | Arizona Diamondbacks activated LHP Tommy Henry from the 60-day injured list."
674072,Tommy Henry,2025,674072-2,2025-07-06,2025-09-28,84,60,Left elbow discomfort.,elbow,True,False,Arizona Diamondbacks placed LHP Tommy Henry on the 60-day injured list. Left elbow discomfort. | Arizona Diamondbacks activated LHP Tommy Henry from the 60-day injured list.
668678,Zac Gallen,2024,668678-1,2024-05-31,2024-06-29,29,15,Right hamstring strain.,hamstring,False,False,Arizona Diamondbacks placed RHP Zac Gallen on the 15-day injured list. Right hamstring strain. | Arizona Diamondbacks activated RHP Zac Gallen from the 15-day injured list.
641386,Ben Bowden,2025,641386-1,2025-08-22,2025-09-28,37,60,Strained left lat.,lat,True,False,Athletics placed LHP Ben Bowden on the 15-day injured list. Strained left lat. | Athletics transferred LHP Ben Bowden from the 15-day injured list to the 60-day injured list. Strained left lat. | Athletics activated LHP Ben Bowden from the 60-day injured list.
669620,Brady Basso,2025,669620-1,2025-03-24,2025-08-11,137,60,Strained left shoulder.,shoulder,True,False,Athletics placed LHP Brady Basso on the 15-day injured list. Strained left shoulder. | Athletics transferred LHP Brady Basso from the 15-day injured list to the 60-day injured list. Strained left shoulder. | Athletics activated LHP Brady Basso from the 60-day injured list.
680880,Grant Holman,2025,680880-1,2025-06-16,2025-09-28,104,60,Right shoulder rotator cuff tendinitis.,shoulder,True,False,"Athletics placed RHP Grant Holman on the 15-day injured list retroactive to June 16, 2025. Right shoulder rotator cuff tendinitis. | Athletics transferred RHP Grant Holman from the 15-day injured list to the 60-day injured list. Right shoulder rotator cuff tendinitis. | Athletics activated RHP Grant Holman from the 60-day injured list."
680684,Gunnar Hoglund,2025,680684-1,2025-06-01,2025-09-28,119,60,Left hip impingement.,hip/groin,False,False,"Athletics placed RHP Gunnar Hoglund on the 15-day injured list retroactive to June 1, 2025. Left hip impingement. | Athletics transferred RHP Gunnar Hoglund from the 15-day injured list to the 60-day injured list. Left hip impingement. | Athletics activated RHP Gunnar Hoglund from the 60-day injured list."
669372,J. T. Ginn,2025,669372-1,2025-04-25,2025-05-19,24,15,Riight elbow inflammation.,elbow,True,False,"Athletics placed RHP J.T. Ginn on the 15-day injured list retroactive to April 25, 2025. Riight elbow inflammation. | Athletics activated RHP J.T. Ginn from the 15-day injured list."
669372,J. T. Ginn,2025,669372-2,2025-05-20,2025-06-16,27,15,Right quadriceps strain.,quad,False,False,Athletics placed RHP J.T. Ginn on the 15-day injured list. Right quadriceps strain. | Athletics activated RHP J.T. Ginn from the 15-day injured list.
678022,Jack Perkins,2025,678022-1,2025-08-22,2025-09-28,37,15,Strained right shoulder.,shoulder,True,False,Athletics placed RHP Jack Perkins on the 15-day injured list. Strained right shoulder. | Athletics activated RHP Jack Perkins from the 15-day injured list.
682052,Jacob Lopez,2025,682052-1,2025-08-25,2025-09-28,34,15,Left elbow flexor strain.,elbow,True,False,"Athletics placed LHP Jacob Lopez on the 15-day injured list retroactive to August 25, 2025. Left elbow flexor strain. | Athletics activated LHP Jacob Lopez from the 15-day injured list."
605488,Jeffrey Springs,2022,605488-1,2022-04-24,2022-07-05,72,10,,other,False,False,Tampa Bay Rays placed LHP Jeffrey Springs on the 10-day injured list. | Tampa Bay Rays activated LHP Jeffrey Springs.
605488,Jeffrey Springs,2022,605488-2,2022-07-07,2022-07-24,17,15,Right lower leg tightness.,other,False,False,"Tampa Bay Rays placed LHP Jeffrey Springs on the 15-day injured list retroactive to July 7, 2022. Right lower leg tightness. | Tampa Bay Rays activated LHP Jeffrey Springs from the 15-day injured list."
605488,Jeffrey Springs,2023,605488-3,2023-04-22,2023-04-22,0,60,,other,False,True,Tampa Bay Rays transferred LHP Jeffrey Springs from the 15-day injured list to the 60-day injured list.
605488,Jeffrey Springs,2023,605488-4,2023-04-15,2023-10-02,170,15,Left elbow flexor strain.,elbow,True,False,"Tampa Bay Rays placed LHP Jeffrey Springs on the 15-day injured list retroactive to April 15, 2023. Left elbow flexor strain. | Tampa Bay Rays activated LHP Jeffrey Springs from the 60-day injured list."
605488,Jeffrey Springs,2024,605488-5,2024-03-15,2024-07-28,122,60,Recovery from Tommy John surgery.,elbow,True,False,Tampa Bay Rays placed LHP Jeffrey Springs on the 60-day injured list. Recovery from Tommy John surgery. | Tampa Bay Rays activated LHP Jeffrey Springs from the 60-day injured list.
605488,Jeffrey Springs,2024,605488-6,2024-09-05,2024-09-30,25,15,Left elbow fatigue.,elbow,True,False,"Tampa Bay Rays placed LHP Jeffrey Springs on the 15-day injured list retroactive to September 5, 2024. Left elbow fatigue. | Tampa Bay Rays activated LHP Jeffrey Springs from the 15-day injured list."
683155,Joey Estes,2025,683155-1,2025-08-25,2025-09-28,34,15,Herniated disc in lower back.,back,False,False,"Athletics placed RHP Joey Estes on the 15-day injured list retroactive to August 25, 2025. Herniated disc in lower back. | Athletics activated RHP Joey Estes from the 15-day injured list."
600917,José Leclerc,2022,600917-1,2022-04-07,2022-06-16,70,60,Recovering from right elbow surgery.,elbow,True,False,Texas Rangers placed RHP Jose Leclerc on the 60-day injured list. Recovering from right elbow surgery. | Texas Rangers activated RHP José Leclerc from the 60-day injured list.
600917,José Leclerc,2023,600917-2,2023-06-21,2023-07-06,15,15,Right ankle sprain.,ankle/foot,False,False,"Texas Rangers placed RHP José Leclerc on the 15-day injured list retroactive to June 21, 2023. Right ankle sprain. | Texas Rangers activated RHP José Leclerc from the 15-day injured list."
600917,José Leclerc,2025,600917-3,2025-04-23,2025-09-28,158,60,Right lat strain.,lat,True,True,Athletics placed RHP José Leclerc on the 15-day injured list. Right lat strain. | Athletics transferred RHP José Leclerc from the 15-day injured list to the 60-day injured list. Right lat strain.
622663,Luis Severino,2022,622663-1,2022-06-16,2022-06-17,1,10,,other,False,False,New York Yankees placed RHP Luis Severino on the 10-day injured list. | New York Yankees activated RHP Luis Severino from the 10-day injured list.
622663,Luis Severino,2022,622663-2,2022-07-14,2022-09-21,69,60,Low grade right lat strain.,lat,True,False,New York Yankees placed RHP Luis Severino on the 15-day injured list. Low grade right lat strain. | New York Yankees transferred RHP Luis Severino from the 15-day injured list to the 60-day injured list. Low grade right lat strain. | New York Yankees activated RHP Luis Severino from the 60-day injured list.
622663,Luis Severino,2023,622663-3,2023-03-27,2023-05-21,52,15,Right lat strain.,lat,True,False,"New York Yankees placed RHP Luis Severino on the 15-day injured list retroactive to March 27, 2023. Right lat strain. | New York Yankees activated RHP Luis Severino from the 15-day injured list."
622663,Luis Severino,2023,622663-4,2023-09-09,2023-10-02,23,15,Left upper body injury.,other,False,False,New York Yankees placed RHP Luis Severino on the 15-day injured list. Left upper body injury. | New York Yankees activated RHP Luis Severino from the 15-day injured list.
622663,Luis Severino,2025,622663-5,2025-08-06,2025-09-01,26,15,Left oblique strain.,oblique,False,False,"Athletics placed RHP Luis Severino on the 15-day injured list retroactive to August 6, 2025. Left oblique strain. | Athletics activated RHP Luis Severino from the 15-day injured list."
547184,Michael Kelly,2023,547184-1,2023-08-18,2023-09-19,32,15,Lower back strain.,back,False,False,Cleveland Guardians placed RHP Michael Kelly on the 15-day injured list. Lower back strain. | Cleveland Guardians activated RHP Michael Kelly from the 15-day injured list.
671305,Michel Otañez,2025,671305-1,2025-03-26,2025-05-13,47,15,Right shoulder impingement.,shoulder,True,False,Athletics placed RHP Michel Otañez on the 15-day injured list. Right shoulder impingement. | Athletics activated RHP Michel Otañez from the 15-day injured list.
674370,Osvaldo Bido,2024,674370-1,2024-09-08,2024-09-30,22,15,Right wrist flexor tendonitis.,forearm,True,True,"Oakland Athletics placed RHP Osvaldo Bido on the 15-day injured list retroactive to September 8, 2024. Right wrist flexor tendonitis."
543518,Scott Mcgough,2023,543518-1,2023-09-17,2023-10-02,15,15,Right shoulder inflammation.,shoulder,True,False,Arizona Diamondbacks placed RHP Scott McGough on the 15-day injured list. Right shoulder inflammation. | Arizona Diamondbacks activated RHP Scott McGough from the 15-day injured list.
519008,T. J. Mcfarland,2022,519008-1,2022-06-22,2022-07-11,19,10,,other,False,False,St. Louis Cardinals placed LHP T.J. McFarland on the 10-day injured list. | St. Louis Cardinals activated LHP T.J. McFarland.
519008,T. J. Mcfarland,2025,519008-2,2025-05-12,2025-06-05,24,15,Adductor strain.,hip/groin,False,False,Athletics placed LHP T.J. McFarland on the 15-day injured list. Adductor strain. | Athletics activated LHP T.J. McFarland from the 15-day injured list.
622780,Ángel Perdomo,2023,622780-1,2023-08-19,2023-10-02,44,60,Left elbow discomfort.,elbow,True,False,"Pittsburgh Pirates placed LHP Angel Perdomo on the 15-day injured list retroactive to August 19, 2023. Left elbow discomfort. | Pittsburgh Pirates transferred LHP Angel Perdomo from the 15-day injured list to the 60-day injured list. | Atlanta Braves activated LHP Angel Perdomo."
622780,Ángel Perdomo,2024,622780-2,2024-03-28,2024-09-30,186,60,Left elbow injury.,elbow,True,False,Atlanta Braves placed LHP Angel Perdomo on the 15-day injured list. Left elbow injury. | Atlanta Braves transferred LHP Angel Perdomo from the 15-day injured list to the 60-day injured list. Left elbow injury. | Atlanta Braves activated LHP Angel Perdomo from the 60-day injured list.
607481,Aaron Bummer,2022,607481-1,2022-05-07,2022-05-22,15,15,Right knee strain.,knee,False,False,"Chicago White Sox placed LHP Aaron Bummer on the 15-day injured list retroactive to May 7, 2022. Right knee strain. | Chicago White Sox activated LHP Aaron Bummer from the 15-day injured list."
607481,Aaron Bummer,2022,607481-2,2022-06-09,2022-09-02,85,15,Left lat strain.,lat,True,True,"Chicago White Sox placed LHP Aaron Bummer on the 15-day injured list retroactive to June 9, 2022. Left lat strain."
607481,Aaron Bummer,2022,607481-3,2022-09-02,2022-09-05,3,60,Left lat strain.,lat,True,False,Chicago White Sox placed LHP Aaron Bummer on the 60-day injured list. Left lat strain. | Chicago White Sox activated LHP Aaron Bummer from the 60-day injured list.
607481,Aaron Bummer,2025,607481-4,2025-08-24,2025-09-28,35,60,Left shoulder inflammation.,shoulder,True,False,Atlanta Braves placed LHP Aaron Bummer on the 15-day injured list. Left shoulder inflammation. | Atlanta Braves transferred LHP Aaron Bummer from the 15-day injured list to the 60-day injured list. Left shoulder inflammation. | Atlanta Braves activated LHP Aaron Bummer from the 60-day injured list.
700363,Aj Smith-Shawver,2024,700363-1,2024-05-24,2024-07-09,46,15,Strained left oblique muscle.,oblique,False,False,Atlanta Braves placed RHP AJ Smith-Shawver on the 15-day injured list. Strained left oblique muscle. | Atlanta Braves activated RHP AJ Smith-Shawver from the 15-day injured list.
700363,Aj Smith-Shawver,2025,700363-2,2025-05-29,2025-09-28,122,60,Strained right elbow.,elbow,True,False,Atlanta Braves placed RHP AJ Smith-Shawver on the 15-day injured list. Strained right elbow. | Atlanta Braves transferred RHP AJ Smith-Shawver from the 15-day injured list to the 60-day injured list. Strained right elbow. | Atlanta Braves activated RHP AJ Smith-Shawver from the 60-day injured list.
680735,Austin Cox,2023,680735-1,2023-09-09,2023-10-02,23,60,Left knee sprain.,knee,False,False,Kansas City Royals placed LHP Austin Cox on the 60-day injured list. Left knee sprain. | Kansas City Royals activated LHP Austin Cox from the 60-day injured list.
519242,Chris Sale,2022,519242-1,2022-04-04,2022-07-12,96,60,Right rib stress fracture.,oblique,False,False,Boston Red Sox placed LHP Chris Sale on the 60-day injured list. Right rib stress fracture. | Boston Red Sox activated LHP Chris Sale.
519242,Chris Sale,2022,519242-2,2022-08-13,2022-08-13,0,60,,other,False,True,Boston Red Sox transferred LHP Chris Sale from the 15-day injured list to the 60-day injured list.
519242,Chris Sale,2022,519242-3,2022-07-19,2022-10-05,78,60,Left fitfth finger fracture.,hand/wrist,False,False,"Boston Red Sox placed LHP Chris Sale on the 15-day injured list retroactive to July 19, 2022. Left fitfth finger fracture. | Boston Red Sox transferred LHP Chris Sale from the 15-day injured list to the 60-day injured list. Left fifth finger fracture. | Boston Red Sox activated LHP Chris Sale from the 60-day injured list."
519242,Chris Sale,2023,519242-4,2023-06-02,2023-08-11,70,60,Left shoulder inflammation.,shoulder,True,False,Boston Red Sox placed LHP Chris Sale on the 15-day injured list. Left shoulder inflammation. | Boston Red Sox transferred LHP Chris Sale from the 15-day injured list to the 60-day injured list. | Boston Red Sox activated LHP Chris Sale from the 60-day injured list.
519242,Chris Sale,2025,519242-5,2025-06-19,2025-08-30,72,60,Fractured left ribcage.,other,False,False,"Atlanta Braves placed LHP Chris Sale on the 15-day injured list retroactive to June 19, 2025. Fractured left ribcage. | Atlanta Braves transferred LHP Chris Sale from the 15-day injured list to the 60-day injured list. Fractured left ribcage. | Atlanta Braves transferred LHP Chris Sale from the 15-day injured list to the 60-day injured list. Fractured left ribcage. | Atlanta Braves activated LHP Chris Sale."
669721,Davis Daniel,2023,669721-1,2023-02-16,2023-08-31,154,60,Right shoulder strain.,shoulder,True,False,Los Angeles Angels placed RHP Davis Daniel on the 60-day injured list. Right shoulder strain. | Los Angeles Angels activated RHP Davis Daniel from the 60-day injured list.
678226,Daysbel Hernández,2023,678226-1,2023-08-01,2023-10-02,62,60,Right forearm inflammation.,forearm,True,False,"Atlanta Braves placed RHP Daysbel Hernández on the 15-day injured list retroactive to August 1, 2023. Right forearm inflammation. | Atlanta Braves transferred RHP Daysbel Hernández from the 15-day injured list to the 60-day injured list. Right forearm inflammation. | Atlanta Braves activated RHP Daysbel Hernández from the 60-day injured list."
678226,Daysbel Hernández,2025,678226-2,2025-06-05,2025-07-02,27,15,Right forearm inflammation.,forearm,True,False,"Atlanta Braves placed RHP Daysbel Hernández on the 15-day injured list retroactive to June 5, 2025. Right forearm inflammation. | Atlanta Braves activated RHP Daysbel Hernández from the 15-day injured list."
678226,Daysbel Hernández,2025,678226-3,2025-09-09,2025-09-28,19,60,Right shoulder inflammation.,shoulder,True,False,"Atlanta Braves placed RHP Daysbel Hernández on the 15-day injured list retroactive to September 9, 2025. Right shoulder inflammation. | Atlanta Braves placed RHP Daysbel Hernández on the 15-day injured list. Right shoulder inflammation. | Atlanta Braves transferred RHP Daysbel Hernández from the 15-day injured list to the 60-day injured list. | Atlanta Braves activated RHP Daysbel Hernández from the 60-day injured list."
669276,Dylan Lee,2023,669276-1,2023-05-17,2023-09-01,107,60,Left shoulder inflammation.,shoulder,True,False,"Atlanta Braves placed LHP Dylan Lee on the 15-day injured list retroactive to May 17, 2023. Left shoulder inflammation. | Atlanta Braves transferred LHP Dylan Lee from the 15-day injured list to the 60-day injured list. Left shoulder inflammation. | Atlanta Braves activated LHP Dylan Lee from the 60-day injured list."
669276,Dylan Lee,2023,669276-2,2023-09-17,2023-10-02,15,60,Left shoulder inflammation.,shoulder,True,False,Atlanta Braves transferred LHP Dylan Lee from the 15-day injured list to the 60-day injured list. Left shoulder inflammation. | Atlanta Braves activated LHP Dylan Lee from the 60-day injured list.
656550,Grant Holmes,2025,656550-1,2025-07-27,2025-09-28,63,60,Right elbow inflammation.,elbow,True,False,Atlanta Braves placed RHP Grant Holmes on the 15-day injured list. Right elbow inflammation. | Atlanta Braves placed RHP Grant Holmes on the 60-day injured list. | Atlanta Braves activated RHP Grant Holmes from the 60-day injured list.
694462,Hurston Waldrep,2024,694462-1,2024-06-17,2024-09-30,105,15,Right elbow inflammation.,elbow,True,False,Atlanta Braves placed RHP Hurston Waldrep on the 15-day injured list. Right elbow inflammation. | Atlanta Braves activated RHP Hurston Waldrep.
445926,Jesse Chavez,2023,445926-1,2023-06-15,2023-10-02,109,60,Left shin contusion.,other,False,False,Atlanta Braves placed RHP Jesse Chavez on the 15-day injured list. Left shin contusion. | Atlanta Braves transferred RHP Jesse Chavez from the 15-day injured list to the 60-day injured list. Left shin contusion. | Atlanta Braves activated RHP Jesse Chavez.
660761,José Suarez,2023,660761-1,2023-05-08,2023-09-11,126,60,Left shoulder strain.,shoulder,True,False,Los Angeles Angels placed LHP José Suarez on the 15-day injured list. Left shoulder strain. | Los Angeles Angels transferred LHP José Suarez from the 15-day injured list to the 60-day injured list. Left shoulder strain. | Los Angeles Angels activated LHP José Suarez from the 60-day injured list.
572955,Pierce Johnson,2022,572955-1,2022-04-21,2022-09-10,142,10,Right forearm tendinitis.,forearm,True,False,San Diego Padres placed RHP Pierce Johnson on the 10-day injured list. Right forearm tendinitis. | San Diego Padres activated RHP Pierce Johnson from the 60-day injured list.
572955,Pierce Johnson,2024,572955-2,2024-05-01,2024-05-18,17,15,Right elbow inflammation.,elbow,True,False,"Atlanta Braves placed RHP Pierce Johnson on the 15-day injured list retroactive to May 1, 2024. Right elbow inflammation. | Atlanta Braves activated RHP Pierce Johnson from the 15-day injured list."
628452,Raisel Iglesias,2023,628452-1,2023-03-27,2023-05-05,36,15,Strained right shoulder.,shoulder,True,False,"Atlanta Braves placed RHP Raisel Iglesias on the 15-day injured list retroactive to March 27, 2023. Strained right shoulder. | Atlanta Braves activated RHP Raisel Iglesias from the 15-day injured list."
680885,Spencer Schwellenbach,2025,680885-1,2025-06-29,2025-09-28,91,60,Fractured right elbow.,elbow,True,False,"Atlanta Braves placed RHP Spencer Schwellenbach on the 15-day injured list retroactive to June 29, 2025. Fractured right elbow. | Atlanta Braves transferred RHP Spencer Schwellenbach from the 15-day injured list to the 60-day injured list. Fractured right elbow. | Atlanta Braves activated RHP Spencer Schwellenbach from the 60-day injured list."
675911,Spencer Strider,2022,675911-1,2022-09-21,2022-10-05,14,15,Strained left oblique muscle.,oblique,False,False,"Atlanta Braves placed RHP Spencer Strider on the 15-day injured list retroactive to September 21, 2022. Strained left oblique muscle. | Atlanta Braves activated RHP Spencer Strider from the 15-day injured list."
675911,Spencer Strider,2024,675911-2,2024-04-07,2024-09-30,176,60,Right elbow sprain.,elbow,True,False,Atlanta Braves placed RHP Spencer Strider on the 15-day injured list. Right elbow sprain. | Atlanta Braves transferred RHP Spencer Strider from the 15-day injured list to the 60-day injured list. Right elbow sprain. | Atlanta Braves activated RHP Spencer Strider from the 60-day injured list.
675911,Spencer Strider,2025,675911-3,2025-03-24,2025-04-16,20,15,Right elbow injury recovery.,elbow,True,False,Atlanta Braves placed RHP Spencer Strider on the 15-day injured list. Right elbow injury recovery. | Atlanta Braves activated RHP Spencer Strider from the 15-day injured list.
675911,Spencer Strider,2025,675911-4,2025-04-18,2025-05-19,31,15,Right hamstring strain.,hamstring,False,False,"Atlanta Braves placed RHP Spencer Strider on the 15-day injured list retroactive to April 18, 2025. Right hamstring strain. | Atlanta Braves activated RHP Spencer Strider from the 15-day injured list."
593833,Wander Suero,2023,593833-1,2023-09-11,2023-09-26,15,15,Lower back tightness.,back,False,False,Los Angeles Dodgers placed RHP Wander Suero on the 15-day injured list. Lower back tightness. | Los Angeles Dodgers activated RHP Wander Suero from the 15-day injured list.
605507,Zach Thompson,2022,605507-1,2022-06-18,2022-07-03,15,15,Right forearm never inflammation.,forearm,True,False,"Pittsburgh Pirates placed RHP Zach Thompson on the 15-day injured list retroactive to June 18, 2022. Right forearm never inflammation. | Pittsburgh Pirates activated RHP Zach Thompson from the 15-day injured list."
544150,Albert Suárez,2025,544150-1,2025-03-29,2025-09-01,156,60,Right shoulder inflammation.,shoulder,True,False,"Baltimore Orioles placed RHP Albert Suárez on the 15-day injured list retroactive to March 29, 2025. Right shoulder inflammation. | Baltimore Orioles transferred RHP Albert Suárez from the 15-day injured list to the 60-day injured list. Right subscapularis strain. | Baltimore Orioles activated RHP Albert Suárez from the 60-day injured list."
544150,Albert Suárez,2025,544150-2,2025-09-15,2025-09-28,13,15,Right elbow discomfort.,elbow,True,False,Baltimore Orioles placed RHP Albert Suárez on the 15-day injured list. Right elbow discomfort. | Baltimore Orioles activated RHP Albert Suárez from the 15-day injured list.
687064,Brandon Young,2025,687064-1,2025-08-22,2025-09-28,37,60,Left hamstring strain.,hamstring,False,False,Baltimore Orioles placed RHP Brandon Young on the 15-day injured list. Left hamstring strain. | Baltimore Orioles transferred RHP Brandon Young from the 15-day injured list to the 60-day injured list. Left hamstring strain. | Baltimore Orioles activated RHP Brandon Young from the 60-day injured list.
700249,Cade Povich,2025,700249-1,2025-06-16,2025-08-04,49,15,Left hip inflammation.,hip/groin,False,False,Baltimore Orioles placed LHP Cade Povich on the 15-day injured list. Left hip inflammation. | Baltimore Orioles activated LHP Cade Povich from the 15-day injured list.
694646,Chayce Mcdermott,2025,694646-1,2025-03-24,2025-05-04,38,15,Right lat strain.,lat,True,False,"Baltimore Orioles placed RHP Chayce McDermott on the 15-day injured list retroactive to March 24, 2025. Right lat strain. | Baltimore Orioles activated RHP Chayce McDermott from the 15-day injured list."
694646,Chayce Mcdermott,2025,694646-2,2025-09-23,2025-09-28,5,15,Back discomfort.,back,False,False,Baltimore Orioles placed RHP Chayce McDermott on the 15-day injured list. Back discomfort. | Baltimore Orioles activated RHP Chayce McDermott from the 15-day injured list.
672335,Cionel Pérez,2023,672335-1,2023-07-03,2023-07-18,15,15,Left forearm soreness.,forearm,True,False,"Baltimore Orioles placed LHP Cionel Pérez on the 15-day injured list retroactive to July 3, 2023. Left forearm soreness. | Baltimore Orioles activated LHP Cionel Pérez from the 15-day injured list."
672335,Cionel Pérez,2024,672335-2,2024-03-31,2024-04-29,29,15,Right oblique strain.,oblique,False,False,Baltimore Orioles placed LHP Cionel Pérez on the 15-day injured list. Right oblique strain. | Baltimore Orioles activated LHP Cionel Pérez from the 15-day injured list.
547001,Cody Poteet,2022,547001-1,2022-05-29,2022-07-15,47,15,Right elbow muscle.,elbow,True,False,Miami Marlins placed RHP Cody Poteet on the 15-day injured list. Right elbow muscle. | Miami Marlins activated RHP Cody Poteet.
547001,Cody Poteet,2022,547001-2,2022-07-24,2022-07-24,0,60,,other,False,True,Miami Marlins transferred RHP Cody Poteet from the 15-day injured list to the 60-day injured list.
547001,Cody Poteet,2022,547001-3,2022-07-19,2022-10-05,78,15,Right elbow inflammation.,elbow,True,False,"Miami Marlins placed RHP Cody Poteet on the 15-day injured list retroactive to July 19, 2022. Right elbow inflammation. | (no activation listed; return inferred from first MLB appearance 2024-04-13)"
547001,Cody Poteet,2023,547001-3,2023-03-30,2023-10-02,186,15,Right elbow inflammation.,elbow,True,False,"Miami Marlins placed RHP Cody Poteet on the 15-day injured list retroactive to July 19, 2022. Right elbow inflammation. | (no activation listed; return inferred from first MLB appearance 2024-04-13)"
547001,Cody Poteet,2024,547001-3,2024-03-28,2024-04-13,16,15,Right elbow inflammation.,elbow,True,False,"Miami Marlins placed RHP Cody Poteet on the 15-day injured list retroactive to July 19, 2022. Right elbow inflammation. | (no activation listed; return inferred from first MLB appearance 2024-04-13)"
547001,Cody Poteet,2024,547001-4,2024-06-15,2024-09-20,97,60,Right triceps strain.,biceps/triceps,False,False,"New York Yankees placed RHP Cody Poteet on the 15-day injured list retroactive to June 15, 2024. Right triceps strain. | New York Yankees transferred RHP Cody Poteet from the 15-day injured list to the 60-day injured list. Right triceps strain. | New York Yankees activated RHP Cody Poteet from the 60-day injured list."
547001,Cody Poteet,2025,547001-5,2025-04-21,2025-08-30,131,60,Right shoulder inflammation.,shoulder,True,False,"Baltimore Orioles placed RHP Cody Poteet on the 15-day injured list retroactive to April 21, 2025. Right shoulder inflammation. | Baltimore Orioles transferred RHP Cody Poteet from the 15-day injured list to the 60-day injured list. Right shoulder inflammation. | Baltimore Orioles activated RHP Cody Poteet from the 60-day injured list."
681882,Colin Selby,2025,681882-1,2025-07-29,2025-09-23,56,15,Left hamstring strain.,hamstring,False,False,Baltimore Orioles placed RHP Colin Selby on the 15-day injured list. Left hamstring strain. | Baltimore Orioles activated RHP Colin Selby from the 15-day injured list.
656686,Corbin Martin,2023,656686-1,2023-03-30,2023-10-02,186,15,Right lat tendon avulsion.,lat,True,False,Arizona Diamondbacks placed RHP Corbin Martin on the 15-day injured list. Right lat tendon avulsion. | Arizona Diamondbacks activated RHP Corbin Martin from the 60-day injured list.
665152,Dean Kremer,2022,665152-1,2022-04-08,2022-06-05,58,10,Left oblique strain.,oblique,False,False,"Baltimore Orioles placed RHP Dean Kremer on the 10-day injured list retroactive to April 8, 2022. Left oblique strain. | Baltimore Orioles activated RHP Dean Kremer from the 10-day injured list."
665152,Dean Kremer,2024,665152-2,2024-05-21,2024-07-03,43,15,Right triceps strain.,biceps/triceps,False,False,"Baltimore Orioles placed RHP Dean Kremer on the 15-day injured list retroactive to May 21, 2024. Right triceps strain. | Baltimore Orioles activated RHP Dean Kremer from the 15-day injured list."
642585,Félix Bautista,2022,642585-1,2022-10-01,2022-10-05,4,15,Left knee discomfort.,knee,False,False,"Baltimore Orioles placed RHP Felix Bautista on the 15-day injured list retroactive to October 1, 2022. Left knee discomfort. | Baltimore Orioles activated RHP Félix Bautista from the 15-day injured list."
642585,Félix Bautista,2023,642585-2,2023-08-26,2023-10-02,37,15,Right UCL injury.,elbow,True,False,Baltimore Orioles placed RHP Félix Bautista on the 15-day injured list. Right UCL injury. | Baltimore Orioles activated RHP Félix Bautista from the 15-day injured list.
642585,Félix Bautista,2024,642585-3,2024-02-14,2024-09-30,186,60,Right UCL injury.,elbow,True,False,Baltimore Orioles placed RHP Félix Bautista on the 60-day injured list. Right UCL injury. | Baltimore Orioles activated RHP Félix Bautista from the 60-day injured list.
642585,Félix Bautista,2025,642585-4,2025-07-21,2025-09-28,69,60,Right shoulder discomfort.,shoulder,True,False,"Baltimore Orioles placed RHP Félix Bautista on the 15-day injured list retroactive to July 21, 2025. Right shoulder discomfort. | Baltimore Orioles transferred RHP Félix Bautista from the 15-day injured list to the 60-day injured list. Right shoulder surgery. | Baltimore Orioles activated RHP Félix Bautista from the 60-day injured list."
669211,Keegan Akin,2023,669211-1,2023-06-29,2023-08-23,55,15,Lower back discomfort.,back,False,True,"Baltimore Orioles placed LHP Keegan Akin on the 15-day injured list retroactive to June 29, 2023. Lower back discomfort."
669211,Keegan Akin,2023,669211-2,2023-08-23,2023-10-02,40,60,Lower back discomfort.,back,False,False,Baltimore Orioles placed LHP Keegan Akin on the 60-day injured list. Lower back discomfort. | Baltimore Orioles activated LHP Keegan Akin from the 60-day injured list.
669211,Keegan Akin,2025,669211-3,2025-07-01,2025-07-28,27,15,Left shoulder inflammation.,shoulder,True,False,"Baltimore Orioles placed LHP Keegan Akin on the 15-day injured list retroactive to July 1, 2025. Left shoulder inflammation. | Baltimore Orioles activated LHP Keegan Akin from the 15-day injured list."
680694,Kyle Bradish,2022,680694-1,2022-06-21,2022-07-29,38,15,Right shoulder inflammation.,shoulder,True,False,"Baltimore Orioles placed RHP Kyle Bradish on the 15-day injured list retroactive to June 21, 2022. Right shoulder inflammation. | Baltimore Orioles activated RHP Kyle Bradish from the 15-day injured list."
680694,Kyle Bradish,2023,680694-2,2023-04-04,2023-04-19,15,15,Right foot contusion.,ankle/foot,False,False,"Baltimore Orioles placed RHP Kyle Bradish on the 15-day injured list retroactive to April 4, 2023. Right foot contusion. | Baltimore Orioles activated RHP Kyle Bradish from the 15-day injured list."
680694,Kyle Bradish,2024,680694-3,2024-03-25,2024-05-02,35,15,Right UCL sprain.,elbow,True,False,"Baltimore Orioles placed RHP Kyle Bradish on the 15-day injured list retroactive to March 25, 2024. Right UCL sprain. | Baltimore Orioles activated RHP Kyle Bradish from the 15-day injured list."
680694,Kyle Bradish,2024,680694-4,2024-06-15,2024-09-30,107,60,Right UCL sprain.,elbow,True,False,Baltimore Orioles placed RHP Kyle Bradish on the 15-day injured list. Right UCL sprain. | Baltimore Orioles transferred RHP Kyle Bradish from the 15-day injured list to the 60-day injured list. | Baltimore Orioles activated RHP Kyle Bradish from the 60-day injured list.
680694,Kyle Bradish,2025,680694-5,2025-03-21,2025-08-26,152,60,Right elbow UCL surgery.,elbow,True,False,Baltimore Orioles placed RHP Kyle Bradish on the 60-day injured list. Right elbow UCL surgery. | Baltimore Orioles placed RHP Kyle Bradish on the 60-day injured list. | Baltimore Orioles activated RHP Kyle Bradish from the 60-day injured list.
669432,Trevor Rogers,2022,669432-1,2022-07-26,2022-08-31,36,15,Back spasms.,back,False,False,"Miami Marlins placed LHP Trevor Rogers on the 15-day injured list retroactive to July 26, 2022. Back spasms. | Miami Marlins activated LHP Trevor Rogers from the 15-day injured list."
669432,Trevor Rogers,2022,669432-2,2022-09-19,2022-10-05,16,15,Left lat strain.,lat,True,False,"Miami Marlins placed LHP Trevor Rogers on the 15-day injured list retroactive to September 19, 2022. Left lat strain. | Miami Marlins activated LHP Trevor Rogers from the 15-day injured list."
669432,Trevor Rogers,2023,669432-3,2023-04-20,2023-06-14,55,15,Left biceps strain.,biceps/triceps,False,True,"Miami Marlins placed LHP Trevor Rogers on the 15-day injured list retroactive to April 20, 2023. Left biceps strain."
669432,Trevor Rogers,2023,669432-4,2023-06-14,2023-10-02,110,60,Left biceps strain.,biceps/triceps,False,False,Miami Marlins placed LHP Trevor Rogers on the 60-day injured list. Left biceps strain. | Miami Marlins activated LHP Trevor Rogers from the 60-day injured list.
669432,Trevor Rogers,2025,669432-5,2025-03-24,2025-05-24,58,15,Right knee subluxation.,knee,False,False,"Baltimore Orioles placed LHP Trevor Rogers on the 15-day injured list retroactive to March 24, 2025. Right knee subluxation. | (no activation listed; return inferred from first MLB appearance 2025-05-24)"
669330,Tyler Wells,2022,669330-1,2022-07-28,2022-09-07,41,15,Lower left side discomfort.,oblique,False,False,Baltimore Orioles placed RHP Tyler Wells on the 15-day injured list. Lower left side discomfort. | Baltimore Orioles activated RHP Tyler Wells from the 15-day injured list.
669330,Tyler Wells,2022,669330-2,2022-09-20,2022-10-05,15,15,Right shoulder inflammation.,shoulder,True,False,"Baltimore Orioles placed RHP Tyler Wells on the 15-day injured list retroactive to September 20, 2022. Right shoulder inflammation. | Baltimore Orioles activated RHP Tyler Wells from the 15-day injured list."
669330,Tyler Wells,2024,669330-3,2024-04-13,2024-09-30,170,60,Right elbow inflammation.,elbow,True,False,"Baltimore Orioles placed RHP Tyler Wells on the 15-day injured list retroactive to April 13, 2024. Right elbow inflammation. | Baltimore Orioles transferred RHP Tyler Wells from the 15-day injured list to the 60-day injured list. Right elbow UCL surgery. | Baltimore Orioles activated RHP Tyler Wells from the 60-day injured list."
669330,Tyler Wells,2025,669330-4,2025-03-23,2025-09-02,159,60,Right elbow UCL surgery.,elbow,True,False,Baltimore Orioles placed RHP Tyler Wells on the 60-day injured list. Right elbow UCL surgery. | Baltimore Orioles activated RHP Tyler Wells from the 60-day injured list.
621107,Zach Eflin,2022,621107-1,2022-05-08,2022-05-17,9,10,,other,False,False,Philadelphia Phillies placed RHP Zach Eflin on the 10-day injured list. | Philadelphia Phillies activated RHP Zach Eflin from the 10-day injured list.
621107,Zach Eflin,2022,621107-2,2022-06-26,2022-09-12,78,15,Right knee bruise.,knee,False,False,"Philadelphia Phillies placed RHP Zach Eflin on the 15-day injured list retroactive to June 26, 2022. Right knee bruise. | Philadelphia Phillies activated RHP Zach Eflin from the 15-day injured list."
621107,Zach Eflin,2023,621107-3,2023-04-08,2023-04-23,15,15,Low back tightness.,back,False,False,"Tampa Bay Rays placed RHP Zach Eflin on the 15-day injured list retroactive to April 8, 2023. Low back tightness. | Tampa Bay Rays activated RHP Zach Eflin from the 15-day injured list."
621107,Zach Eflin,2024,621107-4,2024-05-19,2024-06-05,17,15,Lower back inflammation.,back,False,False,"Tampa Bay Rays placed RHP Zach Eflin on the 15-day injured list retroactive to May 19, 2024. Lower back inflammation. | Tampa Bay Rays activated RHP Zach Eflin from the 15-day injured list."
621107,Zach Eflin,2024,621107-5,2024-08-17,2024-09-01,15,15,Right shoulder inflammation.,shoulder,True,False,"Baltimore Orioles placed RHP Zach Eflin on the 15-day injured list retroactive to August 17, 2024. Right shoulder inflammation. | Baltimore Orioles activated RHP Zach Eflin from the 15-day injured list."
621107,Zach Eflin,2025,621107-6,2025-04-08,2025-05-11,33,15,Right lat strain.,lat,True,False,"Baltimore Orioles placed RHP Zach Eflin on the 15-day injured list retroactive to April 8, 2025. Right lat strain. | Baltimore Orioles activated RHP Zach Eflin from the 15-day injured list."
621107,Zach Eflin,2025,621107-7,2025-06-29,2025-07-23,24,15,Low back discomfort.,back,False,False,"Baltimore Orioles placed RHP Zach Eflin on the 15-day injured list retroactive to June 29, 2025. Low back discomfort. | Baltimore Orioles activated RHP Zach Eflin from the 15-day injured list."
621107,Zach Eflin,2025,621107-8,2025-07-29,2025-09-28,61,60,Low back discomfort.,back,False,True,"Baltimore Orioles placed RHP Zach Eflin on the 15-day injured list retroactive to July 29, 2025. Low back discomfort. | Baltimore Orioles transferred RHP Zach Eflin from the 15-day injured list to the 60-day injured list. Low back discomfort."
547973,Aroldis Chapman,2022,547973-1,2022-05-24,2022-07-01,38,15,Left Achilles tendinitis.,calf,False,False,New York Yankees placed LHP Aroldis Chapman on the 15-day injured list. Left Achilles tendinitis. | New York Yankees activated LHP Aroldis Chapman.
547973,Aroldis Chapman,2022,547973-2,2022-08-24,2022-09-16,23,15,Infected Wound From Recent Tattoo.,other,False,False,"New York Yankees placed LHP Aroldis Chapman on the 15-day injured list retroactive to August 24, 2022. Infected Wound From Recent Tattoo. | New York Yankees activated LHP Aroldis Chapman from the 15-day injured list."
678394,Brayan Bello,2022,678394-1,2022-08-04,2022-08-24,20,15,Left groin strain.,hip/groin,False,False,Boston Red Sox placed RHP Brayan Bello on the 15-day injured list. Left groin strain. | (no activation listed; return inferred from first MLB appearance 2022-08-24)
678394,Brayan Bello,2023,678394-2,2023-03-27,2023-04-17,18,15,Right elbow inflammation.,elbow,True,False,"Boston Red Sox placed RHP Brayan Bello on the 15-day injured list. Right elbow inflammation. | Boston Red Sox placed RHP Brayan Bello on the 15-day injured list retroactive to March 27, 2023. Right elbow inflammation. | Boston Red Sox activated RHP Brayan Bello from the 15-day injured list."
678394,Brayan Bello,2024,678394-3,2024-04-21,2024-05-12,21,15,Right lat tightness.,lat,True,False,"Boston Red Sox placed RHP Brayan Bello on the 15-day injured list retroactive to April 21, 2024. Right lat tightness. | Boston Red Sox activated RHP Brayan Bello from the 15-day injured list."
678394,Brayan Bello,2025,678394-4,2025-03-24,2025-04-22,26,15,Right shoulder strain.,shoulder,True,False,"Boston Red Sox placed RHP Brayan Bello on the 15-day injured list retroactive to March 24, 2025. Right shoulder strain. | Boston Red Sox activated RHP Brayan Bello from the 15-day injured list."
657514,Brennan Bernardino,2023,657514-1,2023-08-27,2023-09-03,7,15,,other,False,False,Boston Red Sox placed LHP Brennan Bernardino on the 15-day injured list. | Boston Red Sox activated LHP Brennan Bernardino from the 15-day injured list.
657514,Brennan Bernardino,2024,657514-2,2024-09-11,2024-09-30,19,15,Left elbow inflammation.,elbow,True,False,Boston Red Sox placed LHP Brennan Bernardino on the 15-day injured list. Left elbow inflammation. | Boston Red Sox activated LHP Brennan Bernardino from the 15-day injured list.
657514,Brennan Bernardino,2025,657514-3,2025-09-10,2025-09-28,18,15,Left lat strain.,lat,True,False,"Boston Red Sox placed LHP Brennan Bernardino on the 15-day injured list retroactive to September 10, 2025. Left lat strain. | Boston Red Sox activated LHP Brennan Bernardino from the 15-day injured list."
669684,Chris Murphy,2024,669684-1,2024-03-28,2024-09-30,186,60,Left UCL sprain.,elbow,True,False,Boston Red Sox placed LHP Chris Murphy on the 60-day injured list. Left UCL sprain. | Boston Red Sox activated LHP Chris Murphy from the 60-day injured list.
669684,Chris Murphy,2025,669684-2,2025-03-27,2025-06-28,93,60,recovery from left UCL surgery.,elbow,True,False,Boston Red Sox placed LHP Chris Murphy on the 60-day injured list. recovery from left UCL surgery. | Boston Red Sox activated LHP Chris Murphy from the 60-day injured list.
681867,Cooper Criswell,2022,681867-1,2022-04-04,2022-09-12,158,60,Right shoulder soreness.,shoulder,True,False,Los Angeles Angels placed RHP Cooper Criswell on the 10-day injured list. Right shoulder soreness. | Los Angeles Angels transferred RHP Cooper Criswell from the 10-day injured list to the 60-day injured list. | Tampa Bay Rays selected the contract of RHP Cooper Criswell from Durham Bulls.
681867,Cooper Criswell,2024,681867-2,2024-08-08,2024-08-16,8,10,,other,False,False,"Boston Red Sox placed RHP Cooper Criswell on the 10-day injured list retroactive to August 8, 2024. | Boston Red Sox activated RHP Cooper Criswell from the 10-day injured list."
676979,Garrett Crochet,2022,676979-1,2022-04-04,2022-10-05,181,60,Left elbow surgery.,elbow,True,False,Chicago White Sox placed LHP Garrett Crochet on the 10-day injured list. Left elbow surgery. | Chicago White Sox transferred LHP Garrett Crochet from the 10-day injured list to the 60-day injured list. Left elbow surgery. | Chicago White Sox activated LHP Garrett Crochet from the 60-day injured list.
676979,Garrett Crochet,2023,676979-2,2023-03-27,2023-05-16,47,15,Recovery from left elbow surgery.,elbow,True,False,"Chicago White Sox placed LHP Garrett Crochet on the 15-day injured list retroactive to March 27, 2023. Recovery from left elbow surgery. | Chicago White Sox activated LHP Garrett Crochet from the 15-day injured list."
676979,Garrett Crochet,2023,676979-3,2023-06-17,2023-09-20,95,15,Left shoulder inflammation.,shoulder,True,False,"Chicago White Sox placed LHP Garrett Crochet on the 15-day injured list retroactive to June 17, 2023. Left shoulder inflammation. | Chicago White Sox activated LHP Garrett Crochet from the 15-day injured list."
676477,Garrett Whitlock,2022,676477-1,2022-06-09,2022-07-15,36,15,Right hip inflammation.,hip/groin,False,False,"Boston Red Sox placed RHP Garrett Whitlock on the 15-day injured list retroactive to June 9, 2022. Right hip inflammation. | Boston Red Sox activated RHP Garrett Whitlock."
676477,Garrett Whitlock,2022,676477-2,2022-09-21,2022-10-05,14,15,Right hip impingement.,hip/groin,False,False,Boston Red Sox placed RHP Garrett Whitlock on the 15-day injured list. Right hip impingement. | Boston Red Sox activated RHP Garrett Whitlock from the 15-day injured list.
676477,Garrett Whitlock,2023,676477-3,2023-03-27,2023-04-11,12,15,Right hip surgery.,hip/groin,False,False,"Boston Red Sox placed RHP Garrett Whitlock on the 15-day injured list retroactive to March 27, 2023. Right hip surgery. | Boston Red Sox activated RHP Garrett Whitlock from the 15-day injured list."
676477,Garrett Whitlock,2023,676477-4,2023-04-25,2023-05-27,32,15,Right elbow ulnar neuritis.,elbow,True,False,"Boston Red Sox placed RHP Garrett Whitlock on the 15-day injured list retroactive to April 25, 2023. Right elbow ulnar neuritis. | Boston Red Sox activated RHP Garrett Whitlock from the 15-day injured list."
676477,Garrett Whitlock,2023,676477-5,2023-07-03,2023-08-13,41,15,Right elbow inflammation.,elbow,True,False,"Boston Red Sox placed RHP Garrett Whitlock on the 15-day injured list retroactive to July 3, 2023. Right elbow inflammation. | Boston Red Sox activated RHP Garrett Whitlock from the 15-day injured list."
676477,Garrett Whitlock,2024,676477-6,2024-04-17,2024-06-02,46,15,Left oblique strain.,oblique,False,True,Boston Red Sox placed RHP Garrett Whitlock on the 15-day injured list. Left oblique strain.
676477,Garrett Whitlock,2024,676477-7,2024-06-02,2024-09-30,120,60,Left oblique strain.,oblique,False,False,Boston Red Sox placed RHP Garrett Whitlock on the 60-day injured list. Left oblique strain. | Boston Red Sox activated RHP Garrett Whitlock from the 60-day injured list.
690928,Hunter Dobbins,2025,690928-1,2025-06-21,2025-07-11,20,15,Right elbow strain.,elbow,True,False,"Boston Red Sox placed RHP Hunter Dobbins on the 15-day injured list retroactive to June 21, 2025. Right elbow strain. | Boston Red Sox activated RHP Hunter Dobbins from the 15-day injured list."
690928,Hunter Dobbins,2025,690928-2,2025-07-12,2025-09-28,78,60,Right ACL tear.,knee,False,False,Boston Red Sox placed RHP Hunter Dobbins on the 15-day injured list. Right ACL tear. | Boston Red Sox transferred RHP Hunter Dobbins from the 15-day injured list to the 60-day injured list. Right ACL tear. | Boston Red Sox activated RHP Hunter Dobbins from the 60-day injured list.
663462,Isaiah Campbell,2024,663462-1,2024-04-12,2024-06-06,55,15,Right shoulder impingement.,shoulder,True,False,Boston Red Sox placed RHP Isaiah Campbell on the 15-day injured list. Right shoulder impingement. | Boston Red Sox activated RHP Isaiah Campbell from the 15-day injured list.
663462,Isaiah Campbell,2024,663462-2,2024-09-07,2024-09-30,23,60,Right elbow inflammation.,elbow,True,False,Boston Red Sox placed RHP Isaiah Campbell on the 60-day injured list. Right elbow inflammation. | Boston Red Sox activated RHP Isaiah Campbell from the 60-day injured list.
670174,Josh Winckowski,2022,670174-1,2022-07-14,2022-07-26,12,10,,other,False,False,Boston Red Sox placed RHP Josh Winckowski on the 10-day injured list. | Boston Red Sox activated RHP Josh Winckowski from the 10-day injured list.
592254,José De León,2023,592254-1,2023-06-25,2023-10-02,99,60,Right flexor muscle strain.,forearm,True,False,Minnesota Twins placed RHP José De León on the 15-day injured list. Right flexor muscle strain. | Minnesota Twins transferred RHP José De León from the 15-day injured list to the 60-day injured list. | Minnesota Twins activated RHP José De León from the 60-day injured list.
663558,Jovani Morán,2023,663558-1,2023-09-24,2023-10-02,8,60,,other,False,False,Minnesota Twins transferred LHP Jovani Moran from the 7-day injured list to the 60-day injured list. | Minnesota Twins activated LHP Jovani Moran from the 60-day injured list.
686580,Justin Slaten,2024,686580-1,2024-07-09,2024-08-26,48,15,Right elbow inflammation.,elbow,True,False,"Boston Red Sox placed RHP Justin Slaten on the 15-day injured list retroactive to July 9, 2024. Right elbow inflammation. | Boston Red Sox activated RHP Justin Slaten from the 15-day injured list."
686580,Justin Slaten,2025,686580-2,2025-05-29,2025-08-28,91,60,Right shoulder inflammation.,shoulder,True,False,"Boston Red Sox placed RHP Justin Slaten on the 15-day injured list retroactive to May 29, 2025. Right shoulder inflammation. | Boston Red Sox transferred RHP Justin Slaten from the 15-day injured list to the 60-day injured list. | Boston Red Sox activated RHP Justin Slaten from the 60-day injured list."
458677,Justin Wilson,2022,458677-1,2022-04-24,2022-10-05,164,60,,other,False,False,"Cincinnati Reds placed LHP Justin Wilson on the 10-day injured list retroactive to April 24, 2022. | Cincinnati Reds transferred LHP Justin Wilson from the 10-day injured list to the 60-day injured list."
458677,Justin Wilson,2023,458677-2,2023-03-27,2023-07-28,120,60,Recovery from Tommy John surgery.,elbow,True,False,"Milwaukee Brewers placed LHP Justin Wilson on the 15-day injured list retroactive to March 27, 2023. Recovery from Tommy John surgery. | Milwaukee Brewers transferred LHP Justin Wilson from the 15-day injured list to the 60-day injured list. | Milwaukee Brewers activated LHP Justin Wilson from the 60-day injured list."
458677,Justin Wilson,2023,458677-3,2023-07-29,2023-10-02,65,60,Left lat strain.,lat,True,False,Milwaukee Brewers placed LHP Justin Wilson on the 15-day injured list. Left lat strain. | Milwaukee Brewers transferred LHP Justin Wilson from the 15-day injured list to the 60-day injured list. Left lat strain. | (no activation listed; return inferred from first MLB appearance 2024-03-30)
458677,Justin Wilson,2024,458677-3,2024-03-28,2024-03-30,2,60,Left lat strain.,lat,True,False,Milwaukee Brewers placed LHP Justin Wilson on the 15-day injured list. Left lat strain. | Milwaukee Brewers transferred LHP Justin Wilson from the 15-day injured list to the 60-day injured list. Left lat strain. | (no activation listed; return inferred from first MLB appearance 2024-03-30)
458677,Justin Wilson,2024,458677-4,2024-05-17,2024-06-02,16,15,Left shoulder tightness.,shoulder,True,False,Cincinnati Reds placed LHP Justin Wilson on the 15-day injured list. Left shoulder tightness. | Cincinnati Reds activated LHP Justin Wilson from the 15-day injured list.
521230,Liam Hendriks,2022,521230-1,2022-06-11,2022-07-04,23,15,Right forearm strain.,forearm,True,False,"Chicago White Sox placed RHP Liam Hendriks on the 15-day injured list retroactive to June 11, 2022. Right forearm strain. | Chicago White Sox activated RHP Liam Hendriks from the 15-day injured list."
521230,Liam Hendriks,2023,521230-2,2023-03-27,2023-05-29,60,15,Cancer treatment.,other,False,False,"Chicago White Sox placed RHP Liam Hendriks on the 15-day injured list retroactive to March 27, 2023. Cancer treatment. | Chicago White Sox activated RHP Liam Hendriks from the 15-day injured list."
521230,Liam Hendriks,2023,521230-3,2023-06-10,2023-10-02,114,60,Right elbow inflammation.,elbow,True,False,"Chicago White Sox placed RHP Liam Hendriks on the 15-day injured list retroactive to June 10, 2023. Right elbow inflammation. | Chicago White Sox transferred RHP Liam Hendriks from the 15-day injured list to the 60-day injured list. Right elbow inflammation."
521230,Liam Hendriks,2024,521230-3,2024-03-28,2024-03-28,0,60,Right elbow inflammation.,elbow,True,True,"Chicago White Sox placed RHP Liam Hendriks on the 15-day injured list retroactive to June 10, 2023. Right elbow inflammation. | Chicago White Sox transferred RHP Liam Hendriks from the 15-day injured list to the 60-day injured list. Right elbow inflammation."
521230,Liam Hendriks,2024,521230-4,2024-03-28,2024-09-30,186,60,Right UCL surgery.,elbow,True,False,Boston Red Sox placed RHP Liam Hendriks on the 60-day injured list. Right UCL surgery. | Boston Red Sox activated RHP Liam Hendriks from the 60-day injured list.
521230,Liam Hendriks,2025,521230-5,2025-03-24,2025-04-19,23,15,Right elbow inflammation.,elbow,True,False,"Boston Red Sox placed RHP Liam Hendriks on the 15-day injured list retroactive to March 24, 2025. Right elbow inflammation. | Boston Red Sox activated RHP Liam Hendriks from the 15-day injured list."
521230,Liam Hendriks,2025,521230-6,2025-05-28,2025-09-28,123,60,Right hip inflammation.,hip/groin,False,True,"Boston Red Sox placed RHP Liam Hendriks on the 15-day injured list retroactive to May 28, 2025. Right hip inflammation. | Boston Red Sox transferred RHP Liam Hendriks from the 15-day injured list to the 60-day injured list. Right hip inflammation."
608337,Lucas Giolito,2022,608337-1,2022-04-09,2022-04-24,15,10,Abdominal strain.,other,False,False,"Chicago White Sox placed RHP Lucas Giolito on the 10-day injured list retroactive to April 9, 2022. Abdominal strain. | Chicago White Sox activated RHP Lucas Giolito from the 10-day injured list."
608337,Lucas Giolito,2022,608337-2,2022-05-13,2022-05-18,5,10,,other,False,False,Chicago White Sox placed RHP Lucas Giolito on the 10-day injured list. | Chicago White Sox activated RHP Lucas Giolito from the 10-day injured list.
608337,Lucas Giolito,2024,608337-3,2024-03-24,2024-09-30,186,60,right elbow ulnar collateral ligament repair.,elbow,True,False,Boston Red Sox placed RHP Lucas Giolito on the 60-day injured list. right elbow ulnar collateral ligament repair. | Boston Red Sox activated RHP Lucas Giolito from the 60-day injured list.
608337,Lucas Giolito,2025,608337-4,2025-03-24,2025-04-30,34,15,Left hamstring strain.,hamstring,False,False,"Boston Red Sox placed RHP Lucas Giolito on the 15-day injured list retroactive to March 24, 2025. Left hamstring strain. | Boston Red Sox activated RHP Lucas Giolito from the 15-day injured list."
692285,Luis Guerrero,2025,692285-1,2025-06-28,2025-09-28,92,60,Right elbow strain.,elbow,True,False,Boston Red Sox placed RHP Luis Guerrero on the 15-day injured list. Right elbow strain. | Boston Red Sox transferred RHP Luis Guerrero from the 15-day injured list to the 60-day injured list. Right elbow strain. | Boston Red Sox activated RHP Luis Guerrero.
595897,Nick Burdi,2023,595897-1,2023-05-21,2023-10-02,134,60,Appendicitis.,other,False,False,"Chicago Cubs placed RHP Nick Burdi on the 15-day injured list retroactive to May 21, 2023. Appendicitis. | Chicago Cubs transferred RHP Nick Burdi from the 15-day injured list to the 60-day injured list. Appendicitis. | New York Yankees selected the contract of RHP Nick Burdi from Scranton/Wilkes-Barre RailRiders."
595897,Nick Burdi,2024,595897-1,2024-03-28,2024-03-28,0,60,Appendicitis.,other,False,False,"Chicago Cubs placed RHP Nick Burdi on the 15-day injured list retroactive to May 21, 2023. Appendicitis. | Chicago Cubs transferred RHP Nick Burdi from the 15-day injured list to the 60-day injured list. Appendicitis. | New York Yankees selected the contract of RHP Nick Burdi from Scranton/Wilkes-Barre RailRiders."
595897,Nick Burdi,2024,595897-2,2024-04-17,2024-05-10,23,15,Right hip inflammation.,hip/groin,False,False,"New York Yankees placed RHP Nick Burdi on the 15-day injured list retroactive to April 17, 2024. Right hip inflammation. | New York Yankees activated RHP Nick Burdi from the 15-day injured list."
595897,Nick Burdi,2024,595897-3,2024-05-24,2024-08-01,69,60,Right hip inflammation.,hip/groin,False,False,New York Yankees placed RHP Nick Burdi on the 15-day injured list. Right hip inflammation. | New York Yankees transferred RHP Nick Burdi from the 15-day injured list to the 60-day injured list. Right hip inflammation. | New York Yankees activated RHP Nick Burdi from the 60-day injured list.
595897,Nick Burdi,2025,595897-4,2025-06-03,2025-07-09,36,15,Right foot contusion.,ankle/foot,False,True,Boston Red Sox placed RHP Nick Burdi on the 15-day injured list. Right foot contusion.
595897,Nick Burdi,2025,595897-5,2025-07-09,2025-09-28,81,60,Right foot contusion.,ankle/foot,False,True,Boston Red Sox placed RHP Nick Burdi on the 60-day injured list. Right foot contusion.
690916,Richard Fitts,2025,690916-1,2025-04-13,2025-05-27,44,15,Right pectoral strain.,other,False,False,Boston Red Sox placed RHP Richard Fitts on the 15-day injured list. Right pectoral strain. | Boston Red Sox activated RHP Richard Fitts from the 15-day injured list.
690916,Richard Fitts,2025,690916-2,2025-08-26,2025-09-28,33,15,Right arm neuritis.,other,False,False,Boston Red Sox placed RHP Richard Fitts on the 15-day injured list. Right arm neuritis. | Boston Red Sox activated RHP Richard Fitts from the 15-day injured list.
656794,Sean Newcomb,2022,656794-1,2022-05-08,2022-06-12,35,15,Left ankle sprain.,ankle/foot,False,False,"Chicago Cubs placed LHP Sean Newcomb on the 15-day injured list retroactive to May 8, 2022. Left ankle sprain. | Chicago Cubs activated LHP Sean Newcomb."
656794,Sean Newcomb,2023,656794-2,2023-09-16,2023-10-02,16,60,Sprained left knee.,knee,False,False,"Oakland Athletics placed LHP Sean Newcomb on the 15-day injured list retroactive to September 16, 2023. Sprained left knee. | Oakland Athletics transferred LHP Sean Newcomb from the 15-day injured list to the 60-day injured list. Sprained left knee. | Oakland Athletics activated LHP Sean Newcomb from the 60-day injured list."
656794,Sean Newcomb,2024,656794-3,2024-03-25,2024-06-04,68,60,Left knee inflammation.,knee,False,False,"Oakland Athletics placed LHP Sean Newcomb on the 60-day injured list retroactive to March 25, 2024. Left knee inflammation. | Oakland Athletics activated LHP Sean Newcomb from the 60-day injured list."
656794,Sean Newcomb,2025,656794-4,2025-09-20,2025-09-28,8,15,Left elbow inflammation.,elbow,True,False,Athletics placed LHP Sean Newcomb on the 15-day injured list. Left elbow inflammation. | Athletics activated LHP Sean Newcomb from the 15-day injured list.
656557,Tanner Houck,2022,656557-1,2022-08-06,2022-10-05,60,60,Lower back inflammation.,back,False,False,"Boston Red Sox placed RHP Tanner Houck on the 15-day injured list retroactive to August 6, 2022. Lower back inflammation. | Boston Red Sox transferred RHP Tanner Houck from the 15-day injured list to the 60-day injured list. Lower back inflammation. | Boston Red Sox activated RHP Tanner Houck from the 60-day injured list."
656557,Tanner Houck,2023,656557-2,2023-06-17,2023-08-22,66,15,Facial fracture.,other,False,False,"Boston Red Sox placed RHP Tanner Houck on the 15-day injured list retroactive to June 17, 2023. Facial fracture. | Boston Red Sox activated RHP Tanner Houck from the 15-day injured list."
656557,Tanner Houck,2025,656557-3,2025-05-13,2025-07-31,79,15,Right flexor pronator strain.,forearm,True,True,"Boston Red Sox placed RHP Tanner Houck on the 15-day injured list retroactive to May 13, 2025. Right flexor pronator strain."
656557,Tanner Houck,2025,656557-4,2025-07-31,2025-09-28,59,60,Right flexor pronator strain.,forearm,True,False,Boston Red Sox placed RHP Tanner Houck on the 60-day injured list. Right flexor pronator strain. | Boston Red Sox placed RHP Tanner Houck on the 60-day injured list. Right flexor pronator strain. | Boston Red Sox activated RHP Tanner Houck from the 60-day injured list.
677161,Zack Kelly,2023,677161-1,2023-04-13,2023-09-24,164,60,Right elbow inflammation.,elbow,True,False,Boston Red Sox placed RHP Zack Kelly on the 15-day injured list. Right elbow inflammation. | Boston Red Sox transferred RHP Zack Kelly from the 15-day injured list to the 60-day injured list. Right elbow inflammation. | Boston Red Sox activated RHP Zack Kelly from the 60-day injured list.
552640,Andrew Kittredge,2022,552640-1,2022-05-19,2022-06-05,17,15,Low back tightness.,back,False,False,"Tampa Bay Rays placed RHP Andrew Kittredge on the 15-day injured list retroactive to May 19, 2022. Low back tightness. | Tampa Bay Rays activated RHP Andrew Kittredge."
552640,Andrew Kittredge,2022,552640-2,2022-06-08,2022-10-05,119,60,Right elbow discomfort.,elbow,True,False,"Tampa Bay Rays placed RHP Andrew Kittredge on the 15-day injured list retroactive to June 8, 2022. Right elbow discomfort. | Tampa Bay Rays transferred RHP Andrew Kittredge from the 15-day injured list to the 60-day injured list. Right elbow discomfort. | Tampa Bay Rays activated RHP Andrew Kittredge from the 60-day injured list."
552640,Andrew Kittredge,2023,552640-3,2023-02-16,2023-03-15,0,60,Recovery from Tommy John surgery.,elbow,True,True,Tampa Bay Rays placed RHP Andrew Kittredge on the 60-day injured list. Recovery from Tommy John surgery.
552640,Andrew Kittredge,2023,552640-4,2023-03-15,2023-08-17,140,60,Recovering from Tommy John Surgery.,elbow,True,False,Tampa Bay Rays placed RHP Andrew Kittredge on the 60-day injured list. Recovering from Tommy John Surgery. | Tampa Bay Rays activated RHP Andrew Kittredge from the 60-day injured list.
552640,Andrew Kittredge,2025,552640-5,2025-03-24,2025-05-21,55,15,Left knee debridement.,knee,False,False,"Baltimore Orioles placed RHP Andrew Kittredge on the 15-day injured list retroactive to March 24, 2025. Left knee debridement. | Baltimore Orioles activated RHP Andrew Kittredge from the 15-day injured list."
676962,Ben Brown,2024,676962-1,2024-06-09,2024-09-30,113,60,Left neck strain.,neck,False,False,Chicago Cubs placed RHP Ben Brown on the 15-day injured list. Left neck strain. | Chicago Cubs transferred RHP Ben Brown from the 15-day injured list to the 60-day injured list. | Chicago Cubs activated RHP Ben Brown from the 60-day injured list.
641745,Brad Keller,2023,641745-1,2023-05-16,2023-08-16,92,15,Right shoulder impingement syndrome.,shoulder,True,True,"Kansas City Royals placed RHP Brad Keller on the 15-day injured list retroactive to May 16, 2023. Right shoulder impingement syndrome."
641745,Brad Keller,2023,641745-2,2023-08-16,2023-09-09,24,60,Right shoulder impingement syndrome.,shoulder,True,False,Kansas City Royals placed RHP Brad Keller on the 60-day injured list. Right shoulder impingement syndrome. | Kansas City Royals activated RHP Brad Keller from the 60-day injured list.
641745,Brad Keller,2023,641745-3,2023-09-19,2023-10-02,13,15,Symptoms associated with thoracic outlet syndrome.,back,False,False,Kansas City Royals placed RHP Brad Keller on the 15-day injured list. Symptoms associated with thoracic outlet syndrome. | Kansas City Royals activated RHP Brad Keller from the 15-day injured list.
690990,Cade Horton,2025,690990-1,2025-09-25,2025-09-28,3,15,Right rib fracture.,oblique,False,False,"Chicago Cubs placed RHP Cade Horton on the 15-day injured list retroactive to September 25, 2025. Right rib fracture. | Chicago Cubs activated RHP Cade Horton from the 15-day injured list."
573204,Caleb Thielbar,2022,573204-1,2022-07-19,2022-08-03,15,15,Left hamstring strain.,hamstring,False,False,"Minnesota Twins placed LHP Caleb Thielbar on the 15-day injured list retroactive to July 19, 2022. Left hamstring strain. | Minnesota Twins activated LHP Caleb Thielbar from the 15-day injured list."
573204,Caleb Thielbar,2023,573204-2,2023-05-03,2023-06-04,32,15,Right oblique strain.,oblique,False,False,"Minnesota Twins placed LHP Caleb Thielbar on the 15-day injured list retroactive to May 3, 2023. Right oblique strain. | Minnesota Twins activated LHP Caleb Thielbar from the 15-day injured list."
573204,Caleb Thielbar,2023,573204-3,2023-06-06,2023-07-30,54,15,Right oblique strain.,oblique,False,False,"Minnesota Twins placed LHP Caleb Thielbar on the 15-day injured list retroactive to June 6, 2023. Right oblique strain. | Minnesota Twins activated LHP Caleb Thielbar from the 15-day injured list."
573204,Caleb Thielbar,2024,573204-4,2024-03-25,2024-04-14,17,15,Left hamstring strain.,hamstring,False,False,"Minnesota Twins placed LHP Caleb Thielbar on the 15-day injured list retroactive to March 25, 2024. Left hamstring strain. | Minnesota Twins activated LHP Caleb Thielbar from the 15-day injured list."
694037,Daniel Palencia,2024,694037-1,2024-05-07,2024-08-27,112,15,Right shoulder strain.,shoulder,True,False,Chicago Cubs placed RHP Daniel Palencia on the 15-day injured list. Right shoulder strain. | (no activation listed; return inferred from first MLB appearance 2024-08-27)
694037,Daniel Palencia,2025,694037-2,2025-09-08,2025-09-24,16,15,Right shoulder strain.,shoulder,True,False,Chicago Cubs placed RHP Daniel Palencia on the 15-day injured list. Right shoulder strain. | Chicago Cubs activated RHP Daniel Palencia from the 15-day injured list.
519141,Drew Pomeranz,2022,519141-1,2022-03-28,2022-10-05,181,60,Recovery from left forearm surgery.,forearm,True,False,San Diego Padres placed LHP Drew Pomeranz on the 60-day injured list. Recovery from left forearm surgery. | San Diego Padres activated LHP Drew Pomeranz from the 60-day injured list.
519141,Drew Pomeranz,2023,519141-2,2023-03-27,2023-05-15,46,15,Left elbow/flexor strain.,elbow,True,True,"San Diego Padres placed LHP Drew Pomeranz on the 15-day injured list retroactive to March 27, 2023. Left elbow/flexor strain."
519141,Drew Pomeranz,2023,519141-3,2023-05-15,2023-10-02,140,60,Left elbow/flexor strain.,elbow,True,False,San Diego Padres placed LHP Drew Pomeranz on the 60-day injured list. Left elbow/flexor strain. | Chicago Cubs selected the contract of LHP Drew Pomeranz from Iowa Cubs.
519141,Drew Pomeranz,2024,519141-3,2024-03-28,2024-09-30,186,60,Left elbow/flexor strain.,elbow,True,False,San Diego Padres placed LHP Drew Pomeranz on the 60-day injured list. Left elbow/flexor strain. | Chicago Cubs selected the contract of LHP Drew Pomeranz from Iowa Cubs.
519141,Drew Pomeranz,2025,519141-3,2025-03-27,2025-04-23,27,60,Left elbow/flexor strain.,elbow,True,False,San Diego Padres placed LHP Drew Pomeranz on the 60-day injured list. Left elbow/flexor strain. | Chicago Cubs selected the contract of LHP Drew Pomeranz from Iowa Cubs.
669212,Eli Morgan,2024,669212-1,2024-04-17,2024-05-28,41,15,Right shoulder inflammation.,shoulder,True,False,Cleveland Guardians placed RHP Eli Morgan on the 15-day injured list. Right shoulder inflammation. | Cleveland Guardians activated RHP Eli Morgan from the 15-day injured list.
669212,Eli Morgan,2024,669212-2,2024-05-30,2024-06-29,30,15,Right elbow inflammation.,elbow,True,False,"Cleveland Guardians placed RHP Eli Morgan on the 15-day injured list retroactive to May 30, 2024. Right elbow inflammation. | Cleveland Guardians activated RHP Eli Morgan from the 15-day injured list."
669212,Eli Morgan,2025,669212-3,2025-04-15,2025-09-20,158,60,Right elbow impingement.,elbow,True,False,Chicago Cubs placed RHP Eli Morgan on the 15-day injured list. Right elbow impingement. | Chicago Cubs transferred RHP Eli Morgan from the 15-day injured list to the 60-day injured list. Right elbow impingement. | Chicago Cubs activated RHP Eli Morgan from the 60-day injured list.
681799,Ethan Roberts,2022,681799-1,2022-04-30,2022-10-05,158,60,Right shoulder inflammation.,shoulder,True,False,"Chicago Cubs placed RHP Ethan Roberts on the 10-day injured list retroactive to April 30, 2022. Right shoulder inflammation. | Chicago Cubs transferred RHP Ethan Roberts from the 10-day injured list to the 60-day injured list. Right shoulder inflammation. | Chicago Cubs activated RHP Ethan Roberts from the 60-day injured list."
681799,Ethan Roberts,2023,681799-2,2023-02-17,2023-10-02,186,60,Tommy John surgery.,elbow,True,False,Chicago Cubs placed RHP Ethan Roberts on the 60-day injured list. Tommy John surgery. | Chicago Cubs activated RHP Ethan Roberts from the 60-day injured list.
592791,Jameson Taillon,2023,592791-1,2023-04-20,2023-05-04,14,15,Left groin strain.,hip/groin,False,False,Chicago Cubs placed RHP Jameson Taillon on the 15-day injured list. Left groin strain. | Chicago Cubs activated RHP Jameson Taillon from the 15-day injured list.
592791,Jameson Taillon,2024,592791-2,2024-03-25,2024-04-18,21,15,Back strain.,back,False,False,"Chicago Cubs placed RHP Jameson Taillon on the 15-day injured list retroactive to March 25, 2024. Back strain. | Chicago Cubs activated RHP Jameson Taillon from the 15-day injured list."
592791,Jameson Taillon,2025,592791-3,2025-07-01,2025-08-19,49,15,Right calf strain.,calf,False,False,"Chicago Cubs placed RHP Jameson Taillon on the 15-day injured list retroactive to July 1, 2025. Right calf strain. | Chicago Cubs activated RHP Jameson Taillon from the 15-day injured list."
592791,Jameson Taillon,2025,592791-4,2025-08-25,2025-09-10,16,15,Left groin strain.,hip/groin,False,False,"Chicago Cubs placed RHP Jameson Taillon on the 15-day injured list retroactive to August 25, 2025. Left groin strain. | Chicago Cubs activated RHP Jameson Taillon from the 15-day injured list."
665871,Javier Assad,2024,665871-1,2024-06-24,2024-07-13,19,15,Right forearm extensor strain.,forearm,True,False,"Chicago Cubs placed RHP Javier Assad on the 15-day injured list retroactive to June 24, 2024. Right forearm extensor strain. | Chicago Cubs activated RHP Javier Assad from the 15-day injured list."
665871,Javier Assad,2025,665871-2,2025-03-17,2025-04-30,34,15,Left oblique strain.,oblique,False,True,Chicago Cubs placed RHP Javier Assad on the 15-day injured list. Left oblique strain.
665871,Javier Assad,2025,665871-3,2025-04-30,2025-08-12,104,60,Left oblique strain.,oblique,False,False,Chicago Cubs placed RHP Javier Assad on the 60-day injured list. Left oblique strain. | Chicago Cubs activated RHP Javier Assad from the 60-day injured list.
696136,Jordan Wicks,2024,696136-1,2024-04-28,2024-06-07,40,15,Left forearm strain.,forearm,True,False,Chicago Cubs placed LHP Jordan Wicks on the 15-day injured list. Left forearm strain. | Chicago Cubs activated LHP Jordan Wicks from the 15-day injured list.
696136,Jordan Wicks,2024,696136-2,2024-06-15,2024-09-01,78,60,Right oblique strain.,oblique,False,False,Chicago Cubs placed LHP Jordan Wicks on the 15-day injured list. Right oblique strain. | Chicago Cubs transferred LHP Jordan Wicks from the 15-day injured list to the 60-day injured list. | Chicago Cubs activated LHP Jordan Wicks from the 60-day injured list.
696136,Jordan Wicks,2024,696136-3,2024-09-18,2024-09-30,12,15,Right oblique strain.,oblique,False,False,"Chicago Cubs placed LHP Jordan Wicks on the 15-day injured list retroactive to September 18, 2024. Right oblique strain. | Chicago Cubs activated LHP Jordan Wicks from the 15-day injured list."
657240,Julian Merryweather,2022,657240-1,2022-06-14,2022-09-05,83,60,Left abdominal strain.,other,False,False,Toronto Blue Jays placed RHP Julian Merryweather on the 15-day injured list. Left abdominal strain. | Toronto Blue Jays transferred RHP Julian Merryweather from the 15-day injured list to the 60-day injured list. | Toronto Blue Jays activated RHP Julian Merryweather from the 60-day injured list.
657240,Julian Merryweather,2024,657240-2,2024-04-06,2024-07-22,107,60,Right shoulder strain.,shoulder,True,False,"Chicago Cubs placed RHP Julian Merryweather on the 15-day injured list retroactive to April 6, 2024. Right shoulder strain. | Chicago Cubs transferred RHP Julian Merryweather from the 15-day injured list to the 60-day injured list. Right shoulder strain. | Chicago Cubs activated RHP Julian Merryweather from the 60-day injured list."
657240,Julian Merryweather,2024,657240-3,2024-08-26,2024-09-29,34,15,Right knee tendinitis.,knee,False,True,"Chicago Cubs placed RHP Julian Merryweather on the 15-day injured list retroactive to August 26, 2024. Right knee tendinitis."
657240,Julian Merryweather,2024,657240-4,2024-09-29,2024-09-30,1,60,Right knee tendinitis.,knee,False,False,Chicago Cubs placed RHP Julian Merryweather on the 60-day injured list. Right knee tendinitis. | Chicago Cubs activated RHP Julian Merryweather from the 60-day injured list.
657006,Justin Steele,2022,657006-1,2022-09-02,2022-10-05,33,15,,other,False,False,"Chicago Cubs placed LHP Justin Steele on the 15-day injured list retroactive to September 2, 2022. | Chicago Cubs activated LHP Justin Steele from the 15-day injured list."
657006,Justin Steele,2024,657006-2,2024-03-29,2024-05-06,38,15,Left hamstring strain.,hamstring,False,False,"Chicago Cubs placed LHP Justin Steele on the 15-day injured list retroactive to March 29, 2024. Left hamstring strain. | Chicago Cubs activated LHP Justin Steele from the 15-day injured list."
657006,Justin Steele,2024,657006-3,2024-09-01,2024-09-18,17,15,Left elbow tendinitis.,elbow,True,False,"Chicago Cubs placed LHP Justin Steele on the 15-day injured list retroactive to September 1, 2024. Left elbow tendinitis. | Chicago Cubs activated LHP Justin Steele from the 15-day injured list."
657006,Justin Steele,2025,657006-4,2025-04-08,2025-09-28,173,60,Left elbow tendinitis.,elbow,True,False,"Chicago Cubs placed LHP Justin Steele on the 15-day injured list retroactive to April 8, 2025. Left elbow tendinitis. | Chicago Cubs transferred LHP Justin Steele from the 15-day injured list to the 60-day injured list. | Chicago Cubs activated LHP Justin Steele from the 60-day injured list."
681432,Luke Little,2024,681432-1,2024-07-13,2024-09-30,79,15,Left shoulder strain.,shoulder,True,False,"Chicago Cubs placed LHP Luke Little on the 15-day injured list. Left shoulder strain. | Chicago Cubs transferred LHP Luke Little from the 15-day injured list to the 60-day injured list. Left shoulder strain. | Chicago Cubs placed LHP Luke Little on the 15-day injured list retroactive to July 13, 2024. Left shoulder strain. | Chicago Cubs activated LHP Luke Little from the 60-day injured list."
571510,Matt Boyd,2022,571510-1,2022-03-27,2022-09-01,147,60,Left elbow strain.,elbow,True,False,San Francisco Giants placed LHP Matthew Boyd on the 60-day injured list. Left elbow strain. | Seattle Mariners activated LHP Matthew Boyd from the 60-day injured list.
571510,Matt Boyd,2023,571510-2,2023-06-27,2023-10-02,97,60,Left elbow strain.,elbow,True,False,Detroit Tigers placed LHP Matthew Boyd on the 60-day injured list. Left elbow strain. | Detroit Tigers activated LHP Matthew Boyd from the 60-day injured list.
605242,Michael Fulmer,2023,605242-1,2023-08-25,2023-09-11,17,15,Right forearm strain.,forearm,True,False,"Chicago Cubs placed RHP Michael Fulmer on the 15-day injured list retroactive to August 25, 2023. Right forearm strain. | Chicago Cubs activated RHP Michael Fulmer from the 15-day injured list."
605242,Michael Fulmer,2023,605242-2,2023-09-16,2023-10-02,16,60,Right forearm strain.,forearm,True,False,Chicago Cubs placed RHP Michael Fulmer on the 15-day injured list. Right forearm strain. | Chicago Cubs transferred RHP Michael Fulmer from the 15-day injured list to the 60-day injured list. Right forearm strain. | Boston Red Sox selected the contract of RHP Michael Fulmer from Worcester Red Sox.
605242,Michael Fulmer,2024,605242-2,2024-03-28,2024-09-30,186,60,Right forearm strain.,forearm,True,False,Chicago Cubs placed RHP Michael Fulmer on the 15-day injured list. Right forearm strain. | Chicago Cubs transferred RHP Michael Fulmer from the 15-day injured list to the 60-day injured list. Right forearm strain. | Boston Red Sox selected the contract of RHP Michael Fulmer from Worcester Red Sox.
605242,Michael Fulmer,2025,605242-2,2025-03-27,2025-04-13,17,60,Right forearm strain.,forearm,True,False,Chicago Cubs placed RHP Michael Fulmer on the 15-day injured list. Right forearm strain. | Chicago Cubs transferred RHP Michael Fulmer from the 15-day injured list to the 60-day injured list. Right forearm strain. | Boston Red Sox selected the contract of RHP Michael Fulmer from Worcester Red Sox.
663878,Nate Pearson,2022,663878-1,2022-06-06,2022-10-05,121,60,Mononucleosis.,other,False,False,Toronto Blue Jays placed RHP Nate Pearson on the 60-day injured list. Mononucleosis. | Toronto Blue Jays activated RHP Nate Pearson from the 60-day injured list.
687863,Porter Hodge,2025,687863-1,2025-05-18,2025-06-24,37,15,Left oblique strain.,oblique,False,False,"Chicago Cubs placed RHP Porter Hodge on the 15-day injured list retroactive to May 18, 2025. Left oblique strain. | Chicago Cubs activated RHP Porter Hodge from the 15-day injured list."
687863,Porter Hodge,2025,687863-2,2025-07-09,2025-07-30,21,15,Right shoulder impingement.,shoulder,True,False,Chicago Cubs placed RHP Porter Hodge on the 15-day injured list. Right shoulder impingement. | Chicago Cubs activated RHP Porter Hodge from the 15-day injured list.
518489,Ryan Brasier,2024,518489-1,2024-04-28,2024-08-17,111,60,Right calf strain.,calf,False,False,"Los Angeles Dodgers placed RHP Ryan Brasier on the 15-day injured list retroactive to April 28, 2024. Right calf strain. | Los Angeles Dodgers transferred RHP Ryan Brasier from the 15-day injured list to the 60-day injured list. Right calf strain. | Los Angeles Dodgers activated RHP Ryan Brasier from the 60-day injured list."
518489,Ryan Brasier,2025,518489-2,2025-03-25,2025-05-23,57,15,Left groin strain.,hip/groin,False,False,"Chicago Cubs placed RHP Ryan Brasier on the 15-day injured list retroactive to March 25, 2025. Left groin strain. | Chicago Cubs activated RHP Ryan Brasier from the 15-day injured list."
518489,Ryan Brasier,2025,518489-3,2025-08-22,2025-09-28,37,15,Left groin strain.,hip/groin,False,False,Chicago Cubs placed RHP Ryan Brasier on the 15-day injured list. Left groin strain. | Chicago Cubs activated RHP Ryan Brasier from the 15-day injured list.
519151,Ryan Pressly,2022,519151-1,2022-04-14,2022-05-05,21,10,Right knee inflammation.,knee,False,False,"Houston Astros placed RHP Ryan Pressly on the 10-day injured list retroactive to April 14, 2022. Right knee inflammation. | Houston Astros activated RHP Ryan Pressly."
519151,Ryan Pressly,2022,519151-2,2022-08-22,2022-09-09,18,15,Neck spasms.,neck,False,False,"Houston Astros placed RHP Ryan Pressly on the 15-day injured list retroactive to August 22, 2022. Neck spasms. | Houston Astros activated RHP Ryan Pressly from the 15-day injured list."
519151,Ryan Pressly,2024,519151-3,2024-08-14,2024-08-29,15,15,Low back strain.,back,False,False,"Houston Astros placed RHP Ryan Pressly on the 15-day injured list retroactive to August 14, 2024. Low back strain. | Houston Astros activated RHP Ryan Pressly from the 15-day injured list."
684007,Shota Imanaga,2025,684007-1,2025-05-05,2025-06-26,52,15,Left hamstring strain.,hamstring,False,False,Chicago Cubs placed LHP Shota Imanaga on the 15-day injured list. Left hamstring strain. | Chicago Cubs activated LHP Shota Imanaga from the 15-day injured list.
676680,Tom Cosgrove,2023,676680-1,2023-06-16,2023-07-01,15,15,Left hamstring strain.,hamstring,False,False,San Diego Padres placed LHP Tom Cosgrove on the 15-day injured list. Left hamstring strain. | San Diego Padres activated LHP Tom Cosgrove from the 15-day injured list.
676680,Tom Cosgrove,2024,676680-2,2024-06-27,2024-07-25,28,15,Left elbow inflammation.,elbow,True,False,"San Diego Padres placed LHP Tom Cosgrove on the 15-day injured list retroactive to June 27, 2024. Left elbow inflammation. | San Diego Padres activated LHP Tom Cosgrove from the 15-day injured list."
671096,Andrew Abbott,2024,671096-1,2024-08-20,2024-09-30,41,15,Left shoulder strain.,shoulder,True,False,"Cincinnati Reds placed LHP Andrew Abbott on the 15-day injured list retroactive to August 20, 2024. Left shoulder strain. | Cincinnati Reds activated LHP Andrew Abbott from the 15-day injured list."
671096,Andrew Abbott,2025,671096-2,2025-03-24,2025-04-12,16,15,Left shoulder rotator cuff strain.,shoulder,True,False,"Cincinnati Reds placed LHP Andrew Abbott on the 15-day injured list retroactive to March 24, 2025. Left shoulder rotator cuff strain. | Cincinnati Reds activated LHP Andrew Abbott from the 15-day injured list."
663903,Brady Singer,2023,663903-1,2023-09-19,2023-10-02,13,15,Left lower lumbar strain.,back,False,False,Kansas City Royals placed RHP Brady Singer on the 15-day injured list. Left lower lumbar strain. | Kansas City Royals activated RHP Brady Singer from the 15-day injured list.
608718,Brent Suter,2023,608718-1,2023-06-23,2023-07-19,26,15,Left oblique strain.,oblique,False,False,Colorado Rockies placed LHP Brent Suter on the 15-day injured list. Left oblique strain. | Colorado Rockies activated LHP Brent Suter from the 15-day injured list.
608718,Brent Suter,2024,608718-2,2024-07-20,2024-09-01,43,15,Partial tear of left Teras major muscle.,other,False,False,Cincinnati Reds placed LHP Brent Suter on the 15-day injured list. Partial tear of left Teras major muscle. | Cincinnati Reds activated LHP Brent Suter from the 15-day injured list.
686730,Carson Spiers,2024,686730-1,2024-07-13,2024-07-29,16,15,Right shoulder impingement.,shoulder,True,False,Cincinnati Reds placed RHP Carson Spiers on the 15-day injured list. Right shoulder impingement. | Cincinnati Reds activated RHP Carson Spiers from the 15-day injured list.
686730,Carson Spiers,2025,686730-2,2025-04-20,2025-09-28,161,60,Right shoulder impingement.,shoulder,True,False,Cincinnati Reds placed RHP Carson Spiers on the 15-day injured list. Right shoulder impingement. | Cincinnati Reds transferred RHP Carson Spiers from the 15-day injured list to the 60-day injured list. Right shoulder impingement. | Cincinnati Reds activated RHP Carson Spiers from the 60-day injured list.
695505,Chase Burns,2025,695505-1,2025-08-12,2025-09-11,30,15,Grade 1 right flexor strain.,forearm,True,False,"Cincinnati Reds placed RHP Chase Burns on the 15-day injured list retroactive to August 12, 2025. Grade 1 right flexor strain. | Cincinnati Reds activated RHP Chase Burns from the 15-day injured list."
641941,Emilio Pagán,2024,641941-1,2024-05-20,2024-06-06,17,15,Right triceps tightness.,biceps/triceps,False,False,"Cincinnati Reds placed RHP Emilio Pagán on the 15-day injured list retroactive to May 20, 2024. Right triceps tightness. | Cincinnati Reds activated RHP Emilio Pagán from the 15-day injured list."
641941,Emilio Pagán,2024,641941-2,2024-06-09,2024-08-10,62,60,Right lat strain.,lat,True,False,Cincinnati Reds placed RHP Emilio Pagán on the 15-day injured list. Right lat strain. | Cincinnati Reds transferred RHP Emilio Pagán from the 15-day injured list to the 60-day injured list. Right lat strain. | Cincinnati Reds activated RHP Emilio Pagán from the 60-day injured list.
668933,Graham Ashcraft,2022,668933-1,2022-08-20,2022-09-24,35,15,Right biceps soreness.,biceps/triceps,False,False,"Cincinnati Reds placed RHP Graham Ashcraft on the 15-day injured list retroactive to August 20, 2022. Right biceps soreness. | Cincinnati Reds activated RHP Graham Ashcraft from the 15-day injured list."
668933,Graham Ashcraft,2023,668933-2,2023-06-09,2023-06-24,15,15,Left calf contusion.,calf,False,False,Cincinnati Reds placed RHP Graham Ashcraft on the 15-day injured list. Left calf contusion. | Cincinnati Reds activated RHP Graham Ashcraft from the 15-day injured list.
668933,Graham Ashcraft,2023,668933-3,2023-09-02,2023-10-02,30,60,Right big toe stress reaction.,ankle/foot,False,False,Cincinnati Reds placed RHP Graham Ashcraft on the 15-day injured list. Right big toe stress reaction. | Cincinnati Reds transferred RHP Graham Ashcraft from the 15-day injured list to the 60-day injured list. Right big toe stress reaction. | Cincinnati Reds activated RHP Graham Ashcraft from the 60-day injured list.
668933,Graham Ashcraft,2024,668933-4,2024-07-08,2024-09-30,84,60,Right elbow strain.,elbow,True,False,"Cincinnati Reds placed RHP Graham Ashcraft on the 15-day injured list retroactive to July 8, 2024. Right elbow strain. | Cincinnati Reds transferred RHP Graham Ashcraft from the 15-day injured list to the 60-day injured list. Right elbow strain. | Cincinnati Reds activated RHP Graham Ashcraft from the 60-day injured list."
668933,Graham Ashcraft,2025,668933-5,2025-06-16,2025-07-04,18,15,Right groin strain.,hip/groin,False,False,"Cincinnati Reds placed RHP Graham Ashcraft on the 15-day injured list retroactive to June 16, 2025. Right groin strain. | Cincinnati Reds activated RHP Graham Ashcraft from the 15-day injured list."
668933,Graham Ashcraft,2025,668933-6,2025-08-25,2025-09-11,17,15,Right forearm strain.,forearm,True,False,"Cincinnati Reds placed RHP Graham Ashcraft on the 15-day injured list retroactive to August 25, 2025. Right forearm strain. | Cincinnati Reds activated RHP Graham Ashcraft from the 15-day injured list."
668881,Hunter Greene,2022,668881-1,2022-08-02,2022-09-17,46,15,Right shoulder strain.,shoulder,True,False,"Cincinnati Reds placed RHP Hunter Greene on the 15-day injured list retroactive to August 2, 2022. Right shoulder strain. | Cincinnati Reds activated RHP Hunter Greene from the 15-day injured list."
668881,Hunter Greene,2023,668881-2,2023-06-18,2023-08-20,63,60,Right hip pain.,hip/groin,False,False,"Cincinnati Reds placed RHP Hunter Greene on the 15-day injured list retroactive to June 18, 2023. Right hip pain. | Cincinnati Reds transferred RHP Hunter Greene from the 15-day injured list to the 60-day injured list. Right hip pain. | Cincinnati Reds activated RHP Hunter Greene from the 60-day injured list."
668881,Hunter Greene,2023,668881-3,2023-08-31,2023-09-10,10,10,,other,False,False,"Cincinnati Reds placed RHP Hunter Greene on the 10-day injured list retroactive to August 31, 2023. | Cincinnati Reds activated RHP Hunter Greene from the 10-day injured list."
668881,Hunter Greene,2024,668881-4,2024-08-14,2024-09-22,39,15,Right elbow soreness.,elbow,True,False,"Cincinnati Reds placed RHP Hunter Greene on the 15-day injured list retroactive to August 14, 2024. Right elbow soreness. | Cincinnati Reds activated RHP Hunter Greene from the 15-day injured list."
668881,Hunter Greene,2025,668881-5,2025-05-08,2025-05-23,15,15,Right groin strain.,hip/groin,False,False,"Cincinnati Reds placed RHP Hunter Greene on the 15-day injured list retroactive to May 8, 2025. Right groin strain. | Cincinnati Reds activated RHP Hunter Greene from the 15-day injured list."
668881,Hunter Greene,2025,668881-6,2025-06-04,2025-08-13,70,15,Right groin strain.,hip/groin,False,False,Cincinnati Reds placed RHP Hunter Greene on the 15-day injured list. Right groin strain. | Cincinnati Reds placed RHP Hunter Greene on the 15-day injured list. Right groin strain. | Cincinnati Reds activated RHP Hunter Greene from the 15-day injured list.
664139,Ian Gibaut,2024,664139-1,2024-03-25,2024-05-07,40,15,Right forearm strain.,forearm,True,True,"Cincinnati Reds placed RHP Ian Gibaut on the 15-day injured list retroactive to March 25, 2024. Right forearm strain."
664139,Ian Gibaut,2024,664139-2,2024-05-07,2024-09-24,140,60,,other,False,False,Cincinnati Reds placed RHP Ian Gibaut on the 60-day injured list. | Cincinnati Reds activated RHP Ian Gibaut from the 60-day injured list.
664139,Ian Gibaut,2025,664139-3,2025-04-26,2025-05-21,25,15,Right shoulder impingement.,shoulder,True,False,Cincinnati Reds placed RHP Ian Gibaut on the 15-day injured list. Right shoulder impingement. | Cincinnati Reds activated RHP Ian Gibaut from the 15-day injured list.
664139,Ian Gibaut,2025,664139-4,2025-08-22,2025-08-22,0,60,,other,False,True,Cincinnati Reds placed RHP Ian Gibaut on the 60-day injured list.
664139,Ian Gibaut,2025,664139-5,2025-06-29,2025-09-28,91,15,Right shoulder impingement.,shoulder,True,False,"Cincinnati Reds placed RHP Ian Gibaut on the 15-day injured list retroactive to June 29, 2025. Right shoulder impingement. | Cincinnati Reds activated RHP Ian Gibaut from the 60-day injured list."
666157,Nick Lodolo,2022,666157-1,2022-04-25,2022-06-21,57,10,Lower right back strain.,back,False,True,"Cincinnati Reds placed LHP Nick Lodolo on the 10-day injured list retroactive to April 25, 2022. Lower right back strain."
666157,Nick Lodolo,2022,666157-2,2022-06-21,2022-07-05,14,60,Lower right back strain.,back,False,False,Cincinnati Reds placed LHP Nick Lodolo on the 60-day injured list. Lower right back strain. | Cincinnati Reds activated LHP Nick Lodolo from the 60-day injured list.
666157,Nick Lodolo,2023,666157-3,2023-05-14,2023-10-02,141,60,Left calf tendinitis.,calf,False,False,Cincinnati Reds placed LHP Nick Lodolo on the 15-day injured list. Left calf tendinitis. | Cincinnati Reds transferred LHP Nick Lodolo from the 15-day injured list to the 60-day injured list. | Cincinnati Reds activated LHP Nick Lodolo from the 60-day injured list.
666157,Nick Lodolo,2024,666157-4,2024-03-25,2024-04-13,16,15,Left calf tenosynovitis.,calf,False,False,"Cincinnati Reds placed LHP Nick Lodolo on the 15-day injured list retroactive to March 25, 2024. Left calf tenosynovitis. | Cincinnati Reds activated LHP Nick Lodolo from the 15-day injured list."
666157,Nick Lodolo,2024,666157-5,2024-05-12,2024-05-27,15,15,Left groin strain.,hip/groin,False,False,"Cincinnati Reds placed LHP Nick Lodolo on the 15-day injured list retroactive to May 12, 2024. Left groin strain. | Cincinnati Reds activated LHP Nick Lodolo from the 15-day injured list."
666157,Nick Lodolo,2024,666157-6,2024-06-24,2024-07-09,15,15,Left finger blister.,hand/wrist,False,False,"Cincinnati Reds placed LHP Nick Lodolo on the 15-day injured list retroactive to June 24, 2024. Left finger blister. | Cincinnati Reds activated LHP Nick Lodolo from the 15-day injured list."
666157,Nick Lodolo,2024,666157-7,2024-08-24,2024-09-30,37,15,Left middle finger sprain.,hand/wrist,False,False,"Cincinnati Reds placed LHP Nick Lodolo on the 15-day injured list retroactive to August 24, 2024. Left middle finger sprain. | Cincinnati Reds activated LHP Nick Lodolo from the 15-day injured list."
666157,Nick Lodolo,2025,666157-8,2025-08-05,2025-08-27,22,15,Left finger blister.,hand/wrist,False,False,Cincinnati Reds placed LHP Nick Lodolo on the 15-day injured list. Left finger blister. | Cincinnati Reds activated LHP Nick Lodolo from the 15-day injured list.
665665,Reiver Sanmartin,2023,665665-1,2023-05-08,2023-10-02,147,60,Left elbow stress reaction.,elbow,True,False,"Cincinnati Reds placed LHP Reiver Sanmartin on the 15-day injured list retroactive to May 8, 2023. Left elbow stress reaction. | Cincinnati Reds transferred LHP Reiver Sanmartin from the 15-day injured list to the 60-day injured list. | Cincinnati Reds activated LHP Reiver Sanmartin from the 60-day injured list."
594580,Sam Moll,2022,594580-1,2022-06-21,2022-06-23,2,10,,other,False,False,Oakland Athletics placed LHP Sam Moll on the 10-day injured list. | Oakland Athletics activated LHP Sam Moll from the 10-day injured list.
594580,Sam Moll,2022,594580-2,2022-09-16,2022-10-05,19,15,Left shoulder strain.,shoulder,True,False,Oakland Athletics placed LHP Sam Moll on the 15-day injured list. Left shoulder strain. | Oakland Athletics activated LHP Sam Moll from the 15-day injured list.
594580,Sam Moll,2024,594580-3,2024-03-25,2024-04-23,26,15,Left shoulder impingement.,shoulder,True,False,"Cincinnati Reds placed LHP Sam Moll on the 15-day injured list retroactive to March 25, 2024. Left shoulder impingement. | Cincinnati Reds activated LHP Sam Moll from the 15-day injured list."
594580,Sam Moll,2024,594580-4,2024-09-08,2024-09-30,22,15,Left shoulder impingement.,shoulder,True,False,Cincinnati Reds placed LHP Sam Moll on the 15-day injured list. Left shoulder impingement. | Cincinnati Reds activated LHP Sam Moll from the 15-day injured list.
594580,Sam Moll,2025,594580-5,2025-04-11,2025-05-21,40,15,Left shoulder impingement.,shoulder,True,False,"Cincinnati Reds placed LHP Sam Moll on the 15-day injured list retroactive to April 11, 2025. Left shoulder impingement. | Cincinnati Reds activated LHP Sam Moll from the 15-day injured list."
663574,Tony Santillan,2022,663574-1,2022-06-14,2022-10-05,113,60,Low back pain.,back,False,False,"Cincinnati Reds placed RHP Tony Santillan on the 15-day injured list retroactive to June 14, 2022. Low back pain. | Cincinnati Reds transferred RHP Tony Santillan from the 15-day injured list to the 60-day injured list. Low back pain. | Cincinnati Reds activated RHP Tony Santillan from the 60-day injured list."
663574,Tony Santillan,2023,663574-2,2023-03-27,2023-04-28,29,15,Low back Pars stress fracture.,back,False,True,"Cincinnati Reds placed RHP Tony Santillan on the 15-day injured list retroactive to March 27, 2023. Low back Pars stress fracture."
663574,Tony Santillan,2023,663574-3,2023-04-28,2023-07-06,69,60,Right knee strain.,knee,False,False,Cincinnati Reds placed RHP Tony Santillan on the 60-day injured list. Right knee strain. | Cincinnati Reds activated RHP Tony Santillan from the 60-day injured list.
489119,Wade Miley,2022,489119-1,2022-04-04,2022-05-10,33,10,Left elbow inflammation.,elbow,True,False,Chicago Cubs placed LHP Wade Miley on the 10-day injured list. Left elbow inflammation. | Chicago Cubs activated LHP Wade Miley.
489119,Wade Miley,2022,489119-2,2022-05-26,2022-06-10,15,15,Left shoulder strain.,shoulder,True,False,Chicago Cubs placed LHP Wade Miley on the 15-day injured list. Left shoulder strain. | Chicago Cubs activated LHP Wade Miley from the 15-day injured list.
489119,Wade Miley,2022,489119-3,2022-09-01,2022-09-06,5,60,,other,False,False,Chicago Cubs placed LHP Wade Miley on the 60-day injured list. | Chicago Cubs activated LHP Wade Miley from the 60-day injured list.
489119,Wade Miley,2023,489119-4,2023-05-17,2023-06-17,31,15,Left lat strain.,lat,True,False,Milwaukee Brewers placed LHP Wade Miley on the 15-day injured list. Left lat strain. | Milwaukee Brewers activated LHP Wade Miley from the 15-day injured list.
489119,Wade Miley,2023,489119-5,2023-07-14,2023-08-02,19,15,Left elbow discomfort.,elbow,True,False,"Milwaukee Brewers placed LHP Wade Miley on the 15-day injured list retroactive to July 14, 2023. Left elbow discomfort. | Milwaukee Brewers activated LHP Wade Miley from the 15-day injured list."
489119,Wade Miley,2024,489119-6,2024-03-25,2024-04-10,13,15,Left shoulder impingement.,shoulder,True,False,"Milwaukee Brewers placed LHP Wade Miley on the 15-day injured list retroactive to March 25, 2024. Left shoulder impingement. | Milwaukee Brewers activated LHP Wade Miley from the 15-day injured list."
489119,Wade Miley,2024,489119-7,2024-04-19,2024-09-30,164,60,Left elbow inflammation.,elbow,True,False,"Milwaukee Brewers placed LHP Wade Miley on the 15-day injured list retroactive to April 19, 2024. Left elbow inflammation. | Milwaukee Brewers transferred LHP Wade Miley from the 15-day injured list to the 60-day injured list. | (no activation listed; return inferred from first MLB appearance 2025-06-04)"
489119,Wade Miley,2025,489119-7,2025-03-27,2025-06-04,69,60,Left elbow inflammation.,elbow,True,False,"Milwaukee Brewers placed LHP Wade Miley on the 15-day injured list retroactive to April 19, 2024. Left elbow inflammation. | Milwaukee Brewers transferred LHP Wade Miley from the 15-day injured list to the 60-day injured list. | (no activation listed; return inferred from first MLB appearance 2025-06-04)"
489119,Wade Miley,2025,489119-8,2025-06-17,2025-09-28,103,60,Left flexor strain.,forearm,True,True,"Cincinnati Reds placed LHP Wade Miley on the 15-day injured list retroactive to June 17, 2025. Left flexor strain. | Cincinnati Reds transferred LHP Wade Miley from the 15-day injured list to the 60-day injured list. Left flexor strain."
689958,Andrew Walters,2025,689958-1,2025-05-31,2025-09-28,120,60,Right lat strain.,lat,True,False,Cleveland Guardians placed RHP Andrew Walters on the 15-day injured list. Right lat strain. | Cleveland Guardians transferred RHP Andrew Walters from the 15-day injured list to the 60-day injured list. Right lat strain. | Cleveland Guardians activated RHP Andrew Walters from the 60-day injured list.
594902,Ben Lively,2023,594902-1,2023-06-21,2023-07-09,18,15,Right pectoral muscle strain.,other,False,False,"Cincinnati Reds placed RHP Ben Lively on the 15-day injured list retroactive to June 21, 2023. Right pectoral muscle strain. | Cincinnati Reds activated RHP Ben Lively from the 15-day injured list."
594902,Ben Lively,2023,594902-2,2023-08-02,2023-08-26,24,15,Right pectoral strain.,other,False,False,Cincinnati Reds placed RHP Ben Lively on the 15-day injured list. Right pectoral strain. | Cincinnati Reds activated RHP Ben Lively from the 15-day injured list.
594902,Ben Lively,2023,594902-3,2023-08-31,2023-09-14,14,15,,other,False,False,"Cincinnati Reds placed RHP Ben Lively on the 15-day injured list retroactive to August 31, 2023. | Cincinnati Reds activated RHP Ben Lively from the 15-day injured list."
594902,Ben Lively,2024,594902-4,2024-03-25,2024-04-17,20,15,Viral illness.,illness,False,False,"Cleveland Guardians placed RHP Ben Lively on the 15-day injured list retroactive to March 25, 2024. Viral illness. | Cleveland Guardians activated RHP Ben Lively from the 15-day injured list."
594902,Ben Lively,2025,594902-5,2025-05-13,2025-09-28,138,60,Right forearm strain.,forearm,True,True,Cleveland Guardians placed RHP Ben Lively on the 15-day injured list. Right forearm strain. | Cleveland Guardians transferred RHP Ben Lively from the 15-day injured list to the 60-day injured list. Right forearm strain.
675989,Cody Bolton,2024,675989-1,2024-04-06,2024-04-21,15,15,General medical issue.,other,False,False,"Seattle Mariners placed RHP Cody Bolton on the 15-day injured list retroactive to April 6, 2024. General medical issue. | Seattle Mariners activated RHP Cody Bolton from the 15-day injured list."
681870,Erik Sabrowski,2025,681870-1,2025-03-24,2025-06-27,92,60,Left elbow inflammation.,elbow,True,False,"Cleveland Guardians placed LHP Erik Sabrowski on the 15-day injured list retroactive to March 24, 2025. Left elbow inflammation. | Cleveland Guardians transferred LHP Erik Sabrowski from the 15-day injured list to the 60-day injured list. Left elbow inflammation. | Cleveland Guardians activated LHP Erik Sabrowski from the 60-day injured list."
668909,Gavin Williams,2024,668909-1,2024-03-25,2024-06-30,94,60,Right elbow inflammation.,elbow,True,False,"Cleveland Guardians placed RHP Gavin Williams on the 15-day injured list retroactive to March 25, 2024. Right elbow inflammation. | Cleveland Guardians transferred RHP Gavin Williams from the 15-day injured list to the 60-day injured list. Right elbow inflammation. | Cleveland Guardians activated RHP Gavin Williams from the 60-day injured list."
596001,Jakob Junis,2022,596001-1,2022-06-11,2022-07-16,35,15,Left hamstring strain.,hamstring,False,False,San Francisco Giants placed RHP Jakob Junis on the 15-day injured list. Left hamstring strain. | San Francisco Giants activated RHP Jakob Junis.
596001,Jakob Junis,2023,596001-2,2023-09-24,2023-10-02,8,15,Cervical strain.,neck,False,False,"San Francisco Giants placed RHP Jakob Junis on the 15-day injured list retroactive to September 24, 2023. Cervical strain. | San Francisco Giants activated RHP Jakob Junis from the 15-day injured list."
596001,Jakob Junis,2024,596001-3,2024-04-03,2024-06-21,79,60,Right shoulder impingement.,shoulder,True,False,"Milwaukee Brewers placed RHP Jakob Junis on the 15-day injured list retroactive to April 3, 2024. Right shoulder impingement. | Milwaukee Brewers transferred RHP Jakob Junis from the 15-day injured list to the 60-day injured list. | Milwaukee Brewers activated RHP Jakob Junis from the 60-day injured list."
663465,Kolby Allard,2023,663465-1,2023-03-30,2023-06-28,90,60,Strained right oblique muscle.,oblique,False,False,Atlanta Braves placed LHP Kolby Allard on the 60-day injured list. Strained right oblique muscle. | Atlanta Braves activated LHP Kolby Allard from the 60-day injured list.
663465,Kolby Allard,2023,663465-2,2023-07-17,2023-10-02,77,60,Left shoulder nerve inflammation.,shoulder,True,False,"Atlanta Braves placed LHP Kolby Allard on the 60-day injured list retroactive to July 17, 2023. Left shoulder nerve inflammation. | Atlanta Braves activated LHP Kolby Allard from the 60-day injured list."
671106,Logan Allen,2023,671106-1,2023-09-23,2023-10-02,9,15,Left shoulder inflammation.,shoulder,True,False,Cleveland Guardians placed LHP Logan Allen on the 15-day injured list. Left shoulder inflammation. | Cleveland Guardians activated LHP Logan Allen from the 15-day injured list.
670036,Matt Festa,2022,670036-1,2022-05-04,2022-05-20,16,15,Right elbow tendinitis.,elbow,True,False,"Seattle Mariners placed RHP Matthew Festa on the 15-day injured list retroactive to May 4, 2022. Right elbow tendinitis. | Seattle Mariners activated RHP Matthew Festa from the 15-day injured list."
663671,Nic Enright,2023,663671-1,2023-03-27,2023-10-02,186,60,Hodgkin's Lymphoma.,other,False,False,"Miami Marlins placed RHP Nic Enright on the 15-day injured list retroactive to March 27, 2023. Hodgkin's Lymphoma. | Miami Marlins transferred RHP Nic Enright from the 15-day injured list to the 60-day injured list. Hodgkin's Lymphoma. | Cleveland Guardians selected the contract of RHP Nic Enright from Columbus Clippers."
663671,Nic Enright,2024,663671-1,2024-03-28,2024-09-30,186,60,Hodgkin's Lymphoma.,other,False,False,"Miami Marlins placed RHP Nic Enright on the 15-day injured list retroactive to March 27, 2023. Hodgkin's Lymphoma. | Miami Marlins transferred RHP Nic Enright from the 15-day injured list to the 60-day injured list. Hodgkin's Lymphoma. | Cleveland Guardians selected the contract of RHP Nic Enright from Columbus Clippers."
663671,Nic Enright,2025,663671-2,2025-09-04,2025-09-28,24,15,Right elbow/forearm inflammation.,elbow,True,False,Cleveland Guardians placed RHP Nic Enright on the 15-day injured list. Right elbow/forearm inflammation. | Cleveland Guardians activated RHP Nic Enright from the 15-day injured list.
677944,Slade Cecconi,2025,677944-1,2025-03-24,2025-05-17,51,15,Left oblique strain.,oblique,False,False,"Cleveland Guardians placed RHP Slade Cecconi on the 15-day injured list retroactive to March 24, 2025. Left oblique strain. | Cleveland Guardians activated RHP Slade Cecconi from the 15-day injured list."
676440,Tanner Bibee,2023,676440-1,2023-09-18,2023-10-02,14,60,Right hip inflammation.,hip/groin,False,False,Cleveland Guardians placed RHP Tanner Bibee on the 15-day injured list. Right hip inflammation. | Cleveland Guardians transferred RHP Tanner Bibee from the 15-day injured list to the 60-day injured list. Right hip inflammation. | Cleveland Guardians activated RHP Tanner Bibee from the 60-day injured list.
663474,Triston Mckenzie,2023,663474-1,2023-03-27,2023-06-04,66,60,Right teres major strain.,other,False,False,"Cleveland Guardians placed RHP Triston McKenzie on the 15-day injured list retroactive to March 27, 2023. Right teres major strain. | Cleveland Guardians transferred RHP Triston McKenzie from the 15-day injured list to the 60-day injured list. | Cleveland Guardians activated RHP Triston McKenzie from the 60-day injured list."
663474,Triston Mckenzie,2023,663474-2,2023-06-17,2023-09-24,99,60,Right elbow sprain.,elbow,True,False,Cleveland Guardians placed RHP Triston McKenzie on the 15-day injured list. Right elbow sprain. | Cleveland Guardians transferred RHP Triston McKenzie from the 15-day injured list to the 60-day injured list. Right elbow sprain. | Cleveland Guardians activated RHP Triston McKenzie from the 60-day injured list.
622608,Antonio Senzatela,2022,622608-1,2022-05-17,2022-06-01,15,15,Lower back strain.,back,False,False,Colorado Rockies placed RHP Antonio Senzatela on the 15-day injured list. Lower back strain. | (no activation listed; return inferred from first MLB appearance 2022-06-01)
622608,Antonio Senzatela,2022,622608-2,2022-07-02,2022-07-22,20,15,,other,False,False,Colorado Rockies placed RHP Antonio Senzatela on the 15-day injured list. | Colorado Rockies activated RHP Antonio Senzatela from the 15-day injured list.
622608,Antonio Senzatela,2022,622608-3,2022-08-19,2022-10-05,47,15,Left ACL tear.,knee,False,False,Colorado Rockies placed RHP Antonio Senzatela on the 15-day injured list. Left ACL tear. | Colorado Rockies activated RHP Antonio Senzatela from the 15-day injured list.
622608,Antonio Senzatela,2023,622608-4,2023-03-30,2023-05-05,36,15,Recovery from knee surgery.,knee,False,False,Colorado Rockies placed RHP Antonio Senzatela on the 15-day injured list. Recovery from knee surgery. | Colorado Rockies activated RHP Antonio Senzatela from the 15-day injured list.
622608,Antonio Senzatela,2023,622608-5,2023-05-11,2023-10-02,144,60,Right elbow strain.,elbow,True,False,"Colorado Rockies placed RHP Antonio Senzatela on the 15-day injured list retroactive to May 11, 2023. Right elbow strain. | Colorado Rockies transferred RHP Antonio Senzatela from the 15-day injured list to the 60-day injured list. | Colorado Rockies activated RHP Antonio Senzatela from the 60-day injured list."
622608,Antonio Senzatela,2024,622608-6,2024-02-28,2024-09-16,172,60,,other,False,False,Colorado Rockies placed RHP Antonio Senzatela on the 60-day injured list. | Colorado Rockies activated RHP Antonio Senzatela from the 60-day injured list.
622608,Antonio Senzatela,2025,622608-7,2025-08-02,2025-08-17,15,15,Right middle finger blister.,hand/wrist,False,False,Colorado Rockies placed RHP Antonio Senzatela on the 15-day injured list. Right middle finger blister. | Colorado Rockies activated RHP Antonio Senzatela from the 15-day injured list.
596295,Austin Gomber,2023,596295-1,2023-09-08,2023-10-02,24,60,Lower back inflammation.,back,False,False,Colorado Rockies placed LHP Austin Gomber on the 60-day injured list. Lower back inflammation. | Colorado Rockies activated LHP Austin Gomber from the 60-day injured list.
596295,Austin Gomber,2025,596295-2,2025-03-24,2025-04-19,23,15,Left shoulder soreness.,shoulder,True,True,"Colorado Rockies placed LHP Austin Gomber on the 15-day injured list retroactive to March 24, 2025. Left shoulder soreness."
596295,Austin Gomber,2025,596295-3,2025-04-19,2025-06-15,57,60,Left shoulder soreness.,shoulder,True,False,Colorado Rockies placed LHP Austin Gomber on the 60-day injured list. Left shoulder soreness. | Colorado Rockies activated LHP Austin Gomber from the 60-day injured list.
801403,Chase Dollander,2025,801403-1,2025-05-19,2025-06-03,15,15,Right forearm tightness.,forearm,True,False,"Colorado Rockies placed RHP Chase Dollander on the 15-day injured list retroactive to May 19, 2025. Right forearm tightness. | Colorado Rockies activated RHP Chase Dollander from the 15-day injured list."
801403,Chase Dollander,2025,801403-2,2025-09-10,2025-09-28,18,15,Left patella tendon strain.,other,False,False,"Colorado Rockies placed RHP Chase Dollander on the 15-day injured list retroactive to September 10, 2025. Left patella tendon strain. | Colorado Rockies activated RHP Chase Dollander from the 15-day injured list."
699911,Dugan Darnell,2025,699911-1,2025-08-22,2025-09-28,37,60,Left hip inflammation.,hip/groin,False,False,Colorado Rockies placed RHP Dugan Darnell on the 15-day injured list. Left hip inflammation. | Colorado Rockies transferred RHP Dugan Darnell from the 15-day injured list to the 60-day injured list. Left hip inflammation. | Pittsburgh Pirates activated RHP Dugan Darnell from the 60-day injured list.
608566,Germán Márquez,2023,608566-1,2023-04-11,2023-04-26,15,15,Right forearm inflammation.,forearm,True,False,"Colorado Rockies placed RHP Germán Márquez on the 15-day injured list retroactive to April 11, 2023. Right forearm inflammation. | Colorado Rockies activated RHP Germán Márquez from the 15-day injured list."
608566,Germán Márquez,2023,608566-2,2023-04-27,2023-10-02,158,60,Right elbow inflammation.,elbow,True,False,"Colorado Rockies placed RHP Germán Márquez on the 15-day injured list retroactive to April 27, 2023. Right elbow inflammation. | Colorado Rockies transferred RHP Germán Márquez from the 15-day injured list to the 60-day injured list. Right elbow inflammation. | Colorado Rockies activated RHP Germán Márquez from the 60-day injured list."
608566,Germán Márquez,2024,608566-3,2024-07-19,2024-09-30,73,60,Right elbow inflammation.,elbow,True,False,"Colorado Rockies placed RHP Germán Márquez on the 15-day injured list. Right elbow inflammation. | Colorado Rockies placed RHP Germán Márquez on the 7-day injured list retroactive to July 19, 2024. Right elbow inflammation. | Colorado Rockies transferred RHP Germán Márquez from the 15-day injured list to the 60-day injured list. Right elbow inflammation. | Colorado Rockies activated RHP Germán Márquez from the 60-day injured list."
608566,Germán Márquez,2025,608566-4,2025-07-21,2025-08-29,39,15,Right bicep tendinitis.,biceps/triceps,False,False,"Colorado Rockies placed RHP Germán Márquez on the 15-day injured list retroactive to July 21, 2025. Right bicep tendinitis. | Colorado Rockies activated RHP Germán Márquez from the 15-day injured list."
623474,Jimmy Herget,2022,623474-1,2022-06-22,2022-07-31,39,15,Right shoulder impingement.,shoulder,True,False,Los Angeles Angels placed RHP Jimmy Herget on the 15-day injured list. Right shoulder impingement. | Los Angeles Angels activated RHP Jimmy Herget from the 15-day injured list.
623474,Jimmy Herget,2024,623474-2,2024-06-06,2024-07-27,51,15,Right shoulder inflammation.,shoulder,True,False,"Atlanta Braves placed RHP Jimmy Herget on the 15-day injured list retroactive to June 6, 2024. Right shoulder inflammation. | Atlanta Braves activated RHP Jimmy Herget from the 15-day injured list."
607536,Kyle Freeland,2023,607536-1,2023-07-11,2023-07-28,17,15,Right shoulder subluxation.,shoulder,True,False,"Colorado Rockies placed LHP Kyle Freeland on the 15-day injured list retroactive to July 11, 2023. Right shoulder subluxation. | Colorado Rockies activated LHP Kyle Freeland from the 15-day injured list."
607536,Kyle Freeland,2023,607536-2,2023-09-17,2023-10-02,15,15,Right oblique strain.,oblique,False,False,Colorado Rockies placed LHP Kyle Freeland on the 15-day injured list. Right oblique strain. | Colorado Rockies activated LHP Kyle Freeland from the 15-day injured list.
607536,Kyle Freeland,2024,607536-3,2024-04-16,2024-06-23,68,60,Left elbow strain.,elbow,True,False,"Colorado Rockies placed LHP Kyle Freeland on the 15-day injured list retroactive to April 16, 2024. Left elbow strain. | Colorado Rockies transferred LHP Kyle Freeland from the 15-day injured list to the 60-day injured list. Left elbow strain. | Colorado Rockies activated LHP Kyle Freeland from the 60-day injured list."
607536,Kyle Freeland,2025,607536-4,2025-06-12,2025-06-27,15,15,Low back stiffness.,back,False,False,"Colorado Rockies placed LHP Kyle Freeland on the 15-day injured list retroactive to June 12, 2025. Low back stiffness. | Colorado Rockies activated LHP Kyle Freeland from the 15-day injured list."
656458,Lucas Gilbreath,2022,656458-1,2022-04-06,2022-04-19,12,10,,other,False,False,Colorado Rockies placed LHP Lucas Gilbreath on the 10-day injured list. | Colorado Rockies activated LHP Lucas Gilbreath.
656458,Lucas Gilbreath,2022,656458-2,2022-08-27,2022-10-05,39,15,Left elbow flexor strain.,elbow,True,False,"Colorado Rockies placed LHP Lucas Gilbreath on the 15-day injured list retroactive to August 27, 2022. Left elbow flexor strain. | Colorado Rockies activated LHP Lucas Gilbreath from the 15-day injured list."
656458,Lucas Gilbreath,2023,656458-3,2023-03-21,2023-10-02,186,60,Tommy John surgery.,elbow,True,False,Colorado Rockies placed LHP Lucas Gilbreath on the 60-day injured list. Tommy John surgery. | Colorado Rockies activated LHP Lucas Gilbreath from the 60-day injured list.
656458,Lucas Gilbreath,2024,656458-4,2024-03-28,2024-04-30,33,15,,other,False,True,Colorado Rockies placed LHP Lucas Gilbreath on the 15-day injured list.
656458,Lucas Gilbreath,2024,656458-5,2024-04-30,2024-08-16,108,60,,other,False,False,Colorado Rockies placed LHP Lucas Gilbreath on the 60-day injured list. | Colorado Rockies activated LHP Lucas Gilbreath from the 60-day injured list.
656458,Lucas Gilbreath,2024,656458-6,2024-08-26,2024-09-30,35,15,Left shoulder inflammation.,shoulder,True,False,Colorado Rockies placed LHP Lucas Gilbreath on the 15-day injured list. Left shoulder inflammation. | Colorado Rockies activated LHP Lucas Gilbreath from the 15-day injured list.
678821,Luis Peralta,2025,678821-1,2025-09-08,2025-09-24,16,15,Left hip inflammation.,hip/groin,False,False,"Colorado Rockies placed LHP Luis Peralta on the 15-day injured list retroactive to September 8, 2025. Left hip inflammation. | Colorado Rockies activated LHP Luis Peralta from the 15-day injured list."
623433,Nick Anderson,2022,623433-1,2022-03-25,2022-08-22,137,60,Partially torn ulnar collateral ligament in right elbow.,elbow,True,False,Tampa Bay Rays placed RHP Nick Anderson on the 60-day injured list. Partially torn ulnar collateral ligament in right elbow. | Tampa Bay Rays activated RHP Nick Anderson from the 60-day injured list.
623433,Nick Anderson,2022,623433-2,2022-09-21,2022-10-05,14,60,plantar fasciitis.,ankle/foot,False,False,Tampa Bay Rays placed RHP Nick Anderson on the 60-day injured list. plantar fasciitis. | Atlanta Braves activated RHP Nick Anderson.
623433,Nick Anderson,2023,623433-3,2023-07-08,2023-10-02,86,60,Right shoulder strain.,shoulder,True,False,Atlanta Braves placed RHP Nick Anderson on the 60-day injured list. Right shoulder strain. | Atlanta Braves placed RHP Nick Anderson on the 60-day injured list. Right shoulder strain. | Atlanta Braves activated RHP Nick Anderson from the 60-day injured list.
672710,Roansy Contreras,2025,672710-1,2025-09-21,2025-09-28,7,15,Right hand contusion.,hand/wrist,False,False,"Colorado Rockies placed RHP Roansy Contreras on the 15-day injured list retroactive to September 21, 2025. Right hand contusion. | Colorado Rockies activated RHP Roansy Contreras from the 15-day injured list."
663372,Ryan Feltner,2022,663372-1,2022-06-27,2022-07-12,15,15,,other,False,False,Colorado Rockies placed RHP Ryan Feltner on the 15-day injured list. | Colorado Rockies activated RHP Ryan Feltner.
663372,Ryan Feltner,2023,663372-2,2023-05-14,2023-09-19,128,60,Skull fracture.,other,False,False,Colorado Rockies placed RHP Ryan Feltner on the 15-day injured list. Skull fracture. | Colorado Rockies transferred RHP Ryan Feltner from the 15-day injured list to the 60-day injured list. Skull fracture. | Colorado Rockies activated RHP Ryan Feltner from the 60-day injured list.
663372,Ryan Feltner,2023,663372-3,2023-09-27,2023-10-02,5,15,Right elbow inflammation.,elbow,True,False,Colorado Rockies placed RHP Ryan Feltner on the 15-day injured list. Right elbow inflammation. | Colorado Rockies activated RHP Ryan Feltner from the 15-day injured list.
663372,Ryan Feltner,2024,663372-4,2024-08-08,2024-08-26,18,15,Right shoulder strain.,shoulder,True,False,Colorado Rockies placed RHP Ryan Feltner on the 15-day injured list. Right shoulder strain. | Colorado Rockies activated RHP Ryan Feltner from the 15-day injured list.
663372,Ryan Feltner,2025,663372-5,2025-04-29,2025-07-04,66,60,Back spasms.,back,False,False,"Colorado Rockies placed RHP Ryan Feltner on the 15-day injured list retroactive to April 29, 2025. Back spasms. | Colorado Rockies transferred RHP Ryan Feltner from the 15-day injured list to the 60-day injured list. Back spasms. | Colorado Rockies activated RHP Ryan Feltner from the 60-day injured list."
669020,Ryan Rolison,2022,669020-1,2022-04-04,2022-10-05,181,60,Left shoulder strain.,shoulder,True,False,Colorado Rockies placed LHP Ryan Rolison on the 60-day injured list. Left shoulder strain. | Colorado Rockies activated LHP Ryan Rolison from the 60-day injured list.
669020,Ryan Rolison,2023,669020-2,2023-03-25,2023-07-14,106,60,Left shoulder surgery.,shoulder,True,True,Colorado Rockies placed LHP Ryan Rolison on the 60-day injured list. Left shoulder surgery.
669020,Ryan Rolison,2023,669020-3,2023-07-14,2023-10-02,80,60,,other,False,False,Colorado Rockies placed LHP Ryan Rolison on the 60-day injured list. | Colorado Rockies activated LHP Ryan Rolison from the 60-day injured list.
678020,Seth Halvorsen,2025,678020-1,2025-08-03,2025-09-28,56,15,Right elbow strain.,elbow,True,False,Colorado Rockies placed RHP Seth Halvorsen on the 15-day injured list. Right elbow strain. | Colorado Rockies activated RHP Seth Halvorsen from the 15-day injured list.
685299,Tanner Gordon,2025,685299-1,2025-05-31,2025-07-01,31,15,Left oblique strain.,oblique,False,False,Colorado Rockies placed RHP Tanner Gordon on the 15-day injured list. Left oblique strain. | Colorado Rockies activated RHP Tanner Gordon from the 15-day injured list.
641755,Tyler Kinley,2022,641755-1,2022-06-09,2022-10-05,118,60,Right elbow injury.,elbow,True,False,"Colorado Rockies placed RHP Tyler Kinley on the 15-day injured list retroactive to June 9, 2022. Right elbow injury. | Colorado Rockies transferred RHP Tyler Kinley from the 15-day injured list to the 60-day injured list. Right elbow injury. | Colorado Rockies activated RHP Tyler Kinley from the 60-day injured list."
641755,Tyler Kinley,2023,641755-2,2023-03-04,2023-08-01,124,60,Right elbow.,elbow,True,False,Colorado Rockies placed RHP Tyler Kinley on the 60-day injured list. Right elbow. | Colorado Rockies activated RHP Tyler Kinley from the 60-day injured list.
641755,Tyler Kinley,2023,641755-3,2023-08-17,2023-09-01,15,15,Right elbow inflammation.,elbow,True,False,"Colorado Rockies placed RHP Tyler Kinley on the 15-day injured list retroactive to August 17, 2023. Right elbow inflammation. | Colorado Rockies activated RHP Tyler Kinley from the 15-day injured list."
641755,Tyler Kinley,2024,641755-4,2024-09-20,2024-09-30,10,15,Right elbow inflammation.,elbow,True,False,Colorado Rockies placed RHP Tyler Kinley on the 15-day injured list. Right elbow inflammation. | Colorado Rockies activated RHP Tyler Kinley from the 15-day injured list.
680767,Victor Vodnik,2024,680767-1,2024-08-19,2024-09-08,20,15,Right bicep inflammation.,biceps/triceps,False,False,"Colorado Rockies placed RHP Victor Vodnik on the 15-day injured list retroactive to August 19, 2024. Right bicep inflammation. | Colorado Rockies activated RHP Victor Vodnik from the 15-day injured list."
680767,Victor Vodnik,2025,680767-2,2025-04-17,2025-05-27,40,15,Right shoulder inflammation.,shoulder,True,False,"Colorado Rockies placed RHP Victor Vodnik on the 15-day injured list retroactive to April 17, 2025. Right shoulder inflammation. | Colorado Rockies activated RHP Victor Vodnik from the 15-day injured list."
688642,Zach Agnos,2025,688642-1,2025-07-27,2025-09-24,59,15,Right flexor strain.,forearm,True,False,Colorado Rockies placed RHP Zach Agnos on the 15-day injured list. Right flexor strain. | Colorado Rockies activated RHP Zach Agnos from the 15-day injured list.
669060,Bryse Wilson,2024,669060-1,2024-09-02,2024-09-30,28,15,Right oblique strain.,oblique,False,False,"Milwaukee Brewers placed RHP Bryse Wilson on the 15-day injured list retroactive to September 2, 2024. Right oblique strain. | Milwaukee Brewers activated RHP Bryse Wilson from the 15-day injured list."
592155,Cam Booser,2024,592155-1,2024-08-14,2024-09-11,28,15,Left elbow inflammation.,elbow,True,False,Boston Red Sox placed LHP Cam Booser on the 15-day injured list. Left elbow inflammation. | Boston Red Sox activated LHP Cam Booser from the 15-day injured list.
592155,Cam Booser,2025,592155-2,2025-06-20,2025-07-13,23,15,Left shoulder strain.,shoulder,True,False,Chicago White Sox placed LHP Cam Booser on the 15-day injured list. Left shoulder strain. | Chicago White Sox activated LHP Cam Booser from the 15-day injured list.
656186,Dan Altavilla,2024,656186-1,2024-06-20,2024-09-30,102,60,Right oblique strain.,oblique,False,False,Kansas City Royals placed RHP Dan Altavilla on the 15-day injured list. Right oblique strain. | Kansas City Royals transferred RHP Dan Altavilla from the 15-day injured list to the 60-day injured list. Right oblique strain. | (no activation listed; return inferred from first MLB appearance 2025-05-30)
656186,Dan Altavilla,2025,656186-1,2025-03-27,2025-05-30,64,60,Right oblique strain.,oblique,False,False,Kansas City Royals placed RHP Dan Altavilla on the 15-day injured list. Right oblique strain. | Kansas City Royals transferred RHP Dan Altavilla from the 15-day injured list to the 60-day injured list. Right oblique strain. | (no activation listed; return inferred from first MLB appearance 2025-05-30)
656186,Dan Altavilla,2025,656186-2,2025-08-02,2025-09-05,34,15,Right lat strain.,lat,True,False,Chicago White Sox placed RHP Dan Altavilla on the 15-day injured list. Right lat strain. | Chicago White Sox activated RHP Dan Altavilla from the 15-day injured list.
663436,Davis Martin,2025,663436-1,2025-06-17,2025-07-22,35,15,Right forearm strain.,forearm,True,False,"Chicago White Sox placed RHP Davis Martin on the 15-day injured list retroactive to June 17, 2025. Right forearm strain. | Chicago White Sox activated RHP Davis Martin from the 15-day injured list."
686642,Fraser Ellard,2025,686642-1,2025-04-10,2025-04-30,20,15,Strained right hamstring.,hamstring,False,False,"Chicago White Sox placed LHP Fraser Ellard on the 15-day injured list retroactive to April 10, 2025. Strained right hamstring. | Chicago White Sox activated LHP Fraser Ellard from the 15-day injured list."
686642,Fraser Ellard,2025,686642-2,2025-05-04,2025-07-04,61,60,Left lat strain.,lat,True,False,Chicago White Sox placed LHP Fraser Ellard on the 15-day injured list. Left lat strain. | Chicago White Sox transferred LHP Fraser Ellard from the 15-day injured list to the 60-day injured list. | Chicago White Sox transferred LHP Fraser Ellard from the 15-day injured list to the 60-day injured list. Left lat strain. | Chicago White Sox activated LHP Fraser Ellard from the 60-day injured list.
694363,Jared Shuster,2025,694363-1,2025-06-05,2025-09-28,115,15,Blister on left hand.,hand/wrist,False,True,"Chicago White Sox placed LHP Jared Shuster on the 15-day injured list retroactive to June 5, 2025. Blister on left hand."
686563,Jonathan Cannon,2025,686563-1,2025-06-03,2025-06-29,26,15,Lower back strain.,back,False,False,Chicago White Sox placed RHP Jonathan Cannon on the 15-day injured list. Lower back strain. | Chicago White Sox activated RHP Jonathan Cannon from the 15-day injured list.
673929,Jordan Leasure,2024,673929-1,2024-07-17,2024-09-21,66,15,Right shoulder impingement.,shoulder,True,False,Chicago White Sox placed RHP Jordan Leasure on the 15-day injured list. Right shoulder impingement. | Chicago White Sox activated RHP Jordan Leasure from the 15-day injured list.
527048,Martín Pérez,2024,527048-1,2024-05-27,2024-06-28,32,15,Left groin muscle strain.,hip/groin,False,False,"Pittsburgh Pirates placed LHP Martín Pérez on the 15-day injured list retroactive to May 27, 2024. Left groin muscle strain. | Pittsburgh Pirates activated LHP Martín Pérez from the 15-day injured list."
527048,Martín Pérez,2025,527048-2,2025-04-19,2025-08-13,116,60,Left elbow inflammation.,elbow,True,False,Chicago White Sox placed LHP Martín Pérez on the 15-day injured list. Left elbow inflammation. | Chicago White Sox transferred LHP Martín Pérez from the 15-day injured list to the 60-day injured list. Left elbow inflammation. | Chicago White Sox transferred LHP Martín Pérez from the 15-day injured list to the 60-day injured list. Left elbow inflammation. | Chicago White Sox activated LHP Martín Pérez from the 60-day injured list.
527048,Martín Pérez,2025,527048-3,2025-09-18,2025-09-28,10,15,Left shoulder strain.,shoulder,True,False,"Chicago White Sox placed LHP Martín Pérez on the 15-day injured list retroactive to September 18, 2025. Left shoulder strain. | Chicago White Sox activated LHP Martín Pérez from the 15-day injured list."
612434,Miguel Castro,2022,612434-1,2022-07-13,2022-10-03,82,60,Right shoulder strain.,shoulder,True,False,"New York Yankees placed RHP Miguel Castro on the 15-day injured list retroactive to July 13, 2022. Right shoulder strain. | New York Yankees transferred RHP Miguel Castro from the 15-day injured list to the 60-day injured list. Right shoulder strain. | New York Yankees activated RHP Miguel Castro from the 60-day injured list."
612434,Miguel Castro,2024,612434-2,2024-04-21,2024-09-30,162,15,Right shoulder inflammation.,shoulder,True,False,"Arizona Diamondbacks placed RHP Miguel Castro on the 15-day injured list retroactive to April 21, 2024. Right shoulder inflammation. | Chicago White Sox selected the contract of RHP Miguel Castro from Charlotte Knights."
612434,Miguel Castro,2025,612434-2,2025-03-27,2025-05-16,50,15,Right shoulder inflammation.,shoulder,True,False,"Arizona Diamondbacks placed RHP Miguel Castro on the 15-day injured list retroactive to April 21, 2024. Right shoulder inflammation. | Chicago White Sox selected the contract of RHP Miguel Castro from Charlotte Knights."
612434,Miguel Castro,2025,612434-3,2025-05-29,2025-09-28,122,60,Patellar tendon tear in his right knee.,knee,False,True,"Chicago White Sox placed RHP Miguel Castro on the 15-day injured list retroactive to May 29, 2025. Patellar tendon tear in his right knee. | Chicago White Sox transferred RHP Miguel Castro from the 15-day injured list to the 60-day injured list. Patellar tendon tear in his right knee."
605182,Mike Clevinger,2022,605182-1,2022-04-04,2022-05-03,26,10,Right knee sprain.,knee,False,False,San Diego Padres placed RHP Mike Clevinger on the 10-day injured list. Right knee sprain. | San Diego Padres activated RHP Mike Clevinger.
605182,Mike Clevinger,2022,605182-2,2022-05-21,2022-06-05,15,15,Right triceps strain.,biceps/triceps,False,False,"San Diego Padres placed RHP Mike Clevinger on the 15-day injured list retroactive to May 21, 2022. Right triceps strain. | San Diego Padres activated RHP Mike Clevinger from the 15-day injured list."
605182,Mike Clevinger,2022,605182-3,2022-06-11,2022-06-17,6,10,,other,False,False,San Diego Padres placed RHP Mike Clevinger on the 10-day injured list. | San Diego Padres activated RHP Mike Clevinger from the 10-day injured list.
605182,Mike Clevinger,2022,605182-4,2022-10-05,2022-10-05,0,15,Illness.,illness,False,False,San Diego Padres placed RHP Mike Clevinger on the 15-day injured list. Illness. | San Diego Padres activated RHP Mike Clevinger from the 15-day injured list.
605182,Mike Clevinger,2023,605182-5,2023-05-18,2023-06-02,15,15,Right wrist inflammation.,hand/wrist,False,False,"Chicago White Sox placed RHP Mike Clevinger on the 15-day injured list retroactive to May 18, 2023. Right wrist inflammation. | Chicago White Sox activated RHP Mike Clevinger from the 15-day injured list."
605182,Mike Clevinger,2023,605182-6,2023-06-15,2023-07-29,44,15,Right biceps inflammation.,biceps/triceps,False,False,"Chicago White Sox placed RHP Mike Clevinger on the 15-day injured list retroactive to June 15, 2023. Right biceps inflammation. | Chicago White Sox activated RHP Mike Clevinger from the 15-day injured list."
605182,Mike Clevinger,2024,605182-7,2024-05-25,2024-08-17,84,15,Right elbow inflammation.,elbow,True,True,"Chicago White Sox placed RHP Mike Clevinger on the 15-day injured list retroactive to May 25, 2024. Right elbow inflammation."
605182,Mike Clevinger,2024,605182-8,2024-08-17,2024-09-30,44,60,"Neck disk replacement surgery,.",neck,False,False,"Chicago White Sox placed RHP Mike Clevinger on the 60-day injured list. Neck disk replacement surgery,. | Chicago White Sox selected the contract of RHP Mike Clevinger from Charlotte Knights."
605182,Mike Clevinger,2025,605182-8,2025-03-27,2025-03-27,0,60,"Neck disk replacement surgery,.",neck,False,False,"Chicago White Sox placed RHP Mike Clevinger on the 60-day injured list. Neck disk replacement surgery,. | Chicago White Sox selected the contract of RHP Mike Clevinger from Charlotte Knights."
669391,Owen White,2025,669391-1,2025-08-19,2025-09-20,32,15,Right hip impingement.,hip/groin,False,False,Chicago White Sox placed RHP Owen White on the 15-day injured list. Right hip impingement. | Chicago White Sox activated RHP Owen White from the 15-day injured list.
682171,Penn Murfee,2023,682171-1,2023-05-04,2023-06-09,36,15,Right elbow inflammation.,elbow,True,False,"Seattle Mariners placed RHP Penn Murfee on the 15-day injured list retroactive to May 4, 2023. Right elbow inflammation. | Seattle Mariners activated RHP Penn Murfee from the 15-day injured list."
682171,Penn Murfee,2023,682171-2,2023-06-12,2023-10-02,112,60,Right elbow inflammation.,elbow,True,False,Seattle Mariners placed RHP Penn Murfee on the 15-day injured list. Right elbow inflammation. | Seattle Mariners transferred RHP Penn Murfee from the 15-day injured list to the 60-day injured list. Right elbow inflammation.
682171,Penn Murfee,2024,682171-2,2024-03-28,2024-03-28,0,60,Right elbow inflammation.,elbow,True,True,Seattle Mariners placed RHP Penn Murfee on the 15-day injured list. Right elbow inflammation. | Seattle Mariners transferred RHP Penn Murfee from the 15-day injured list to the 60-day injured list. Right elbow inflammation.
682171,Penn Murfee,2024,682171-3,2024-03-28,2024-09-30,186,60,Right elbow surgery.,elbow,True,False,Houston Astros placed RHP Penn Murfee on the 15-day injured list. Right elbow surgery. | Houston Astros transferred RHP Penn Murfee from the 15-day injured list to the 60-day injured list. Right elbow surgery. | Chicago White Sox activated RHP Penn Murfee.
681343,Shane Smith,2025,681343-1,2025-07-16,2025-08-01,16,15,Left ankle sprain.,ankle/foot,False,False,"Chicago White Sox placed RHP Shane Smith on the 15-day injured list retroactive to July 16, 2025. Left ankle sprain. | Chicago White Sox activated RHP Shane Smith from the 15-day injured list."
621051,Steven Wilson,2022,621051-1,2022-06-26,2022-07-15,19,15,Left hamstring tendinitis.,hamstring,False,False,San Diego Padres placed RHP Steven Wilson on the 15-day injured list. Left hamstring tendinitis. | San Diego Padres activated RHP Steven Wilson.
621051,Steven Wilson,2023,621051-2,2023-06-25,2023-07-14,19,15,Right pectoral strain.,other,False,False,"San Diego Padres placed RHP Steven Wilson on the 15-day injured list retroactive to June 25, 2023. Right pectoral strain. | San Diego Padres activated RHP Steven Wilson from the 15-day injured list."
621051,Steven Wilson,2023,621051-3,2023-08-28,2023-10-02,35,15,Left hip inflammation.,hip/groin,False,False,"San Diego Padres placed RHP Steven Wilson on the 15-day injured list retroactive to August 28, 2023. Left hip inflammation. | San Diego Padres activated RHP Steven Wilson from the 15-day injured list."
621051,Steven Wilson,2024,621051-4,2024-05-20,2024-06-12,23,15,Back strain.,back,False,False,"Chicago White Sox placed RHP Steven Wilson on the 15-day injured list retroactive to May 20, 2024. Back strain. | Chicago White Sox activated RHP Steven Wilson from the 15-day injured list."
621051,Steven Wilson,2024,621051-5,2024-08-15,2024-09-30,46,15,Lower back strain.,back,False,False,"Chicago White Sox placed RHP Steven Wilson on the 15-day injured list retroactive to August 15, 2024. Lower back strain. | Chicago White Sox activated RHP Steven Wilson from the 15-day injured list."
656457,Tyler Gilbert,2022,656457-1,2022-07-27,2022-10-05,70,60,Left elbow sprain.,elbow,True,False,"Arizona Diamondbacks placed LHP Tyler Gilbert on the 15-day injured list retroactive to July 27, 2022. Left elbow sprain. | Arizona Diamondbacks transferred LHP Tyler Gilbert from the 15-day injured list to the 60-day injured list. Left elbow sprain. | Arizona Diamondbacks activated LHP Tyler Gilbert from the 60-day injured list."
656457,Tyler Gilbert,2025,656457-2,2025-03-24,2025-04-08,12,15,Left knee bursitis.,knee,False,False,Chicago White Sox placed LHP Tyler Gilbert on the 15-day injured list. Left knee bursitis. | Chicago White Sox activated LHP Tyler Gilbert from the 15-day injured list.
656457,Tyler Gilbert,2025,656457-3,2025-05-17,2025-06-13,27,15,Sprained MCL in his left knee.,knee,False,False,Chicago White Sox placed LHP Tyler Gilbert on the 15-day injured list. Sprained MCL in his left knee. | Chicago White Sox activated LHP Tyler Gilbert from the 15-day injured list.
682790,Wikelman González,2025,682790-1,2025-09-21,2025-09-28,7,15,Right elbow impingement.,elbow,True,False,"Chicago White Sox placed RHP Wikelman González on the 15-day injured list retroactive to September 21, 2025. Right elbow impingement. | Chicago White Sox activated RHP Wikelman González from the 15-day injured list."
656638,Alex Lange,2025,656638-1,2025-02-12,2025-08-18,144,60,,other,False,False,Detroit Tigers placed RHP Alex Lange on the 60-day injured list. | Detroit Tigers activated RHP Alex Lange from the 60-day injured list.
689225,Beau Brieske,2022,689225-1,2022-07-18,2022-08-10,23,15,Right forearm soreness.,forearm,True,True,"Detroit Tigers placed RHP Beau Brieske on the 15-day injured list retroactive to July 18, 2022. Right forearm soreness."
689225,Beau Brieske,2022,689225-2,2022-08-10,2022-10-05,56,60,Right forearm soreness.,forearm,True,False,Detroit Tigers placed RHP Beau Brieske on the 60-day injured list. Right forearm soreness. | Detroit Tigers activated RHP Beau Brieske from the 60-day injured list.
689225,Beau Brieske,2023,689225-3,2023-03-27,2023-07-08,100,60,Right upper arm discomfort.,other,False,False,"Detroit Tigers placed RHP Beau Brieske on the 15-day injured list retroactive to March 27, 2023. Right upper arm discomfort. | Detroit Tigers transferred RHP Beau Brieske from the 15-day injured list to the 60-day injured list. Right upper arm discomfort. | Detroit Tigers activated RHP Beau Brieske from the 60-day injured list."
689225,Beau Brieske,2025,689225-4,2025-04-18,2025-05-03,15,15,Right ankle inflammation.,ankle/foot,False,False,Detroit Tigers placed RHP Beau Brieske on the 15-day injured list. Right ankle inflammation. | Detroit Tigers activated RHP Beau Brieske from the 15-day injured list.
689225,Beau Brieske,2025,689225-5,2025-09-12,2025-09-28,16,60,Right forearm strain.,forearm,True,False,Detroit Tigers placed RHP Beau Brieske on the 60-day injured list. Right forearm strain. | Detroit Tigers activated RHP Beau Brieske from the 60-day injured list.
663554,Casey Mize,2022,663554-1,2022-04-15,2022-05-31,46,10,Right elbow sprain.,elbow,True,True,Detroit Tigers placed RHP Casey Mize on the 10-day injured list. Right elbow sprain.
663554,Casey Mize,2022,663554-2,2022-05-31,2022-10-05,127,60,Right elbow sprain.,elbow,True,False,Detroit Tigers placed RHP Casey Mize on the 60-day injured list. Right elbow sprain. | Detroit Tigers activated RHP Casey Mize from the 60-day injured list.
663554,Casey Mize,2023,663554-3,2023-02-17,2023-10-02,186,60,Right elbow injury.,elbow,True,False,Detroit Tigers placed RHP Casey Mize on the 60-day injured list. Right elbow injury. | Detroit Tigers activated RHP Casey Mize from the 60-day injured list.
663554,Casey Mize,2024,663554-4,2024-07-03,2024-08-30,58,60,Left hamstring strain.,hamstring,False,False,Detroit Tigers placed RHP Casey Mize on the 15-day injured list. Left hamstring strain. | Detroit Tigers placed RHP Casey Mize on the 60-day injured list. | Detroit Tigers activated RHP Casey Mize from the 60-day injured list.
663554,Casey Mize,2025,663554-5,2025-05-09,2025-05-24,15,15,Left hamstring strain.,hamstring,False,False,"Detroit Tigers placed RHP Casey Mize on the 15-day injured list retroactive to May 9, 2025. Left hamstring strain. | Detroit Tigers activated RHP Casey Mize from the 15-day injured list."
450203,Charlie Morton,2023,450203-1,2023-09-23,2023-10-02,9,15,Right index finger inflammation.,hand/wrist,False,False,"Atlanta Braves placed RHP Charlie Morton on the 15-day injured list retroactive to September 23, 2023. Right index finger inflammation. | Atlanta Braves activated RHP Charlie Morton from the 15-day injured list."
656427,Jack Flaherty,2022,656427-1,2022-04-04,2022-06-15,69,60,Right shoulder discomfort.,shoulder,True,False,St. Louis Cardinals placed RHP Jack Flaherty on the 10-day injured list. Right shoulder discomfort. | St. Louis Cardinals transferred RHP Jack Flaherty from the 10-day injured list to the 60-day injured list. Right shoulder discomfort. | St. Louis Cardinals activated RHP Jack Flaherty.
656427,Jack Flaherty,2022,656427-2,2022-06-27,2022-09-05,70,60,Right shoulder strain.,shoulder,True,False,St. Louis Cardinals placed RHP Jack Flaherty on the 15-day injured list. Right shoulder strain. | St. Louis Cardinals transferred RHP Jack Flaherty from the 15-day injured list to the 60-day injured list. Right shoulder strain. | St. Louis Cardinals activated RHP Jack Flaherty from the 60-day injured list.
695549,Jackson Jobe,2025,695549-1,2025-05-29,2025-09-28,122,60,Right grade one flexor strain.,forearm,True,False,"Detroit Tigers placed RHP Jackson Jobe on the 15-day injured list retroactive to May 29, 2025. Right grade one flexor strain. | Detroit Tigers transferred RHP Jackson Jobe from the 15-day injured list to the 60-day injured list. Right grade one flexor strain. | Detroit Tigers activated RHP Jackson Jobe from the 60-day injured list."
605154,John Brebbia,2023,605154-1,2023-06-17,2023-09-05,80,60,Right lat strain.,lat,True,False,San Francisco Giants placed RHP John Brebbia on the 15-day injured list. Right lat strain. | San Francisco Giants transferred RHP John Brebbia from the 15-day injured list to the 60-day injured list. Right lat strain. | San Francisco Giants activated RHP John Brebbia from the 60-day injured list.
605154,John Brebbia,2024,605154-2,2024-04-06,2024-04-22,16,15,Right calf strain.,calf,False,False,"Chicago White Sox placed RHP John Brebbia on the 15-day injured list retroactive to April 6, 2024. Right calf strain. | Chicago White Sox activated RHP John Brebbia from the 15-day injured list."
605154,John Brebbia,2025,605154-3,2025-04-19,2025-05-09,20,15,Right triceps strain.,biceps/triceps,False,False,Detroit Tigers placed RHP John Brebbia on the 15-day injured list. Right triceps strain. | Detroit Tigers activated RHP John Brebbia from the 15-day injured list.
664353,José Urquidy,2023,664353-1,2023-05-01,2023-08-06,97,60,Right shoulder discomfort.,shoulder,True,False,Houston Astros placed RHP José Urquidy on the 15-day injured list. Right shoulder discomfort. | Houston Astros transferred RHP José Urquidy from the 15-day injured list to the 60-day injured list. | Houston Astros activated RHP José Urquidy from the 60-day injured list.
664353,José Urquidy,2024,664353-2,2024-03-28,2024-06-05,69,15,Right forearm strain.,forearm,True,True,Houston Astros placed RHP José Urquidy on the 15-day injured list. Right forearm strain.
664353,José Urquidy,2024,664353-3,2024-06-05,2024-09-30,117,60,Right forearm strain.,forearm,True,False,Houston Astros placed RHP José Urquidy on the 60-day injured list. Right forearm strain. | Detroit Tigers activated RHP José Urquidy from the 60-day injured list.
664353,José Urquidy,2025,664353-3,2025-03-27,2025-09-12,169,60,Right forearm strain.,forearm,True,False,Houston Astros placed RHP José Urquidy on the 60-day injured list. Right forearm strain. | Detroit Tigers activated RHP José Urquidy from the 60-day injured list.
628317,Kenta Maeda,2022,628317-1,2022-03-20,2022-10-05,181,60,Tommy John surgery.,elbow,True,False,Minnesota Twins placed RHP Kenta Maeda on the 60-day injured list. Tommy John surgery. | Minnesota Twins activated RHP Kenta Maeda from the 60-day injured list.
628317,Kenta Maeda,2023,628317-2,2023-04-27,2023-06-23,57,15,Right triceps strain.,biceps/triceps,False,False,"Minnesota Twins placed RHP Kenta Maeda on the 15-day injured list retroactive to April 27, 2023. Right triceps strain. | Minnesota Twins activated RHP Kenta Maeda from the 15-day injured list."
628317,Kenta Maeda,2024,628317-3,2024-05-08,2024-05-24,16,15,Viral illness.,illness,False,False,"Detroit Tigers placed RHP Kenta Maeda on the 15-day injured list retroactive to May 8, 2024. Viral illness. | Detroit Tigers activated RHP Kenta Maeda from the 15-day injured list."
623149,Paul Sewald,2022,623149-1,2022-04-20,2022-04-27,7,10,,other,False,False,Seattle Mariners placed RHP Paul Sewald on the 10-day injured list. | Seattle Mariners activated RHP Paul Sewald from the 10-day injured list.
623149,Paul Sewald,2024,623149-2,2024-03-25,2024-05-07,40,15,Left oblique strain.,oblique,False,False,"Arizona Diamondbacks placed RHP Paul Sewald on the 15-day injured list retroactive to March 25, 2024. Left oblique strain. | Arizona Diamondbacks activated RHP Paul Sewald from the 15-day injured list."
623149,Paul Sewald,2024,623149-3,2024-09-12,2024-09-30,18,15,Left neck discomfort.,neck,False,False,"Arizona Diamondbacks placed RHP Paul Sewald on the 15-day injured list retroactive to September 12, 2024. Left neck discomfort. | Arizona Diamondbacks activated RHP Paul Sewald from the 15-day injured list."
623149,Paul Sewald,2025,623149-4,2025-04-29,2025-07-05,67,15,Right shoulder strain.,shoulder,True,False,Cleveland Guardians placed RHP Paul Sewald on the 15-day injured list. Right shoulder strain. | Cleveland Guardians activated RHP Paul Sewald from the 15-day injured list.
623149,Paul Sewald,2025,623149-5,2025-07-12,2025-09-18,68,15,Right should strain.,other,False,False,"Cleveland Guardians placed RHP Paul Sewald on the 15-day injured list retroactive to July 12, 2025. Right should strain. | Detroit Tigers activated RHP Paul Sewald from the 60-day injured list."
681857,Reese Olson,2024,681857-1,2024-07-21,2024-09-16,57,15,Right shoulder strain.,shoulder,True,False,Detroit Tigers placed RHP Reese Olson on the 15-day injured list. Right shoulder strain. | Detroit Tigers activated RHP Reese Olson from the 15-day injured list.
681857,Reese Olson,2025,681857-2,2025-05-18,2025-07-04,47,15,Right ring finger inflammation.,hand/wrist,False,False,Detroit Tigers placed RHP Reese Olson on the 15-day injured list. Right ring finger inflammation. | Detroit Tigers placed RHP Reese Olson on the 15-day injured list. Right ring finger inflammation. | Detroit Tigers activated RHP Reese Olson from the 15-day injured list.
681857,Reese Olson,2025,681857-3,2025-07-28,2025-09-28,62,60,Right shoulder strain.,shoulder,True,False,Detroit Tigers placed RHP Reese Olson on the 60-day injured list. Right shoulder strain. | Detroit Tigers activated RHP Reese Olson from the 60-day injured list.
687830,Sawyer Gipson-Long,2024,687830-1,2024-03-25,2024-05-07,40,15,,other,False,True,"Detroit Tigers placed RHP Sawyer Gipson-Long on the 15-day injured list retroactive to March 25, 2024."
687830,Sawyer Gipson-Long,2024,687830-2,2024-05-07,2024-09-30,146,60,,other,False,False,Detroit Tigers placed RHP Sawyer Gipson-Long on the 60-day injured list. | Detroit Tigers activated RHP Sawyer Gipson-Long from the 60-day injured list.
687830,Sawyer Gipson-Long,2025,687830-3,2025-03-08,2025-06-04,69,60,Left hip labral repair and Tommy John surgery.,elbow,True,False,Detroit Tigers placed RHP Sawyer Gipson-Long on the 60-day injured list. Left hip labral repair and Tommy John surgery. | Detroit Tigers activated RHP Sawyer Gipson-Long from the 60-day injured list.
687830,Sawyer Gipson-Long,2025,687830-4,2025-06-29,2025-08-13,45,15,Neck stiffness.,neck,False,False,"Detroit Tigers placed RHP Sawyer Gipson-Long on the 15-day injured list retroactive to June 29, 2025. Neck stiffness. | Detroit Tigers activated RHP Sawyer Gipson-Long from the 15-day injured list."
687830,Sawyer Gipson-Long,2025,687830-5,2025-09-12,2025-09-28,16,15,Neck stiffness.,neck,False,True,Detroit Tigers placed RHP Sawyer Gipson-Long on the 15-day injured list. Neck stiffness.
687830,Sawyer Gipson-Long,2025,687830-6,2025-09-29,2025-09-28,0,15,,other,False,False,Detroit Tigers placed RHP Sawyer Gipson-Long on the 15-day injured list. | Detroit Tigers activated RHP Sawyer Gipson-Long from the 15-day injured list.
674944,Sean Guenther,2022,674944-1,2022-04-04,2022-10-05,181,60,Left arm strain.,other,False,False,Miami Marlins placed LHP Sean Guenther on the 60-day injured list. Left arm strain. | Detroit Tigers activated LHP Sean Guenther.
669373,Tarik Skubal,2022,669373-1,2022-08-02,2022-10-05,64,60,Left arm fatigue.,other,False,False,"Detroit Tigers placed LHP Tarik Skubal on the 15-day injured list retroactive to August 2, 2022. Left arm fatigue. | Detroit Tigers transferred LHP Tarik Skubal from the 15-day injured list to the 60-day injured list. Left arm fatigue. | Detroit Tigers activated LHP Tarik Skubal from the 60-day injured list."
669373,Tarik Skubal,2023,669373-2,2023-03-14,2023-07-04,96,60,,other,False,False,Detroit Tigers placed LHP Tarik Skubal on the 60-day injured list. | Detroit Tigers activated LHP Tarik Skubal from the 60-day injured list.
592454,Tommy Kahnle,2022,592454-1,2022-04-06,2022-05-01,24,10,Right elbow soreness.,elbow,True,False,Los Angeles Dodgers placed RHP Tommy Kahnle on the 10-day injured list. Right elbow soreness. | Los Angeles Dodgers activated RHP Tommy Kahnle.
592454,Tommy Kahnle,2022,592454-2,2022-05-28,2022-05-28,0,60,,other,False,True,Los Angeles Dodgers transferred RHP Tommy Kahnle from the 15-day injured list to the 60-day injured list.
592454,Tommy Kahnle,2022,592454-3,2022-05-17,2022-09-13,119,15,Right forearm inflammation.,forearm,True,False,Los Angeles Dodgers placed RHP Tommy Kahnle on the 15-day injured list. Right forearm inflammation. | Los Angeles Dodgers activated RHP Tommy Kahnle from the 60-day injured list.
592454,Tommy Kahnle,2023,592454-4,2023-03-27,2023-06-01,63,60,Right biceps tendonitis.,biceps/triceps,False,False,"New York Yankees placed RHP Tommy Kahnle on the 15-day injured list retroactive to March 27, 2023. Right biceps tendonitis. | New York Yankees transferred RHP Tommy Kahnle from the 15-day injured list to the 60-day injured list. | New York Yankees activated RHP Tommy Kahnle from the 60-day injured list."
592454,Tommy Kahnle,2023,592454-5,2023-09-22,2023-10-02,10,15,Right shoulder inflammation.,shoulder,True,False,"New York Yankees placed RHP Tommy Kahnle on the 15-day injured list retroactive to September 22, 2023. Right shoulder inflammation. | New York Yankees activated RHP Tommy Kahnle from the 15-day injured list."
592454,Tommy Kahnle,2024,592454-6,2024-03-25,2024-05-22,55,15,Right shoulder inflammation.,shoulder,True,False,"New York Yankees placed RHP Tommy Kahnle on the 15-day injured list retroactive to March 25, 2024. Right shoulder inflammation. | New York Yankees activated RHP Tommy Kahnle from the 15-day injured list."
676684,Will Vest,2022,676684-1,2022-05-20,2022-05-31,11,10,,other,False,False,Detroit Tigers placed RHP Will Vest on the 10-day injured list. | Detroit Tigers activated RHP Will Vest.
676684,Will Vest,2023,676684-2,2023-06-27,2023-08-11,45,15,,other,False,False,Detroit Tigers placed RHP Will Vest on the 15-day injured list. | Detroit Tigers activated RHP Will Vest from the 15-day injured list.
656986,Bennett Sousa,2023,656986-1,2023-06-08,2023-08-07,60,60,Left shoulder nerve irritation.,shoulder,True,False,"Milwaukee Brewers placed LHP Bennett Sousa on the 15-day injured list retroactive to June 8, 2023. Left shoulder nerve irritation. | Milwaukee Brewers transferred LHP Bennett Sousa from the 15-day injured list to the 60-day injured list. Left shoulder nerve irritation. | Milwaukee Brewers activated LHP Bennett Sousa from the 60-day injured list."
656986,Bennett Sousa,2024,656986-2,2024-03-28,2024-09-30,186,60,Left shoulder inflammation.,shoulder,True,False,Houston Astros placed LHP Bennett Sousa on the 15-day injured list. Left shoulder inflammation. | Houston Astros transferred LHP Bennett Sousa from the 15-day injured list to the 60-day injured list. Left shoulder inflammation. | Houston Astros activated LHP Bennett Sousa from the 60-day injured list.
656986,Bennett Sousa,2025,656986-3,2025-08-20,2025-09-28,39,15,Left elbow inflammation.,elbow,True,False,"Houston Astros placed LHP Bennett Sousa on the 15-day injured list retroactive to August 20, 2025. Left elbow inflammation. | Houston Astros activated LHP Bennett Sousa from the 15-day injured list."
687888,Brandon Walter,2025,687888-1,2025-07-24,2025-09-28,66,60,Left elbow inflammation.,elbow,True,False,"Houston Astros placed LHP Brandon Walter on the 15-day injured list retroactive to July 24, 2025. Left elbow inflammation. | Houston Astros transferred LHP Brandon Walter from the 15-day injured list to the 60-day injured list. Left elbow inflammation. | Houston Astros activated LHP Brandon Walter from the 60-day injured list."
664299,Cristian Javier,2024,664299-1,2024-04-18,2024-05-11,23,15,Neck discomfort.,neck,False,False,"Houston Astros placed RHP Cristian Javier on the 15-day injured list retroactive to April 18, 2024. Neck discomfort. | Houston Astros activated RHP Cristian Javier from the 15-day injured list."
664299,Cristian Javier,2024,664299-2,2024-05-24,2024-09-30,129,60,Right forearm discomfort.,forearm,True,False,"Houston Astros placed RHP Cristian Javier on the 15-day injured list retroactive to May 24, 2024. Right forearm discomfort. | Houston Astros transferred RHP Cristian Javier from the 15-day injured list to the 60-day injured list. Right forearm discomfort. | Houston Astros activated RHP Cristian Javier from the 60-day injured list."
664299,Cristian Javier,2025,664299-3,2025-03-24,2025-08-11,137,60,Recovery from Tommy John surgery.,elbow,True,False,"Houston Astros placed RHP Cristian Javier on the 15-day injured list retroactive to March 24, 2025. Recovery from Tommy John surgery. | Houston Astros transferred RHP Cristian Javier from the 15-day injured list to the 60-day injured list. Recovery from Tommy John surgery. | Houston Astros activated RHP Cristian Javier from the 60-day injured list."
669713,Hayden Wesneski,2024,669713-1,2024-07-20,2024-09-20,62,15,Right forearm strain.,forearm,True,False,Chicago Cubs placed RHP Hayden Wesneski on the 15-day injured list. Right forearm strain. | Chicago Cubs activated RHP Hayden Wesneski from the 15-day injured list.
669713,Hayden Wesneski,2025,669713-2,2025-05-07,2025-09-28,144,60,Right elbow discomfort.,elbow,True,False,"Houston Astros placed RHP Hayden Wesneski on the 15-day injured list retroactive to May 7, 2025. Right elbow discomfort. | Houston Astros transferred RHP Hayden Wesneski from the 15-day injured list to the 60-day injured list. | Houston Astros activated RHP Hayden Wesneski from the 60-day injured list."
641585,J. P. France,2024,641585-1,2024-08-20,2024-09-30,41,60,Right shoulder surgery.,shoulder,True,False,Houston Astros placed RHP J.P. France on the 60-day injured list. Right shoulder surgery. | Houston Astros activated RHP J.P. France from the 60-day injured list.
641585,J. P. France,2025,641585-2,2025-03-27,2025-08-21,147,60,Recovery from right shoulder surgery.,shoulder,True,False,Houston Astros placed RHP J.P. France on the 60-day injured list. Recovery from right shoulder surgery. | Houston Astros activated RHP J.P. France from the 60-day injured list.
669920,Jason Alexander,2023,669920-1,2023-02-18,2023-07-08,100,60,Strained right rotator cuff.,shoulder,True,False,Milwaukee Brewers placed RHP Jason Alexander on the 60-day injured list. Strained right rotator cuff. | Milwaukee Brewers activated RHP Jason Alexander from the 60-day injured list.
680701,John Rooney,2025,680701-1,2025-08-25,2025-09-28,34,60,Left elbow inflammation.,elbow,True,False,"Houston Astros placed LHP John Rooney on the 15-day injured list retroactive to August 25, 2025. Left elbow inflammation. | Houston Astros transferred LHP John Rooney from the 15-day injured list to the 60-day injured list. | Houston Astros activated LHP John Rooney from the 60-day injured list."
607179,Jordan Weems,2024,607179-1,2024-07-25,2024-08-10,16,15,Right shin splints.,other,False,False,"Washington Nationals placed RHP Jordan Weems on the 15-day injured list retroactive to July 25, 2024. Right shin splints. | Washington Nationals activated RHP Jordan Weems from the 15-day injured list."
623352,Josh Hader,2025,623352-1,2025-08-11,2025-09-28,48,15,Left shoulder strain.,shoulder,True,False,"Houston Astros placed LHP Josh Hader on the 15-day injured list retroactive to August 11, 2025. Left shoulder strain. | Houston Astros activated LHP Josh Hader from the 15-day injured list."
672391,Kaleb Ort,2023,672391-1,2023-07-05,2023-10-02,89,60,Right elbow inflammation.,elbow,True,False,"Boston Red Sox placed RHP Kaleb Ort on the 15-day injured list retroactive to July 5, 2023. Right elbow inflammation. | Boston Red Sox transferred RHP Kaleb Ort from the 15-day injured list to the 60-day injured list. Right elbow inflammation. | Baltimore Orioles activated RHP Kaleb Ort."
672391,Kaleb Ort,2025,672391-2,2025-03-24,2025-04-27,31,15,Left oblique strain.,oblique,False,False,"Houston Astros placed RHP Kaleb Ort on the 15-day injured list retroactive to March 24, 2025. Left oblique strain. | Houston Astros activated RHP Kaleb Ort from the 15-day injured list."
672391,Kaleb Ort,2025,672391-3,2025-09-05,2025-09-28,23,60,Right elbow inflammation.,elbow,True,False,Houston Astros placed RHP Kaleb Ort on the 15-day injured list. Right elbow inflammation. | Houston Astros transferred RHP Kaleb Ort from the 15-day injured list to the 60-day injured list. Right elbow inflammation. | Houston Astros activated RHP Kaleb Ort from the 60-day injured list.
621121,Lance Mccullers,2022,621121-1,2022-04-04,2022-08-13,128,60,Right forearm strain.,forearm,True,False,Houston Astros placed RHP Lance McCullers Jr. on the 10-day injured list. Right forearm strain. | Houston Astros transferred RHP Lance McCullers Jr. from the 10-day injured list to the 60-day injured list. Right forearm strain. | Houston Astros activated RHP Lance McCullers Jr. from the 60-day injured list.
621121,Lance Mccullers,2023,621121-2,2023-03-30,2023-10-02,186,60,Right elbow strain.,elbow,True,False,Houston Astros placed RHP Lance McCullers Jr. on the 15-day injured list. Right elbow strain. | Houston Astros transferred RHP Lance McCullers Jr. from the 15-day injured list to the 60-day injured list. Right elbow strain. | Houston Astros activated RHP Lance McCullers Jr. from the 60-day injured list.
621121,Lance Mccullers,2024,621121-3,2024-03-28,2024-09-30,186,60,Right elbow surgery.,elbow,True,False,Houston Astros placed RHP Lance McCullers Jr. on the 60-day injured list. Right elbow surgery. | Houston Astros activated RHP Lance McCullers Jr. from the 60-day injured list.
621121,Lance Mccullers,2025,621121-4,2025-03-24,2025-05-04,38,15,Recovery from right elbow surgery.,elbow,True,False,"Houston Astros placed RHP Lance McCullers Jr. on the 15-day injured list retroactive to March 24, 2025. Recovery from right elbow surgery. | Houston Astros activated RHP Lance McCullers Jr. from the 15-day injured list."
621121,Lance Mccullers,2025,621121-5,2025-06-13,2025-06-28,15,15,Right foot sprain.,ankle/foot,False,False,"Houston Astros placed RHP Lance McCullers Jr. on the 15-day injured list retroactive to June 13, 2025. Right foot sprain. | Houston Astros activated RHP Lance McCullers Jr. from the 15-day injured list."
621121,Lance Mccullers,2025,621121-6,2025-07-20,2025-08-22,33,10,Right finger blister.,hand/wrist,False,False,"Houston Astros placed RHP Lance McCullers Jr. on the 10-day injured list retroactive to July 20, 2025. Right finger blister. | Houston Astros activated RHP Lance McCullers Jr. from the 10-day injured list."
621121,Lance Mccullers,2025,621121-7,2025-09-12,2025-09-27,15,15,Right hand soreness.,hand/wrist,False,False,Houston Astros placed RHP Lance McCullers Jr. on the 15-day injured list. Right hand soreness. | Houston Astros activated RHP Lance McCullers Jr. from the 15-day injured list.
677651,Luis García,2023,677651-1,2023-05-02,2023-10-02,153,60,Right elbow discomfort.,elbow,True,False,Houston Astros placed RHP Luis Garcia on the 15-day injured list. Right elbow discomfort. | Houston Astros transferred RHP Luis Garcia from the 15-day injured list to the 60-day injured list. | Houston Astros activated RHP Luis Garcia from the 60-day injured list.
677651,Luis García,2024,677651-2,2024-03-28,2024-09-30,186,60,Right elbow surgery.,elbow,True,False,Houston Astros placed RHP Luis Garcia on the 15-day injured list. Right elbow surgery. | Houston Astros transferred RHP Luis Garcia from the 15-day injured list to the 60-day injured list. Right elbow surgery. | Houston Astros activated RHP Luis Garcia from the 60-day injured list.
677651,Luis García,2025,677651-3,2025-03-24,2025-09-01,158,60,Right elbow soreness.,elbow,True,False,"Houston Astros placed RHP Luis Garcia on the 15-day injured list retroactive to March 24, 2025. Right elbow soreness. | Houston Astros transferred RHP Luis Garcia from the 15-day injured list to the 60-day injured list. Right elbow soreness. | Houston Astros activated RHP Luis Garcia from the 60-day injured list."
677651,Luis García,2025,677651-4,2025-09-10,2025-09-28,18,60,Right elbow discomfort.,elbow,True,False,Houston Astros placed RHP Luis Garcia on the 15-day injured list. Right elbow discomfort. | Houston Astros transferred RHP Luis Garcia from the 15-day injured list to the 60-day injured list. Right elbow discomfort. | Houston Astros activated RHP Luis Garcia from the 60-day injured list.
669854,Ronel Blanco,2025,669854-1,2025-05-20,2025-09-28,131,60,Right elbow inflammation.,elbow,True,False,"Houston Astros placed RHP Ronel Blanco on the 15-day injured list retroactive to May 20, 2025. Right elbow inflammation. | Houston Astros transferred RHP Ronel Blanco from the 15-day injured list to the 60-day injured list. Right elbow inflammation. | Houston Astros activated RHP Ronel Blanco from the 60-day injured list."
681869,Shawn Dubin,2024,681869-1,2024-03-28,2024-04-13,16,15,Right forearm strain.,forearm,True,False,Houston Astros placed RHP Shawn Dubin on the 15-day injured list. Right forearm strain. | Houston Astros activated RHP Shawn Dubin from the 15-day injured list.
681869,Shawn Dubin,2025,681869-2,2025-06-21,2025-08-12,52,15,Right forearm strain.,forearm,True,False,"Houston Astros placed RHP Shawn Dubin on the 15-day injured list retroactive to June 21, 2025. Right forearm strain. | Houston Astros activated RHP Shawn Dubin from the 15-day injured list."
681869,Shawn Dubin,2025,681869-3,2025-09-13,2025-09-28,15,15,Right elbow discomfort.,elbow,True,False,"Baltimore Orioles placed RHP Shawn Dubin on the 15-day injured list retroactive to September 13, 2025. Right elbow discomfort. | Baltimore Orioles activated RHP Shawn Dubin from the 15-day injured list."
681293,Spencer Arrighetti,2025,681293-1,2025-04-07,2025-08-06,121,60,Broken Right Thumb.,hand/wrist,False,False,"Houston Astros placed RHP Spencer Arrighetti on the 15-day injured list retroactive to April 7, 2025. Broken Right Thumb. | Houston Astros transferred RHP Spencer Arrighetti from the 15-day injured list to the 60-day injured list. Broken right thumb. | Houston Astros activated RHP Spencer Arrighetti from the 60-day injured list."
681293,Spencer Arrighetti,2025,681293-2,2025-08-31,2025-09-28,28,15,Right elbow inflammation.,elbow,True,False,"Houston Astros placed RHP Spencer Arrighetti on the 15-day injured list retroactive to August 31, 2025. Right elbow inflammation. | Houston Astros activated RHP Spencer Arrighetti from the 15-day injured list."
595345,Steven Okert,2022,595345-1,2022-09-29,2022-10-05,6,15,Left triceps tightness.,biceps/triceps,False,False,Miami Marlins placed LHP Steven Okert on the 15-day injured list. Left triceps tightness. | Miami Marlins activated LHP Steven Okert from the 15-day injured list.
595345,Steven Okert,2023,595345-2,2023-03-27,2023-10-02,186,15,Left adductor strain.,hip/groin,False,False,"Miami Marlins placed LHP Steven Okert on the 15-day injured list retroactive to March 27, 2023. Left adductor strain. | Minnesota Twins activated LHP Steven Okert."
605463,Tayler Scott,2022,605463-1,2022-08-13,2022-10-05,53,15,Right third finger laceration.,hand/wrist,False,False,"San Diego Padres placed RHP Tayler Scott on the 15-day injured list retroactive to August 13, 2022. Right third finger laceration. | Los Angeles Dodgers selected the contract of RHP Tayler Scott from Oklahoma City Dodgers."
605463,Tayler Scott,2023,605463-1,2023-03-30,2023-05-22,53,15,Right third finger laceration.,hand/wrist,False,False,"San Diego Padres placed RHP Tayler Scott on the 15-day injured list retroactive to August 13, 2022. Right third finger laceration. | Los Angeles Dodgers selected the contract of RHP Tayler Scott from Oklahoma City Dodgers."
605463,Tayler Scott,2024,605463-2,2024-09-18,2024-09-30,12,15,Thoracic spine strain.,back,False,False,"Houston Astros placed RHP Tayler Scott on the 15-day injured list retroactive to September 18, 2024. Thoracic spine strain. | Houston Astros activated RHP Tayler Scott from the 15-day injured list."
672582,Angel Zerpa,2022,672582-1,2022-07-27,2022-10-05,70,60,Right knee injury.,knee,False,False,Kansas City Royals placed LHP Angel Zerpa on the 15-day injured list. Right knee injury. | Kansas City Royals transferred LHP Angel Zerpa from the 15-day injured list to the 60-day injured list. Right knee injury. | Kansas City Royals activated LHP Angel Zerpa from the 60-day injured list.
672582,Angel Zerpa,2023,672582-2,2023-03-15,2023-08-02,125,60,Left shoulder tendinopathy.,shoulder,True,False,Kansas City Royals placed LHP Angel Zerpa on the 60-day injured list. Left shoulder tendinopathy. | (no activation listed; return inferred from first MLB appearance 2023-08-02)
608032,Carlos Estévez,2022,608032-1,2022-09-27,2022-10-05,8,10,,other,False,False,Colorado Rockies placed RHP Carlos Estevez on the 10-day injured list. | Colorado Rockies activated RHP Carlos Estevez from the 15-day injured list.
666142,Cole Ragans,2022,666142-1,2022-08-23,2022-09-07,15,15,Left calf strain.,calf,False,False,"Texas Rangers placed LHP Cole Ragans on the 15-day injured list retroactive to August 23, 2022. Left calf strain. | Texas Rangers activated LHP Cole Ragans from the 15-day injured list."
666142,Cole Ragans,2022,666142-2,2022-10-03,2022-10-05,2,15,Left calf strain.,calf,False,False,Texas Rangers placed LHP Cole Ragans on the 15-day injured list. Left calf strain. | Texas Rangers activated LHP Cole Ragans from the 15-day injured list.
666142,Cole Ragans,2025,666142-3,2025-05-17,2025-06-05,19,15,Left groin strain.,hip/groin,False,False,Kansas City Royals placed LHP Cole Ragans on the 15-day injured list. Left groin strain. | Kansas City Royals activated LHP Cole Ragans from the 15-day injured list.
666142,Cole Ragans,2025,666142-4,2025-06-08,2025-09-17,101,60,Left rotator cuff strain.,shoulder,True,False,"Kansas City Royals placed LHP Cole Ragans on the 15-day injured list retroactive to June 8, 2025. Left rotator cuff strain. | Kansas City Royals transferred LHP Cole Ragans from the 15-day injured list to the 60-day injured list. Left rotator cuff strain. | Kansas City Royals activated LHP Cole Ragans from the 60-day injured list."
663738,Daniel Lynch,2022,663738-1,2022-06-23,2022-07-11,18,15,Left index finger blister.,hand/wrist,False,False,"Kansas City Royals placed LHP Daniel Lynch on the 15-day injured list retroactive to June 23, 2022. Left index finger blister. | Kansas City Royals activated LHP Daniel Lynch."
663738,Daniel Lynch,2022,663738-2,2022-07-17,2022-08-01,15,15,Blister.,hand/wrist,False,False,"Kansas City Royals placed LHP Daniel Lynch on the 15-day injured list retroactive to July 17, 2022. Blister. | Kansas City Royals activated LHP Daniel Lynch from the 15-day injured list."
663738,Daniel Lynch,2023,663738-3,2023-03-27,2023-05-28,59,15,Left rotator cuff strain.,shoulder,True,False,"Kansas City Royals placed LHP Daniel Lynch on the 15-day injured list retroactive to March 27, 2023. Left rotator cuff strain. | Kansas City Royals activated LHP Daniel Lynch from the 15-day injured list."
663738,Daniel Lynch,2023,663738-4,2023-07-19,2023-10-02,75,60,Left shoulder strain.,shoulder,True,False,Kansas City Royals placed LHP Daniel Lynch IV on the 15-day injured list. Left shoulder strain. | Kansas City Royals transferred LHP Daniel Lynch IV from the 15-day injured list to the 60-day injured list. Left shoulder strain. | Kansas City Royals activated LHP Daniel Lynch IV.
663738,Daniel Lynch,2025,663738-5,2025-07-06,2025-08-03,28,15,Left elbow nerve irritation.,elbow,True,False,Kansas City Royals placed LHP Daniel Lynch IV on the 15-day injured list. Left elbow nerve irritation. | Kansas City Royals activated LHP Daniel Lynch IV from the 15-day injured list.
640451,Hunter Harvey,2022,640451-1,2022-04-21,2022-07-10,80,60,Riht pronator strain.,forearm,True,False,Washington Nationals placed RHP Hunter Harvey on the 10-day injured list. Riht pronator strain. | Washington Nationals transferred RHP Hunter Harvey from the 10-day injured list to the 60-day injured list. Riht pronator strain. | Washington Nationals activated RHP Hunter Harvey.
640451,Hunter Harvey,2023,640451-2,2023-07-16,2023-08-15,30,15,Right elbow strain.,elbow,True,False,"Washington Nationals placed RHP Hunter Harvey on the 15-day injured list retroactive to July 16, 2023. Right elbow strain. | Washington Nationals activated RHP Hunter Harvey from the 15-day injured list."
640451,Hunter Harvey,2024,640451-3,2024-08-07,2024-09-30,54,15,Mid back tightness.,back,False,False,"Kansas City Royals placed RHP Hunter Harvey on the 15-day injured list retroactive to August 7, 2024. Mid back tightness. | Kansas City Royals activated RHP Hunter Harvey from the 15-day injured list."
640451,Hunter Harvey,2025,640451-4,2025-04-08,2025-07-25,108,60,Right teres major strain.,other,False,False,"Kansas City Royals placed RHP Hunter Harvey on the 15-day injured list retroactive to April 8, 2025. Right teres major strain. | Kansas City Royals transferred RHP Hunter Harvey from the 15-day injured list to the 60-day injured list. Right teres major strain. | Kansas City Royals activated RHP Hunter Harvey from the 60-day injured list."
640451,Hunter Harvey,2025,640451-5,2025-08-11,2025-09-28,48,15,Right adductor strain.,hip/groin,False,False,Kansas City Royals placed RHP Hunter Harvey on the 15-day injured list. Right adductor strain. | Kansas City Royals activated RHP Hunter Harvey from the 15-day injured list.
670167,John Schreiber,2023,670167-1,2023-05-16,2023-07-25,70,60,Right teres major strain.,other,False,False,Boston Red Sox placed RHP John Schreiber on the 15-day injured list. Right teres major strain. | Boston Red Sox transferred RHP John Schreiber from the 15-day injured list to the 60-day injured list. Right teres major strain. | Boston Red Sox activated RHP John Schreiber from the 60-day injured list.
670167,John Schreiber,2024,670167-2,2024-07-29,2024-08-19,21,15,Right knee patella tendon injury.,knee,False,False,Kansas City Royals placed RHP John Schreiber on the 15-day injured list. Right knee patella tendon injury. | Kansas City Royals activated RHP John Schreiber from the 15-day injured list.
663460,Kris Bubic,2023,663460-1,2023-04-16,2023-10-02,169,60,Left flexor strain.,forearm,True,False,Kansas City Royals placed LHP Kris Bubic on the 15-day injured list. Left flexor strain. | Kansas City Royals transferred LHP Kris Bubic from the 15-day injured list to the 60-day injured list. UCL reconstruction surgery. | Kansas City Royals activated LHP Kris Bubic from the 60-day injured list.
663460,Kris Bubic,2024,663460-2,2024-02-23,2024-07-06,100,60,Recovery from Tommy John surgery.,elbow,True,False,Kansas City Royals placed LHP Kris Bubic on the 60-day injured list. Recovery from Tommy John surgery. | Kansas City Royals activated LHP Kris Bubic from the 60-day injured list.
663460,Kris Bubic,2025,663460-3,2025-07-27,2025-09-28,63,60,Left rotator cuff strain.,shoulder,True,False,Kansas City Royals placed LHP Kris Bubic on the 15-day injured list. Left rotator cuff strain. | Kansas City Royals transferred LHP Kris Bubic from the 15-day injured list to the 60-day injured list. Left rotator cuff strain. | Kansas City Royals activated LHP Kris Bubic from the 60-day injured list.
668674,Lucas Erceg,2024,668674-1,2024-05-26,2024-06-12,17,15,Strained right forearm.,forearm,True,False,"Oakland Athletics placed RHP Lucas Erceg on the 15-day injured list retroactive to May 26, 2024. Strained right forearm. | Oakland Athletics activated RHP Lucas Erceg from the 15-day injured list."
668674,Lucas Erceg,2025,668674-2,2025-05-27,2025-06-11,15,15,Low back strain.,back,False,False,"Kansas City Royals placed RHP Lucas Erceg on the 15-day injured list retroactive to May 27, 2025. Low back strain. | Kansas City Royals activated RHP Lucas Erceg from the 15-day injured list."
668674,Lucas Erceg,2025,668674-3,2025-09-19,2025-09-28,9,15,Right shoulder impingement syndrome.,shoulder,True,False,Kansas City Royals placed RHP Lucas Erceg on the 15-day injured list. Right shoulder impingement syndrome. | Kansas City Royals activated RHP Lucas Erceg from the 15-day injured list.
547179,Michael Lorenzen,2022,547179-1,2022-07-04,2022-09-09,67,60,Right shoulder strain.,shoulder,True,False,"Los Angeles Angels placed RHP Michael Lorenzen on the 15-day injured list retroactive to July 4, 2022. Right shoulder strain. | Los Angeles Angels transferred RHP Michael Lorenzen from the 15-day injured list to the 60-day injured list. Right shoulder strain. | Los Angeles Angels activated RHP Michael Lorenzen from the 60-day injured list."
547179,Michael Lorenzen,2023,547179-2,2023-03-27,2023-04-15,16,15,Left groin strain.,hip/groin,False,False,"Detroit Tigers placed RHP Michael Lorenzen on the 15-day injured list retroactive to March 27, 2023. Left groin strain. | Detroit Tigers activated RHP Michael Lorenzen from the 15-day injured list."
547179,Michael Lorenzen,2024,547179-3,2024-03-25,2024-04-15,18,15,Right neck strain.,neck,False,False,"Texas Rangers placed RHP Michael Lorenzen on the 15-day injured list retroactive to March 25, 2024. Right neck strain. | Texas Rangers activated RHP Michael Lorenzen from the 15-day injured list."
547179,Michael Lorenzen,2024,547179-4,2024-08-28,2024-09-25,28,15,Left hamstring strain.,hamstring,False,False,Kansas City Royals placed RHP Michael Lorenzen on the 15-day injured list. Left hamstring strain. | Kansas City Royals activated RHP Michael Lorenzen from the 15-day injured list.
547179,Michael Lorenzen,2025,547179-5,2025-07-11,2025-08-16,36,15,Left oblique strain.,oblique,False,False,"Kansas City Royals placed RHP Michael Lorenzen on the 15-day injured list retroactive to July 11, 2025. Left oblique strain. | Kansas City Royals activated RHP Michael Lorenzen from the 15-day injured list."
608379,Michael Wacha,2022,608379-1,2022-05-05,2022-05-20,15,15,Left intercostal irritation.,oblique,False,False,"Boston Red Sox placed RHP Michael Wacha on the 15-day injured list retroactive to May 5, 2022. Left intercostal irritation. | Boston Red Sox activated RHP Michael Wacha from the 15-day injured list."
608379,Michael Wacha,2022,608379-2,2022-07-05,2022-08-14,40,15,Right shoulder inflammation.,shoulder,True,False,"Boston Red Sox placed RHP Michael Wacha on the 15-day injured list retroactive to July 5, 2022. Right shoulder inflammation. | Boston Red Sox activated RHP Michael Wacha from the 15-day injured list."
608379,Michael Wacha,2023,608379-3,2023-07-02,2023-08-15,44,15,Right shoulder inflammation.,shoulder,True,False,"San Diego Padres placed RHP Michael Wacha on the 15-day injured list retroactive to July 2, 2023. Right shoulder inflammation. | San Diego Padres activated RHP Michael Wacha from the 15-day injured list."
608379,Michael Wacha,2024,608379-4,2024-06-01,2024-06-22,21,15,Left foot fracture.,ankle/foot,False,False,"Kansas City Royals placed RHP Michael Wacha on the 15-day injured list retroactive to June 1, 2024. Left foot fracture. | Kansas City Royals activated RHP Michael Wacha from the 15-day injured list."
608379,Michael Wacha,2025,608379-5,2025-09-08,2025-09-16,8,7,Concussion.,head,False,False,"Kansas City Royals placed RHP Michael Wacha on the 7-day injured list retroactive to September 8, 2025. Concussion. | Kansas City Royals activated RHP Michael Wacha from the 7-day injured list."
448179,Rich Hill,2022,448179-1,2022-05-06,2022-05-14,8,10,,other,False,False,Boston Red Sox placed LHP Rich Hill on the 10-day injured list. | Boston Red Sox activated LHP Rich Hill from the 10-day injured list.
448179,Rich Hill,2022,448179-2,2022-07-02,2022-08-01,30,15,Left knee sprain.,knee,False,False,Boston Red Sox placed LHP Rich Hill on the 15-day injured list. Left knee sprain. | Boston Red Sox activated LHP Rich Hill from the 15-day injured list.
669674,Sam Long,2022,669674-1,2022-08-26,2022-10-05,40,60,Right oblique strain.,oblique,False,False,San Francisco Giants transferred LHP Sam Long from the 7-day injured list to the 60-day injured list. Right oblique strain. | San Francisco Giants activated LHP Sam Long from the 60-day injured list.
669674,Sam Long,2025,669674-2,2025-04-13,2025-06-20,68,15,Left elbow inflammation.,elbow,True,False,Kansas City Royals placed LHP Sam Long on the 15-day injured list. Left elbow inflammation. | Kansas City Royals activated LHP Sam Long from the 15-day injured list.
607625,Seth Lugo,2023,607625-1,2023-05-17,2023-06-20,34,15,Calf strain.,calf,False,False,"San Diego Padres placed RHP Seth Lugo on the 15-day injured list retroactive to May 17, 2023. Calf strain. | San Diego Padres activated RHP Seth Lugo from the 15-day injured list."
607625,Seth Lugo,2025,607625-2,2025-05-14,2025-05-30,16,15,Right third finger sprain.,hand/wrist,False,False,"Kansas City Royals placed RHP Seth Lugo on the 15-day injured list retroactive to May 14, 2025. Right third finger sprain. | Kansas City Royals activated RHP Seth Lugo from the 15-day injured list."
607625,Seth Lugo,2025,607625-3,2025-09-01,2025-09-28,27,15,Low back strain.,back,False,False,"Kansas City Royals placed RHP Seth Lugo on the 15-day injured list retroactive to September 1, 2025. Low back strain. | Kansas City Royals activated RHP Seth Lugo from the 15-day injured list."
674444,Steven Cruz,2025,674444-1,2025-08-03,2025-09-19,47,15,Right shoulder impingement.,shoulder,True,False,Kansas City Royals placed RHP Steven Cruz on the 15-day injured list. Right shoulder impingement. | Kansas City Royals activated RHP Steven Cruz from the 15-day injured list.
664199,Taylor Clarke,2022,664199-1,2022-08-08,2022-09-29,52,15,Left oblique strain.,oblique,False,False,"Kansas City Royals placed RHP Taylor Clarke on the 15-day injured list retroactive to August 8, 2022. Left oblique strain. | Kansas City Royals activated RHP Taylor Clarke from the 15-day injured list."
664199,Taylor Clarke,2022,664199-2,2022-09-29,2022-10-05,6,15,Left oblique strain.,oblique,False,False,"Kansas City Royals placed RHP Taylor Clarke on the 15-day injured list retroactive to September 29, 2022. Left oblique strain. | Kansas City Royals activated RHP Taylor Clarke from the 15-day injured list."
664199,Taylor Clarke,2023,664199-3,2023-08-03,2023-08-18,15,15,Right elbow inflammation.,elbow,True,False,"Kansas City Royals placed RHP Taylor Clarke on the 15-day injured list retroactive to August 3, 2023. Right elbow inflammation. | Kansas City Royals activated RHP Taylor Clarke from the 15-day injured list."
664199,Taylor Clarke,2024,664199-4,2024-03-25,2024-05-15,48,15,Right meniscus tear.,knee,False,False,"Milwaukee Brewers placed RHP Taylor Clarke on the 15-day injured list retroactive to March 25, 2024. Right meniscus tear. | Milwaukee Brewers activated RHP Taylor Clarke from the 15-day injured list."
670950,Trevor Richards,2022,670950-1,2022-06-18,2022-07-03,15,15,Neck strain.,neck,False,False,Toronto Blue Jays placed RHP Trevor Richards on the 15-day injured list. Neck strain. | Toronto Blue Jays activated RHP Trevor Richards from the 15-day injured list.
670950,Trevor Richards,2023,670950-2,2023-08-02,2023-08-18,16,15,Neck inflammation.,neck,False,False,"Toronto Blue Jays placed RHP Trevor Richards on the 15-day injured list retroactive to August 2, 2023. Neck inflammation. | Toronto Blue Jays activated RHP Trevor Richards from the 15-day injured list."
690829,Ben Joyce,2023,690829-1,2023-07-27,2023-09-10,45,60,ulnar neuritis.,other,False,False,Los Angeles Angels transferred RHP Ben Joyce from the 15-day injured list to the 60-day injured list. ulnar neuritis. | Los Angeles Angels activated RHP Ben Joyce from the 60-day injured list.
690829,Ben Joyce,2024,690829-2,2024-09-07,2024-09-30,23,15,Right shoulder inflammation.,shoulder,True,False,"Los Angeles Angels placed RHP Ben Joyce on the 15-day injured list retroactive to September 7, 2024. Right shoulder inflammation. | Los Angeles Angels activated RHP Ben Joyce from the 15-day injured list."
690829,Ben Joyce,2025,690829-3,2025-04-09,2025-09-28,172,60,Right shoulder inflammation.,shoulder,True,False,"Los Angeles Angels placed RHP Ben Joyce on the 15-day injured list retroactive to April 9, 2025. Right shoulder inflammation. | Los Angeles Angels transferred RHP Ben Joyce from the 15-day injured list to the 60-day injured list. | Los Angeles Angels activated RHP Ben Joyce from the 60-day injured list."
656271,Brock Burke,2024,656271-1,2024-04-13,2024-06-12,60,60,Right hand fracture.,hand/wrist,False,False,Texas Rangers placed LHP Brock Burke on the 15-day injured list. Right hand fracture. | Texas Rangers transferred LHP Brock Burke from the 15-day injured list to the 60-day injured list. Right hand fracture. | Texas Rangers activated LHP Brock Burke from the 60-day injured list.
608334,Carson Fulmer,2024,608334-1,2024-08-27,2024-09-15,19,15,Right elbow inflammation.,elbow,True,False,"Los Angeles Angels placed RHP Carson Fulmer on the 15-day injured list retroactive to August 27, 2024. Right elbow inflammation. | Los Angeles Angels activated RHP Carson Fulmer from the 15-day injured list."
608334,Carson Fulmer,2025,608334-2,2025-08-24,2025-09-28,35,60,Right elbow inflammation.,elbow,True,True,Los Angeles Angels placed RHP Carson Fulmer on the 15-day injured list. Right elbow inflammation. | Los Angeles Angels transferred RHP Carson Fulmer from the 15-day injured list to the 60-day injured list. Right elbow inflammation.
681217,Chase Silseth,2023,681217-1,2023-08-27,2023-09-28,32,7,Concussion.,head,False,False,"Los Angeles Angels placed RHP Chase Silseth on the 7-day injured list retroactive to August 27, 2023. Concussion. | Los Angeles Angels activated RHP Chase Silseth from the 7-day injured list."
681217,Chase Silseth,2024,681217-2,2024-04-08,2024-06-25,78,60,Right elbow inflammation.,elbow,True,False,Los Angeles Angels placed RHP Chase Silseth on the 15-day injured list. Right elbow inflammation. | Los Angeles Angels transferred RHP Chase Silseth from the 15-day injured list to the 60-day injured list. Right elbow inflammation. | Los Angeles Angels activated RHP Chase Silseth from the 60-day injured list.
641401,Connor Brogdon,2022,641401-1,2022-06-25,2022-07-15,20,10,,other,False,False,Philadelphia Phillies placed RHP Connor Brogdon on the 10-day injured list. | Philadelphia Phillies activated RHP Connor Brogdon from the 10-day injured list.
641401,Connor Brogdon,2024,641401-2,2024-04-10,2024-05-19,39,15,Right plantar fasciitis.,ankle/foot,False,True,"Los Angeles Dodgers placed RHP Connor Brogdon on the 15-day injured list retroactive to April 10, 2024. Right plantar fasciitis."
641401,Connor Brogdon,2024,641401-3,2024-05-19,2024-09-30,134,60,,other,False,False,Los Angeles Dodgers placed RHP Connor Brogdon on the 60-day injured list. | Los Angeles Dodgers activated RHP Connor Brogdon from the 60-day injured list.
680729,Garrett Mcdaniels,2025,680729-1,2025-05-02,2025-06-09,38,15,Left biceps tendinitis.,biceps/triceps,False,False,"Los Angeles Angels placed LHP Garrett McDaniels on the 15-day injured list retroactive to May 2, 2025. Left biceps tendinitis. | Los Angeles Angels activated LHP Garrett McDaniels from the 15-day injured list."
519326,Hunter Strickland,2025,519326-1,2025-07-07,2025-09-28,83,60,Right shoulder inflammation.,shoulder,True,True,Los Angeles Angels placed RHP Hunter Strickland on the 15-day injured list. Right shoulder inflammation. | Los Angeles Angels transferred RHP Hunter Strickland from the 15-day injured list to the 60-day injured list. Right shoulder inflammation.
820862,José Fermin,2025,820862-1,2025-05-15,2025-06-06,22,15,Right elbow impingement.,elbow,True,False,"Los Angeles Angels placed RHP Jose Fermin on the 15-day injured list retroactive to May 15, 2025. Right elbow impingement. | Los Angeles Angels activated RHP José Fermin from the 15-day injured list."
650671,José Quijada,2022,650671-1,2022-04-08,2022-05-29,51,10,Right oblique strain.,oblique,False,False,Los Angeles Angels placed LHP Jose Quijada on the 10-day injured list. Right oblique strain. | Los Angeles Angels activated LHP José Quijada from the 10-day injured list.
650671,José Quijada,2023,650671-2,2023-04-29,2023-10-02,156,60,Left elbow inflammation.,elbow,True,False,Los Angeles Angels placed LHP José Quijada on the 15-day injured list. Left elbow inflammation. | Los Angeles Angels transferred LHP José Quijada from the 15-day injured list to the 60-day injured list. Left elbow inflammation. | Los Angeles Angels activated LHP José Quijada from the 60-day injured list.
650671,José Quijada,2024,650671-3,2024-02-18,2024-07-22,116,60,Tommy John surgery.,elbow,True,False,Los Angeles Angels placed LHP José Quijada on the 60-day injured list. Tommy John surgery. | Los Angeles Angels activated LHP José Quijada from the 60-day injured list.
667755,José Soriano,2024,667755-1,2024-06-17,2024-07-02,15,15,Abdomen infection.,illness,False,False,"Los Angeles Angels placed RHP José Soriano on the 15-day injured list retroactive to June 17, 2024. Abdomen infection. | Los Angeles Angels activated RHP José Soriano from the 15-day injured list."
667755,José Soriano,2024,667755-2,2024-08-17,2024-09-30,44,60,Right arm fatigue.,other,False,False,Los Angeles Angels placed RHP José Soriano on the 15-day injured list. Right arm fatigue. | Los Angeles Angels transferred RHP José Soriano from the 15-day injured list to the 60-day injured list. Right arm fatigue. | Los Angeles Angels activated RHP José Soriano from the 60-day injured list.
667755,José Soriano,2025,667755-3,2025-09-18,2025-09-28,10,15,Right forearm contusion.,forearm,True,False,Los Angeles Angels placed RHP José Soriano on the 15-day injured list. Right forearm contusion. | Los Angeles Angels activated RHP José Soriano from the 15-day injured list.
445276,Kenley Jansen,2022,445276-1,2022-06-27,2022-07-13,16,15,Irregular heartbeat.,other,False,False,"Atlanta Braves placed RHP Kenley Jansen on the 15-day injured list retroactive to June 27, 2022. Irregular heartbeat. | Atlanta Braves activated RHP Kenley Jansen from the 15-day injured list."
445276,Kenley Jansen,2023,445276-2,2023-09-13,2023-09-23,10,7,,other,False,False,Boston Red Sox placed RHP Kenley Jansen on the 7-day injured list. | Boston Red Sox activated RHP Kenley Jansen from the 7-day injured list.
445276,Kenley Jansen,2024,445276-3,2024-09-23,2024-09-30,7,15,Right shoulder inflammation.,shoulder,True,False,Boston Red Sox placed RHP Kenley Jansen on the 15-day injured list. Right shoulder inflammation. | Boston Red Sox activated RHP Kenley Jansen from the 15-day injured list.
543294,Kyle Hendricks,2022,543294-1,2022-07-06,2022-10-05,91,60,Right shoulder strain.,shoulder,True,False,Chicago Cubs placed RHP Kyle Hendricks on the 15-day injured list. Right shoulder strain. | Chicago Cubs transferred RHP Kyle Hendricks from the 15-day injured list to the 60-day injured list. Right shoulder strain. | Chicago Cubs activated RHP Kyle Hendricks from the 60-day injured list.
543294,Kyle Hendricks,2023,543294-2,2023-03-27,2023-05-25,56,15,Right shoulder strain.,shoulder,True,False,"Chicago Cubs placed RHP Kyle Hendricks on the 15-day injured list retroactive to March 27, 2023. Right shoulder strain. | Chicago Cubs activated RHP Kyle Hendricks from the 15-day injured list."
543294,Kyle Hendricks,2024,543294-3,2024-04-23,2024-05-12,19,15,Low back strain.,back,False,False,Chicago Cubs placed RHP Kyle Hendricks on the 15-day injured list. Low back strain. | Chicago Cubs activated RHP Kyle Hendricks from the 15-day injured list.
672282,Reid Detmers,2025,672282-1,2025-09-11,2025-09-28,17,60,Left elbow inflammation.,elbow,True,False,Los Angeles Angels placed LHP Reid Detmers on the 15-day injured list. Left elbow inflammation. | Los Angeles Angels transferred LHP Reid Detmers from the 15-day injured list to the 60-day injured list. Left elbow inflammation. | Los Angeles Angels activated LHP Reid Detmers from the 60-day injured list.
596112,Robert Stephenson,2022,596112-1,2022-04-06,2022-04-19,12,10,,other,False,False,Colorado Rockies placed RHP Robert Stephenson on the 10-day injured list. | Colorado Rockies activated RHP Robert Stephenson.
596112,Robert Stephenson,2022,596112-2,2022-05-23,2022-05-27,4,10,,other,False,False,Colorado Rockies placed RHP Robert Stephenson on the 10-day injured list. | Colorado Rockies activated RHP Robert Stephenson from the 10-day injured list.
596112,Robert Stephenson,2023,596112-3,2023-03-27,2023-04-14,15,15,Right elbow inflammation.,elbow,True,False,"Pittsburgh Pirates placed RHP Robert Stephenson on the 15-day injured list retroactive to March 27, 2023. Right elbow inflammation. | Pittsburgh Pirates activated RHP Robert Stephenson from the 15-day injured list."
596112,Robert Stephenson,2024,596112-4,2024-03-25,2024-04-21,24,15,Right shoulder inflammation.,shoulder,True,True,"Los Angeles Angels placed RHP Robert Stephenson on the 15-day injured list retroactive to March 25, 2024. Right shoulder inflammation."
596112,Robert Stephenson,2024,596112-5,2024-04-21,2024-09-30,162,60,Right shoulder inflammation.,shoulder,True,False,Los Angeles Angels placed RHP Robert Stephenson on the 60-day injured list. Right shoulder inflammation. | Los Angeles Angels activated RHP Robert Stephenson from the 60-day injured list.
596112,Robert Stephenson,2025,596112-6,2025-02-15,2025-05-28,62,60,Right elbow UCL surgery.,elbow,True,False,Los Angeles Angels placed RHP Robert Stephenson on the 60-day injured list. Right elbow UCL surgery. | Los Angeles Angels placed RHP Robert Stephenson on the 60-day injured list. Right elbow UCL surgery. | Los Angeles Angels activated RHP Robert Stephenson from the 60-day injured list.
596112,Robert Stephenson,2025,596112-7,2025-07-24,2025-07-24,0,60,,other,False,True,Los Angeles Angels transferred RHP Robert Stephenson from the 15-day injured list to the 60-day injured list.
596112,Robert Stephenson,2025,596112-8,2025-05-31,2025-08-22,83,60,Right biceps inflammation.,biceps/triceps,False,False,"Los Angeles Angels placed RHP Robert Stephenson on the 15-day injured list retroactive to May 31, 2025. Right biceps inflammation. | Los Angeles Angels transferred RHP Robert Stephenson from the 15-day injured list to the 60-day injured list. Right biceps inflammation. | Los Angeles Angels activated RHP Robert Stephenson from the 60-day injured list."
596112,Robert Stephenson,2025,596112-9,2025-09-20,2025-09-28,8,15,Right elbow inflammation.,elbow,True,False,Los Angeles Angels placed RHP Robert Stephenson on the 15-day injured list. Right elbow inflammation. | Los Angeles Angels activated RHP Robert Stephenson from the 15-day injured list.
666171,Ryan Zeferjahn,2025,666171-1,2025-09-06,2025-09-23,17,15,Right knee tendinitis.,knee,False,False,Los Angeles Angels placed RHP Ryan Zeferjahn on the 15-day injured list. Right knee tendinitis. | Los Angeles Angels activated RHP Ryan Zeferjahn from the 15-day injured list.
691951,Sam Aldegheri,2024,691951-1,2024-09-14,2024-09-30,16,15,Left middle finger blister.,hand/wrist,False,False,"Los Angeles Angels placed LHP Samuel Aldegheri on the 15-day injured list retroactive to September 14, 2024. Left middle finger blister. | Los Angeles Angels activated LHP Sam Aldegheri from the 15-day injured list."
696147,Sam Bachman,2023,696147-1,2023-07-11,2023-10-02,83,60,Right shoulder inflammation.,shoulder,True,False,"Los Angeles Angels placed RHP Sam Bachman on the 15-day injured list retroactive to July 11, 2023. Right shoulder inflammation. | Los Angeles Angels transferred RHP Sam Bachman from the 15-day injured list to the 60-day injured list. Right shoulder inflammation. | Los Angeles Angels activated RHP Sam Bachman from the 60-day injured list."
696147,Sam Bachman,2024,696147-2,2024-03-27,2024-06-14,78,60,Right shoulder surgery recovery.,shoulder,True,False,Los Angeles Angels placed RHP Sam Bachman on the 60-day injured list. Right shoulder surgery recovery. | Los Angeles Angels activated RHP Sam Bachman from the 60-day injured list.
696147,Sam Bachman,2025,696147-3,2025-03-24,2025-05-19,53,15,Thoracic outlet syndrome.,back,False,False,"Los Angeles Angels placed RHP Sam Bachman on the 15-day injured list retroactive to March 24, 2025. | Los Angeles Angels placed RHP Sam Bachman on the 15-day injured list retroactive to March 24, 2025. Thoracic outlet syndrome. | Los Angeles Angels activated RHP Sam Bachman from the 15-day injured list."
542881,Tyler Anderson,2023,542881-1,2023-09-24,2023-10-02,8,15,Left knee pain.,knee,False,False,"Los Angeles Angels placed LHP Tyler Anderson on the 15-day injured list. Left knee pain. | Los Angeles Angels placed LHP Tyler Anderson on the 15-day injured list retroactive to September 21, 2023. Left knee pain. | Los Angeles Angels activated LHP Tyler Anderson from the 15-day injured list."
542881,Tyler Anderson,2025,542881-2,2025-08-29,2025-09-28,30,15,Left oblique strain.,oblique,False,False,"Los Angeles Angels placed LHP Tyler Anderson on the 15-day injured list retroactive to August 29, 2025. Left oblique strain. | Los Angeles Angels activated LHP Tyler Anderson from the 15-day injured list."
682989,Victor Mederos,2025,682989-1,2025-08-24,2025-09-28,35,60,Right shoulder inflammation.,shoulder,True,False,Los Angeles Angels placed RHP Victor Mederos on the 15-day injured list. Right shoulder inflammation. | Los Angeles Angels transferred RHP Victor Mederos from the 15-day injured list to the 60-day injured list. Right shoulder inflammation. | Los Angeles Angels activated RHP Victor Mederos from the 60-day injured list.
579328,Yusei Kikuchi,2022,579328-1,2022-07-07,2022-07-28,21,15,Neck strain.,neck,False,False,Toronto Blue Jays placed LHP Yusei Kikuchi on the 15-day injured list. Neck strain. | Toronto Blue Jays activated LHP Yusei Kikuchi from the 15-day injured list.
681911,Alex Vesia,2025,681911-1,2025-08-23,2025-09-09,17,15,Right oblique strain.,oblique,False,False,"Los Angeles Dodgers placed LHP Alex Vesia on the 15-day injured list retroactive to August 23, 2025. Right oblique strain. | Los Angeles Dodgers activated LHP Alex Vesia from the 15-day injured list."
664747,Alexis Díaz,2022,664747-1,2022-06-16,2022-07-08,22,15,Right biceps tendinitis.,biceps/triceps,False,False,"Cincinnati Reds placed RHP Alexis Diaz on the 15-day injured list retroactive to June 16, 2022. Right biceps tendinitis. | Cincinnati Reds activated RHP Alexis Díaz from the 15-day injured list."
664747,Alexis Díaz,2025,664747-2,2025-03-24,2025-04-15,19,15,Left hamstring strain.,hamstring,False,False,"Cincinnati Reds placed RHP Alexis Díaz on the 15-day injured list. | Cincinnati Reds placed RHP Alexis Díaz on the 15-day injured list retroactive to March 24, 2025. Left hamstring strain. | Cincinnati Reds activated RHP Alexis Díaz from the 15-day injured list."
607455,Anthony Banda,2022,607455-1,2022-04-23,2022-05-03,10,10,Viral illness.,illness,False,False,"Pittsburgh Pirates placed LHP Anthony Banda on the 10-day injured list retroactive to April 23, 2022. Viral illness. | Pittsburgh Pirates activated LHP Anthony Banda from the 10-day injured list."
607455,Anthony Banda,2024,607455-2,2024-09-10,2024-09-26,16,15,Left hand fracture.,hand/wrist,False,False,Los Angeles Dodgers placed LHP Anthony Banda on the 15-day injured list. Left hand fracture. | Los Angeles Dodgers placed LHP Anthony Banda on the 15-day injured list. | Los Angeles Dodgers activated LHP Anthony Banda from the 15-day injured list.
605483,Blake Snell,2022,605483-1,2022-04-11,2022-05-18,37,10,Left adductor strain.,hip/groin,False,False,"San Diego Padres placed LHP Blake Snell on the 10-day injured list retroactive to April 11, 2022. Left adductor strain. | San Diego Padres activated LHP Blake Snell from the 10-day injured list."
605483,Blake Snell,2024,605483-2,2024-04-23,2024-05-22,29,15,Left adductor strain.,hip/groin,False,False,"San Francisco Giants placed LHP Blake Snell on the 15-day injured list retroactive to April 23, 2024. Left adductor strain. | San Francisco Giants activated LHP Blake Snell from the 15-day injured list."
605483,Blake Snell,2024,605483-3,2024-06-03,2024-07-09,36,15,Left groin strain.,hip/groin,False,False,San Francisco Giants placed LHP Blake Snell on the 15-day injured list. Left groin strain. | San Francisco Giants activated LHP Blake Snell from the 15-day injured list.
605483,Blake Snell,2025,605483-4,2025-04-03,2025-08-02,121,60,Left shoulder inflammation.,shoulder,True,False,"Los Angeles Dodgers placed LHP Blake Snell on the 15-day injured list retroactive to April 3, 2025. Left shoulder inflammation. | Los Angeles Dodgers transferred LHP Blake Snell from the 15-day injured list to the 60-day injured list. Left shoulder inflammation. | (no activation listed; return inferred from first MLB appearance 2025-08-02)"
595014,Blake Treinen,2022,595014-1,2022-05-17,2022-09-02,108,60,Right arm injury.,other,False,False,Los Angeles Dodgers transferred RHP Blake Treinen from the 10-day injured list to the 60-day injured list. Right arm injury. | Los Angeles Dodgers activated RHP Blake Treinen from the 60-day injured list.
595014,Blake Treinen,2022,595014-2,2022-09-07,2022-10-05,28,15,Right shoulder tightness.,shoulder,True,False,"Los Angeles Dodgers placed RHP Blake Treinen on the 15-day injured list retroactive to September 7, 2022. Right shoulder tightness. | Los Angeles Dodgers activated RHP Blake Treinen from the 15-day injured list."
595014,Blake Treinen,2023,595014-3,2023-02-16,2023-10-02,186,60,Recovery from right shoulder surgery.,shoulder,True,False,Los Angeles Dodgers placed RHP Blake Treinen on the 60-day injured list. Recovery from right shoulder surgery. | Los Angeles Dodgers activated RHP Blake Treinen from the 60-day injured list.
595014,Blake Treinen,2024,595014-4,2024-03-19,2024-05-05,38,15,Bruised lung.,other,False,False,Los Angeles Dodgers placed RHP Blake Treinen on the 15-day injured list. Bruised lung. | Los Angeles Dodgers activated RHP Blake Treinen from the 15-day injured list.
595014,Blake Treinen,2024,595014-5,2024-08-05,2024-08-21,16,15,left hip discomfort.,hip/groin,False,False,Los Angeles Dodgers placed RHP Blake Treinen on the 15-day injured list. left hip discomfort. | Los Angeles Dodgers activated RHP Blake Treinen from the 15-day injured list.
595014,Blake Treinen,2025,595014-6,2025-04-19,2025-07-27,99,60,Right forearm tightness.,forearm,True,False,Los Angeles Dodgers placed RHP Blake Treinen on the 15-day injured list. Right forearm tightness. | Los Angeles Dodgers transferred RHP Blake Treinen from the 15-day injured list to the 60-day injured list. Right forearm tightness. | Los Angeles Dodgers activated RHP Blake Treinen from the 60-day injured list.
676272,Bobby Miller,2024,676272-1,2024-04-10,2024-06-19,70,15,Right shoulder inflammation.,shoulder,True,False,"Los Angeles Dodgers placed RHP Bobby Miller on the 15-day injured list retroactive to April 10, 2024. Right shoulder inflammation. | Los Angeles Dodgers activated RHP Bobby Miller from the 15-day injured list."
608717,Chris Stratton,2024,608717-1,2024-09-14,2024-09-30,16,15,Right forearm flexor strain.,forearm,True,False,Kansas City Royals placed RHP Chris Stratton on the 15-day injured list. Right forearm flexor strain. | Kansas City Royals activated RHP Chris Stratton from the 15-day injured list.
477132,Clayton Kershaw,2022,477132-1,2022-05-09,2022-06-11,33,15,Right SI joint inflammation.,other,False,False,"Los Angeles Dodgers placed LHP Clayton Kershaw on the 15-day injured list retroactive to May 9, 2022. Right SI joint inflammation. | Los Angeles Dodgers activated LHP Clayton Kershaw."
477132,Clayton Kershaw,2022,477132-2,2022-08-05,2022-09-01,27,15,Low back pain.,back,False,False,Los Angeles Dodgers placed LHP Clayton Kershaw on the 15-day injured list. Low back pain. | Los Angeles Dodgers activated LHP Clayton Kershaw from the 15-day injured list.
477132,Clayton Kershaw,2023,477132-3,2023-06-30,2023-08-10,41,15,Left shoulder soreness.,shoulder,True,False,"Los Angeles Dodgers placed LHP Clayton Kershaw on the 15-day injured list retroactive to June 30, 2023. Left shoulder soreness. | (no activation listed; return inferred from first MLB appearance 2023-08-10)"
477132,Clayton Kershaw,2024,477132-4,2024-03-04,2024-07-25,119,60,Recovery from left shoulder surgery.,shoulder,True,False,Los Angeles Dodgers placed LHP Clayton Kershaw on the 60-day injured list. Recovery from left shoulder surgery. | Los Angeles Dodgers activated LHP Clayton Kershaw from the 60-day injured list.
477132,Clayton Kershaw,2024,477132-5,2024-08-31,2024-09-30,30,15,Left big toe inflammation.,ankle/foot,False,False,Los Angeles Dodgers placed LHP Clayton Kershaw on the 15-day injured list. Left big toe inflammation. | Los Angeles Dodgers activated LHP Clayton Kershaw.
477132,Clayton Kershaw,2025,477132-6,2025-03-17,2025-05-17,51,60,Left toe surgery.,ankle/foot,False,False,Los Angeles Dodgers placed LHP Clayton Kershaw on the 15-day injured list. Left toe surgery. | Los Angeles Dodgers placed LHP Clayton Kershaw on the 60-day injured list. Left toe surgery. | Los Angeles Dodgers activated LHP Clayton Kershaw from the 60-day injured list.
669160,Dustin May,2022,669160-1,2022-03-17,2022-08-20,135,60,,other,False,False,Los Angeles Dodgers placed RHP Dustin May on the 60-day injured list. | Los Angeles Dodgers activated RHP Dustin May from the 60-day injured list.
669160,Dustin May,2022,669160-2,2022-09-24,2022-10-05,11,15,Low back tightness.,back,False,False,Los Angeles Dodgers placed RHP Dustin May on the 15-day injured list. Low back tightness. | Los Angeles Dodgers activated RHP Dustin May from the 15-day injured list.
669160,Dustin May,2023,669160-3,2023-05-18,2023-10-02,137,60,Right forearm strain.,forearm,True,False,Los Angeles Dodgers placed RHP Dustin May on the 15-day injured list. Right forearm strain. | Los Angeles Dodgers transferred RHP Dustin May from the 15-day injured list to the 60-day injured list. Right forearm strain. | Los Angeles Dodgers activated RHP Dustin May from the 60-day injured list.
669160,Dustin May,2024,669160-4,2024-02-08,2024-09-30,186,60,,other,False,False,Los Angeles Dodgers placed RHP Dustin May on the 60-day injured list. | Los Angeles Dodgers activated RHP Dustin May from the 60-day injured list.
669160,Dustin May,2025,669160-5,2025-09-06,2025-09-28,22,15,Right elbow neuritis.,elbow,True,False,"Boston Red Sox placed RHP Dustin May on the 15-day injured list retroactive to September 6, 2025. Right elbow neuritis. | Boston Red Sox activated RHP Dustin May from the 15-day injured list."
683618,Edgardo Henriquez,2025,683618-1,2025-03-17,2025-06-29,94,60,Left foot fracture.,ankle/foot,False,False,Los Angeles Dodgers placed RHP Edgardo Henriquez on the 15-day injured list. Left foot fracture. | Los Angeles Dodgers transferred RHP Edgardo Henriquez from the 15-day injured list to the 60-day injured list. | Los Angeles Dodgers activated RHP Edgardo Henriquez from the 60-day injured list.
686218,Emmet Sheehan,2024,686218-1,2024-03-19,2024-09-30,186,60,Right forearm inflammation.,forearm,True,False,Los Angeles Dodgers placed RHP Emmet Sheehan on the 15-day injured list. Right forearm inflammation. | Los Angeles Dodgers transferred RHP Emmet Sheehan from the 15-day injured list to the 60-day injured list. | Los Angeles Dodgers activated RHP Emmet Sheehan from the 60-day injured list.
686218,Emmet Sheehan,2025,686218-2,2025-03-17,2025-06-18,83,60,Right elbow surgery.,elbow,True,False,Los Angeles Dodgers placed RHP Emmet Sheehan on the 15-day injured list. Right elbow surgery. | Los Angeles Dodgers transferred RHP Emmet Sheehan from the 15-day injured list to the 60-day injured list. Right elbow surgery. | Los Angeles Dodgers activated RHP Emmet Sheehan from the 60-day injured list.
623465,Evan Phillips,2024,623465-1,2024-05-05,2024-05-31,26,15,Right hamstring strain.,hamstring,False,False,Los Angeles Dodgers placed RHP Evan Phillips on the 15-day injured list. Right hamstring strain. | Los Angeles Dodgers activated RHP Evan Phillips from the 15-day injured list.
623465,Evan Phillips,2025,623465-2,2025-03-17,2025-04-19,23,15,Right rotator cuff strain.,shoulder,True,False,Los Angeles Dodgers placed RHP Evan Phillips on the 15-day injured list. Right rotator cuff strain. | Los Angeles Dodgers activated RHP Evan Phillips from the 15-day injured list.
623465,Evan Phillips,2025,623465-3,2025-05-07,2025-09-28,144,60,Right forearm discomfort.,forearm,True,False,Los Angeles Dodgers placed RHP Evan Phillips on the 15-day injured list. Right forearm discomfort. | Los Angeles Dodgers transferred RHP Evan Phillips from the 15-day injured list to the 60-day injured list. Right forearm discomfort. | Los Angeles Dodgers activated RHP Evan Phillips from the 60-day injured list.
656420,J. P. Feyereisen,2022,656420-1,2022-06-03,2022-10-05,124,60,Right shoulder impingement.,shoulder,True,False,Tampa Bay Rays placed RHP J.P. Feyereisen on the 15-day injured list. Right shoulder impingement. | Tampa Bay Rays transferred RHP J.P. Feyereisen from the 15-day injured list to the 60-day injured list. Right shoulder impingement. | Tampa Bay Rays activated RHP J.P. Feyereisen from the 60-day injured list.
489446,Kirby Yates,2022,489446-1,2022-03-16,2022-03-28,0,60,Tommy John surgery.,elbow,True,True,Atlanta Braves placed RHP Kirby Yates on the 60-day injured list. Tommy John surgery.
489446,Kirby Yates,2022,489446-2,2022-03-28,2022-07-11,95,60,Tommy John surgery.,elbow,True,True,Atlanta Braves placed RHP Kirby Yates on the 60-day injured list. Tommy John surgery.
489446,Kirby Yates,2022,489446-3,2022-07-11,2022-08-10,30,60,Tommy John surgery.,elbow,True,False,Atlanta Braves placed RHP Kirby Yates on the 60-day injured list. Tommy John surgery. | Atlanta Braves activated RHP Kirby Yates from the 60-day injured list.
489446,Kirby Yates,2022,489446-4,2022-09-13,2022-10-05,22,15,Right elbow inflammation.,elbow,True,False,"Atlanta Braves placed RHP Kirby Yates on the 15-day injured list retroactive to September 13, 2022. Right elbow inflammation. | Atlanta Braves activated RHP Kirby Yates from the 15-day injured list."
489446,Kirby Yates,2025,489446-5,2025-05-18,2025-06-07,20,15,Right hamstring strain.,hamstring,False,False,Los Angeles Dodgers placed RHP Kirby Yates on the 15-day injured list. Right hamstring strain. | Los Angeles Dodgers activated RHP Kirby Yates from the 15-day injured list.
489446,Kirby Yates,2025,489446-6,2025-07-29,2025-08-23,25,15,Lower back pain.,back,False,False,"Los Angeles Dodgers placed RHP Kirby Yates on the 15-day injured list retroactive to July 29, 2025. Lower back pain. | Los Angeles Dodgers activated RHP Kirby Yates from the 15-day injured list."
489446,Kirby Yates,2025,489446-7,2025-09-21,2025-09-28,7,15,Right hamstring strain.,hamstring,False,False,"Los Angeles Dodgers placed RHP Kirby Yates on the 15-day injured list retroactive to September 21, 2025. Right hamstring strain. | Los Angeles Dodgers activated RHP Kirby Yates from the 15-day injured list."
656629,Michael Kopech,2022,656629-1,2022-08-23,2022-09-07,15,15,Left knee strain.,knee,False,False,Chicago White Sox placed RHP Michael Kopech on the 15-day injured list. Left knee strain. | Chicago White Sox activated RHP Michael Kopech from the 15-day injured list.
656629,Michael Kopech,2022,656629-2,2022-09-17,2022-10-05,18,15,Right shoulder inflammation.,shoulder,True,False,Chicago White Sox placed RHP Michael Kopech on the 15-day injured list. Right shoulder inflammation. | Chicago White Sox activated RHP Michael Kopech from the 15-day injured list.
656629,Michael Kopech,2023,656629-3,2023-06-29,2023-07-14,15,15,Right shoulder inflammtion.,shoulder,True,False,"Chicago White Sox placed RHP Michael Kopech on the 15-day injured list retroactive to June 29, 2023. Right shoulder inflammtion. | Chicago White Sox activated RHP Michael Kopech from the 15-day injured list."
656629,Michael Kopech,2023,656629-4,2023-09-22,2023-10-02,10,15,Right knee inflammation.,knee,False,False,Chicago White Sox placed RHP Michael Kopech on the 15-day injured list. Right knee inflammation. | Chicago White Sox activated RHP Michael Kopech from the 15-day injured list.
656629,Michael Kopech,2025,656629-5,2025-03-17,2025-06-07,72,60,Right shoulder impingement.,shoulder,True,False,Los Angeles Dodgers placed RHP Michael Kopech on the 15-day injured list. Right shoulder impingement. | Los Angeles Dodgers transferred RHP Michael Kopech from the 15-day injured list to the 60-day injured list. Right shoulder impingement. | Los Angeles Dodgers activated RHP Michael Kopech from the 60-day injured list.
656629,Michael Kopech,2025,656629-6,2025-06-28,2025-09-01,65,60,Right knee inflammation.,knee,False,False,"Los Angeles Dodgers placed RHP Michael Kopech on the 15-day injured list. Right knee inflammation. | Los Angeles Dodgers placed RHP Michael Kopech on the 15-day injured list retroactive to June 28, 2025. Right knee inflammation. | Los Angeles Dodgers transferred RHP Michael Kopech from the 15-day injured list to the 60-day injured list. Right knee inflammation. | Los Angeles Dodgers activated RHP Michael Kopech from the 60-day injured list."
656629,Michael Kopech,2025,656629-7,2025-09-19,2025-09-28,9,15,Right knee inflammation.,knee,False,False,Los Angeles Dodgers placed RHP Michael Kopech on the 15-day injured list. Right knee inflammation. | Los Angeles Dodgers activated RHP Michael Kopech from the 15-day injured list.
808963,Roki Sasaki,2025,808963-1,2025-05-13,2025-09-24,134,60,Right shoulder impingement.,shoulder,True,False,Los Angeles Dodgers placed RHP Roki Sasaki on the 15-day injured list. Right shoulder impingement. | Los Angeles Dodgers transferred RHP Roki Sasaki from the 15-day injured list to the 60-day injured list. Right shoulder impingement. | Los Angeles Dodgers activated RHP Roki Sasaki from the 60-day injured list.
660271,Shohei Ohtani,2023,660271-1,2023-09-16,2023-10-02,16,15,Oblique.,oblique,False,False,Los Angeles Angels placed RHP Shohei Ohtani on the 10-day injured list. Oblique. | Los Angeles Angels placed RHP Shohei Ohtani on the 15-day injured list. Oblique. | Los Angeles Angels activated RHP Shohei Ohtani from the 15-day injured list.
656945,Tanner Scott,2025,656945-1,2025-07-22,2025-08-22,31,15,Left elbow inflammation.,elbow,True,False,Los Angeles Dodgers placed LHP Tanner Scott on the 15-day injured list. Left elbow inflammation. | Los Angeles Dodgers activated LHP Tanner Scott from the 15-day injured list.
664062,Tony Gonsolin,2022,664062-1,2022-08-26,2022-10-03,38,15,Right forearm strain.,forearm,True,False,"Los Angeles Dodgers placed RHP Tony Gonsolin on the 15-day injured list retroactive to August 26, 2022. Right forearm strain. | Los Angeles Dodgers activated RHP Tony Gonsolin from the 15-day injured list."
664062,Tony Gonsolin,2023,664062-2,2023-03-27,2023-04-26,27,15,Left ankle sprain.,ankle/foot,False,False,"Los Angeles Dodgers placed RHP Tony Gonsolin on the 15-day injured list retroactive to March 27, 2023. Left ankle sprain. | Los Angeles Dodgers activated RHP Tony Gonsolin from the 15-day injured list."
664062,Tony Gonsolin,2023,664062-3,2023-08-19,2023-10-02,44,60,Right forearm inflammation.,forearm,True,False,Los Angeles Dodgers placed RHP Tony Gonsolin on the 15-day injured list. Right forearm inflammation. | Los Angeles Dodgers transferred RHP Tony Gonsolin from the 15-day injured list to the 60-day injured list. Right forearm inflammation. | Los Angeles Dodgers activated RHP Tony Gonsolin from the 60-day injured list.
664062,Tony Gonsolin,2024,664062-4,2024-02-09,2024-09-30,186,60,Tommy John surgery.,elbow,True,False,Los Angeles Dodgers placed RHP Tony Gonsolin on the 60-day injured list. Tommy John surgery. | Los Angeles Dodgers activated RHP Tony Gonsolin from the 60-day injured list.
664062,Tony Gonsolin,2025,664062-5,2025-03-17,2025-04-30,34,15,Back tightness.,back,False,False,Los Angeles Dodgers placed RHP Tony Gonsolin on the 15-day injured list. Back tightness. | Los Angeles Dodgers activated RHP Tony Gonsolin from the 15-day injured list.
664062,Tony Gonsolin,2025,664062-6,2025-06-07,2025-09-28,113,60,Right elbow discomfort.,elbow,True,True,Los Angeles Dodgers placed RHP Tony Gonsolin on the 15-day injured list. Right elbow discomfort. | Los Angeles Dodgers transferred RHP Tony Gonsolin from the 15-day injured list to the 60-day injured list. Right elbow discomfort.
607192,Tyler Glasnow,2022,607192-1,2022-03-17,2022-09-28,174,60,Recovery from Tommy John surgery.,elbow,True,False,Tampa Bay Rays placed RHP Tyler Glasnow on the 60-day injured list. Recovery from Tommy John surgery. | Tampa Bay Rays activated RHP Tyler Glasnow from the 60-day injured list.
607192,Tyler Glasnow,2023,607192-2,2023-03-27,2023-05-27,58,15,Left oblique strain.,oblique,False,False,"Tampa Bay Rays placed RHP Tyler Glasnow on the 15-day injured list retroactive to March 27, 2023. Left oblique strain. | Tampa Bay Rays activated RHP Tyler Glasnow from the 15-day injured list."
607192,Tyler Glasnow,2024,607192-3,2024-07-06,2024-07-24,18,15,Lower back tightness.,back,False,False,"Los Angeles Dodgers placed RHP Tyler Glasnow on the 15-day injured list retroactive to July 6, 2024. Lower back tightness. | (no activation listed; return inferred from first MLB appearance 2024-07-24)"
607192,Tyler Glasnow,2024,607192-4,2024-08-13,2024-09-30,48,60,Right elbow tendinitis.,elbow,True,False,"Los Angeles Dodgers placed RHP Tyler Glasnow on the 15-day injured list retroactive to August 13, 2024. Right elbow tendinitis. | Los Angeles Dodgers transferred RHP Tyler Glasnow from the 15-day injured list to the 60-day injured list. Right elbow tendinitis. | Los Angeles Dodgers activated RHP Tyler Glasnow from the 60-day injured list."
607192,Tyler Glasnow,2025,607192-5,2025-04-28,2025-07-09,72,60,Right shoulder inflammation.,shoulder,True,False,Los Angeles Dodgers placed RHP Tyler Glasnow on the 15-day injured list. Right shoulder inflammation. | Los Angeles Dodgers transferred RHP Tyler Glasnow from the 15-day injured list to the 60-day injured list. Right shoulder inflammation. | Los Angeles Dodgers activated RHP Tyler Glasnow from the 60-day injured list.
808967,Yoshinobu Yamamoto,2024,808967-1,2024-06-16,2024-09-10,86,60,Triceps tightness.,biceps/triceps,False,False,Los Angeles Dodgers placed RHP Yoshinobu Yamamoto on the 15-day injured list. Triceps tightness. | Los Angeles Dodgers transferred RHP Yoshinobu Yamamoto from the 15-day injured list to the 60-day injured list. Triceps tightness. | Los Angeles Dodgers activated RHP Yoshinobu Yamamoto from the 60-day injured list.
669622,Anthony Bender,2022,669622-1,2022-05-22,2022-08-02,72,15,Back Stiffness.,back,False,False,"Miami Marlins placed RHP Anthony Bender on the 15-day injured list retroactive to May 22, 2022. Back Stiffness. | Miami Marlins activated RHP Anthony Bender from the 60-day injured list."
669622,Anthony Bender,2022,669622-2,2022-08-14,2022-10-05,52,60,Right elbow strain.,elbow,True,False,Miami Marlins placed RHP Anthony Bender on the 15-day injured list. Right elbow strain. | Miami Marlins transferred RHP Anthony Bender from the 15-day injured list to the 60-day injured list. | Miami Marlins activated RHP Anthony Bender from the 60-day injured list.
669622,Anthony Bender,2023,669622-3,2023-03-15,2023-10-02,186,60,Recovery from Tommy John surgery.,elbow,True,False,Miami Marlins placed RHP Anthony Bender on the 60-day injured list. Recovery from Tommy John surgery. | Miami Marlins activated RHP Anthony Bender from the 60-day injured list.
669622,Anthony Bender,2024,669622-4,2024-08-12,2024-09-07,26,15,,other,False,False,"Miami Marlins placed RHP Anthony Bender on the 15-day injured list retroactive to August 12, 2024. | Miami Marlins activated RHP Anthony Bender from the 15-day injured list."
669622,Anthony Bender,2025,669622-5,2025-08-18,2025-09-28,41,60,Right tibial stress reaction.,other,False,False,"Miami Marlins placed RHP Anthony Bender on the 15-day injured list. Right tibial stress reaction. | Miami Marlins placed RHP Anthony Bender on the 15-day injured list retroactive to August 18, 2025. | Miami Marlins transferred RHP Anthony Bender from the 15-day injured list to the 60-day injured list. Right tibial stress reaction. | Miami Marlins activated RHP Anthony Bender from the 60-day injured list."
615698,Cal Quantrill,2023,615698-1,2023-05-31,2023-06-30,30,15,,other,False,False,"Cleveland Guardians placed RHP Cal Quantrill on the 15-day injured list retroactive to May 31, 2023. | Cleveland Guardians activated RHP Cal Quantrill from the 15-day injured list."
615698,Cal Quantrill,2023,615698-2,2023-07-06,2023-09-01,57,15,Right shoulder inflammation.,shoulder,True,False,Cleveland Guardians placed RHP Cal Quantrill on the 15-day injured list. Right shoulder inflammation. | Cleveland Guardians activated RHP Cal Quantrill from the 15-day injured list.
615698,Cal Quantrill,2024,615698-3,2024-08-29,2024-09-15,17,15,Right triceps inflammation.,biceps/triceps,False,False,Colorado Rockies placed RHP Cal Quantrill on the 15-day injured list. Right triceps inflammation. | Colorado Rockies activated RHP Cal Quantrill from the 15-day injured list.
676534,Calvin Faucher,2023,676534-1,2023-06-06,2023-07-19,43,15,Right elbow inflammation.,elbow,True,False,"Tampa Bay Rays placed RHP Calvin Faucher on the 15-day injured list retroactive to June 6, 2023. Right elbow inflammation. | (no activation listed; return inferred from first MLB appearance 2023-07-19)"
676534,Calvin Faucher,2023,676534-2,2023-09-23,2023-10-02,9,60,Right biceps tendinitis.,biceps/triceps,False,False,Tampa Bay Rays placed RHP Calvin Faucher on the 60-day injured list. Right biceps tendinitis. | Tampa Bay Rays activated RHP Calvin Faucher from the 60-day injured list.
676534,Calvin Faucher,2024,676534-3,2024-09-05,2024-09-30,25,15,Right shoulder impingement.,shoulder,True,False,"Miami Marlins placed RHP Calvin Faucher on the 15-day injured list retroactive to September 5, 2024. Right shoulder impingement. | Miami Marlins activated RHP Calvin Faucher from the 15-day injured list."
685005,Christian Roa,2024,685005-1,2024-08-19,2024-09-30,42,60,Right shoulder sprain.,shoulder,True,False,Cincinnati Reds placed RHP Christian Roa on the 60-day injured list. Right shoulder sprain. | Miami Marlins activated RHP Christian Roa.
665795,Edward Cabrera,2022,665795-1,2022-06-13,2022-08-05,53,15,Right elbow tendonitis.,elbow,True,False,"Miami Marlins placed RHP Edward Cabrera on the 15-day injured list retroactive to June 13, 2022. Right elbow tendonitis. | Miami Marlins activated RHP Edward Cabrera from the 15-day injured list."
665795,Edward Cabrera,2022,665795-2,2022-10-03,2022-10-05,2,15,,other,False,False,Miami Marlins placed RHP Edward Cabrera on the 15-day injured list. | Miami Marlins activated RHP Edward Cabrera from the 15-day injured list.
665795,Edward Cabrera,2023,665795-3,2023-06-14,2023-07-18,34,15,Right shoulder impingement.,shoulder,True,False,"Miami Marlins placed RHP Edward Cabrera on the 15-day injured list retroactive to June 14, 2023. Right shoulder impingement. | Miami Marlins activated RHP Edward Cabrera from the 15-day injured list."
665795,Edward Cabrera,2024,665795-4,2024-03-25,2024-04-15,18,15,Right shoulder impingement.,shoulder,True,False,"Miami Marlins placed RHP Edward Cabrera on the 15-day injured list. Right shoulder impingement. | Miami Marlins placed RHP Edward Cabrera on the 15-day injured list retroactive to March 25, 2024. Right shoulder impingement. | Miami Marlins activated RHP Edward Cabrera from the 15-day injured list."
665795,Edward Cabrera,2024,665795-5,2024-05-08,2024-06-23,46,15,Right shoulder impingement.,shoulder,True,True,Miami Marlins placed RHP Edward Cabrera on the 15-day injured list. Right shoulder impingement.
665795,Edward Cabrera,2024,665795-6,2024-06-23,2024-07-07,14,60,,other,False,False,Miami Marlins placed RHP Edward Cabrera on the 60-day injured list. | Miami Marlins activated RHP Edward Cabrera from the 60-day injured list.
665795,Edward Cabrera,2025,665795-7,2025-03-24,2025-04-11,15,15,Right middle finger blister.,hand/wrist,False,False,"Miami Marlins placed RHP Edward Cabrera on the 15-day injured list retroactive to March 24, 2025. Right middle finger blister. | Miami Marlins activated RHP Edward Cabrera from the 15-day injured list."
665795,Edward Cabrera,2025,665795-8,2025-08-31,2025-09-22,22,15,Right elbow sprain.,elbow,True,False,"Miami Marlins placed RHP Edward Cabrera on the 15-day injured list retroactive to August 31, 2025. Right elbow sprain. | Miami Marlins activated RHP Edward Cabrera from the 15-day injured list."
691587,Eury Pérez,2023,691587-1,2023-09-21,2023-10-02,11,15,Left SI joint inflammation.,other,False,False,"Miami Marlins placed RHP Eury Pérez on the 15-day injured list retroactive to September 21, 2023. Left SI joint inflammation. | Miami Marlins activated RHP Eury Pérez from the 15-day injured list."
691587,Eury Pérez,2024,691587-2,2024-03-25,2024-09-30,186,60,Right elbow inflammation.,elbow,True,False,"Miami Marlins placed RHP Eury Pérez on the 15-day injured list retroactive to March 25, 2024. Right elbow inflammation. | Miami Marlins transferred RHP Eury Pérez from the 15-day injured list to the 60-day injured list. Right elbow inflammation. | Miami Marlins activated RHP Eury Pérez from the 60-day injured list."
691587,Eury Pérez,2025,691587-3,2025-02-20,2025-06-09,74,60,Tommy John surgery.,elbow,True,False,Miami Marlins placed RHP Eury Pérez on the 60-day injured list. Tommy John surgery. | Miami Marlins activated RHP Eury Pérez from the 60-day injured list.
676206,Freddy Tarnok,2023,676206-1,2023-03-27,2023-07-08,100,60,Strained right shoulder.,shoulder,True,False,"Oakland Athletics placed RHP Freddy Tarnok on the 15-day injured list retroactive to March 27, 2023. Strained right shoulder. | Oakland Athletics transferred RHP Freddy Tarnok from the 15-day injured list to the 60-day injured list. Strained right shoulder. | Oakland Athletics activated RHP Freddy Tarnok from the 60-day injured list."
676206,Freddy Tarnok,2023,676206-2,2023-08-11,2023-10-02,52,60,Right calf strain.,calf,False,False,"Oakland Athletics placed RHP Freddy Tarnok on the 15-day injured list retroactive to August 11, 2023. Right calf strain. | Oakland Athletics transferred RHP Freddy Tarnok from the 15-day injured list to the 60-day injured list. | Oakland Athletics activated RHP Freddy Tarnok from the 60-day injured list."
676206,Freddy Tarnok,2024,676206-3,2024-03-25,2024-09-30,186,60,Right hip inflammation.,hip/groin,False,False,"Oakland Athletics placed RHP Freddy Tarnok on the 15-day injured list retroactive to March 25, 2024. Right hip inflammation. | Oakland Athletics transferred RHP Freddy Tarnok from the 15-day injured list to the 60-day injured list. | Philadelphia Phillies activated RHP Freddy Tarnok."
676206,Freddy Tarnok,2025,676206-4,2025-09-03,2025-09-19,16,15,Left ankle sprain.,ankle/foot,False,False,"Miami Marlins placed RHP Freddy Tarnok on the 15-day injured list retroactive to September 3, 2025. Left ankle sprain. | Miami Marlins activated RHP Freddy Tarnok from the 15-day injured list."
676083,Janson Junk,2025,676083-1,2025-08-24,2025-09-08,15,15,Right ulnar nerve irritation.,other,False,False,"Miami Marlins placed RHP Janson Junk on the 15-day injured list retroactive to August 24, 2025. Right ulnar nerve irritation. | Miami Marlins activated RHP Janson Junk from the 15-day injured list."
622786,Jesús Tinoco,2025,622786-1,2025-03-28,2025-04-12,15,15,Left low back strain.,back,False,False,"Miami Marlins placed RHP Jesus Tinoco on the 15-day injured list retroactive to March 28, 2025. Left low back strain. | Miami Marlins activated RHP Jesus Tinoco from the 15-day injured list."
622786,Jesús Tinoco,2025,622786-2,2025-06-03,2025-09-28,117,60,Right forearm strain.,forearm,True,False,"Miami Marlins placed RHP Jesus Tinoco on the 15-day injured list retroactive to June 3, 2025. Right forearm strain. | Miami Marlins transferred RHP Jesus Tinoco from the 15-day injured list to the 60-day injured list. Right forearm strain. | Miami Marlins activated RHP Jesus Tinoco from the 60-day injured list."
681006,Josh Simpson,2024,681006-1,2024-03-25,2024-04-20,23,15,Left elbow ulnar neuritis.,elbow,True,True,"Miami Marlins placed LHP Josh Simpson on the 15-day injured list retroactive to March 25, 2024. Left elbow ulnar neuritis."
681006,Josh Simpson,2024,681006-2,2024-04-20,2024-09-30,163,60,Left elbow ulnar neuritis.,elbow,True,False,Miami Marlins placed LHP Josh Simpson on the 60-day injured list. Left elbow ulnar neuritis. | Miami Marlins selected the contract of LHP Josh Simpson from Jacksonville Jumbo Shrimp.
681006,Josh Simpson,2025,681006-2,2025-03-27,2025-06-21,86,60,Left elbow ulnar neuritis.,elbow,True,False,Miami Marlins placed LHP Josh Simpson on the 60-day injured list. Left elbow ulnar neuritis. | Miami Marlins selected the contract of LHP Josh Simpson from Jacksonville Jumbo Shrimp.
676974,Max Meyer,2022,676974-1,2022-07-24,2022-10-05,73,60,Right elbow sprain.,elbow,True,False,Miami Marlins placed RHP Max Meyer on the 15-day injured list. Right elbow sprain. | Miami Marlins transferred RHP Max Meyer from the 15-day injured list to the 60-day injured list. Right elbow sprain. | Miami Marlins activated RHP Max Meyer from the 60-day injured list.
676974,Max Meyer,2023,676974-2,2023-03-30,2023-10-02,186,60,Tommy John surgery.,elbow,True,False,Miami Marlins placed RHP Max Meyer on the 60-day injured list. Tommy John surgery. | Miami Marlins activated RHP Max Meyer from the 60-day injured list.
676974,Max Meyer,2024,676974-3,2024-09-04,2024-09-30,26,15,Right shoulder bursitis.,shoulder,True,False,"Miami Marlins placed RHP Max Meyer on the 15-day injured list retroactive to September 4, 2024. Right shoulder bursitis. | Miami Marlins activated RHP Max Meyer from the 15-day injured list."
676974,Max Meyer,2025,676974-4,2025-06-03,2025-09-28,117,60,Left hip impingement.,hip/groin,False,False,Miami Marlins placed RHP Max Meyer on the 15-day injured list. Left hip impingement. | Miami Marlins transferred RHP Max Meyer from the 15-day injured list to the 60-day injured list. Left hip impingement. | Miami Marlins activated RHP Max Meyer from the 60-day injured list.
678692,Ronny Henriquez,2023,678692-1,2023-03-27,2023-05-12,43,15,Right elbow inflammation.,elbow,True,False,"Minnesota Twins placed RHP Ronny Henriquez on the 15-day injured list retroactive to March 27, 2023. Right elbow inflammation. | Minnesota Twins activated RHP Ronny Henriquez from the 15-day injured list."
687473,Ryan Gusto,2025,687473-1,2025-08-28,2025-09-28,31,15,Right shoulder impingement.,shoulder,True,False,"Miami Marlins placed RHP Ryan Gusto on the 15-day injured list retroactive to August 28, 2025. Right shoulder impingement. | Miami Marlins activated RHP Ryan Gusto from the 15-day injured list."
677960,Ryan Weathers,2024,677960-1,2024-06-08,2024-09-18,102,60,Left index finger strain.,hand/wrist,False,False,Miami Marlins placed LHP Ryan Weathers on the 15-day injured list. Left index finger strain. | Miami Marlins transferred LHP Ryan Weathers from the 15-day injured list to the 60-day injured list. Left index finger strain. | Miami Marlins activated LHP Ryan Weathers from the 60-day injured list.
677960,Ryan Weathers,2025,677960-2,2025-03-24,2025-05-14,48,15,Left flexor muscle strain.,forearm,True,False,"Miami Marlins placed LHP Ryan Weathers on the 15-day injured list retroactive to March 24, 2025. Left flexor muscle strain. | Miami Marlins activated LHP Ryan Weathers from the 15-day injured list."
677960,Ryan Weathers,2025,677960-3,2025-06-09,2025-09-11,94,60,Left lat strain.,lat,True,False,Miami Marlins placed LHP Ryan Weathers on the 60-day injured list. Left lat strain. | Miami Marlins activated LHP Ryan Weathers from the 60-day injured list.
645261,Sandy Alcántara,2023,645261-1,2023-09-04,2023-10-02,28,15,,other,False,False,"Miami Marlins placed RHP Sandy Alcantara on the 15-day injured list retroactive to September 4, 2023. | Miami Marlins activated RHP Sandy Alcantara from the 15-day injured list."
645261,Sandy Alcántara,2024,645261-2,2024-02-24,2024-09-30,186,60,Right forearm flexor strain.,forearm,True,False,Miami Marlins placed RHP Sandy Alcantara on the 60-day injured list. Right forearm flexor strain. | Miami Marlins activated RHP Sandy Alcantara from the 60-day injured list.
675540,Xzavion Curry,2024,675540-1,2024-03-25,2024-04-15,18,15,Viral illness.,illness,False,False,"Cleveland Guardians placed RHP Xzavion Curry on the 15-day injured list retroactive to March 25, 2024. Viral illness. | Cleveland Guardians activated RHP Xzavion Curry from the 15-day injured list."
676879,Aaron Ashby,2022,676879-1,2022-06-17,2022-07-02,15,15,Left forearm inflammation.,forearm,True,False,"Milwaukee Brewers placed LHP Aaron Ashby on the 15-day injured list retroactive to June 17, 2022. Left forearm inflammation. | Milwaukee Brewers activated LHP Aaron Ashby from the 15-day injured list."
676879,Aaron Ashby,2022,676879-2,2022-08-20,2022-09-20,31,15,Left shoulder inflammation.,shoulder,True,False,"Milwaukee Brewers placed LHP Aaron Ashby on the 15-day injured list retroactive to August 20, 2022. Left shoulder inflammation. | Milwaukee Brewers activated LHP Aaron Ashby from the 15-day injured list."
676879,Aaron Ashby,2023,676879-3,2023-03-27,2023-10-02,186,60,Left shoulder inflammation.,shoulder,True,False,"Milwaukee Brewers placed LHP Aaron Ashby on the 15-day injured list retroactive to March 27, 2023. Left shoulder inflammation. | Milwaukee Brewers transferred LHP Aaron Ashby from the 15-day injured list to the 60-day injured list. Left shoulder inflammation. | Milwaukee Brewers activated LHP Aaron Ashby from the 60-day injured list."
676879,Aaron Ashby,2025,676879-4,2025-03-27,2025-05-23,57,15,Right oblique.,oblique,False,False,"Milwaukee Brewers placed LHP Aaron Ashby on the 15-day injured list. Right oblique. | Milwaukee Brewers placed LHP Aaron Ashby on the 15-day injured list retroactive to March 24, 2025. Right oblique. | Milwaukee Brewers activated LHP Aaron Ashby from the 15-day injured list."
650644,Aaron Civale,2022,650644-1,2022-05-22,2022-06-21,30,15,Sore left glute.,hip/groin,False,False,"Cleveland Guardians placed RHP Aaron Civale on the 15-day injured list retroactive to May 22, 2022. Sore left glute. | Cleveland Guardians activated RHP Aaron Civale."
650644,Aaron Civale,2022,650644-2,2022-07-14,2022-08-10,27,15,Right wrist sprain.,hand/wrist,False,False,Cleveland Guardians placed RHP Aaron Civale on the 15-day injured list. Right wrist sprain. | Cleveland Guardians activated RHP Aaron Civale from the 15-day injured list.
650644,Aaron Civale,2022,650644-3,2022-08-30,2022-09-20,21,15,Right forearm inflammation.,forearm,True,False,"Cleveland Guardians placed RHP Aaron Civale on the 15-day injured list retroactive to August 30, 2022. Right forearm inflammation. | Cleveland Guardians activated RHP Aaron Civale from the 15-day injured list."
650644,Aaron Civale,2023,650644-4,2023-04-08,2023-06-02,55,15,Left oblique strain.,oblique,False,False,"Cleveland Guardians placed RHP Aaron Civale on the 15-day injured list retroactive to April 8, 2023. Left oblique strain. | Cleveland Guardians activated RHP Aaron Civale from the 15-day injured list."
650644,Aaron Civale,2025,650644-5,2025-03-31,2025-05-22,52,15,Strained left hamstring.,hamstring,False,False,Milwaukee Brewers placed RHP Aaron Civale on the 15-day injured list. Strained left hamstring. | Milwaukee Brewers activated RHP Aaron Civale from the 15-day injured list.
605540,Brandon Woodruff,2022,605540-1,2022-05-28,2022-06-28,31,15,Right ankle sprain.,ankle/foot,False,False,"Milwaukee Brewers placed RHP Brandon Woodruff on the 15-day injured list retroactive to May 28, 2022. Right ankle sprain. | Milwaukee Brewers activated RHP Brandon Woodruff."
605540,Brandon Woodruff,2023,605540-2,2023-04-08,2023-08-06,120,60,Right shoulder inflammation.,shoulder,True,False,"Milwaukee Brewers placed RHP Brandon Woodruff on the 15-day injured list retroactive to April 8, 2023. Right shoulder inflammation. | Milwaukee Brewers transferred RHP Brandon Woodruff from the 15-day injured list to the 60-day injured list. Right shoulder inflammation. | Milwaukee Brewers activated RHP Brandon Woodruff from the 60-day injured list."
605540,Brandon Woodruff,2024,605540-3,2024-02-21,2024-09-30,186,60,Right shoulder surgery.,shoulder,True,False,Milwaukee Brewers placed RHP Brandon Woodruff on the 60-day injured list. Right shoulder surgery. | Milwaukee Brewers activated RHP Brandon Woodruff from the 60-day injured list.
605540,Brandon Woodruff,2025,605540-4,2025-03-24,2025-06-12,77,15,Surgery recovery.,other,False,True,"Milwaukee Brewers placed RHP Brandon Woodruff on the 15-day injured list retroactive to March 24, 2025. Surgery recovery."
605540,Brandon Woodruff,2025,605540-5,2025-06-12,2025-07-06,24,60,Recovery of right shoulder surgery.,shoulder,True,False,Milwaukee Brewers placed RHP Brandon Woodruff on the 60-day injured list. Recovery of right shoulder surgery. | Milwaukee Brewers activated RHP Brandon Woodruff from the 60-day injured list.
605540,Brandon Woodruff,2025,605540-6,2025-09-18,2025-09-28,10,15,Right lat strain.,lat,True,False,"Milwaukee Brewers placed RHP Brandon Woodruff on the 15-day injured list retroactive to September 18, 2025. Right lat strain. | Milwaukee Brewers activated RHP Brandon Woodruff from the 15-day injured list."
663542,Bryan Hudson,2024,663542-1,2024-07-24,2024-08-12,19,15,Left oblique strain.,oblique,False,False,"Milwaukee Brewers placed LHP Bryan Hudson on the 15-day injured list retroactive to July 24, 2024. Left oblique strain. | Milwaukee Brewers activated LHP Bryan Hudson from the 15-day injured list."
663542,Bryan Hudson,2025,663542-2,2025-09-04,2025-09-28,24,15,Lower back strain.,back,False,False,Chicago White Sox placed LHP Bryan Hudson on the 15-day injured list. Lower back strain. | Chicago White Sox activated LHP Bryan Hudson from the 15-day injured list.
671162,Connor Thomas,2025,671162-1,2025-04-06,2025-09-28,175,60,Left elbow arthritis.,elbow,True,False,"Milwaukee Brewers placed LHP Connor Thomas on the 15-day injured list retroactive to April 6, 2025. Left elbow arthritis. | Milwaukee Brewers transferred LHP Connor Thomas from the 15-day injured list to the 60-day injured list. Left elbow arthritis. | Milwaukee Brewers activated LHP Connor Thomas from the 60-day injured list."
669084,Dl Hall,2024,669084-1,2024-04-21,2024-06-08,48,15,Left knee sprain.,knee,False,True,Milwaukee Brewers placed LHP DL Hall on the 15-day injured list. Left knee sprain.
669084,Dl Hall,2024,669084-2,2024-06-08,2024-08-11,64,60,Left knee sprain.,knee,False,False,Milwaukee Brewers placed LHP DL Hall on the 60-day injured list. Left knee sprain. | Milwaukee Brewers activated LHP DL Hall from the 60-day injured list.
669084,Dl Hall,2025,669084-3,2025-03-05,2025-05-26,60,60,Left lat strain.,lat,True,False,Milwaukee Brewers placed LHP DL Hall on the 60-day injured list. Left lat strain. | Milwaukee Brewers activated LHP DL Hall from the 60-day injured list.
669084,Dl Hall,2025,669084-4,2025-08-16,2025-09-28,43,15,Right oblique strain.,oblique,False,False,Milwaukee Brewers placed LHP DL Hall on the 15-day injured list. Right oblique strain. | Milwaukee Brewers activated LHP DL Hall from the 15-day injured list.
668834,Easton Mcgee,2023,668834-1,2023-04-30,2023-10-02,155,15,Right forearm strain.,forearm,True,False,Seattle Mariners placed RHP Easton McGee on the 15-day injured list. Right forearm strain. | Seattle Mariners activated RHP Easton McGee from the 60-day injured list.
665625,Elvis Peguero,2025,665625-1,2025-08-20,2025-09-28,39,15,Right elbow strain.,elbow,True,False,Chicago White Sox placed RHP Elvis Peguero on the 15-day injured list. Right elbow strain. | Chicago White Sox activated RHP Elvis Peguero from the 15-day injured list.
642547,Freddy Peralta,2022,642547-1,2022-05-23,2022-08-03,72,60,Strained right lat.,lat,True,False,Milwaukee Brewers placed RHP Freddy Peralta on the 15-day injured list. Strained right lat. | Milwaukee Brewers transferred RHP Freddy Peralta from the 15-day injured list to the 60-day injured list. | Milwaukee Brewers activated RHP Freddy Peralta from the 60-day injured list.
642547,Freddy Peralta,2022,642547-2,2022-09-09,2022-09-25,16,15,Right shoulder inflammation.,shoulder,True,False,Milwaukee Brewers placed RHP Freddy Peralta on the 15-day injured list. Right shoulder inflammation. | Milwaukee Brewers activated RHP Freddy Peralta from the 15-day injured list.
681982,Grant Anderson,2024,681982-1,2024-09-05,2024-09-30,25,15,Right ankle contusion.,ankle/foot,False,False,"Texas Rangers placed RHP Grant Anderson on the 15-day injured list retroactive to September 5, 2024. Right ankle contusion. | Texas Rangers activated RHP Grant Anderson from the 15-day injured list."
681982,Grant Anderson,2025,681982-2,2025-08-24,2025-09-08,15,15,Right ankle tendonitis.,ankle/foot,False,False,"Milwaukee Brewers placed RHP Grant Anderson on the 15-day injured list retroactive to August 24, 2025. Right ankle tendonitis. | Milwaukee Brewers activated RHP Grant Anderson from the 15-day injured list."
694819,Jacob Misiorowski,2025,694819-1,2025-07-31,2025-08-15,15,15,Left tibia contusion.,other,False,False,"Milwaukee Brewers placed RHP Jacob Misiorowski on the 15-day injured list retroactive to July 31, 2025. Left tibia contusion. | Milwaukee Brewers activated RHP Jacob Misiorowski from the 15-day injured list."
657649,Jared Koenig,2024,657649-1,2024-06-29,2024-07-21,22,15,Left forearm tendinitis.,forearm,True,False,Milwaukee Brewers placed LHP Jared Koenig on the 15-day injured list. Left forearm tendinitis. | Milwaukee Brewers activated LHP Jared Koenig from the 15-day injured list.
606303,Joel Payamps,2022,606303-1,2022-06-13,2022-07-02,19,10,,other,False,False,Kansas City Royals placed RHP Joel Payamps on the 10-day injured list. | Kansas City Royals activated RHP Joel Payamps.
606303,Joel Payamps,2022,606303-2,2022-09-21,2022-10-05,14,15,Strained lumbar muscle.,back,False,False,"Oakland Athletics placed RHP Joel Payamps on the 15-day injured list retroactive to September 21, 2022. Strained lumbar muscle. | Oakland Athletics activated RHP Joel Payamps from the 15-day injured list."
500779,Jose Quintana,2023,500779-1,2023-03-27,2023-07-14,106,60,Left rib fracture.,oblique,False,False,"New York Mets placed LHP José Quintana on the 15-day injured list retroactive to March 27, 2023. Left rib fracture. | New York Mets transferred LHP José Quintana from the 15-day injured list to the 60-day injured list. Left rib fracture. | New York Mets activated LHP José Quintana from the 60-day injured list."
500779,Jose Quintana,2025,500779-2,2025-05-11,2025-06-01,21,15,Left shoulder impingement.,shoulder,True,False,"Milwaukee Brewers placed LHP Jose Quintana on the 15-day injured list retroactive to May 11, 2025. Left shoulder impingement. | Milwaukee Brewers activated LHP Jose Quintana from the 15-day injured list."
500779,Jose Quintana,2025,500779-3,2025-09-15,2025-09-28,13,15,Left calf strain.,calf,False,False,"Milwaukee Brewers placed LHP Jose Quintana on the 15-day injured list retroactive to September 15, 2025. Left calf strain. | Milwaukee Brewers activated LHP Jose Quintana from the 15-day injured list."
701656,Logan Henderson,2025,701656-1,2025-08-04,2025-09-28,55,60,Right elbow inflammation.,elbow,True,False,"Milwaukee Brewers placed RHP Logan Henderson on the 15-day injured list retroactive to August 4, 2025. Right elbow inflammation. | Milwaukee Brewers transferred RHP Logan Henderson from the 15-day injured list to the 60-day injured list. Right elbow inflammation. | Milwaukee Brewers activated RHP Logan Henderson from the 60-day injured list."
683232,Nick Mears,2022,683232-1,2022-03-15,2022-10-05,181,60,Right elbow surgery.,elbow,True,False,Pittsburgh Pirates placed RHP Nick Mears on the 60-day injured list. Right elbow surgery. | Colorado Rockies activated RHP Nick Mears.
683232,Nick Mears,2023,683232-2,2023-05-12,2023-06-03,22,15,Left oblique strain.,oblique,False,False,"Colorado Rockies placed RHP Nick Mears on the 15-day injured list retroactive to May 12, 2023. Left oblique strain. | Colorado Rockies activated RHP Nick Mears from the 15-day injured list."
683232,Nick Mears,2023,683232-3,2023-06-28,2023-10-02,96,15,Left oblique strain.,oblique,False,False,Colorado Rockies placed RHP Nick Mears on the 15-day injured list. Left oblique strain. | Milwaukee Brewers activated RHP Nick Mears.
683232,Nick Mears,2024,683232-3,2024-03-28,2024-07-28,122,15,Left oblique strain.,oblique,False,False,Colorado Rockies placed RHP Nick Mears on the 15-day injured list. Left oblique strain. | Milwaukee Brewers activated RHP Nick Mears.
683232,Nick Mears,2024,683232-4,2024-08-23,2024-09-26,34,15,Right forearm inflammation.,forearm,True,False,"Milwaukee Brewers placed RHP Nick Mears on the 15-day injured list retroactive to August 23, 2024. Right forearm inflammation. | Milwaukee Brewers activated RHP Nick Mears from the 15-day injured list."
683232,Nick Mears,2025,683232-5,2025-03-24,2025-04-08,12,15,Illness.,illness,False,False,"Milwaukee Brewers placed RHP Nick Mears on the 15-day injured list retroactive to March 24, 2025. Illness. | Milwaukee Brewers activated RHP Nick Mears from the 15-day injured list."
683232,Nick Mears,2025,683232-6,2025-09-02,2025-09-17,15,15,Back tightness.,back,False,False,"Milwaukee Brewers placed RHP Nick Mears on the 15-day injured list retroactive to September 2, 2025. Back tightness. | Milwaukee Brewers placed RHP Nick Mears on the 15-day injured list retroactive to September 2, 2025. Back tightness. | Milwaukee Brewers activated RHP Nick Mears from the 15-day injured list."
682990,Quinn Priester,2024,682990-1,2024-06-03,2024-07-09,36,15,Right lat muscle injury.,lat,True,False,"Pittsburgh Pirates placed RHP Quinn Priester on the 15-day injured list retroactive to June 3, 2024. Right lat muscle injury. | Pittsburgh Pirates activated RHP Quinn Priester from the 15-day injured list."
642239,Rob Zastryzny,2023,642239-1,2023-04-16,2023-05-19,33,15,Left elbow discomfort.,elbow,True,False,Pittsburgh Pirates placed LHP Rob Zastryzny on the 15-day injured list. Left elbow discomfort. | Pittsburgh Pirates activated LHP Rob Zastryzny from the 15-day injured list.
642239,Rob Zastryzny,2023,642239-2,2023-06-16,2023-08-24,69,15,Left forearm inflammation.,forearm,True,False,Pittsburgh Pirates placed LHP Rob Zastryzny on the 15-day injured list. Left forearm inflammation. | Pittsburgh Pirates selected the contract of LHP Rob Zastryzny from Indianapolis Indians.
642239,Rob Zastryzny,2024,642239-3,2024-07-25,2024-09-12,49,15,Left elbow tendinitis.,elbow,True,True,"Milwaukee Brewers placed LHP Rob Zastryzny on the 15-day injured list. Left elbow tendinitis. | Milwaukee Brewers placed LHP Rob Zastryzny on the 15-day injured list retroactive to July 25, 2024. Left elbow tendinitis."
642239,Rob Zastryzny,2024,642239-4,2024-09-12,2024-09-30,18,60,Left elbow tendinitis.,elbow,True,False,Milwaukee Brewers placed LHP Rob Zastryzny on the 60-day injured list. Left elbow tendinitis. | (no activation listed; return inferred from first MLB appearance 2025-05-17)
642239,Rob Zastryzny,2025,642239-4,2025-03-27,2025-05-17,51,60,Left elbow tendinitis.,elbow,True,False,Milwaukee Brewers placed LHP Rob Zastryzny on the 60-day injured list. Left elbow tendinitis. | (no activation listed; return inferred from first MLB appearance 2025-05-17)
642239,Rob Zastryzny,2025,642239-5,2025-06-27,2025-06-28,1,15,Ribs stress reaction.,other,False,False,"Milwaukee Brewers placed LHP Rob Zastryzny on the 15-day injured list retroactive to June 27, 2025. Ribs stress reaction. | Milwaukee Brewers activated LHP Rob Zastryzny from the 15-day injured list."
688107,Robert Gasser,2024,688107-1,2024-06-02,2024-09-30,120,60,Left flexor strain.,forearm,True,False,"Milwaukee Brewers placed LHP Robert Gasser on the 15-day injured list retroactive to June 2, 2024. Left flexor strain. | Milwaukee Brewers transferred LHP Robert Gasser from the 15-day injured list to the 60-day injured list. Left flexor strain. | Milwaukee Brewers activated LHP Robert Gasser from the 60-day injured list."
688107,Robert Gasser,2025,688107-2,2025-02-12,2025-08-30,156,60,Recovery from Tommy John surgery.,elbow,True,False,Milwaukee Brewers placed LHP Robert Gasser on the 60-day injured list. | Milwaukee Brewers placed LHP Robert Gasser on the 60-day injured list. Recovery from Tommy John surgery. | Milwaukee Brewers activated LHP Robert Gasser from the 60-day injured list.
571946,Shelby Miller,2023,571946-1,2023-06-21,2023-08-31,71,60,Neck pain.,neck,False,False,Los Angeles Dodgers placed RHP Shelby Miller on the 15-day injured list. Neck pain. | Los Angeles Dodgers transferred RHP Shelby Miller from the 15-day injured list to the 60-day injured list. Neck pain. | Los Angeles Dodgers activated RHP Shelby Miller from the 60-day injured list.
571946,Shelby Miller,2024,571946-2,2024-05-12,2024-06-04,23,15,Unar nerve inflammation.,other,False,False,"Detroit Tigers placed RHP Shelby Miller on the 15-day injured list retroactive to May 12, 2024. Unar nerve inflammation. | Detroit Tigers activated RHP Shelby Miller from the 15-day injured list."
571946,Shelby Miller,2025,571946-3,2025-07-06,2025-08-08,33,15,Right forearm strain.,forearm,True,False,"Arizona Diamondbacks placed RHP Shelby Miller on the 15-day injured list retroactive to July 6, 2025. Right forearm strain. | Milwaukee Brewers activated RHP Shelby Miller from the 15-day injured list."
571946,Shelby Miller,2025,571946-4,2025-09-02,2025-09-28,26,60,Right elbow UCL sprain.,elbow,True,True,"Milwaukee Brewers placed RHP Shelby Miller on the 60-day injured list retroactive to September 2, 2025. Right elbow UCL sprain."
668964,Tobias Myers,2025,668964-1,2025-03-24,2025-04-24,28,15,Left oblique.,oblique,False,False,"Milwaukee Brewers placed RHP Tobias Myers on the 15-day injured list retroactive to March 24, 2025. Left oblique. | Milwaukee Brewers activated RHP Tobias Myers from the 15-day injured list."
656730,Trevor Megill,2022,656730-1,2022-06-16,2022-07-04,18,15,Right shoulder impingement.,shoulder,True,False,"Minnesota Twins placed RHP Trevor Megill on the 15-day injured list retroactive to June 16, 2022. Right shoulder impingement. | Minnesota Twins activated RHP Trevor Megill."
656730,Trevor Megill,2022,656730-2,2022-09-17,2022-09-20,3,10,,other,False,False,Minnesota Twins placed RHP Trevor Megill on the 10-day injured list. | Minnesota Twins activated RHP Trevor Megill from the 10-day injured list.
656730,Trevor Megill,2022,656730-3,2022-10-03,2022-10-05,2,15,Left oblique strain.,oblique,False,False,Minnesota Twins placed RHP Trevor Megill on the 15-day injured list. Left oblique strain. | Minnesota Twins activated RHP Trevor Megill from the 15-day injured list.
656730,Trevor Megill,2024,656730-4,2024-03-31,2024-04-19,19,7,Concussion.,head,False,False,"Milwaukee Brewers placed RHP Trevor Megill on the 7-day injured list retroactive to March 31, 2024. Concussion. | Milwaukee Brewers activated RHP Trevor Megill from the 7-day injured list."
656730,Trevor Megill,2024,656730-5,2024-07-26,2024-08-20,25,15,Low back strain.,back,False,False,"Milwaukee Brewers placed RHP Trevor Megill on the 15-day injured list retroactive to July 26, 2024. Low back strain. | Milwaukee Brewers activated RHP Trevor Megill from the 15-day injured list."
656730,Trevor Megill,2025,656730-6,2025-08-25,2025-09-28,34,15,Right flexor strain.,forearm,True,False,"Milwaukee Brewers placed RHP Trevor Megill on the 15-day injured list retroactive to August 25, 2025. Right flexor strain. | Milwaukee Brewers activated RHP Trevor Megill from the 15-day injured list."
641302,Tyler Alexander,2022,641302-1,2022-04-30,2022-06-14,45,10,Left elbow sprain.,elbow,True,False,"Detroit Tigers placed LHP Tyler Alexander on the 10-day injured list retroactive to April 30, 2022. Left elbow sprain. | Detroit Tigers activated LHP Tyler Alexander from the 10-day injured list."
641302,Tyler Alexander,2023,641302-2,2023-07-03,2023-10-02,91,60,Left lat/shoulder strain.,lat,True,False,"Detroit Tigers placed LHP Tyler Alexander on the 60-day injured list retroactive to July 3, 2023. Left lat/shoulder strain. | Detroit Tigers activated LHP Tyler Alexander from the 60-day injured list."
664948,Anthony Misiewicz,2023,664948-1,2023-05-20,2023-06-10,21,15,Right calf strain.,calf,False,False,Arizona Diamondbacks placed LHP Anthony Misiewicz on the 15-day injured list. Right calf strain. | Arizona Diamondbacks activated LHP Anthony Misiewicz from the 15-day injured list.
664948,Anthony Misiewicz,2023,664948-2,2023-09-16,2023-10-02,16,7,Concussion.,head,False,False,New York Yankees placed LHP Anthony Misiewicz on the 7-day injured list. Concussion. | New York Yankees activated LHP Anthony Misiewicz from the 7-day injured list.
664948,Anthony Misiewicz,2025,664948-3,2025-07-23,2025-09-28,67,15,Left shoulder impingement.,shoulder,True,False,"Minnesota Twins placed LHP Anthony Misiewicz on the 15-day injured list retroactive to July 23, 2025. Left shoulder impingement. | Minnesota Twins activated LHP Anthony Misiewicz from the 15-day injured list."
641927,Bailey Ober,2022,641927-1,2022-04-29,2022-05-21,22,10,Right groin strain.,hip/groin,False,False,"Minnesota Twins placed RHP Bailey Ober on the 10-day injured list retroactive to April 29, 2022. Right groin strain. | Minnesota Twins activated RHP Bailey Ober."
641927,Bailey Ober,2022,641927-2,2022-06-02,2022-09-16,106,60,Right groin strain.,hip/groin,False,False,"Minnesota Twins placed RHP Bailey Ober on the 15-day injured list retroactive to June 2, 2022. Right groin strain. | Minnesota Twins transferred RHP Bailey Ober from the 15-day injured list to the 60-day injured list. | Minnesota Twins activated RHP Bailey Ober from the 60-day injured list."
641927,Bailey Ober,2025,641927-3,2025-06-29,2025-08-02,34,15,Left hip impingement .,hip/groin,False,False,"Minnesota Twins placed RHP Bailey Ober on the 15-day injured list retroactive to June 29, 2025. Left hip impingement . | Minnesota Twins activated RHP Bailey Ober from the 15-day injured list."
592779,Brock Stewart,2023,592779-1,2023-06-26,2023-09-26,92,60,Right elbow soreness.,elbow,True,False,"Minnesota Twins placed RHP Brock Stewart on the 15-day injured list retroactive to June 26, 2023. Right elbow soreness. | Minnesota Twins transferred RHP Brock Stewart from the 15-day injured list to the 60-day injured list. | Minnesota Twins activated RHP Brock Stewart from the 60-day injured list."
592779,Brock Stewart,2024,592779-2,2024-05-02,2024-07-24,83,60,Right shoulder tendinitis.,shoulder,True,False,"Minnesota Twins placed RHP Brock Stewart on the 15-day injured list retroactive to May 2, 2024. Right shoulder tendinitis. | Minnesota Twins transferred RHP Brock Stewart from the 15-day injured list to the 60-day injured list. Right shoulder tendinitis. | Minnesota Twins activated RHP Brock Stewart from the 60-day injured list."
592779,Brock Stewart,2024,592779-3,2024-07-30,2024-09-30,62,60,Right shoulder strain.,shoulder,True,False,"Minnesota Twins placed RHP Brock Stewart on the 15-day injured list retroactive to July 30, 2024. Right shoulder strain. | Minnesota Twins transferred RHP Brock Stewart from the 15-day injured list to the 60-day injured list. Right shoulder strain. | Minnesota Twins activated RHP Brock Stewart from the 60-day injured list."
592779,Brock Stewart,2025,592779-4,2025-03-24,2025-04-19,23,15,Left hamstring strain.,hamstring,False,False,"Minnesota Twins placed RHP Brock Stewart on the 15-day injured list retroactive to March 24, 2025. Left hamstring strain. | Minnesota Twins activated RHP Brock Stewart from the 15-day injured list."
592779,Brock Stewart,2025,592779-5,2025-08-12,2025-09-28,47,15,Right shoulder inflammation.,shoulder,True,False,Los Angeles Dodgers placed RHP Brock Stewart on the 15-day injured list. Right shoulder inflammation. | Los Angeles Dodgers activated RHP Brock Stewart from the 15-day injured list.
663978,Chris Paddack,2022,663978-1,2022-05-09,2022-10-05,149,60,Right elbow inflammation.,elbow,True,False,"Minnesota Twins placed RHP Chris Paddack on the 15-day injured list retroactive to May 9, 2022. Right elbow inflammation. | Minnesota Twins transferred RHP Chris Paddack from the 15-day injured list to the 60-day injured list. Right elbow inflammation. | Minnesota Twins transferred RHP Chris Paddack from the 15-day injured list to the 60-day injured list. | Minnesota Twins transferred RHP Chris Paddack from the 15-day injured list to the 60-day injured list. | Minnesota Twins activated RHP Chris Paddack from the 60-day injured list."
663978,Chris Paddack,2023,663978-2,2023-02-23,2023-09-24,178,60,Tommy John surgery.,elbow,True,False,Minnesota Twins placed RHP Chris Paddack on the 60-day injured list. Tommy John surgery. | Minnesota Twins activated RHP Chris Paddack from the 60-day injured list.
663978,Chris Paddack,2024,663978-3,2024-06-22,2024-07-08,16,15,Right arm fatigue.,other,False,False,"Minnesota Twins placed RHP Chris Paddack on the 15-day injured list retroactive to June 22, 2024. Right arm fatigue. | Minnesota Twins activated RHP Chris Paddack from the 15-day injured list."
663978,Chris Paddack,2024,663978-4,2024-07-17,2024-09-30,75,60,Right forearm strain.,forearm,True,False,"Minnesota Twins placed RHP Chris Paddack on the 15-day injured list retroactive to July 17, 2024. Right forearm strain. | Minnesota Twins transferred RHP Chris Paddack from the 15-day injured list to the 60-day injured list. Right forearm strain. | Minnesota Twins activated RHP Chris Paddack from the 60-day injured list."
663485,Cole Sands,2022,663485-1,2022-08-24,2022-09-08,15,15,Right elbow contusion.,elbow,True,False,Minnesota Twins placed RHP Cole Sands on the 15-day injured list. Right elbow contusion. | Minnesota Twins activated RHP Cole Sands from the 15-day injured list.
663485,Cole Sands,2023,663485-2,2023-06-01,2023-07-05,34,15,Right shoulder impingement.,shoulder,True,False,"Minnesota Twins placed RHP Cole Sands on the 15-day injured list retroactive to June 1, 2023. Right shoulder impingement. | Minnesota Twins activated RHP Cole Sands from the 15-day injured list."
701581,David Festa,2025,701581-1,2025-07-22,2025-09-28,68,15,Right shoulder inflammation.,shoulder,True,False,"Minnesota Twins placed RHP David Festa on the 15-day injured list retroactive to July 22, 2025. Right shoulder inflammation. | Minnesota Twins activated RHP David Festa from the 15-day injured list."
657746,Joe Ryan,2022,657746-1,2022-05-25,2022-06-14,20,10,,other,False,False,Minnesota Twins placed RHP Joe Ryan on the 10-day injured list. | Minnesota Twins activated RHP Joe Ryan.
657746,Joe Ryan,2023,657746-2,2023-08-03,2023-08-26,23,15,Left groin strain.,hip/groin,False,False,Minnesota Twins placed RHP Joe Ryan on the 15-day injured list. Left groin strain. | Minnesota Twins activated RHP Joe Ryan from the 15-day injured list.
657746,Joe Ryan,2024,657746-3,2024-08-08,2024-09-30,53,60,Right shoulder strain.,shoulder,True,False,"Minnesota Twins placed RHP Joe Ryan on the 15-day injured list retroactive to August 8, 2024. Right shoulder strain. | Minnesota Twins transferred RHP Joe Ryan from the 15-day injured list to the 60-day injured list. Right shoulder strain. | Minnesota Twins activated RHP Joe Ryan from the 60-day injured list."
623437,Justin Topa,2022,623437-1,2022-04-04,2022-08-13,128,60,Right elbow injury.,elbow,True,False,Milwaukee Brewers placed RHP Justin Topa on the 10-day injured list. Right elbow injury. | Milwaukee Brewers transferred RHP Justin Topa from the 10-day injured list to the 60-day injured list. | Milwaukee Brewers activated RHP Justin Topa from the 60-day injured list.
623437,Justin Topa,2022,623437-2,2022-10-03,2022-10-05,2,15,Left ankle contusion.,ankle/foot,False,False,Milwaukee Brewers placed RHP Justin Topa on the 15-day injured list. Left ankle contusion. | Milwaukee Brewers activated RHP Justin Topa from the 15-day injured list.
623437,Justin Topa,2024,623437-3,2024-03-25,2024-05-28,61,15,Left patellar tendinitis.,knee,False,True,"Minnesota Twins placed RHP Justin Topa on the 15-day injured list retroactive to March 25, 2024. Left patellar tendinitis."
623437,Justin Topa,2024,623437-4,2024-05-28,2024-09-25,120,60,Left patellar tendinitis.,knee,False,False,Minnesota Twins placed RHP Justin Topa on the 60-day injured list. Left patellar tendinitis. | Minnesota Twins activated RHP Justin Topa from the 60-day injured list.
623437,Justin Topa,2025,623437-5,2025-09-09,2025-09-28,19,15,Left oblique strain.,oblique,False,False,"Minnesota Twins placed RHP Justin Topa on the 15-day injured list retroactive to September 9, 2025. Left oblique strain. | Minnesota Twins activated RHP Justin Topa from the 15-day injured list."
681892,Kody Funderburk,2024,681892-1,2024-07-18,2024-09-27,71,60,Left oblique strain.,oblique,False,False,"Minnesota Twins placed LHP Kody Funderburk on the 15-day injured list retroactive to July 18, 2024. Left oblique strain. | Minnesota Twins transferred LHP Kody Funderburk from the 15-day injured list to the 60-day injured list. | Minnesota Twins activated LHP Kody Funderburk from the 60-day injured list."
543859,Michael Tonkin,2023,543859-1,2023-05-24,2023-06-08,15,15,Strained neck.,neck,False,False,"Atlanta Braves placed RHP Michael Tonkin on the 15-day injured list retroactive to May 24, 2023. Strained neck. | Atlanta Braves activated RHP Michael Tonkin from the 15-day injured list."
543859,Michael Tonkin,2025,543859-2,2025-03-26,2025-05-16,50,15,Right shoulder strain.,shoulder,True,True,Minnesota Twins placed RHP Michael Tonkin on the 15-day injured list. Right shoulder strain.
543859,Michael Tonkin,2025,543859-3,2025-05-16,2025-07-28,73,60,Right shoulder strain.,shoulder,True,False,Minnesota Twins placed RHP Michael Tonkin on the 60-day injured list. Right shoulder strain. | Minnesota Twins placed RHP Michael Tonkin on the 60-day injured list. Right shoulder strain. | Minnesota Twins selected the contract of RHP Michael Tonkin from St. Paul Saints.
663562,Noah Davis,2023,663562-1,2023-04-30,2023-06-01,32,15,Right elbow inflammation.,elbow,True,False,Colorado Rockies placed RHP Noah Davis on the 15-day injured list. Right elbow inflammation. | Colorado Rockies activated RHP Noah Davis from the 15-day injured list.
641154,Pablo López,2025,641154-1,2025-04-09,2025-04-25,16,15,Right hamstring strain.,hamstring,False,False,"Minnesota Twins placed RHP Pablo López on the 15-day injured list retroactive to April 9, 2025. Right hamstring strain. | Minnesota Twins activated RHP Pablo López from the 15-day injured list."
641154,Pablo López,2025,641154-2,2025-06-04,2025-09-05,93,60,Right shoulder strain.,shoulder,True,False,"Minnesota Twins placed RHP Pablo López on the 15-day injured list retroactive to June 4, 2025. Right shoulder strain. | Minnesota Twins transferred RHP Pablo López from the 15-day injured list to the 60-day injured list. Right shoulder strain. | Minnesota Twins activated RHP Pablo López from the 60-day injured list."
641154,Pablo López,2025,641154-3,2025-09-20,2025-09-28,8,15,Mild mid right forearm strain.,forearm,True,False,Minnesota Twins placed RHP Pablo López on the 15-day injured list. Mild mid right forearm strain. | Minnesota Twins activated RHP Pablo López from the 15-day injured list.
656240,Scott Blewett,2025,656240-1,2025-07-13,2025-09-19,68,60,Right elbow discomfort.,elbow,True,False,Baltimore Orioles placed RHP Scott Blewett on the 15-day injured list. Right elbow discomfort. | Baltimore Orioles transferred RHP Scott Blewett from the 15-day injured list to the 60-day injured list. Right elbow discomfort. | Baltimore Orioles activated RHP Scott Blewett from the 60-day injured list.
680573,Simeon Woods Richardson,2025,680573-1,2025-08-01,2025-08-27,26,15,Illness.,illness,False,False,"Minnesota Twins placed RHP Simeon Woods Richardson on the 15-day injured list retroactive to August 1, 2025. Illness. | Minnesota Twins activated RHP Simeon Woods Richardson from the 15-day injured list."
805673,Zebby Matthews,2025,805673-1,2025-06-05,2025-07-19,44,15,Right shoulder strain.,shoulder,True,False,"Minnesota Twins placed RHP Zebby Matthews on the 15-day injured list retroactive to June 5, 2025. Right shoulder strain. | Minnesota Twins activated RHP Zebby Matthews from the 15-day injured list."
621345,A. J. Minter,2023,621345-1,2023-07-12,2023-07-31,19,15,Left shoulder inflammation.,shoulder,True,False,"Atlanta Braves placed LHP A.J. Minter on the 15-day injured list retroactive to July 12, 2023. Left shoulder inflammation. | Atlanta Braves activated LHP A.J. Minter from the 15-day injured list."
621345,A. J. Minter,2024,621345-2,2024-05-30,2024-07-01,32,15,Left hip inflammation.,hip/groin,False,False,Atlanta Braves placed LHP A.J. Minter on the 15-day injured list. Left hip inflammation. | Atlanta Braves activated LHP A.J. Minter from the 15-day injured list.
621345,A. J. Minter,2024,621345-3,2024-08-12,2024-09-30,49,60,Left hip inflammation.,hip/groin,False,False,Atlanta Braves placed LHP A.J. Minter on the 15-day injured list. Left hip inflammation. | Atlanta Braves transferred LHP A.J. Minter from the 15-day injured list to the 60-day injured list. Left hip inflammation. | (no activation listed; return inferred from first MLB appearance 2025-03-28)
621345,A. J. Minter,2025,621345-3,2025-03-27,2025-03-28,1,60,Left hip inflammation.,hip/groin,False,False,Atlanta Braves placed LHP A.J. Minter on the 15-day injured list. Left hip inflammation. | Atlanta Braves transferred LHP A.J. Minter from the 15-day injured list to the 60-day injured list. Left hip inflammation. | (no activation listed; return inferred from first MLB appearance 2025-03-28)
621345,A. J. Minter,2025,621345-4,2025-04-27,2025-09-28,154,60,Left lat strain.,lat,True,False,New York Mets placed LHP A.J. Minter on the 15-day injured list. Left lat strain. | New York Mets transferred LHP A.J. Minter from the 15-day injured list to the 60-day injured list. Left lat strain. | New York Mets activated LHP A.J. Minter from the 60-day injured list.
681810,Austin Warren,2022,681810-1,2022-05-02,2022-06-12,41,15,,other,False,False,"Los Angeles Angels placed RHP Austin Warren on the 15-day injured list retroactive to May 2, 2022. | Los Angeles Angels activated RHP Austin Warren."
681810,Austin Warren,2022,681810-2,2022-06-18,2022-07-12,24,10,Right triceps strain.,biceps/triceps,False,False,Los Angeles Angels placed RHP Austin Warren on the 10-day injured list. Left triceps strain. | Los Angeles Angels placed RHP Austin Warren on the 10-day injured list. Right triceps strain. | Los Angeles Angels activated RHP Austin Warren.
681810,Austin Warren,2023,681810-3,2023-04-24,2023-10-02,161,60,Right elbow inflammation.,elbow,True,False,"Los Angeles Angels placed RHP Austin Warren on the 15-day injured list retroactive to April 24, 2023. Right elbow inflammation. | Los Angeles Angels transferred RHP Austin Warren from the 15-day injured list to the 60-day injured list. Right elbow inflammation. | Los Angeles Angels activated RHP Austin Warren from the 60-day injured list."
681810,Austin Warren,2024,681810-4,2024-02-18,2024-07-13,107,60,Right elbow UCL surgery.,elbow,True,False,San Francisco Giants placed RHP Austin Warren on the 60-day injured list. Right elbow UCL surgery. | San Francisco Giants placed RHP Austin Warren on the 60-day injured list. Right elbow UCL surgery. | San Francisco Giants activated RHP Austin Warren from the 60-day injured list.
663399,Brandon Waddell,2025,663399-1,2025-07-19,2025-08-11,23,15,Right hip impingement.,hip/groin,False,False,"New York Mets placed LHP Brandon Waddell on the 15-day injured list retroactive to July 19, 2025. Right hip impingement. | New York Mets activated LHP Brandon Waddell from the 15-day injured list."
548384,Brooks Raley,2023,548384-1,2023-04-28,2023-05-14,16,15,Left elbow inflammation.,elbow,True,False,"New York Mets placed LHP Brooks Raley on the 15-day injured list retroactive to April 28, 2023. Left elbow inflammation. | New York Mets activated LHP Brooks Raley from the 15-day injured list."
548384,Brooks Raley,2024,548384-2,2024-04-21,2024-09-30,162,60,Left elbow inflammation.,elbow,True,False,New York Mets placed LHP Brooks Raley on the 15-day injured list. Left elbow inflammation. | New York Mets transferred LHP Brooks Raley from the 15-day injured list to the 60-day injured list. Left elbow surgery. | New York Mets transferred LHP Brooks Raley from the 15-day injured list to the 60-day injured list. | New York Mets activated LHP Brooks Raley from the 60-day injured list.
548384,Brooks Raley,2025,548384-2,2025-03-27,2025-07-18,113,60,Left elbow inflammation.,elbow,True,False,New York Mets placed LHP Brooks Raley on the 15-day injured list. Left elbow inflammation. | New York Mets transferred LHP Brooks Raley from the 15-day injured list to the 60-day injured list. Left elbow surgery. | New York Mets transferred LHP Brooks Raley from the 15-day injured list to the 60-day injured list. | New York Mets activated LHP Brooks Raley from the 60-day injured list.
606965,Chris Devenski,2023,606965-1,2023-07-16,2023-08-25,40,15,Right hamstring strain.,hamstring,False,False,"Los Angeles Angels placed RHP Chris Devenski on the 15-day injured list retroactive to July 16, 2023. Right hamstring strain. | Los Angeles Angels activated RHP Chris Devenski from the 15-day injured list."
606965,Chris Devenski,2024,606965-2,2024-04-26,2024-05-25,29,15,Right knee tendinitis.,knee,False,False,"Tampa Bay Rays placed RHP Chris Devenski on the 15-day injured list retroactive to April 26, 2024. Right knee tendinitis. | Tampa Bay Rays activated RHP Chris Devenski from the 15-day injured list."
605280,Clay Holmes,2022,605280-1,2022-08-14,2022-08-29,15,15,Left lower back spasm.,back,False,False,"New York Yankees placed RHP Clay Holmes on the 15-day injured list retroactive to August 14, 2022. Left lower back spasm. | New York Yankees activated RHP Clay Holmes from the 15-day injured list."
664849,Danny Young,2025,664849-1,2025-04-27,2025-09-28,154,60,Left elbow sprain.,elbow,True,False,"New York Mets placed LHP Danny Young on the 15-day injured list retroactive to April 27, 2025. Left elbow sprain. | New York Mets transferred LHP Danny Young from the 15-day injured list to the 60-day injured list. Left elbow sprain. | New York Mets activated LHP Danny Young from the 60-day injured list."
656849,David Peterson,2024,656849-1,2024-02-25,2024-05-29,62,60,Torn labrum in left hip.,shoulder,True,False,New York Mets placed LHP David Peterson on the 60-day injured list. | New York Mets placed LHP David Peterson on the 60-day injured list. Torn labrum in left hip. | New York Mets activated LHP David Peterson from the 60-day injured list.
673380,Dedniel Núñez,2024,673380-1,2024-07-24,2024-08-23,30,15,Right pronator strain.,forearm,True,False,"New York Mets placed RHP Dedniel Núñez on the 15-day injured list retroactive to July 24, 2024. Right pronator strain. | New York Mets activated RHP Dedniel Núñez from the 15-day injured list."
673380,Dedniel Núñez,2024,673380-2,2024-08-26,2024-09-30,35,15,Right forearm tightness.,forearm,True,False,"New York Mets placed RHP Dedniel Núñez on the 15-day injured list retroactive to August 26, 2024. Right forearm tightness. | New York Mets activated RHP Dedniel Núñez from the 15-day injured list."
673380,Dedniel Núñez,2025,673380-3,2025-07-03,2025-09-28,87,60,Right elbow sprain.,elbow,True,False,New York Mets placed RHP Dedniel Núñez on the 15-day injured list. Right elbow sprain. | New York Mets transferred RHP Dedniel Núñez from the 15-day injured list to the 60-day injured list. Right elbow sprain. | New York Mets activated RHP Dedniel Núñez from the 60-day injured list.
621242,Edwin Díaz,2023,621242-1,2023-03-30,2023-10-02,186,60,Right patellar tendon repair.,knee,False,False,New York Mets placed RHP Edwin Díaz on the 60-day injured list. Right patellar tendon repair. | (no activation listed; return inferred from first MLB appearance 2024-03-30)
621242,Edwin Díaz,2024,621242-1,2024-03-28,2024-03-30,2,60,Right patellar tendon repair.,knee,False,False,New York Mets placed RHP Edwin Díaz on the 60-day injured list. Right patellar tendon repair. | (no activation listed; return inferred from first MLB appearance 2024-03-30)
621242,Edwin Díaz,2024,621242-2,2024-05-29,2024-06-13,15,15,Right shoulder impingement.,shoulder,True,False,New York Mets placed RHP Edwin Díaz on the 15-day injured list. Right shoulder impingement. | New York Mets activated RHP Edwin Díaz from the 15-day injured list.
593423,Frankie Montas,2022,593423-1,2022-09-17,2022-10-05,18,15,Rightt shoulder inflammation.,shoulder,True,False,"New York Yankees placed RHP Frankie Montas on the 15-day injured list retroactive to September 17, 2022. Rightt shoulder inflammation. | New York Yankees activated RHP Frankie Montas from the 15-day injured list."
593423,Frankie Montas,2023,593423-2,2023-03-27,2023-09-30,184,60,Right shoulder surgery recovery.,shoulder,True,False,"New York Yankees placed RHP Frankie Montas on the 15-day injured list retroactive to March 27, 2023. Right shoulder surgery recovery. | New York Yankees transferred RHP Frankie Montas from the 15-day injured list to the 60-day injured list. Right shoulder surgery recovery. | New York Yankees activated RHP Frankie Montas from the 60-day injured list."
593423,Frankie Montas,2024,593423-3,2024-04-22,2024-05-07,15,15,Right forearm contusion.,forearm,True,False,Cincinnati Reds placed RHP Frankie Montas on the 15-day injured list. Right forearm contusion. | Cincinnati Reds activated RHP Frankie Montas from the 15-day injured list.
593423,Frankie Montas,2025,593423-4,2025-03-24,2025-06-24,89,60,Right lat strain.,lat,True,False,"New York Mets placed RHP Frankie Montas on the 15-day injured list retroactive to March 24, 2025. Right lat strain. | New York Mets transferred RHP Frankie Montas from the 15-day injured list to the 60-day injured list. Right lat strain. | New York Mets activated RHP Frankie Montas from the 60-day injured list."
593423,Frankie Montas,2025,593423-5,2025-08-22,2025-09-28,37,60,Right elbow UCL injury.,elbow,True,False,"New York Mets placed RHP Frankie Montas on the 15-day injured list retroactive to August 22, 2025. Right elbow UCL injury. | New York Mets transferred RHP Frankie Montas from the 15-day injured list to the 60-day injured list. Right elbow UCL injury. | New York Mets activated RHP Frankie Montas from the 60-day injured list."
656288,Griffin Canning,2022,656288-1,2022-03-16,2022-10-05,181,60,Back.,back,False,False,Los Angeles Angels placed RHP Griffin Canning on the 60-day injured list. Back. | Los Angeles Angels activated RHP Griffin Canning from the 60-day injured list.
656288,Griffin Canning,2023,656288-2,2023-03-27,2023-04-12,13,15,Left groin strain.,hip/groin,False,False,"Los Angeles Angels placed RHP Griffin Canning on the 15-day injured list retroactive to March 27, 2023. Left groin strain. | Los Angeles Angels activated RHP Griffin Canning from the 15-day injured list."
656288,Griffin Canning,2023,656288-3,2023-07-29,2023-08-13,15,15,Right calf tightness.,calf,False,False,"Los Angeles Angels placed RHP Griffin Canning on the 15-day injured list retroactive to July 29, 2023. Right calf tightness. | Los Angeles Angels activated RHP Griffin Canning from the 15-day injured list."
656288,Griffin Canning,2025,656288-4,2025-06-27,2025-09-28,93,60,Left achilles rupture.,calf,False,True,New York Mets placed RHP Griffin Canning on the 60-day injured list. Left achilles rupture.
623211,Huascar Brazobán,2023,623211-1,2023-08-14,2023-09-26,43,15,Left hamstring strain.,hamstring,False,False,Miami Marlins placed RHP Huascar Brazoban on the 15-day injured list. Left hamstring strain. | Miami Marlins activated RHP Huascar Brazoban from the 15-day injured list.
673540,Kodai Senga,2024,673540-1,2024-03-25,2024-07-26,120,60,Right shoulder capsule strain.,shoulder,True,False,"New York Mets placed RHP Kodai Senga on the 15-day injured list. Right shoulder capsule strain. | New York Mets placed RHP Kodai Senga on the 15-day injured list retroactive to March 25, 2024. | New York Mets transferred RHP Kodai Senga from the 15-day injured list to the 60-day injured list. Right shoulder capsule strain. | New York Mets activated RHP Kodai Senga from the 60-day injured list."
673540,Kodai Senga,2024,673540-2,2024-07-27,2024-09-30,65,60,Left calf strain.,calf,False,False,New York Mets placed RHP Kodai Senga on the 15-day injured list. Left calf strain. | New York Mets transferred RHP Kodai Senga from the 15-day injured list to the 60-day injured list. Left calf strain. | New York Mets activated RHP Kodai Senga from the 60-day injured list.
673540,Kodai Senga,2025,673540-3,2025-06-13,2025-07-11,28,15,Right hamstring strain.,hamstring,False,False,New York Mets placed RHP Kodai Senga on the 15-day injured list. Right hamstring strain. | New York Mets activated RHP Kodai Senga from the 15-day injured list.
668820,Max Kranick,2022,668820-1,2022-04-04,2022-10-05,181,60,Right forearm strain.,forearm,True,False,Pittsburgh Pirates placed RHP Max Kranick on the 10-day injured list. Right forearm strain. | Pittsburgh Pirates transferred RHP Max Kranick from the 7-day injured list to the 60-day injured list. | Pittsburgh Pirates activated RHP Max Kranick.
668820,Max Kranick,2023,668820-2,2023-03-08,2023-09-01,155,60,,other,False,False,Pittsburgh Pirates placed RHP Max Kranick on the 60-day injured list. | Pittsburgh Pirates activated RHP Max Kranick from the 60-day injured list.
668820,Max Kranick,2024,668820-3,2024-03-25,2024-04-23,26,15,Left hamstring strain.,hamstring,False,False,"New York Mets placed RHP Max Kranick on the 15-day injured list. Left hamstring strain. | New York Mets placed RHP Max Kranick on the 15-day injured list retroactive to March 25, 2024. | New York Mets activated RHP Max Kranick from the 15-day injured list."
668820,Max Kranick,2025,668820-4,2025-06-16,2025-09-28,104,60,Right elbow strain.,elbow,True,False,"New York Mets placed RHP Max Kranick on the 15-day injured list retroactive to June 16, 2025. Right elbow strain. | New York Mets transferred RHP Max Kranick from the 15-day injured list to the 60-day injured list. Right elbow strain. | New York Mets activated RHP Max Kranick from the 60-day injured list."
657585,Reed Garrett,2022,657585-1,2022-07-06,2022-08-04,29,15,Right biceps inflammation.,biceps/triceps,False,False,Washington Nationals placed RHP Reed Garrett on the 15-day injured list. Right biceps inflammation. | Washington Nationals activated RHP Reed Garrett from the 15-day injured list.
657585,Reed Garrett,2024,657585-2,2024-07-10,2024-08-10,31,15,Right elbow inflammation.,elbow,True,False,New York Mets placed RHP Reed Garrett on the 15-day injured list. Right elbow inflammation. | New York Mets activated RHP Reed Garrett from the 15-day injured list.
657585,Reed Garrett,2025,657585-3,2025-08-23,2025-09-07,15,15,Right elbow inflammation.,elbow,True,False,"New York Mets placed RHP Reed Garrett on the 15-day injured list retroactive to August 23, 2025. Right elbow inflammation. | New York Mets activated RHP Reed Garrett from the 15-day injured list."
657585,Reed Garrett,2025,657585-4,2025-09-15,2025-09-28,13,15,Right elnow sprain.,other,False,False,"New York Mets placed RHP Reed Garrett on the 15-day injured list retroactive to September 15, 2025. Right elnow sprain. | New York Mets activated RHP Reed Garrett from the 15-day injured list."
663992,Richard Lovelady,2023,663992-1,2023-06-16,2023-07-02,16,15,Strained left elbow.,elbow,True,False,Oakland Athletics placed LHP Richard Lovelady on the 15-day injured list. Strained left elbow. | Oakland Athletics activated LHP Richard Lovelady from the 15-day injured list.
663992,Richard Lovelady,2023,663992-2,2023-07-11,2023-10-02,83,60,Strained left forearm.,forearm,True,False,"Oakland Athletics placed LHP Richard Lovelady on the 15-day injured list retroactive to July 11, 2023. Strained left forearm. | Oakland Athletics transferred LHP Richard Lovelady from the 15-day injured list to the 60-day injured list. Strained left forearm. | Oakland Athletics activated LHP Richard Lovelady from the 60-day injured list."
663992,Richard Lovelady,2024,663992-3,2024-06-08,2024-08-08,61,15,,other,False,False,Tampa Bay Rays placed LHP Richard Lovelady on the 15-day injured list. | Tampa Bay Rays activated LHP Richard Lovelady from the 15-day injured list.
592773,Ryne Stanek,2023,592773-1,2023-09-05,2023-09-22,17,15,Right ankle sprain.,ankle/foot,False,False,Houston Astros placed RHP Ryne Stanek on the 15-day injured list. Right ankle sprain. | Houston Astros activated RHP Ryne Stanek from the 15-day injured list.
640455,Sean Manaea,2025,640455-1,2025-03-24,2025-07-13,108,60,Right oblique strain.,oblique,False,False,"New York Mets placed LHP Sean Manaea on the 15-day injured list retroactive to March 24, 2025. Right oblique strain. | New York Mets transferred LHP Sean Manaea from the 15-day injured list to the 60-day injured list. | New York Mets activated LHP Sean Manaea from the 60-day injured list."
676604,Tyler Zuber,2022,676604-1,2022-03-16,2022-10-05,181,60,Right shoulder impingement syndrome.,shoulder,True,False,Kansas City Royals placed RHP Tyler Zuber on the 60-day injured list. Right shoulder impingement syndrome. | Tampa Bay Rays selected the contract of RHP Tyler Zuber from Durham Bulls.
676604,Tyler Zuber,2023,676604-1,2023-03-30,2023-10-02,186,60,Right shoulder impingement syndrome.,shoulder,True,False,Kansas City Royals placed RHP Tyler Zuber on the 60-day injured list. Right shoulder impingement syndrome. | Tampa Bay Rays selected the contract of RHP Tyler Zuber from Durham Bulls.
676604,Tyler Zuber,2024,676604-1,2024-03-28,2024-07-18,112,60,Right shoulder impingement syndrome.,shoulder,True,False,Kansas City Royals placed RHP Tyler Zuber on the 60-day injured list. Right shoulder impingement syndrome. | Tampa Bay Rays selected the contract of RHP Tyler Zuber from Durham Bulls.
676604,Tyler Zuber,2025,676604-2,2025-08-30,2025-09-28,29,60,Right lat strain.,lat,True,False,Miami Marlins placed RHP Tyler Zuber on the 15-day injured list. Right lat strain. | Miami Marlins transferred RHP Tyler Zuber from the 15-day injured list to the 60-day injured list. Right lat strain. | Miami Marlins activated RHP Tyler Zuber from the 60-day injured list.
656731,Tylor Megill,2022,656731-1,2022-05-12,2022-06-10,29,15,Right biceps inflammation.,biceps/triceps,False,False,New York Mets placed RHP Tylor Megill on the 15-day injured list. Right biceps inflammation. | New York Mets activated RHP Tylor Megill.
656731,Tylor Megill,2022,656731-2,2022-06-17,2022-09-19,94,60,Right shoulder strain.,shoulder,True,False,New York Mets placed RHP Tylor Megill on the 15-day injured list. Right shoulder strain. | New York Mets transferred RHP Tylor Megill from the 15-day injured list to the 60-day injured list. Right shoulder strain. | New York Mets activated RHP Tylor Megill from the 60-day injured list.
656731,Tylor Megill,2022,656731-3,2022-10-05,2022-10-05,0,10,,other,False,False,New York Mets placed RHP Tylor Megill on the 10-day injured list. | New York Mets activated RHP Tylor Megill from the 10-day injured list.
656731,Tylor Megill,2024,656731-4,2024-04-01,2024-05-20,49,15,Right shoulder strain.,shoulder,True,False,New York Mets placed RHP Tylor Megill on the 15-day injured list. Right shoulder strain. | New York Mets activated RHP Tylor Megill from the 15-day injured list.
656731,Tylor Megill,2025,656731-5,2025-06-15,2025-09-28,105,60,Right elbow sprain.,elbow,True,False,"New York Mets placed RHP Tylor Megill on the 15-day injured list retroactive to June 15, 2025. Right elbow sprain. | New York Mets transferred RHP Tylor Megill from the 15-day injured list to the 60-day injured list. Right elbow sprain. | New York Mets activated RHP Tylor Megill from the 60-day injured list."
687396,Brent Headrick,2025,687396-1,2025-08-16,2025-09-28,43,15,Left forearm contusion.,forearm,True,False,"New York Yankees placed LHP Brent Headrick on the 15-day injured list retroactive to August 16, 2025. Left forearm contusion. | New York Yankees activated LHP Brent Headrick from the 15-day injured list."
471911,Carlos Carrasco,2022,471911-1,2022-08-16,2022-09-04,19,15,Low grade left oblique strain.,oblique,False,False,New York Mets placed RHP Carlos Carrasco on the 15-day injured list. Low grade left oblique strain. | New York Mets activated RHP Carlos Carrasco from the 15-day injured list.
471911,Carlos Carrasco,2023,471911-2,2023-04-16,2023-05-19,33,15,Right elbow inflammation.,elbow,True,False,"New York Mets placed RHP Carlos Carrasco on the 15-day injured list retroactive to April 16, 2023. Right elbow inflammation. | New York Mets activated RHP Carlos Carrasco from the 15-day injured list."
471911,Carlos Carrasco,2023,471911-3,2023-09-05,2023-10-02,27,15,Right pinky finger fracture.,hand/wrist,False,False,New York Mets placed RHP Carlos Carrasco on the 15-day injured list. Right pinky finger fracture. | New York Mets activated RHP Carlos Carrasco from the 15-day injured list.
471911,Carlos Carrasco,2024,471911-4,2024-05-21,2024-06-02,12,15,Acute neck spasm.,neck,False,False,Cleveland Guardians placed RHP Carlos Carrasco on the 15-day injured list. Acute neck spasm. | Cleveland Guardians activated RHP Carlos Carrasco from the 15-day injured list.
471911,Carlos Carrasco,2024,471911-5,2024-08-08,2024-09-30,53,15,Left hip strain.,hip/groin,False,False,"Cleveland Guardians placed RHP Carlos Carrasco on the 15-day injured list retroactive to August 8, 2024. Left hip strain. | New York Yankees selected the contract of RHP Carlos Carrasco from Scranton/Wilkes-Barre RailRiders."
607074,Carlos Rodón,2022,607074-1,2022-10-04,2022-10-05,1,15,,other,False,False,San Francisco Giants placed LHP Carlos Rodon on the 15-day injured list. | San Francisco Giants activated LHP Carlos Rodon from the 15-day injured list.
607074,Carlos Rodón,2023,607074-2,2023-03-27,2023-07-07,99,60,Left forearm strain.,forearm,True,False,"New York Yankees placed LHP Carlos Rodón on the 15-day injured list retroactive to March 27, 2023. Left forearm strain. | New York Yankees transferred LHP Carlos Rodón from the 15-day injured list to the 60-day injured list. Left forearm strain. | New York Yankees activated LHP Carlos Rodón from the 60-day injured list."
607074,Carlos Rodón,2023,607074-3,2023-08-07,2023-08-22,15,15,Left hamstring strain.,hamstring,False,False,New York Yankees placed LHP Carlos Rodón on the 15-day injured list. Left hamstring strain. | New York Yankees activated LHP Carlos Rodón from the 15-day injured list.
657376,Clarke Schmidt,2024,657376-1,2024-05-27,2024-09-07,103,60,Right lat strain.,lat,True,False,"New York Yankees placed RHP Clarke Schmidt on the 15-day injured list retroactive to May 27, 2024. Right lat strain. | New York Yankees transferred RHP Clarke Schmidt from the 15-day injured list to the 60-day injured list. Right lat strain. | New York Yankees activated RHP Clarke Schmidt from the 60-day injured list."
657376,Clarke Schmidt,2025,657376-2,2025-03-24,2025-04-16,20,15,Right rotator cuff tendonitis.,shoulder,True,False,"New York Yankees placed RHP Clarke Schmidt on the 15-day injured list retroactive to March 24, 2025. Right rotator cuff tendonitis. | New York Yankees activated RHP Clarke Schmidt from the 15-day injured list."
657376,Clarke Schmidt,2025,657376-3,2025-07-04,2025-09-28,86,60,Right forearm tightness.,forearm,True,False,New York Yankees placed RHP Clarke Schmidt on the 15-day injured list. Right forearm tightness. | New York Yankees transferred RHP Clarke Schmidt from the 15-day injured list to the 60-day injured list. Right forearm tightness. | New York Yankees activated RHP Clarke Schmidt from the 60-day injured list.
642207,Devin Williams,2024,642207-1,2024-03-25,2024-07-28,122,60,Back stress fracture.,back,False,False,"Milwaukee Brewers placed RHP Devin Williams on the 15-day injured list retroactive to March 25, 2024. Back stress fracture. | Milwaukee Brewers transferred RHP Devin Williams from the 15-day injured list to the 60-day injured list. Back stress fracture. | Milwaukee Brewers activated RHP Devin Williams from the 60-day injured list."
518585,Fernando Cruz,2023,518585-1,2023-04-29,2023-05-26,27,15,Right shoulder strain.,shoulder,True,False,"Cincinnati Reds placed RHP Fernando Cruz on the 15-day injured list retroactive to April 29, 2023. Right shoulder strain. | Cincinnati Reds activated RHP Fernando Cruz from the 15-day injured list."
518585,Fernando Cruz,2023,518585-2,2023-08-31,2023-09-08,8,15,,other,False,False,"Cincinnati Reds placed RHP Fernando Cruz on the 15-day injured list retroactive to August 31, 2023. | Cincinnati Reds activated RHP Fernando Cruz from the 15-day injured list."
518585,Fernando Cruz,2025,518585-3,2025-05-19,2025-06-03,15,15,Right shoulder inflammation.,shoulder,True,False,"New York Yankees placed RHP Fernando Cruz on the 15-day injured list retroactive to May 19, 2025. Right shoulder inflammation. | New York Yankees activated RHP Fernando Cruz from the 15-day injured list."
518585,Fernando Cruz,2025,518585-4,2025-06-28,2025-08-26,59,15,Left oblique strain.,oblique,False,False,"New York Yankees placed RHP Fernando Cruz on the 15-day injured list retroactive to June 28, 2025. Left oblique strain. | New York Yankees activated RHP Fernando Cruz from the 15-day injured list."
641656,Ian Hamilton,2023,641656-1,2023-05-17,2023-06-28,42,15,Right groin strain.,hip/groin,False,False,New York Yankees placed RHP Ian Hamilton on the 15-day injured list. Right groin strain. | New York Yankees activated RHP Ian Hamilton from the 15-day injured list.
641656,Ian Hamilton,2023,641656-2,2023-08-31,2023-09-16,16,15,Right groin strain.,hip/groin,False,False,"New York Yankees placed RHP Ian Hamilton on the 15-day injured list retroactive to August 31, 2023. Right groin strain. | New York Yankees activated RHP Ian Hamilton from the 15-day injured list."
641656,Ian Hamilton,2024,641656-3,2024-05-19,2024-05-28,9,7,,other,False,False,"New York Yankees placed RHP Ian Hamilton on the 7-day injured list retroactive to May 19, 2024. | New York Yankees activated RHP Ian Hamilton from the 7-day injured list."
641656,Ian Hamilton,2024,641656-4,2024-06-17,2024-08-26,70,15,Right lat strain.,lat,True,True,"New York Yankees placed RHP Ian Hamilton on the 15-day injured list retroactive to June 17, 2024. Right lat strain."
641656,Ian Hamilton,2024,641656-5,2024-08-26,2024-09-07,12,60,Right lat strain.,lat,True,False,New York Yankees placed RHP Ian Hamilton on the 60-day injured list. Right lat strain. | New York Yankees activated RHP Ian Hamilton from the 60-day injured list.
641656,Ian Hamilton,2025,641656-6,2025-03-24,2025-04-08,12,15,Viral illness.,illness,False,False,"New York Yankees placed RHP Ian Hamilton on the 15-day injured list retroactive to March 24, 2025. Viral illness. | New York Yankees activated RHP Ian Hamilton from the 15-day injured list."
656234,Jake Bird,2024,656234-1,2024-05-18,2024-06-17,30,15,Right elbow inflammation.,elbow,True,False,"Colorado Rockies placed RHP Jake Bird on the 15-day injured list retroactive to May 18, 2024. Right elbow inflammation. | Colorado Rockies activated RHP Jake Bird from the 15-day injured list."
656234,Jake Bird,2024,656234-2,2024-06-23,2024-09-30,99,15,Right groin strain.,hip/groin,False,False,"Colorado Rockies placed RHP Jake Bird on the 15-day injured list retroactive to June 23, 2024. Right groin strain. | New York Yankees activated RHP Jake Bird."
656234,Jake Bird,2025,656234-2,2025-03-27,2025-08-01,127,15,Right groin strain.,hip/groin,False,False,"Colorado Rockies placed RHP Jake Bird on the 15-day injured list retroactive to June 23, 2024. Right groin strain. | New York Yankees activated RHP Jake Bird."
642528,Jonathan Loáisiga,2022,642528-1,2022-05-23,2022-07-14,52,15,Right shoulder inflammation.,shoulder,True,False,"New York Yankees placed RHP Jonathan Loaisiga on the 15-day injured list retroactive to May 23, 2022. Right shoulder inflammation. | New York Yankees activated RHP Jonathan Loaisiga."
642528,Jonathan Loáisiga,2023,642528-2,2023-04-06,2023-08-07,123,60,Right elbow inflammation.,elbow,True,False,"New York Yankees placed RHP Jonathan Loáisiga on the 15-day injured list retroactive to April 6, 2023. Right elbow inflammation. | New York Yankees transferred RHP Jonathan Loáisiga from the 15-day injured list to the 60-day injured list. | New York Yankees activated RHP Jonathan Loáisiga from the 60-day injured list."
642528,Jonathan Loáisiga,2023,642528-3,2023-09-10,2023-10-02,22,15,Right elbow inflammation.,elbow,True,False,"New York Yankees placed RHP Jonathan Loáisiga on the 15-day injured list retroactive to September 10, 2023. Right elbow inflammation. | New York Yankees activated RHP Jonathan Loáisiga from the 15-day injured list."
642528,Jonathan Loáisiga,2024,642528-4,2024-04-04,2024-09-30,179,60,Right flexor strain.,forearm,True,False,"New York Yankees placed RHP Jonathan Loáisiga on the 60-day injured list retroactive to April 4, 2024. Right flexor strain."
642528,Jonathan Loáisiga,2025,642528-5,2025-03-24,2025-05-16,50,15,Right elbow surgery recovery.,elbow,True,False,"New York Yankees placed RHP Jonathan Loáisiga on the 15-day injured list retroactive to March 24, 2025. Right elbow surgery recovery. | New York Yankees activated RHP Jonathan Loáisiga from the 15-day injured list."
642528,Jonathan Loáisiga,2025,642528-6,2025-08-02,2025-09-28,57,15,Right mid back tightness.,back,False,False,"New York Yankees placed RHP Jonathan Loáisiga on the 15-day injured list retroactive to August 2, 2025. Right mid back tightness. | New York Yankees activated RHP Jonathan Loáisiga from the 15-day injured list."
661563,Luis Gil,2022,661563-1,2022-08-28,2022-10-05,38,60,,other,False,False,New York Yankees placed RHP Luis Gil on the 60-day injured list. | New York Yankees activated RHP Luis Gil from the 60-day injured list.
661563,Luis Gil,2023,661563-2,2023-03-30,2023-10-02,186,60,Right elbow surgery recovery.,elbow,True,False,New York Yankees placed RHP Luis Gil on the 60-day injured list. Right elbow surgery recovery. | New York Yankees activated RHP Luis Gil from the 60-day injured list.
661563,Luis Gil,2024,661563-3,2024-08-21,2024-09-05,15,15,Lower back strain.,back,False,False,New York Yankees placed RHP Luis Gil on the 15-day injured list. Lower back strain. | New York Yankees activated RHP Luis Gil from the 15-day injured list.
661563,Luis Gil,2025,661563-4,2025-03-24,2025-08-03,129,60,Right lat strain.,lat,True,False,New York Yankees placed RHP Luis Gil on the 60-day injured list. Right lat strain. | New York Yankees activated RHP Luis Gil from the 60-day injured list.
596133,Luke Weaver,2022,596133-1,2022-04-08,2022-06-12,65,60,Right elbow inflammation.,elbow,True,False,Arizona Diamondbacks placed RHP Luke Weaver on the 10-day injured list. Right elbow inflammation. | Arizona Diamondbacks transferred RHP Luke Weaver from the 10-day injured list to the 60-day injured list. | Arizona Diamondbacks activated RHP Luke Weaver.
596133,Luke Weaver,2023,596133-2,2023-03-27,2023-09-14,168,15,Right elbow flexor strain.,elbow,True,False,"Cincinnati Reds placed RHP Luke Weaver on the 15-day injured list retroactive to March 27, 2023. Right elbow flexor strain. | New York Yankees activated RHP Luke Weaver."
596133,Luke Weaver,2025,596133-3,2025-06-01,2025-06-20,19,15,Left hamstring strain.,hamstring,False,False,"New York Yankees placed RHP Luke Weaver on the 15-day injured list retroactive to June 1, 2025. Left hamstring strain. | New York Yankees activated RHP Luke Weaver from the 15-day injured list."
573186,Marcus Stroman,2022,573186-1,2022-05-08,2022-05-19,11,10,,other,False,False,Chicago Cubs placed RHP Marcus Stroman on the 10-day injured list. | Chicago Cubs activated RHP Marcus Stroman from the 10-day injured list.
573186,Marcus Stroman,2022,573186-2,2022-06-07,2022-07-09,32,15,Right shoulder inflammation.,shoulder,True,False,"Chicago Cubs placed RHP Marcus Stroman on the 15-day injured list retroactive to June 7, 2022. Right shoulder inflammation. | Chicago Cubs activated RHP Marcus Stroman from the 15-day injured list."
573186,Marcus Stroman,2023,573186-3,2023-08-01,2023-09-15,45,15,Right hip inflammation.,hip/groin,False,False,"Chicago Cubs placed RHP Marcus Stroman on the 15-day injured list retroactive to August 1, 2023. Right hip inflammation. | Chicago Cubs activated RHP Marcus Stroman from the 15-day injured list."
573186,Marcus Stroman,2025,573186-4,2025-04-12,2025-06-29,78,15,Left knee inflammation.,knee,False,False,New York Yankees placed RHP Marcus Stroman on the 15-day injured list. Left knee inflammation. | New York Yankees activated RHP Marcus Stroman from the 15-day injured list.
643410,Mark Leiter,2024,643410-1,2024-06-23,2024-07-09,16,15,Right forearm strain.,forearm,True,False,Chicago Cubs placed RHP Mark Leiter Jr. on the 15-day injured list. Right forearm strain. | Chicago Cubs activated RHP Mark Leiter Jr. from the 15-day injured list.
643410,Mark Leiter,2025,643410-2,2025-07-07,2025-08-05,29,15,Left fibular head stress fracture.,head,False,False,"New York Yankees placed RHP Mark Leiter Jr. on the 15-day injured list retroactive to July 7, 2025. Left fibular head stress fracture. | New York Yankees activated RHP Mark Leiter Jr. from the 15-day injured list."
608331,Max Fried,2022,608331-1,2022-08-08,2022-08-18,10,7,Concussion.,head,False,False,"Atlanta Braves placed LHP Max Fried on the 7-day injured list retroactive to August 8, 2022. Concussion. | Atlanta Braves activated LHP Max Fried from the 7-day injured list."
608331,Max Fried,2023,608331-2,2023-04-04,2023-04-17,13,15,Left hamstring strain.,hamstring,False,False,Atlanta Braves placed LHP Max Fried on the 15-day injured list. Left hamstring strain. | Atlanta Braves activated LHP Max Fried from the 15-day injured list.
608331,Max Fried,2023,608331-3,2023-05-06,2023-08-04,90,60,Left forearm strain.,forearm,True,False,"Atlanta Braves placed LHP Max Fried on the 15-day injured list retroactive to May 6, 2023. Left forearm strain. | Atlanta Braves transferred LHP Max Fried from the 15-day injured list to the 60-day injured list. | Atlanta Braves activated LHP Max Fried from the 60-day injured list."
608331,Max Fried,2023,608331-4,2023-09-22,2023-10-02,10,15,Left index finger blister.,hand/wrist,False,False,Atlanta Braves placed LHP Max Fried on the 15-day injured list. Left index finger blister. | Atlanta Braves activated LHP Max Fried from the 15-day injured list.
608331,Max Fried,2024,608331-5,2024-07-18,2024-08-04,17,15,Left forearm neuritis.,forearm,True,False,"Atlanta Braves placed LHP Max Fried on the 15-day injured list retroactive to July 18, 2024. Left forearm neuritis. | Atlanta Braves activated LHP Max Fried from the 15-day injured list."
621112,Paul Blackburn,2022,621112-1,2022-08-05,2022-10-05,61,60,Right middle finger inflammation.,hand/wrist,False,False,"Oakland Athletics placed RHP Paul Blackburn on the 15-day injured list retroactive to August 5, 2022. Right middle finger inflammation. | Oakland Athletics transferred RHP Paul Blackburn from the 15-day injured list to the 60-day injured list. | Oakland Athletics activated RHP Paul Blackburn from the 60-day injured list."
621112,Paul Blackburn,2023,621112-2,2023-03-27,2023-05-29,60,15,Right middle fingernail avulsion.,other,False,False,"Oakland Athletics placed RHP Paul Blackburn on the 15-day injured list retroactive to March 27, 2023. Right middle fingernail avulsion. | Oakland Athletics activated RHP Paul Blackburn from the 15-day injured list."
621112,Paul Blackburn,2024,621112-3,2024-06-04,2024-06-04,0,60,,other,False,True,Oakland Athletics transferred RHP Paul Blackburn from the 15-day injured list to the 60-day injured list.
621112,Paul Blackburn,2024,621112-4,2024-05-11,2024-07-26,76,15,Stress reaction of the fifth metatarsal of his right foot.,ankle/foot,False,False,"Oakland Athletics placed RHP Paul Blackburn on the 15-day injured list retroactive to May 11, 2024. Stress reaction of the fifth metatarsal of his right foot. | Oakland Athletics activated RHP Paul Blackburn from the 60-day injured list."
621112,Paul Blackburn,2024,621112-5,2024-08-24,2024-09-30,37,15,Right hand contusion.,hand/wrist,False,False,"New York Mets placed RHP Paul Blackburn on the 15-day injured list retroactive to August 24, 2024. Right hand contusion. | New York Mets activated RHP Paul Blackburn from the 15-day injured list."
621112,Paul Blackburn,2024,621112-6,2024-10-05,2024-09-30,0,60,Spinal fluid leak.,other,False,False,New York Mets placed RHP Paul Blackburn on the 60-day injured list. Spinal fluid leak. | New York Mets activated RHP Paul Blackburn from the 60-day injured list.
621112,Paul Blackburn,2025,621112-7,2025-03-24,2025-06-02,67,15,Right knee inflammation.,knee,False,False,"New York Mets placed RHP Paul Blackburn on the 15-day injured list retroactive to March 24, 2025. Right knee inflammation. | New York Mets activated RHP Paul Blackburn from the 15-day injured list."
621112,Paul Blackburn,2025,621112-8,2025-06-30,2025-08-13,44,15,Right shoulder impingement.,shoulder,True,False,"New York Mets placed RHP Paul Blackburn on the 15-day injured list retroactive to June 30, 2025. Right shoulder impingement. | New York Mets activated RHP Paul Blackburn from the 15-day injured list."
670329,Rico Garcia,2023,670329-1,2023-07-30,2023-10-02,64,15,Biceps tendinitis.,biceps/triceps,False,False,Washington Nationals placed RHP Rico Garcia on the 15-day injured list. Biceps tendinitis. | New York Mets selected the contract of RHP Rico Garcia from Syracuse Mets.
670329,Rico Garcia,2024,670329-1,2024-03-28,2024-09-30,186,15,Biceps tendinitis.,biceps/triceps,False,False,Washington Nationals placed RHP Rico Garcia on the 15-day injured list. Biceps tendinitis. | New York Mets selected the contract of RHP Rico Garcia from Syracuse Mets.
670329,Rico Garcia,2025,670329-1,2025-03-27,2025-07-03,98,15,Biceps tendinitis.,biceps/triceps,False,False,Washington Nationals placed RHP Rico Garcia on the 15-day injured list. Biceps tendinitis. | New York Mets selected the contract of RHP Rico Garcia from Syracuse Mets.
642232,Ryan Yarbrough,2022,642232-1,2022-04-08,2022-05-03,25,10,Left groin tightness.,hip/groin,False,False,"Tampa Bay Rays placed LHP Ryan Yarbrough on the 10-day injured list retroactive to April 8, 2022. Left groin tightness. | Tampa Bay Rays activated LHP Ryan Yarbrough."
642232,Ryan Yarbrough,2022,642232-2,2022-09-23,2022-10-05,12,15,Right oblique strain.,oblique,False,False,Tampa Bay Rays placed LHP Ryan Yarbrough on the 15-day injured list. Right oblique strain. | Tampa Bay Rays activated LHP Ryan Yarbrough from the 15-day injured list.
642232,Ryan Yarbrough,2023,642232-3,2023-05-08,2023-07-09,62,60,Head fractures.,head,False,True,Kansas City Royals placed LHP Ryan Yarbrough on the 15-day injured list. Head fractures. | Kansas City Royals transferred LHP Ryan Yarbrough from the 15-day injured list to the 60-day injured list. Head fractures.
642232,Ryan Yarbrough,2023,642232-4,2023-07-09,2023-07-09,0,60,Head fractures.,head,False,False,Kansas City Royals placed LHP Ryan Yarbrough on the 60-day injured list. Head fractures. | Kansas City Royals activated LHP Ryan Yarbrough from the 60-day injured list.
642232,Ryan Yarbrough,2025,642232-5,2025-06-20,2025-09-01,73,15,Right oblique strain.,oblique,False,False,"New York Yankees placed LHP Ryan Yarbrough on the 15-day injured list retroactive to June 20, 2025. Right oblique strain. | New York Yankees activated LHP Ryan Yarbrough from the 15-day injured list."
664123,Scott Effross,2022,664123-1,2022-08-21,2022-09-22,32,15,Right shoulder strain.,shoulder,True,False,"New York Yankees placed RHP Scott Effross on the 15-day injured list retroactive to August 21, 2022. Right shoulder strain. | New York Yankees activated RHP Scott Effross from the 15-day injured list."
664123,Scott Effross,2023,664123-2,2023-03-30,2023-10-02,186,60,Right elbow surgery recovery.,elbow,True,False,New York Yankees placed RHP Scott Effross on the 60-day injured list. Right elbow surgery recovery. | New York Yankees activated RHP Scott Effross from the 60-day injured list.
664123,Scott Effross,2025,664123-3,2025-03-24,2025-05-18,52,15,Left hamstring strain.,hamstring,False,False,"New York Yankees placed RHP Scott Effross on the 15-day injured list retroactive to March 24, 2025. Left hamstring strain. | New York Yankees activated RHP Scott Effross from the 15-day injured list."
657612,Tim Hill,2022,657612-1,2022-05-05,2022-05-20,15,15,Left shoulder inflammation.,shoulder,True,False,"San Diego Padres placed LHP Tim Hill on the 15-day injured list retroactive to May 5, 2022. Left shoulder inflammation. | San Diego Padres activated LHP Tim Hill from the 15-day injured list."
657612,Tim Hill,2023,657612-2,2023-08-02,2023-09-01,30,15,Left ring finger sprain.,hand/wrist,False,False,San Diego Padres placed LHP Tim Hill on the 15-day injured list. Left ring finger sprain. | San Diego Padres activated LHP Tim Hill from the 15-day injured list.
657612,Tim Hill,2023,657612-3,2023-09-11,2023-10-02,21,60,Sprained left ring finger.,hand/wrist,False,False,San Diego Padres placed LHP Tim Hill on the 15-day injured list. Sprained left ring finger. | San Diego Padres transferred LHP Tim Hill from the 15-day injured list to the 60-day injured list. Sprained left ring finger. | San Diego Padres activated LHP Tim Hill from the 60-day injured list.
554431,Tyler Matzek,2022,554431-1,2022-05-14,2022-07-04,51,15,Left shoulder inflammation.,shoulder,True,False,"Atlanta Braves placed LHP Tyler Matzek on the 15-day injured list retroactive to May 14, 2022. Left shoulder inflammation. | Atlanta Braves activated LHP Tyler Matzek from the 15-day injured list."
554431,Tyler Matzek,2023,554431-2,2023-03-30,2023-10-02,186,60,Injured left UCL.,elbow,True,False,Atlanta Braves placed LHP Tyler Matzek on the 60-day injured list. Injured left UCL. | Atlanta Braves activated LHP Tyler Matzek from the 60-day injured list.
554431,Tyler Matzek,2024,554431-3,2024-05-05,2024-06-04,30,15,Left elbow inflammation.,elbow,True,True,"Atlanta Braves placed LHP Tyler Matzek on the 15-day injured list retroactive to May 5, 2024. Left elbow inflammation."
554431,Tyler Matzek,2024,554431-4,2024-06-04,2024-09-30,118,60,,other,False,False,San Francisco Giants placed LHP Tyler Matzek on the 60-day injured list. | New York Yankees selected the contract of LHP Tyler Matzek from Scranton/Wilkes-Barre RailRiders.
554431,Tyler Matzek,2025,554431-4,2025-03-27,2025-04-22,26,60,,other,False,False,San Francisco Giants placed LHP Tyler Matzek on the 60-day injured list. | New York Yankees selected the contract of LHP Tyler Matzek from Scranton/Wilkes-Barre RailRiders.
660787,Yerry De Los Santos,2022,660787-1,2022-07-03,2022-07-06,3,10,,other,False,False,Pittsburgh Pirates placed RHP Yerry De Los Santos on the 10-day injured list. | Pittsburgh Pirates activated RHP Yerry De Los Santos from the 10-day injured list.
660787,Yerry De Los Santos,2022,660787-2,2022-08-12,2022-10-05,54,60,Right shoulder latissimus dorsi strain.,lat,True,False,Pittsburgh Pirates placed RHP Yerry De Los Santos on the 60-day injured list. Right shoulder latissimus dorsi strain. | Pittsburgh Pirates activated RHP Yerry De Los Santos from the 60-day injured list.
660787,Yerry De Los Santos,2025,660787-3,2025-06-19,2025-07-26,37,15,Right elbow discomfort.,elbow,True,False,New York Yankees placed RHP Yerry De los Santos on the 15-day injured list. Right elbow discomfort. | New York Yankees activated RHP Yerry De los Santos from the 15-day injured list.
605400,Aaron Nola,2025,605400-1,2025-05-15,2025-08-17,94,60,Right ankle sprain.,ankle/foot,False,False,"Philadelphia Phillies placed RHP Aaron Nola on the 15-day injured list retroactive to May 15, 2025. Right ankle sprain. | Philadelphia Phillies transferred RHP Aaron Nola from the 15-day injured list to the 60-day injured list. Right ankle sprain. | Philadelphia Phillies activated RHP Aaron Nola from the 60-day injured list."
672578,Carlos Hernández,2024,672578-1,2024-03-25,2024-05-24,57,15,Right shoulder soreness.,shoulder,True,False,Kansas City Royals placed RHP Carlos Hernández on the 15-day injured list. Right shoulder soreness. | Kansas City Royals activated RHP Carlos Hernández from the 15-day injured list.
650911,Cristopher Sánchez,2023,650911-1,2023-03-27,2023-04-22,23,15,Left triceps strain.,biceps/triceps,False,False,"Philadelphia Phillies placed LHP Cristopher Sánchez on the 15-day injured list retroactive to March 27, 2023. Left triceps strain. | Philadelphia Phillies activated LHP Cristopher Sánchez from the 15-day injured list."
642016,Daniel Robert,2025,642016-1,2025-07-30,2025-08-17,18,15,Right middle finger blister.,hand/wrist,False,False,"Philadelphia Phillies placed RHP Daniel Robert on the 15-day injured list retroactive to July 30, 2025. Right middle finger blister. | Philadelphia Phillies activated RHP Daniel Robert from the 15-day injured list."
642016,Daniel Robert,2025,642016-2,2025-09-02,2025-09-28,26,60,Right forearm strain.,forearm,True,False,"Philadelphia Phillies placed RHP Daniel Robert on the 15-day injured list retroactive to September 2, 2025. Right forearm strain. | Philadelphia Phillies transferred RHP Daniel Robert from the 15-day injured list to the 60-day injured list. | Philadelphia Phillies activated RHP Daniel Robert from the 60-day injured list."
502085,David Robertson,2022,502085-1,2022-05-09,2022-05-18,9,10,,other,False,False,Chicago Cubs placed RHP David Robertson on the 10-day injured list. | Chicago Cubs activated RHP David Robertson from the 10-day injured list.
666200,Jesús Luzardo,2022,666200-1,2022-05-12,2022-08-01,81,60,Left forearm strain.,forearm,True,False,"Miami Marlins placed LHP Jesus Luzardo on the 15-day injured list retroactive to May 12, 2022. Left forearm strain. | Miami Marlins transferred LHP Jesus Luzardo from the 15-day injured list to the 60-day injured list. Left forearm strain. | Miami Marlins activated LHP Jesús Luzardo from the 60-day injured list."
666200,Jesús Luzardo,2024,666200-2,2024-04-23,2024-05-11,18,15,Left elbow tightness.,elbow,True,False,"Miami Marlins placed LHP Jesús Luzardo on the 15-day injured list retroactive to April 23, 2024. Left elbow tightness. | Miami Marlins activated LHP Jesús Luzardo from the 15-day injured list."
666200,Jesús Luzardo,2024,666200-3,2024-06-23,2024-06-23,0,60,,other,False,True,Miami Marlins transferred LHP Jesús Luzardo from the 15-day injured list to the 60-day injured list.
666200,Jesús Luzardo,2024,666200-4,2024-06-19,2024-09-30,103,15,Lumbar stress reaction.,back,False,False,"Miami Marlins placed LHP Jesús Luzardo on the 15-day injured list retroactive to June 19, 2024. Lumbar stress reaction. | Miami Marlins activated LHP Jesús Luzardo from the 60-day injured list."
661395,Jhoan Durán,2024,661395-1,2024-03-25,2024-04-30,33,15,Right oblique strain.,oblique,False,False,"Minnesota Twins placed RHP Jhoan Duran on the 15-day injured list retroactive to March 25, 2024. Right oblique strain. | Minnesota Twins activated RHP Jhoan Duran from the 15-day injured list."
605452,Joe Ross,2022,605452-1,2022-03-16,2022-10-05,181,60,Right elbow bone spur removal.,elbow,True,False,Washington Nationals placed RHP Joe Ross on the 60-day injured list. Right elbow bone spur removal. | Milwaukee Brewers activated RHP Joe Ross.
605452,Joe Ross,2023,605452-1,2023-03-30,2023-10-02,186,60,Right elbow bone spur removal.,elbow,True,False,Washington Nationals placed RHP Joe Ross on the 60-day injured list. Right elbow bone spur removal. | Milwaukee Brewers activated RHP Joe Ross.
605452,Joe Ross,2024,605452-2,2024-05-21,2024-07-30,70,60,Low back strain.,back,False,False,Milwaukee Brewers placed RHP Joe Ross on the 15-day injured list. Low back strain. | Milwaukee Brewers transferred RHP Joe Ross from the 15-day injured list to the 60-day injured list. Low back strain. | Milwaukee Brewers activated RHP Joe Ross from the 60-day injured list.
605452,Joe Ross,2025,605452-3,2025-07-21,2025-08-05,15,15,Back spasms.,back,False,False,"Philadelphia Phillies placed RHP Joe Ross on the 15-day injured list retroactive to July 21, 2025. Back spasms. | Philadelphia Phillies activated RHP Joe Ross from the 15-day injured list."
605447,Jordan Romano,2023,605447-1,2023-07-29,2023-08-15,17,15,Lower back inflammation.,back,False,False,Toronto Blue Jays placed RHP Jordan Romano on the 15-day injured list. Lower back inflammation. | Toronto Blue Jays activated RHP Jordan Romano from the 15-day injured list.
605447,Jordan Romano,2024,605447-2,2024-03-25,2024-04-16,19,15,Right elbow inflammation.,elbow,True,False,"Toronto Blue Jays placed RHP Jordan Romano on the 15-day injured list retroactive to March 25, 2024. Right elbow inflammation. | Toronto Blue Jays activated RHP Jordan Romano from the 15-day injured list."
605447,Jordan Romano,2024,605447-3,2024-05-30,2024-09-30,123,60,Right elbow inflammation.,elbow,True,False,"Toronto Blue Jays placed RHP Jordan Romano on the 15-day injured list retroactive to May 30, 2024. Right elbow inflammation. | Toronto Blue Jays transferred RHP Jordan Romano from the 15-day injured list to the 60-day injured list. Right elbow inflammation. | Toronto Blue Jays activated RHP Jordan Romano from the 60-day injured list."
605447,Jordan Romano,2025,605447-4,2025-08-26,2025-09-28,33,15,Right middle finger inflammation.,hand/wrist,False,False,Philadelphia Phillies placed RHP Jordan Romano on the 15-day injured list. Right middle finger inflammation. | Philadelphia Phillies activated RHP Jordan Romano from the 15-day injured list.
621237,José Alvarado,2023,621237-1,2023-05-08,2023-06-09,32,15,Left elbow inflammation.,elbow,True,False,"Philadelphia Phillies placed LHP José Alvarado on the 15-day injured list retroactive to May 8, 2023. Left elbow inflammation. | Philadelphia Phillies activated LHP José Alvarado from the 15-day injured list."
621237,José Alvarado,2023,621237-2,2023-07-07,2023-08-21,45,15,Left elbow inflammation.,elbow,True,False,"Philadelphia Phillies placed LHP José Alvarado on the 15-day injured list retroactive to July 7, 2023. Left elbow inflammation. | Philadelphia Phillies activated LHP José Alvarado from the 15-day injured list."
621237,José Alvarado,2025,621237-3,2025-09-11,2025-09-28,17,15,Left forearm strain.,forearm,True,False,"Philadelphia Phillies placed LHP José Alvarado on the 15-day injured list retroactive to September 11, 2025. Left forearm strain. | Philadelphia Phillies activated LHP José Alvarado from the 15-day injured list."
614179,José Ruiz,2025,614179-1,2025-05-01,2025-05-18,17,15,,other,False,False,"Philadelphia Phillies placed RHP José Ruiz on the 15-day injured list retroactive to May 1, 2025. | Philadelphia Phillies activated RHP José Ruiz from the 15-day injured list."
621381,Matt Strahm,2022,621381-1,2022-05-30,2022-06-01,2,10,,other,False,False,Boston Red Sox placed LHP Matt Strahm on the 10-day injured list. | Boston Red Sox activated LHP Matt Strahm from the 10-day injured list.
621381,Matt Strahm,2022,621381-2,2022-07-13,2022-08-19,37,15,Left wrist contusion.,hand/wrist,False,False,"Boston Red Sox placed LHP Matt Strahm on the 15-day injured list retroactive to July 13, 2022. Left wrist contusion. | Boston Red Sox activated LHP Matt Strahm from the 15-day injured list."
689147,Orion Kerkering,2024,689147-1,2024-03-25,2024-04-14,17,15,Right forearm strain.,forearm,True,False,"Philadelphia Phillies placed RHP Orion Kerkering on the 15-day injured list retroactive to March 25, 2024. Right forearm strain. | Philadelphia Phillies activated RHP Orion Kerkering from the 15-day injured list."
624133,Ranger Suarez,2022,624133-1,2022-06-30,2022-07-16,16,15,Low back spasms.,back,False,False,"Philadelphia Phillies placed LHP Ranger Suarez on the 15-day injured list retroactive to June 30, 2022. Low back spasms. | Philadelphia Phillies activated LHP Ranger Suarez from the 15-day injured list."
624133,Ranger Suarez,2023,624133-2,2023-03-27,2023-05-13,44,15,Left elbow strain.,elbow,True,False,"Philadelphia Phillies placed LHP Ranger Suárez on the 15-day injured list retroactive to March 27, 2023. Left elbow strain. | Philadelphia Phillies activated LHP Ranger Suárez from the 15-day injured list."
624133,Ranger Suarez,2023,624133-3,2023-08-16,2023-09-01,16,15,Right hamstring strain.,hamstring,False,False,"Philadelphia Phillies placed LHP Ranger Suárez on the 15-day injured list retroactive to August 16, 2023. Right hamstring strain. | Philadelphia Phillies activated LHP Ranger Suárez from the 15-day injured list."
624133,Ranger Suarez,2024,624133-4,2024-07-24,2024-08-24,31,15,Lower back soreness.,back,False,False,"Philadelphia Phillies placed LHP Ranger Suárez on the 15-day injured list retroactive to July 24, 2024. Lower back soreness. | Philadelphia Phillies activated LHP Ranger Suárez from the 15-day injured list."
624133,Ranger Suarez,2025,624133-5,2025-03-24,2025-05-03,37,15,Low back stiffness.,back,False,False,"Philadelphia Phillies placed LHP Ranger Suárez on the 15-day injured list retroactive to March 24, 2025. Low back stiffness. | Philadelphia Phillies activated LHP Ranger Suárez from the 15-day injured list."
592836,Taijuan Walker,2022,592836-1,2022-04-12,2022-04-30,18,10,Right shoulder bursitis.,shoulder,True,False,New York Mets placed RHP Taijuan Walker on the 10-day injured list. Right shoulder bursitis. | New York Mets activated RHP Taijuan Walker from the 10-day injured list.
592836,Taijuan Walker,2024,592836-2,2024-03-25,2024-04-28,31,15,Right shoulder soreness.,shoulder,True,False,"Philadelphia Phillies placed RHP Taijuan Walker on the 15-day injured list retroactive to March 25, 2024. Right shoulder soreness. | Philadelphia Phillies activated RHP Taijuan Walker from the 15-day injured list."
592836,Taijuan Walker,2024,592836-3,2024-06-22,2024-08-13,52,15,Right index finger inflammation.,hand/wrist,False,False,"Philadelphia Phillies placed RHP Taijuan Walker on the 15-day injured list. Right index finger inflammation. | Philadelphia Phillies placed RHP Taijuan Walker on the 15-day injured list retroactive to June 22, 2024. Right index finger inflammation. | Philadelphia Phillies activated RHP Taijuan Walker from the 15-day injured list."
621111,Walker Buehler,2022,621111-1,2022-06-11,2022-10-05,116,60,Right forearm strain.,forearm,True,False,Los Angeles Dodgers placed RHP Walker Buehler on the 15-day injured list. Right forearm strain. | Los Angeles Dodgers transferred RHP Walker Buehler from the 15-day injured list to the 60-day injured list. | Los Angeles Dodgers activated RHP Walker Buehler from the 60-day injured list.
621111,Walker Buehler,2023,621111-2,2023-02-16,2023-10-02,186,60,Right elbow UCL reconstruction.,elbow,True,False,Los Angeles Dodgers placed RHP Walker Buehler on the 60-day injured list. Right elbow UCL reconstruction. | Los Angeles Dodgers placed RHP Walker Buehler on the 60-day injured list. Right elbow UCL reconstruction. | Los Angeles Dodgers activated RHP Walker Buehler from the 60-day injured list.
621111,Walker Buehler,2024,621111-3,2024-03-19,2024-05-06,39,15,Right elbow surgery.,elbow,True,False,Los Angeles Dodgers placed RHP Walker Buehler on the 15-day injured list. Right elbow surgery. | Los Angeles Dodgers activated RHP Walker Buehler from the 15-day injured list.
621111,Walker Buehler,2024,621111-4,2024-06-19,2024-08-14,56,15,Right hip inflammation.,hip/groin,False,False,Los Angeles Dodgers placed RHP Walker Buehler on the 15-day injured list. Right hip inflammation. | Los Angeles Dodgers activated RHP Walker Buehler from the 15-day injured list.
621111,Walker Buehler,2025,621111-5,2025-04-29,2025-05-20,21,15,Right shoulder bursitis.,shoulder,True,False,"Boston Red Sox placed RHP Walker Buehler on the 15-day injured list retroactive to April 29, 2025. Right shoulder bursitis. | Boston Red Sox activated RHP Walker Buehler from the 15-day injured list."
554430,Zack Wheeler,2022,554430-1,2022-08-22,2022-09-21,30,15,Right forearm tendinitis.,forearm,True,False,"Philadelphia Phillies placed RHP Zack Wheeler on the 15-day injured list retroactive to August 22, 2022. Right forearm tendinitis. | Philadelphia Phillies activated RHP Zack Wheeler from the 15-day injured list."
554430,Zack Wheeler,2025,554430-2,2025-08-17,2025-09-28,42,60,Right upper extremity blood clot.,other,False,False,Philadelphia Phillies placed RHP Zack Wheeler on the 15-day injured list. Right upper extremity blood clot. | Philadelphia Phillies transferred RHP Zack Wheeler from the 15-day injured list to the 60-day injured list. Right upper extremity blood clot. | Philadelphia Phillies activated RHP Zack Wheeler from the 60-day injured list.
571760,Andrew Heaney,2022,571760-1,2022-04-20,2022-06-19,60,10,Left shoulder discomfort.,shoulder,True,False,Los Angeles Dodgers placed LHP Andrew Heaney on the 10-day injured list. Left shoulder discomfort. | Los Angeles Dodgers activated LHP Andrew Heaney.
571760,Andrew Heaney,2022,571760-2,2022-06-21,2022-07-27,36,15,Left shoulder inflammation.,shoulder,True,False,"Los Angeles Dodgers placed LHP Andrew Heaney on the 15-day injured list retroactive to June 21, 2022. Left shoulder inflammation. | Los Angeles Dodgers activated LHP Andrew Heaney from the 15-day injured list."
663559,Bailey Falter,2023,663559-1,2023-09-24,2023-10-02,8,15,Left neck strain.,neck,False,False,Pittsburgh Pirates placed LHP Bailey Falter on the 15-day injured list. Left neck strain. | Pittsburgh Pirates activated LHP Bailey Falter from the 15-day injured list.
663559,Bailey Falter,2024,663559-2,2024-07-07,2024-07-29,22,15,Left triceps tendinitis.,biceps/triceps,False,False,Pittsburgh Pirates placed LHP Bailey Falter on the 15-day injured list. Left triceps tendinitis. | Pittsburgh Pirates activated LHP Bailey Falter from the 15-day injured list.
663559,Bailey Falter,2025,663559-3,2025-08-23,2025-09-28,36,15,Left bicep contusion.,biceps/triceps,False,False,Kansas City Royals placed LHP Bailey Falter on the 15-day injured list. Left bicep contusion. | Kansas City Royals activated LHP Bailey Falter from the 15-day injured list.
669387,Carmen Mlodzinski,2023,669387-1,2023-08-10,2023-09-01,22,15,Right elbow soreness.,elbow,True,False,"Pittsburgh Pirates placed RHP Carmen Mlodzinski on the 15-day injured list retroactive to August 10, 2023. Right elbow soreness. | Pittsburgh Pirates activated RHP Carmen Mlodzinski from the 15-day injured list."
669387,Carmen Mlodzinski,2024,669387-2,2024-03-25,2024-05-17,50,15,Right elbow inflammation.,elbow,True,False,"Pittsburgh Pirates placed RHP Carmen Mlodzinski on the 15-day injured list. | Pittsburgh Pirates placed RHP Carmen Mlodzinski on the 15-day injured list retroactive to March 25, 2024. Right elbow inflammation. | (no activation listed; return inferred from first MLB appearance 2024-05-17)"
669387,Carmen Mlodzinski,2024,669387-3,2024-07-30,2024-08-27,28,15,,other,False,False,Pittsburgh Pirates placed RHP Carmen Mlodzinski on the 15-day injured list. | Pittsburgh Pirates activated RHP Carmen Mlodzinski from the 15-day injured list.
663767,Chase Shugart,2025,663767-1,2025-07-08,2025-08-11,34,15,Left knee inflammation.,knee,False,False,Pittsburgh Pirates placed RHP Chase Shugart on the 15-day injured list. Left knee inflammation. | Pittsburgh Pirates activated RHP Chase Shugart from the 15-day injured list.
670059,Colin Holderman,2022,670059-1,2022-06-08,2022-06-27,19,15,Right shoulder impingement.,shoulder,True,False,"New York Mets placed RHP Colin Holderman on the 15-day injured list retroactive to June 8, 2022. Right shoulder impingement. | New York Mets activated RHP Colin Holderman."
670059,Colin Holderman,2022,670059-2,2022-08-25,2022-10-05,41,60,Right shoulder soreness.,shoulder,True,False,"Pittsburgh Pirates placed RHP Colin Holderman on the 15-day injured list retroactive to August 25, 2022. Right shoulder soreness. | Pittsburgh Pirates transferred RHP Colin Holderman from the 15-day injured list to the 60-day injured list. | Pittsburgh Pirates activated RHP Colin Holderman from the 60-day injured list."
670059,Colin Holderman,2023,670059-3,2023-06-15,2023-06-30,15,15,Right wrist inflammation.,hand/wrist,False,False,Pittsburgh Pirates placed RHP Colin Holderman on the 15-day injured list. Right wrist inflammation. | Pittsburgh Pirates activated RHP Colin Holderman from the 15-day injured list.
670059,Colin Holderman,2023,670059-4,2023-09-22,2023-10-02,10,15,Right thumb sprain.,hand/wrist,False,False,Pittsburgh Pirates placed RHP Colin Holderman on the 15-day injured list. Right thumb sprain. | Pittsburgh Pirates activated RHP Colin Holderman from the 15-day injured list.
670059,Colin Holderman,2024,670059-5,2024-03-25,2024-04-11,14,15,Ilness.,illness,False,False,"Pittsburgh Pirates placed RHP Colin Holderman on the 15-day injured list retroactive to March 25, 2024. Ilness. | Pittsburgh Pirates activated RHP Colin Holderman from the 15-day injured list."
670059,Colin Holderman,2024,670059-6,2024-08-08,2024-09-01,24,15,Right-wrist sprain.,hand/wrist,False,False,Pittsburgh Pirates placed RHP Colin Holderman on the 15-day injured list. Right-wrist sprain. | Pittsburgh Pirates activated RHP Colin Holderman from the 15-day injured list.
670059,Colin Holderman,2025,670059-7,2025-04-06,2025-04-26,20,15,Right knee sprain.,knee,False,False,Pittsburgh Pirates placed RHP Colin Holderman on the 15-day injured list. Right knee sprain. | Pittsburgh Pirates activated RHP Colin Holderman from the 15-day injured list.
670059,Colin Holderman,2025,670059-8,2025-05-20,2025-07-07,48,15,Right thumb inflammation.,hand/wrist,False,False,Pittsburgh Pirates placed RHP Colin Holderman on the 15-day injured list. Right thumb inflammation. | Pittsburgh Pirates activated RHP Colin Holderman from the 15-day injured list.
664294,Dauri Moreta,2022,664294-1,2022-07-16,2022-07-20,4,10,,other,False,False,Cincinnati Reds placed RHP Dauri Moreta on the 15-day injured list. | Cincinnati Reds placed RHP Dauri Moreta on the 10-day injured list. | Cincinnati Reds activated RHP Dauri Moreta from the 15-day injured list.
664294,Dauri Moreta,2023,664294-2,2023-08-04,2023-08-20,16,15,,other,False,False,Pittsburgh Pirates placed RHP Dauri Moreta on the 15-day injured list. | Pittsburgh Pirates activated RHP Dauri Moreta from the 15-day injured list.
664294,Dauri Moreta,2024,664294-3,2024-03-16,2024-09-30,186,60,Ligament damage in right elbow.,elbow,True,False,Pittsburgh Pirates placed RHP Dauri Moreta on the 60-day injured list. Ligament damage in right elbow. | Pittsburgh Pirates activated RHP Dauri Moreta from the 60-day injured list.
664294,Dauri Moreta,2025,664294-4,2025-02-16,2025-06-16,81,60,Tommy John surgery.,elbow,True,False,Pittsburgh Pirates placed RHP Dauri Moreta on the 60-day injured list. Tommy John surgery. | Pittsburgh Pirates activated RHP Dauri Moreta from the 60-day injured list.
670280,David Bednar,2022,670280-1,2022-07-31,2022-09-22,53,15,Low back Inflammation.,back,False,False,"Pittsburgh Pirates placed RHP David Bednar on the 15-day injured list retroactive to July 31, 2022. Low back Inflammation. | Pittsburgh Pirates activated RHP David Bednar from the 15-day injured list."
670280,David Bednar,2024,670280-2,2024-06-20,2024-07-12,22,15,Left oblique strain.,oblique,False,False,"Pittsburgh Pirates placed RHP David Bednar on the 15-day injured list retroactive to June 20, 2024. Left oblique strain. | Pittsburgh Pirates activated RHP David Bednar from the 15-day injured list."
642701,Dennis Santana,2022,642701-1,2022-04-14,2022-04-24,10,10,,other,False,False,Texas Rangers placed RHP Dennis Santana on the 10-day injured list. | Texas Rangers activated RHP Dennis Santana from the 10-day injured list.
642701,Dennis Santana,2022,642701-2,2022-08-03,2022-08-23,20,15,Left ankle sprain.,ankle/foot,False,False,"Texas Rangers placed RHP Dennis Santana on the 15-day injured list retroactive to August 3, 2022. Left ankle sprain. | Texas Rangers activated RHP Dennis Santana from the 15-day injured list."
650893,Génesis Cabrera,2022,650893-1,2022-06-25,2022-07-08,13,10,,other,False,False,St. Louis Cardinals placed LHP Genesis Cabrera on the 10-day injured list. | St. Louis Cardinals activated LHP Genesis Cabrera from the 10-day injured list.
676702,Hunter Stratton,2024,676702-1,2024-06-14,2024-07-26,42,15,Right triceps strain.,biceps/triceps,False,False,Pittsburgh Pirates placed RHP Hunter Stratton on the 15-day injured list. Right triceps strain. | Pittsburgh Pirates activated RHP Hunter Stratton from the 15-day injured list.
676702,Hunter Stratton,2024,676702-2,2024-08-25,2024-09-30,36,60,Rupture of left patella tendon.,other,False,False,Pittsburgh Pirates placed RHP Hunter Stratton on the 60-day injured list. Rupture of left patella tendon. | Pittsburgh Pirates activated RHP Hunter Stratton from the 60-day injured list.
670912,Johan Oviedo,2024,670912-1,2024-02-14,2024-09-30,186,60,Tommy John surgery.,elbow,True,False,Pittsburgh Pirates placed RHP Johan Oviedo on the 60-day injured list. Tommy John surgery. | Pittsburgh Pirates activated RHP Johan Oviedo from the 60-day injured list.
670912,Johan Oviedo,2025,670912-2,2025-03-03,2025-08-04,130,60,Right elbow injury and right lat strain.,elbow,True,False,Pittsburgh Pirates placed RHP Johan Oviedo on the 60-day injured list. Right elbow injury and right lat strain. | Pittsburgh Pirates activated RHP Johan Oviedo from the 60-day injured list.
664875,Justin Lawrence,2024,664875-1,2024-05-26,2024-06-17,22,15,Right shoulder strain.,shoulder,True,False,"Colorado Rockies placed RHP Justin Lawrence on the 15-day injured list retroactive to May 26, 2024. Right shoulder strain. | Colorado Rockies activated RHP Justin Lawrence from the 15-day injured list."
664875,Justin Lawrence,2025,664875-2,2025-04-23,2025-09-12,142,60,Right elbow inflammation.,elbow,True,False,"Pittsburgh Pirates placed RHP Justin Lawrence on the 15-day injured list retroactive to April 23, 2025. Right elbow inflammation. | Pittsburgh Pirates transferred RHP Justin Lawrence from the 15-day injured list to the 60-day injured list. Right elbow inflammation. | Pittsburgh Pirates activated RHP Justin Lawrence from the 60-day injured list."
693312,Kyle Nicolas,2024,693312-1,2024-09-17,2024-09-30,13,15,Left oblique strain.,oblique,False,False,"Pittsburgh Pirates placed RHP Kyle Nicolas on the 15-day injured list retroactive to September 17, 2024. Left oblique strain. | Pittsburgh Pirates activated RHP Kyle Nicolas from the 15-day injured list."
663432,Tanner Rainey,2022,663432-1,2022-07-13,2022-10-05,84,60,Right UCL sprain.,elbow,True,False,Washington Nationals placed RHP Tanner Rainey on the 60-day injured list. Right UCL sprain. | Washington Nationals activated RHP Tanner Rainey from the 60-day injured list.
663432,Tanner Rainey,2023,663432-2,2023-03-30,2023-09-29,183,60,Tommy John surgery.,elbow,True,False,Washington Nationals placed RHP Tanner Rainey on the 60-day injured list. Tommy John surgery. | Washington Nationals activated RHP Tanner Rainey from the 60-day injured list.
641835,Tim Mayza,2022,641835-1,2022-05-15,2022-06-11,27,15,Left forearm inflammation.,forearm,True,False,"Toronto Blue Jays placed LHP Tim Mayza on the 15-day injured list retroactive to May 15, 2022. Left forearm inflammation. | Toronto Blue Jays activated LHP Tim Mayza."
641835,Tim Mayza,2022,641835-2,2022-08-07,2022-08-23,16,15,Right shoulder dislocation.,shoulder,True,False,Toronto Blue Jays placed LHP Tim Mayza on the 15-day injured list. Right shoulder dislocation. | Toronto Blue Jays activated LHP Tim Mayza from the 15-day injured list.
641835,Tim Mayza,2025,641835-3,2025-04-19,2025-09-01,135,60,Left shoulder lat muscle strain.,lat,True,False,Pittsburgh Pirates placed LHP Tim Mayza on the 15-day injured list. Left shoulder lat muscle strain. | Pittsburgh Pirates transferred LHP Tim Mayza from the 15-day injured list to the 60-day injured list. Left shoulder lat muscle strain. | Philadelphia Phillies activated LHP Tim Mayza.
670970,Adrián Morejón,2022,670970-1,2022-03-16,2022-06-06,60,60,Recovery from Tommy John surgery.,elbow,True,False,San Diego Padres placed LHP Adrian Morejon on the 60-day injured list. Recovery from Tommy John surgery. | San Diego Padres activated LHP Adrian Morejon.
670970,Adrián Morejón,2022,670970-2,2022-06-11,2022-06-16,5,10,,other,False,False,San Diego Padres placed LHP Adrian Morejon on the 10-day injured list. | San Diego Padres activated LHP Adrian Morejon from the 10-day injured list.
670970,Adrián Morejón,2022,670970-3,2022-06-23,2022-07-13,20,15,Left shoulder inflammation.,shoulder,True,False,San Diego Padres placed LHP Adrian Morejon on the 15-day injured list. Left shoulder inflammation. | San Diego Padres activated LHP Adrian Morejon.
670970,Adrián Morejón,2023,670970-4,2023-03-30,2023-06-21,83,60,Left elbow sprain.,elbow,True,False,San Diego Padres placed LHP Adrian Morejon on the 60-day injured list. Left elbow sprain. | (no activation listed; return inferred from first MLB appearance 2023-06-21)
670970,Adrián Morejón,2023,670970-5,2023-07-16,2023-10-02,78,15,Right knee inflammation.,knee,False,True,San Diego Padres placed LHP Adrian Morejon on the 15-day injured list. Right knee inflammation.
689690,Alek Jacob,2023,689690-1,2023-07-21,2023-08-02,12,15,Right elbow inflammation.,elbow,True,True,"San Diego Padres placed RHP Alek Jacob on the 15-day injured list retroactive to July 21, 2023. Right elbow inflammation."
689690,Alek Jacob,2023,689690-2,2023-08-02,2023-10-02,61,60,Right elbow inflammation.,elbow,True,False,San Diego Padres placed RHP Alek Jacob on the 15-day injured list. | San Diego Padres transferred RHP Alek Jacob from the 15-day injured list to the 60-day injured list. Right elbow inflammation. | San Diego Padres activated RHP Alek Jacob from the 60-day injured list.
663773,Bryan Hoeing,2024,663773-1,2024-05-02,2024-07-31,90,15,Left hamstring strain.,hamstring,False,False,"Miami Marlins placed RHP Bryan Hoeing on the 15-day injured list retroactive to May 2, 2024. Left hamstring strain. | San Diego Padres activated RHP Bryan Hoeing."
663773,Bryan Hoeing,2025,663773-2,2025-03-24,2025-06-21,86,60,Right shoulder strain.,shoulder,True,False,"San Diego Padres placed RHP Bryan Hoeing on the 15-day injured list retroactive to March 24, 2025. Right shoulder strain. | San Diego Padres transferred RHP Bryan Hoeing from the 15-day injured list to the 60-day injured list. | San Diego Padres activated RHP Bryan Hoeing from the 60-day injured list."
688158,David Morgan,2025,688158-1,2025-09-09,2025-09-24,15,15,Right shoulder inflammation.,shoulder,True,False,"San Diego Padres placed RHP David Morgan on the 15-day injured list retroactive to September 9, 2025. Right shoulder inflammation. | San Diego Padres activated RHP David Morgan from the 15-day injured list."
592094,Jason Adam,2023,592094-1,2023-08-31,2023-09-21,21,15,Left oblique strain.,oblique,False,False,"Tampa Bay Rays placed RHP Jason Adam on the 15-day injured list retroactive to August 31, 2023. Left oblique strain. | Tampa Bay Rays activated RHP Jason Adam from the 15-day injured list."
592094,Jason Adam,2023,592094-2,2023-09-23,2023-10-02,9,15,Left oblique strain.,oblique,False,False,Tampa Bay Rays placed RHP Jason Adam on the 15-day injured list. Left oblique strain. | Tampa Bay Rays activated RHP Jason Adam from the 15-day injured list.
592094,Jason Adam,2025,592094-3,2025-09-02,2025-09-28,26,60,Left quadriceps injury.,quad,False,False,San Diego Padres placed RHP Jason Adam on the 15-day injured list. Left quadriceps injury. | San Diego Padres transferred RHP Jason Adam from the 15-day injured list to the 60-day injured list. Left quadriceps injury. | San Diego Padres activated RHP Jason Adam from the 60-day injured list.
670810,Logan Gillaspie,2025,670810-1,2025-04-27,2025-06-30,64,15,Left oblique strain.,oblique,False,False,San Diego Padres placed RHP Logan Gillaspie on the 15-day injured list. Left oblique strain. | San Diego Padres activated RHP Logan Gillaspie from the 15-day injured list.
695243,Mason Miller,2023,695243-1,2023-05-08,2023-09-06,121,60,Tightness in right forearm.,forearm,True,False,"Oakland Athletics placed RHP Mason Miller on the 15-day injured list retroactive to May 8, 2023. Tightness in right forearm. | Oakland Athletics transferred RHP Mason Miller from the 15-day injured list to the 60-day injured list. Tightness in right forearm. | Oakland Athletics activated RHP Mason Miller from the 60-day injured list."
695243,Mason Miller,2024,695243-2,2024-07-23,2024-08-07,15,15,Broken left hand.,hand/wrist,False,False,"Oakland Athletics placed RHP Mason Miller on the 15-day injured list retroactive to July 23, 2024. Broken left hand. | Oakland Athletics activated RHP Mason Miller from the 15-day injured list."
663362,Matt Waldron,2025,663362-1,2025-03-24,2025-06-01,66,60,Left oblique muscle strain.,oblique,False,False,"San Diego Padres placed RHP Matt Waldron on the 15-day injured list retroactive to March 24, 2025. Left oblique muscle strain. | San Diego Padres transferred RHP Matt Waldron from the 15-day injured list to the 60-day injured list. Left oblique muscle strain. | San Diego Padres activated RHP Matt Waldron from the 60-day injured list."
650633,Mike King,2022,650633-1,2022-07-23,2022-10-05,74,60,Right elbow fracture.,elbow,True,False,New York Yankees placed RHP Michael King on the 60-day injured list. Right elbow fracture. | New York Yankees activated RHP Michael King from the 60-day injured list.
650633,Mike King,2025,650633-2,2025-05-22,2025-08-09,79,60,Right shoulder inflammation.,shoulder,True,False,"San Diego Padres placed RHP Michael King on the 15-day injured list retroactive to May 22, 2025. Right shoulder inflammation. | San Diego Padres transferred RHP Michael King from the 15-day injured list to the 60-day injured list. Right shoulder inflammation. | San Diego Padres activated RHP Michael King from the 60-day injured list."
650633,Mike King,2025,650633-3,2025-08-11,2025-09-09,29,15,Left knee inflammation.,knee,False,False,"San Diego Padres placed RHP Michael King on the 15-day injured list retroactive to August 11, 2025. Left knee inflammation. | San Diego Padres activated RHP Michael King from the 15-day injured list."
601713,Nick Pivetta,2024,601713-1,2024-04-06,2024-05-08,32,15,Right elbow flexor strain.,elbow,True,False,"Boston Red Sox placed RHP Nick Pivetta on the 15-day injured list retroactive to April 6, 2024. Right elbow flexor strain. | Boston Red Sox activated RHP Nick Pivetta from the 15-day injured list."
641482,Néstor Cortés,2022,641482-1,2022-08-22,2022-09-08,17,15,Left groin strain.,hip/groin,False,False,"New York Yankees placed LHP Nestor Cortes on the 15-day injured list retroactive to August 22, 2022. Left groin strain. | New York Yankees activated LHP Nestor Cortes from the 15-day injured list."
641482,Néstor Cortés,2023,641482-2,2023-06-05,2023-08-05,61,60,Left rotator cuff strain.,shoulder,True,False,"New York Yankees placed LHP Nestor Cortes on the 15-day injured list retroactive to June 5, 2023. Left rotator cuff strain. | New York Yankees transferred LHP Nestor Cortes from the 15-day injured list to the 60-day injured list. | New York Yankees activated LHP Nestor Cortes from the 60-day injured list."
641482,Néstor Cortés,2023,641482-3,2023-08-08,2023-10-02,55,60,Left rotator cuff strain.,shoulder,True,False,"New York Yankees placed LHP Nestor Cortes on the 15-day injured list retroactive to August 8, 2023. Left rotator cuff strain. | New York Yankees transferred LHP Nestor Cortes from the 15-day injured list to the 60-day injured list. Left rotator cuff strain. | New York Yankees activated LHP Nestor Cortes from the 60-day injured list."
641482,Néstor Cortés,2024,641482-4,2024-09-22,2024-09-30,8,15,Left elbow flexor strain.,elbow,True,False,"New York Yankees placed LHP Nestor Cortes on the 15-day injured list retroactive to September 22, 2024. Left elbow flexor strain. | New York Yankees activated LHP Nestor Cortes from the 15-day injured list."
641482,Néstor Cortés,2025,641482-5,2025-04-04,2025-08-03,121,60,Left elbow flexor strain.,elbow,True,False,"Milwaukee Brewers placed LHP Nestor Cortes on the 15-day injured list retroactive to April 4, 2025. Left elbow flexor strain. | Milwaukee Brewers transferred LHP Nestor Cortes from the 15-day injured list to the 60-day injured list. Left elbow flexor strain. | San Diego Padres activated LHP Nestor Cortes from the 60-day injured list."
641482,Néstor Cortés,2025,641482-6,2025-09-04,2025-09-28,24,15,Left biceps tendinitis.,biceps/triceps,False,False,"San Diego Padres placed LHP Nestor Cortes on the 15-day injured list retroactive to September 4, 2025. Left biceps tendinitis. | San Diego Padres activated LHP Nestor Cortes from the 15-day injured list."
663158,Robert Suarez,2022,663158-1,2022-06-07,2022-08-06,60,60,Right knee inflammation.,knee,False,False,San Diego Padres placed RHP Robert Suarez on the 15-day injured list. Right knee inflammation. | San Diego Padres transferred RHP Robert Suarez from the 15-day injured list to the 60-day injured list. | San Diego Padres activated RHP Robert Suarez from the 60-day injured list.
663158,Robert Suarez,2023,663158-2,2023-03-27,2023-07-20,112,60,Right elbow inflammation.,elbow,True,False,"San Diego Padres placed RHP Robert Suarez on the 15-day injured list retroactive to March 27, 2023. Right elbow inflammation. | San Diego Padres transferred RHP Robert Suarez from the 15-day injured list to the 60-day injured list. Right elbow inflammation. | San Diego Padres activated RHP Robert Suarez from the 60-day injured list."
676760,Ron Marinaccio,2022,676760-1,2022-07-03,2022-07-24,21,15,Right shoulder inflammation.,shoulder,True,False,New York Yankees placed RHP Ron Marinaccio on the 15-day injured list. Right shoulder inflammation. | New York Yankees activated RHP Ron Marinaccio from the 15-day injured list.
676760,Ron Marinaccio,2022,676760-2,2022-10-03,2022-10-05,2,15,Right shin stress reaction.,other,False,False,"New York Yankees placed RHP Ron Marinaccio on the 15-day injured list retroactive to October 3, 2022. Right shin stress reaction. | New York Yankees activated RHP Ron Marinaccio."
686701,Ryan Bergert,2025,686701-1,2025-06-25,2025-07-11,16,15,Right forearm contusion.,forearm,True,False,San Diego Padres placed RHP Ryan Bergert on the 15-day injured list. Right forearm contusion. | San Diego Padres activated RHP Ryan Bergert from the 15-day injured list.
686701,Ryan Bergert,2025,686701-2,2025-09-18,2025-09-28,10,15,Right elbow strain.,elbow,True,False,Kansas City Royals placed RHP Ryan Bergert on the 15-day injured list. Right elbow strain. | Kansas City Royals activated RHP Ryan Bergert from the 15-day injured list.
669308,Sean Reynolds,2025,669308-1,2025-03-24,2025-05-07,41,15,Right foot stress reaction.,ankle/foot,False,False,"San Diego Padres placed RHP Sean Reynolds on the 15-day injured list retroactive to March 24, 2025. Right foot stress reaction. | San Diego Padres activated RHP Sean Reynolds from the 15-day injured list."
663568,Stephen Kolek,2024,663568-1,2024-07-31,2024-09-30,61,60,,other,False,False,San Diego Padres placed RHP Stephen Kolek on the 15-day injured list. | San Diego Padres transferred RHP Stephen Kolek from the 15-day injured list to the 60-day injured list. | San Diego Padres activated RHP Stephen Kolek from the 60-day injured list.
593974,Wandy Peralta,2022,593974-1,2022-09-19,2022-10-05,16,15,Left thoracic spine tightness.,back,False,False,"New York Yankees placed LHP Wandy Peralta on the 15-day injured list retroactive to September 19, 2022. Left thoracic spine tightness. | New York Yankees activated LHP Wandy Peralta from the 15-day injured list."
593974,Wandy Peralta,2023,593974-2,2023-09-19,2023-10-02,13,15,Right triceps strain.,biceps/triceps,False,False,"New York Yankees placed LHP Wandy Peralta on the 15-day injured list retroactive to September 19, 2023. Right triceps strain. | New York Yankees activated LHP Wandy Peralta from the 15-day injured list."
593974,Wandy Peralta,2024,593974-3,2024-07-10,2024-09-01,53,15,Left aductor strain.,other,False,False,"San Diego Padres placed LHP Wandy Peralta on the 15-day injured list retroactive to July 10, 2024. Left aductor strain. | San Diego Padres activated LHP Wandy Peralta from the 15-day injured list."
506433,Yu Darvish,2022,506433-1,2022-08-26,2022-10-05,40,15,Right elbow inflammation.,elbow,True,False,San Diego Padres placed RHP Yu Darvish on the 15-day injured list. Right elbow inflammation. | San Diego Padres activated RHP Yu Darvish.
506433,Yu Darvish,2023,506433-1,2023-03-30,2023-10-02,186,15,Right elbow inflammation.,elbow,True,False,San Diego Padres placed RHP Yu Darvish on the 15-day injured list. Right elbow inflammation. | San Diego Padres activated RHP Yu Darvish.
506433,Yu Darvish,2024,506433-2,2024-04-15,2024-04-30,15,15,Neck tightness.,neck,False,False,"San Diego Padres placed RHP Yu Darvish on the 15-day injured list retroactive to April 15, 2024. Neck tightness. | San Diego Padres activated RHP Yu Darvish from the 15-day injured list."
506433,Yu Darvish,2024,506433-3,2024-05-30,2024-08-23,85,15,Left groin strain.,hip/groin,False,True,"San Diego Padres placed RHP Yu Darvish on the 15-day injured list retroactive to May 30, 2024. Left groin strain."
506433,Yu Darvish,2024,506433-4,2024-08-23,2024-09-04,12,15,Left groin strain.,hip/groin,False,False,San Diego Padres placed RHP Yu Darvish on the 15-day injured list. Left groin strain. | San Diego Padres activated RHP Yu Darvish from the 15-day injured list.
506433,Yu Darvish,2025,506433-5,2025-03-24,2025-06-16,81,15,Right elbow inflammation.,elbow,True,True,"San Diego Padres placed RHP Yu Darvish on the 15-day injured list retroactive to March 24, 2025. Right elbow inflammation."
506433,Yu Darvish,2025,506433-6,2025-06-16,2025-07-07,21,60,Right elbow inflammation.,elbow,True,False,San Diego Padres placed RHP Yu Darvish on the 60-day injured list. Right elbow inflammation. | San Diego Padres activated RHP Yu Darvish from the 60-day injured list.
662253,Andrés Muñoz,2022,662253-1,2022-04-08,2022-10-05,180,15,Right deltoid strain.,other,False,False,"Seattle Mariners placed RHP Andrés Muñoz on the 15-day injured list retroactive to April 8, 2022. Right deltoid strain. | Seattle Mariners activated RHP Andrés Muñoz from the 15-day injured list."
662253,Andrés Muñoz,2023,662253-1,2023-03-30,2023-06-06,68,15,Right deltoid strain.,other,False,False,"Seattle Mariners placed RHP Andrés Muñoz on the 15-day injured list retroactive to April 8, 2022. Right deltoid strain. | Seattle Mariners activated RHP Andrés Muñoz from the 15-day injured list."
693433,Bryan Woo,2023,693433-1,2023-08-05,2023-08-22,17,15,Right forearm inflammation.,forearm,True,False,"Seattle Mariners placed RHP Bryan Woo on the 15-day injured list retroactive to August 5, 2023. Right forearm inflammation. | Seattle Mariners activated RHP Bryan Woo from the 15-day injured list."
693433,Bryan Woo,2024,693433-2,2024-03-25,2024-05-10,43,15,Right medial albow inflammation.,other,False,False,"Seattle Mariners placed RHP Bryan Woo on the 15-day injured list retroactive to March 25, 2024. Right medial albow inflammation. | Seattle Mariners activated RHP Bryan Woo from the 15-day injured list."
693433,Bryan Woo,2024,693433-3,2024-06-25,2024-07-12,17,15,Right hamstring strain.,hamstring,False,False,Seattle Mariners placed RHP Bryan Woo on the 15-day injured list. Right hamstring strain. | Seattle Mariners activated RHP Bryan Woo from the 15-day injured list.
682243,Bryce Miller,2023,682243-1,2023-07-01,2023-07-16,15,15,Right middle finger blister.,hand/wrist,False,False,"Seattle Mariners placed RHP Bryce Miller on the 15-day injured list retroactive to July 1, 2023. Right middle finger blister. | Seattle Mariners activated RHP Bryce Miller from the 15-day injured list."
682243,Bryce Miller,2024,682243-2,2024-09-28,2024-09-30,2,15,Right index finger blister.,hand/wrist,False,False,Seattle Mariners placed RHP Bryce Miller on the 15-day injured list. Right index finger blister. | Seattle Mariners activated RHP Bryce Miller from the 15-day injured list.
682243,Bryce Miller,2025,682243-3,2025-05-12,2025-05-31,19,15,Right elbow inflammation.,elbow,True,False,"Seattle Mariners placed RHP Bryce Miller on the 15-day injured list retroactive to May 12, 2025. Right elbow inflammation. | Seattle Mariners activated RHP Bryce Miller from the 15-day injured list."
682243,Bryce Miller,2025,682243-4,2025-06-07,2025-08-19,73,15,Right elbow inflammation.,elbow,True,False,"Seattle Mariners placed RHP Bryce Miller on the 15-day injured list retroactive to June 7, 2025. Right elbow inflammation. | Seattle Mariners activated RHP Bryce Miller from the 15-day injured list."
657571,Caleb Ferguson,2022,657571-1,2022-04-04,2022-05-16,39,10,Tommy John surgery.,elbow,True,False,Los Angeles Dodgers placed LHP Caleb Ferguson on the 10-day injured list. Tommy John surgery. | (no activation listed; return inferred from first MLB appearance 2022-05-16)
657571,Caleb Ferguson,2022,657571-2,2022-06-17,2022-07-06,19,15,,other,False,False,"Los Angeles Dodgers placed LHP Caleb Ferguson on the 15-day injured list retroactive to June 17, 2022. | Los Angeles Dodgers activated LHP Caleb Ferguson from the 15-day injured list."
672841,Carlos Vargas,2022,672841-1,2022-04-07,2022-07-18,102,60,,other,False,False,"Cleveland Guardians placed RHP Carlos Vargas on the 60-day injured list retroactive to March 14, 2021. | Cleveland Guardians activated RHP Carlos Vargas."
668984,Casey Legumina,2023,668984-1,2023-05-14,2023-06-11,28,15,Right ankle contusion.,ankle/foot,False,False,Cincinnati Reds placed RHP Casey Legumina on the 15-day injured list. Right ankle contusion. | Cincinnati Reds activated RHP Casey Legumina from the 15-day injured list.
668984,Casey Legumina,2023,668984-2,2023-06-21,2023-08-07,47,15,Right shoulder pain.,shoulder,True,False,Cincinnati Reds placed RHP Casey Legumina on the 15-day injured list. Right shoulder pain. | Cincinnati Reds activated RHP Casey Legumina from the 15-day injured list.
676092,Collin Snider,2024,676092-1,2024-04-08,2024-04-23,15,15,Left knee contusion.,knee,False,False,Seattle Mariners placed RHP Collin Snider on the 15-day injured list. Left knee contusion. | Seattle Mariners activated RHP Collin Snider from the 15-day injured list.
676092,Collin Snider,2025,676092-2,2025-06-04,2025-09-28,116,15,Right forearm flexor strain.,forearm,True,True,Seattle Mariners placed RHP Collin Snider on the 15-day injured list. Right forearm flexor strain.
660825,Eduard Bazardo,2024,660825-1,2024-03-25,2024-05-08,41,15,Right rotator cuff strain.,shoulder,True,False,"Seattle Mariners placed RHP Eduard Bazardo on the 15-day injured list retroactive to March 25, 2024. Right rotator cuff strain. | Seattle Mariners activated RHP Eduard Bazardo from the 15-day injured list."
676106,Emerson Hancock,2023,676106-1,2023-08-21,2023-10-02,42,60,Right shoulder strain.,shoulder,True,False,Seattle Mariners placed RHP Emerson Hancock on the 15-day injured list. Right shoulder strain. | Seattle Mariners transferred RHP Emerson Hancock from the 15-day injured list to the 60-day injured list. | Seattle Mariners activated RHP Emerson Hancock from the 60-day injured list.
642100,Gabe Speier,2022,642100-1,2022-05-30,2022-06-17,18,10,,other,False,False,Kansas City Royals placed LHP Gabe Speier on the 10-day injured list. | Kansas City Royals activated LHP Gabe Speier.
642100,Gabe Speier,2024,642100-2,2024-05-30,2024-07-19,50,15,Left rotator cuff strain.,shoulder,True,False,"Seattle Mariners placed LHP Gabe Speier on the 15-day injured list retroactive to May 30, 2024. Left rotator cuff strain. | Seattle Mariners activated LHP Gabe Speier from the 15-day injured list."
669923,George Kirby,2025,669923-1,2025-03-24,2025-05-22,56,15,Right shoulder inflammation.,shoulder,True,False,"Seattle Mariners placed RHP George Kirby on the 15-day injured list retroactive to March 24, 2025. Right shoulder inflammation. | Seattle Mariners activated RHP George Kirby from the 15-day injured list."
666619,Gregory Santos,2022,666619-1,2022-08-23,2022-10-05,43,60,,other,False,False,San Francisco Giants transferred RHP Gregory Santos from the 7-day injured list to the 60-day injured list. | San Francisco Giants activated RHP Gregory Santos.
666619,Gregory Santos,2023,666619-2,2023-09-20,2023-10-02,12,15,Right elbow inflammation.,elbow,True,False,Chicago White Sox placed RHP Gregory Santos on the 15-day injured list. Right elbow inflammation. | Chicago White Sox activated RHP Gregory Santos from the 15-day injured list.
666619,Gregory Santos,2024,666619-3,2024-03-25,2024-07-08,102,60,Right latissimus dorsi strain.,lat,True,False,"Seattle Mariners placed RHP Gregory Santos on the 15-day injured list retroactive to March 25, 2024. Right latissimus dorsi strain. | Seattle Mariners transferred RHP Gregory Santos from the 15-day injured list to the 60-day injured list. Right latissimus dorsi strain. | Seattle Mariners activated RHP Gregory Santos from the 60-day injured list."
666619,Gregory Santos,2024,666619-4,2024-08-01,2024-09-23,53,15,Right biceps inflammation.,biceps/triceps,False,False,"Seattle Mariners placed RHP Gregory Santos on the 15-day injured list retroactive to August 1, 2024. Right biceps inflammation. | Seattle Mariners activated RHP Gregory Santos from the 15-day injured list."
666619,Gregory Santos,2025,666619-5,2025-04-29,2025-09-28,152,60,,other,False,False,Seattle Mariners placed RHP Gregory Santos on the 60-day injured list. | Seattle Mariners activated RHP Gregory Santos from the 60-day injured list.
663804,Jackson Kowar,2024,663804-1,2024-03-10,2024-09-30,186,60,Right ulnar collateral ligament tear.,elbow,True,False,Seattle Mariners placed RHP Jackson Kowar on the 60-day injured list. Right ulnar collateral ligament tear. | Seattle Mariners activated RHP Jackson Kowar from the 60-day injured list.
663804,Jackson Kowar,2025,663804-2,2025-03-02,2025-05-28,62,60,Tommy John surgery recovery.,elbow,True,False,Seattle Mariners placed RHP Jackson Kowar on the 60-day injured list. Tommy John surgery recovery. | Seattle Mariners activated RHP Jackson Kowar from the 60-day injured list.
663804,Jackson Kowar,2025,663804-3,2025-08-16,2025-09-28,43,15,Right shoulder impingement.,shoulder,True,False,Seattle Mariners placed RHP Jackson Kowar on the 15-day injured list. Right shoulder impingement. | Seattle Mariners activated RHP Jackson Kowar.
646242,Jhonathan Díaz,2022,646242-1,2022-09-04,2022-10-05,31,60,,other,False,False,Los Angeles Angels transferred LHP Jhonathan Diaz from the 7-day injured list to the 60-day injured list. | Los Angeles Angels activated LHP Jhonathan Diaz from the 60-day injured list.
620454,José Castillo,2023,620454-1,2023-03-27,2023-10-02,186,15,Left shoulder strain.,shoulder,True,False,"San Diego Padres placed LHP José Castillo on the 15-day injured list retroactive to March 27, 2023. Left shoulder strain. | Arizona Diamondbacks selected the contract of LHP José Castillo from Reno Aces."
620454,José Castillo,2024,620454-1,2024-03-28,2024-09-30,186,15,Left shoulder strain.,shoulder,True,False,"San Diego Padres placed LHP José Castillo on the 15-day injured list retroactive to March 27, 2023. Left shoulder strain. | Arizona Diamondbacks selected the contract of LHP José Castillo from Reno Aces."
620454,José Castillo,2025,620454-1,2025-03-27,2025-05-01,35,15,Left shoulder strain.,shoulder,True,False,"San Diego Padres placed LHP José Castillo on the 15-day injured list retroactive to March 27, 2023. Left shoulder strain. | Arizona Diamondbacks selected the contract of LHP José Castillo from Reno Aces."
686228,Juan Burgos,2025,686228-1,2025-09-02,2025-09-28,26,15,Right forearm contusion.,forearm,True,False,Arizona Diamondbacks placed RHP Juan Burgos on the 15-day injured list. Right forearm contusion. | Arizona Diamondbacks activated RHP Juan Burgos from the 15-day injured list.
688138,Logan Evans,2025,688138-1,2025-08-15,2025-09-27,43,15,Right elbow inflammation.,elbow,True,False,Seattle Mariners placed RHP Logan Evans on the 15-day injured list. Right elbow inflammation. | Seattle Mariners activated RHP Logan Evans from the 15-day injured list.
669302,Logan Gilbert,2025,669302-1,2025-04-26,2025-06-16,51,15,Right elbow flexor strain.,elbow,True,False,Seattle Mariners placed RHP Logan Gilbert on the 15-day injured list. Right elbow flexor strain. | Seattle Mariners activated RHP Logan Gilbert from the 15-day injured list.
622491,Luis Castillo,2022,622491-1,2022-04-04,2022-05-09,32,10,,other,False,False,Cincinnati Reds placed RHP Luis Castillo on the 10-day injured list. | Cincinnati Reds activated RHP Luis Castillo.
622491,Luis Castillo,2024,622491-2,2024-09-09,2024-09-30,21,15,Left hamstring strain.,hamstring,False,False,"Seattle Mariners placed RHP Luis Castillo on the 15-day injured list retroactive to September 9, 2024. Left hamstring strain. | Seattle Mariners activated RHP Luis Castillo from the 15-day injured list."
666374,Matt Brash,2024,666374-1,2024-03-25,2024-09-30,186,60,Right elbow inflammation.,elbow,True,False,"Seattle Mariners placed RHP Matt Brash on the 15-day injured list retroactive to March 25, 2024. Right elbow inflammation. | Seattle Mariners transferred RHP Matt Brash from the 15-day injured list to the 60-day injured list. Right elbow inflammation. | Seattle Mariners activated RHP Matt Brash from the 60-day injured list."
666374,Matt Brash,2025,666374-2,2025-03-24,2025-05-03,37,15,Right UCL sprain.,elbow,True,False,"Seattle Mariners placed RHP Matt Brash on the 15-day injured list retroactive to March 24, 2025. Right UCL sprain. | Seattle Mariners activated RHP Matt Brash from the 15-day injured list."
642048,Tayler Saucedo,2022,642048-1,2022-06-29,2022-10-05,98,60,,other,False,False,Toronto Blue Jays placed LHP Tayler Saucedo on the 60-day injured list. | Toronto Blue Jays placed LHP Tayler Saucedo on the 60-day injured list. | (no activation listed; return inferred from first MLB appearance 2023-04-19)
642048,Tayler Saucedo,2023,642048-1,2023-03-30,2023-04-19,20,60,,other,False,False,Toronto Blue Jays placed LHP Tayler Saucedo on the 60-day injured list. | Toronto Blue Jays placed LHP Tayler Saucedo on the 60-day injured list. | (no activation listed; return inferred from first MLB appearance 2023-04-19)
642048,Tayler Saucedo,2024,642048-2,2024-05-08,2024-05-26,18,15,Right knee hyperextension.,knee,False,False,Seattle Mariners placed LHP Tayler Saucedo on the 15-day injured list. Right knee hyperextension. | Seattle Mariners activated LHP Tayler Saucedo from the 15-day injured list.
663423,Trent Thornton,2025,663423-1,2025-05-06,2025-06-07,32,15,Appendicitis.,other,False,False,"Seattle Mariners placed RHP Trent Thornton on the 15-day injured list retroactive to May 6, 2025. Appendicitis. | Seattle Mariners activated RHP Trent Thornton from the 15-day injured list."
663423,Trent Thornton,2025,663423-2,2025-08-01,2025-09-28,58,60,Left achilles tear.,calf,False,False,Seattle Mariners placed RHP Trent Thornton on the 15-day injured list. Left achilles tear. | Seattle Mariners transferred RHP Trent Thornton from the 15-day injured list to the 60-day injured list. Left achilles tear. | Seattle Mariners activated RHP Trent Thornton from the 60-day injured list.
700187,Troy Taylor,2025,700187-1,2025-03-24,2025-04-14,18,15,Right lat strain.,lat,True,False,"Seattle Mariners placed RHP Troy Taylor on the 15-day injured list retroactive to March 24, 2025. Right lat strain. | Seattle Mariners activated RHP Troy Taylor from the 15-day injured list."
647315,Zach Pop,2023,647315-1,2023-05-05,2023-10-02,150,15,Right hamstring strain.,hamstring,False,False,Toronto Blue Jays placed RHP Zach Pop on the 15-day injured list. Right hamstring strain. | Toronto Blue Jays activated RHP Zach Pop.
687931,Carson Whisenhunt,2025,687931-1,2025-08-28,2025-09-28,31,15,Back strain.,back,False,False,"San Francisco Giants placed LHP Carson Whisenhunt on the 15-day injured list retroactive to August 28, 2025. Back strain. | San Francisco Giants activated LHP Carson Whisenhunt from the 15-day injured list."
669062,Erik Miller,2025,669062-1,2025-07-03,2025-08-21,49,15,Left elbow sprain.,elbow,True,True,"San Francisco Giants placed LHP Erik Miller on the 15-day injured list retroactive to July 3, 2025. Left elbow sprain."
669062,Erik Miller,2025,669062-2,2025-08-21,2025-09-28,38,60,Left elbow sprain.,elbow,True,False,San Francisco Giants placed LHP Erik Miller on the 60-day injured list. Left elbow sprain. | San Francisco Giants activated LHP Erik Miller from the 60-day injured list.
664192,Joey Lucchesi,2022,664192-1,2022-03-29,2022-10-05,181,60,Recovery of Tommy John surgery.,elbow,True,False,New York Mets placed LHP Joey Lucchesi on the 60-day injured list. Recovery of Tommy John surgery. | New York Mets activated LHP Joey Lucchesi from the 60-day injured list.
663855,Jordan Hicks,2022,663855-1,2022-05-25,2022-07-02,38,15,Right forearm flexor.,forearm,True,False,"St. Louis Cardinals placed RHP Jordan Hicks on the 15-day injured list retroactive to May 25, 2022. Right forearm flexor. | St. Louis Cardinals activated RHP Jordan Hicks."
663855,Jordan Hicks,2022,663855-2,2022-09-15,2022-10-05,20,15,Right arm fatigue and neck spasms.,neck,False,False,"St. Louis Cardinals placed RHP Jordan Hicks on the 15-day injured list retroactive to September 15, 2022. Right arm fatigue and neck spasms. | St. Louis Cardinals activated RHP Jordan Hicks from the 15-day injured list."
663855,Jordan Hicks,2024,663855-3,2024-08-25,2024-09-14,20,15,Right shoulder inflammation.,shoulder,True,False,"San Francisco Giants placed RHP Jordan Hicks on the 15-day injured list retroactive to August 25, 2024. Right shoulder inflammation. | San Francisco Giants activated RHP Jordan Hicks from the 15-day injured list."
663855,Jordan Hicks,2024,663855-4,2024-09-17,2024-09-30,13,15,Right shoulder inflammation.,shoulder,True,False,"San Francisco Giants placed RHP Jordan Hicks on the 15-day injured list retroactive to September 17, 2024. Right shoulder inflammation. | San Francisco Giants activated RHP Jordan Hicks from the 15-day injured list."
663855,Jordan Hicks,2025,663855-5,2025-06-02,2025-06-30,28,15,Right great toe inflammation.,ankle/foot,False,False,"San Francisco Giants placed RHP Jordan Hicks on the 15-day injured list retroactive to June 2, 2025. Right great toe inflammation. | Boston Red Sox activated RHP Jordan Hicks from the 15-day injured list."
663855,Jordan Hicks,2025,663855-6,2025-09-04,2025-09-28,24,15,Right shoulder tendinitis.,shoulder,True,False,"Boston Red Sox placed RHP Jordan Hicks on the 15-day injured list retroactive to September 4, 2025. Right shoulder tendinitis. | Boston Red Sox activated RHP Jordan Hicks from the 15-day injured list."
676130,José Buttó,2025,676130-1,2025-07-01,2025-07-23,22,15,Illness.,illness,False,False,"New York Mets placed RHP José Buttó on the 15-day injured list retroactive to July 1, 2025. Illness. | New York Mets activated RHP José Buttó from the 15-day injured list."
664141,Jt Brubaker,2022,664141-1,2022-09-16,2022-10-04,18,15,Right arm inflammation.,other,False,False,"Pittsburgh Pirates placed RHP JT Brubaker on the 15-day injured list retroactive to September 16, 2022. Right arm inflammation. | Pittsburgh Pirates activated RHP JT Brubaker from the 15-day injured list."
664141,Jt Brubaker,2023,664141-2,2023-03-27,2023-10-02,186,60,Right elbow discomfort.,elbow,True,False,"Pittsburgh Pirates placed RHP JT Brubaker on the 15-day injured list retroactive to March 27, 2023. Right elbow discomfort. | Pittsburgh Pirates transferred RHP JT Brubaker from the 15-day injured list to the 60-day injured list. Right elbow surgery. | Pittsburgh Pirates activated RHP JT Brubaker from the 60-day injured list."
664141,Jt Brubaker,2024,664141-3,2024-02-19,2024-09-30,186,60,,other,False,False,Pittsburgh Pirates placed RHP JT Brubaker on the 60-day injured list. | New York Yankees activated RHP JT Brubaker from the 60-day injured list.
664141,Jt Brubaker,2025,664141-4,2025-03-24,2025-06-18,83,60,Left rib fractures.,oblique,False,False,"New York Yankees placed RHP JT Brubaker on the 15-day injured list retroactive to March 24, 2025. Left rib fractures. | New York Yankees transferred RHP JT Brubaker from the 15-day injured list to the 60-day injured list. Left rib fractures. | New York Yankees activated RHP JT Brubaker from the 60-day injured list."
434378,Justin Verlander,2022,434378-1,2022-08-29,2022-09-16,18,15,Right calf injury.,calf,False,False,"Houston Astros placed RHP Justin Verlander on the 15-day injured list retroactive to August 29, 2022. Right calf injury. | Houston Astros activated RHP Justin Verlander from the 15-day injured list."
434378,Justin Verlander,2023,434378-2,2023-03-28,2023-05-04,35,15,Low grade teres major strain.,other,False,False,"New York Mets placed RHP Justin Verlander on the 15-day injured list retroactive to March 28, 2023. Low grade teres major strain. | New York Mets activated RHP Justin Verlander from the 15-day injured list."
434378,Justin Verlander,2024,434378-3,2024-03-28,2024-04-19,22,15,Right shoulder inflammation.,shoulder,True,False,Houston Astros placed RHP Justin Verlander on the 15-day injured list. Right shoulder inflammation. | Houston Astros activated RHP Justin Verlander from the 15-day injured list.
434378,Justin Verlander,2024,434378-4,2024-06-16,2024-08-21,66,15,Neck discomfort.,neck,False,False,"Houston Astros placed RHP Justin Verlander on the 15-day injured list retroactive to June 16, 2024. Neck discomfort. | Houston Astros activated RHP Justin Verlander from the 15-day injured list."
434378,Justin Verlander,2025,434378-5,2025-05-19,2025-06-18,30,15,Right pectoral soreness.,other,False,False,"San Francisco Giants placed RHP Justin Verlander on the 15-day injured list retroactive to May 19, 2025. Right pectoral soreness. | San Francisco Giants activated RHP Justin Verlander from the 15-day injured list."
676775,Keaton Winn,2023,676775-1,2023-09-19,2023-09-29,10,7,,other,False,False,"San Francisco Giants placed RHP Keaton Winn on the 7-day injured list retroactive to September 19, 2023. | San Francisco Giants activated RHP Keaton Winn from the 7-day injured list."
676775,Keaton Winn,2024,676775-2,2024-05-15,2024-06-09,25,15,Right forearm strain.,forearm,True,False,"San Francisco Giants placed RHP Keaton Winn on the 15-day injured list retroactive to May 15, 2024. Right forearm strain. | San Francisco Giants activated RHP Keaton Winn from the 15-day injured list."
676775,Keaton Winn,2024,676775-3,2024-06-21,2024-09-30,101,60,Right elbow inflammation.,elbow,True,False,"San Francisco Giants placed RHP Keaton Winn on the 15-day injured list retroactive to June 21, 2024. Right elbow inflammation. | San Francisco Giants transferred RHP Keaton Winn from the 15-day injured list to the 60-day injured list. | San Francisco Giants activated RHP Keaton Winn from the 60-day injured list."
690986,Kyle Harrison,2024,690986-1,2024-06-13,2024-07-06,23,15,Right ankle sprain.,ankle/foot,False,False,"San Francisco Giants placed LHP Kyle Harrison on the 15-day injured list retroactive to June 13, 2024. Right ankle sprain. | San Francisco Giants activated LHP Kyle Harrison from the 15-day injured list."
690986,Kyle Harrison,2024,690986-2,2024-09-04,2024-09-30,26,15,Left shoulder impingement.,shoulder,True,False,"San Francisco Giants placed LHP Kyle Harrison on the 15-day injured list retroactive to September 4, 2024. Left shoulder impingement. | San Francisco Giants activated LHP Kyle Harrison from the 15-day injured list."
694738,Landen Roupp,2025,694738-1,2025-07-23,2025-08-15,23,15,Right elbow inflammation.,elbow,True,False,"San Francisco Giants placed RHP Landen Roupp on the 15-day injured list retroactive to July 23, 2025. Right elbow inflammation. | San Francisco Giants activated RHP Landen Roupp from the 15-day injured list."
694738,Landen Roupp,2025,694738-2,2025-08-21,2025-09-28,38,15,Left knee inflammation.,knee,False,False,"San Francisco Giants placed RHP Landen Roupp on the 15-day injured list retroactive to August 21, 2025. Left knee inflammation. | San Francisco Giants activated RHP Landen Roupp from the 15-day injured list."
642152,Lou Trivino,2023,642152-1,2023-03-27,2023-10-02,186,60,Right elbow strain.,elbow,True,False,"New York Yankees placed RHP Lou Trivino on the 15-day injured list retroactive to March 27, 2023. Right elbow strain. | New York Yankees transferred RHP Lou Trivino from the 15-day injured list to the 60-day injured list. Right elbow strain. | New York Yankees activated RHP Lou Trivino from the 60-day injured list."
642152,Lou Trivino,2024,642152-2,2024-02-16,2024-09-30,186,60,Recovery from Tommy John surgery.,elbow,True,False,New York Yankees placed RHP Lou Trivino on the 60-day injured list. Recovery from Tommy John surgery. | San Francisco Giants selected the contract of RHP Lou Trivino from Sacramento River Cats.
678495,Randy Rodríguez,2024,678495-1,2024-08-14,2024-09-27,44,15,Right elbow inflammation.,elbow,True,False,"San Francisco Giants placed RHP Randy Rodríguez on the 15-day injured list retroactive to August 14, 2024. Right elbow inflammation. | San Francisco Giants activated RHP Randy Rodríguez from the 15-day injured list."
678495,Randy Rodríguez,2025,678495-2,2025-08-23,2025-09-28,36,60,Right elbow sprain.,elbow,True,False,"San Francisco Giants placed RHP Randy Rodríguez on the 15-day injured list retroactive to August 23, 2025. Right elbow sprain. | San Francisco Giants transferred RHP Randy Rodríguez from the 15-day injured list to the 60-day injured list. Right elbow sprain. | San Francisco Giants activated RHP Randy Rodríguez from the 60-day injured list."
592662,Robbie Ray,2023,592662-1,2023-04-01,2023-10-02,184,60,Left flexor strain.,forearm,True,False,Seattle Mariners placed LHP Robbie Ray on the 15-day injured list. Left flexor strain. | Seattle Mariners transferred LHP Robbie Ray from the 15-day injured list to the 60-day injured list. | Seattle Mariners activated LHP Robbie Ray from the 60-day injured list.
592662,Robbie Ray,2024,592662-2,2024-02-14,2024-07-24,118,60,Left elbow surgery.,elbow,True,False,San Francisco Giants placed LHP Robbie Ray on the 60-day injured list. Left elbow surgery. | San Francisco Giants activated LHP Robbie Ray from the 60-day injured list.
592662,Robbie Ray,2024,592662-3,2024-08-26,2024-09-30,35,15,Left hamstring strain.,hamstring,False,False,"San Francisco Giants placed LHP Robbie Ray on the 15-day injured list retroactive to August 26, 2024. Left hamstring strain. | San Francisco Giants activated LHP Robbie Ray from the 15-day injured list."
518397,Scott Alexander,2023,518397-1,2023-06-19,2023-07-04,15,15,Left hamstring strain.,hamstring,False,False,San Francisco Giants placed LHP Scott Alexander on the 15-day injured list. Left hamstring strain. | San Francisco Giants activated LHP Scott Alexander from the 15-day injured list.
518397,Scott Alexander,2023,518397-2,2023-09-22,2023-10-02,10,15,Left hamstring strain.,hamstring,False,False,"San Francisco Giants placed LHP Scott Alexander on the 15-day injured list retroactive to September 22, 2023. Left hamstring strain. | San Francisco Giants activated LHP Scott Alexander from the 15-day injured list."
518397,Scott Alexander,2024,518397-3,2024-03-25,2024-05-21,54,15,Left rib bone contusion.,oblique,False,False,"Oakland Athletics placed LHP Scott Alexander on the 15-day injured list retroactive to March 25, 2024. Left rib bone contusion. | Oakland Athletics activated LHP Scott Alexander from the 15-day injured list."
518397,Scott Alexander,2024,518397-4,2024-08-18,2024-09-04,17,15,Left rotator cuff tendonitis.,shoulder,True,False,"Oakland Athletics placed LHP Scott Alexander on the 15-day injured list retroactive to August 18, 2024. Left rotator cuff tendonitis. | Oakland Athletics activated LHP Scott Alexander from the 15-day injured list."
663546,Sean Hjelle,2024,663546-1,2024-03-25,2024-04-20,23,15,Right elbow strain.,elbow,True,False,"San Francisco Giants placed RHP Sean Hjelle on the 15-day injured list retroactive to March 25, 2024. Right elbow strain. | San Francisco Giants activated RHP Sean Hjelle from the 15-day injured list."
663941,Tristan Beck,2024,663941-1,2024-03-03,2024-09-01,157,60,Vascular injury.,other,False,False,San Francisco Giants placed RHP Tristan Beck on the 60-day injured list. Vascular injury. | San Francisco Giants activated RHP Tristan Beck from the 60-day injured list.
607200,Erick Fedde,2022,607200-1,2022-07-27,2022-08-23,27,15,Right shoulder inflammation.,shoulder,True,False,"Washington Nationals placed RHP Erick Fedde on the 15-day injured list retroactive to July 27, 2022. Right shoulder inflammation. | Washington Nationals activated RHP Erick Fedde from the 15-day injured list."
667463,John King,2025,667463-1,2025-07-30,2025-08-24,25,15,Left oblique strain.,oblique,False,False,St. Louis Cardinals placed LHP John King on the 15-day injured list. Left oblique strain. | St. Louis Cardinals activated LHP John King from the 15-day injured list.
667463,John King,2025,667463-2,2025-08-26,2025-09-12,17,15,Mid-back strain.,back,False,False,"St. Louis Cardinals placed LHP John King on the 15-day injured list retroactive to August 26, 2025. Mid-back strain. | St. Louis Cardinals activated LHP John King from the 15-day injured list."
668941,Jojo Romero,2022,668941-1,2022-03-11,2022-07-15,99,60,Left elbow.,elbow,True,False,Philadelphia Phillies placed LHP JoJo Romero on the 60-day injured list. Left elbow. | Philadelphia Phillies activated LHP JoJo Romero.
668941,Jojo Romero,2023,668941-2,2023-09-02,2023-10-02,30,15,,other,False,False,"St. Louis Cardinals placed LHP JoJo Romero on the 15-day injured list retroactive to September 2, 2023. | St. Louis Cardinals activated LHP JoJo Romero from the 15-day injured list."
668941,Jojo Romero,2024,668941-3,2024-09-22,2024-09-30,8,15,Left forearm flex inflammation.,forearm,True,False,"St. Louis Cardinals placed LHP JoJo Romero on the 15-day injured list retroactive to September 22, 2024. Left forearm flex inflammation. | St. Louis Cardinals activated LHP JoJo Romero from the 15-day injured list."
660896,Jorge Alcalá,2022,660896-1,2022-04-11,2022-10-05,177,60,Right elbow inflammation.,elbow,True,False,"Minnesota Twins placed RHP Jorge Alcala on the 10-day injured list retroactive to April 11, 2022. Right elbow inflammation. | Minnesota Twins transferred RHP Jorge Alcala from the 10-day injured list to the 60-day injured list. | Minnesota Twins activated RHP Jorge Alcala from the 60-day injured list."
660896,Jorge Alcalá,2023,660896-2,2023-05-15,2023-10-01,139,60,Right forearm extensor strain.,forearm,True,False,"Minnesota Twins placed RHP Jorge Alcala on the 15-day injured list retroactive to May 15, 2023. Right forearm extensor strain. | Minnesota Twins transferred RHP Jorge Alcala from the 15-day injured list to the 60-day injured list. | Minnesota Twins activated RHP Jorge Alcala from the 60-day injured list."
669461,Matthew Liberatore,2023,669461-1,2023-08-19,2023-09-04,16,15,Lower back tightness.,back,False,False,"St. Louis Cardinals placed LHP Matthew Liberatore on the 15-day injured list retroactive to August 19, 2023. Lower back tightness. | St. Louis Cardinals activated LHP Matthew Liberatore from the 15-day injured list."
676617,Riley O'Brien,2024,676617-1,2024-03-29,2024-08-11,135,60,Right forearm flexor strain.,forearm,True,False,"St. Louis Cardinals placed RHP Riley O'Brien on the 15-day injured list retroactive to March 29, 2024. Right forearm flexor strain. | St. Louis Cardinals transferred RHP Riley O'Brien from the 15-day injured list to the 60-day injured list. Right forearm flexor strain. | St. Louis Cardinals activated RHP Riley O'Brien from the 60-day injured list."
664854,Ryan Helsley,2023,664854-1,2023-07-24,2023-07-24,0,60,,other,False,True,St. Louis Cardinals transferred RHP Ryan Helsley from the 15-day injured list to the 60-day injured list.
664854,Ryan Helsley,2023,664854-2,2023-06-10,2023-09-01,83,15,Right forearm strain.,forearm,True,False,"St. Louis Cardinals placed RHP Ryan Helsley on the 15-day injured list retroactive to June 10, 2023. Right forearm strain. | St. Louis Cardinals activated RHP Ryan Helsley from the 60-day injured list."
543243,Sonny Gray,2022,543243-1,2022-04-17,2022-05-07,20,10,Low grade right hamstring strain.,hamstring,False,False,Minnesota Twins placed RHP Sonny Gray on the 10-day injured list. Right hamstring strain. | Minnesota Twins placed RHP Sonny Gray on the 10-day injured list. Low grade right hamstring strain. | Minnesota Twins activated RHP Sonny Gray.
543243,Sonny Gray,2022,543243-2,2022-05-30,2022-06-15,16,15,Right pectoral strain.,other,False,False,"Minnesota Twins placed RHP Sonny Gray on the 15-day injured list retroactive to May 30, 2022. Right pectoral strain. | Minnesota Twins activated RHP Sonny Gray from the 15-day injured list."
543243,Sonny Gray,2022,543243-3,2022-09-20,2022-10-05,15,10,,other,False,False,Minnesota Twins placed RHP Sonny Gray on the 10-day injured list. | Minnesota Twins activated RHP Sonny Gray from the 15-day injured list.
543243,Sonny Gray,2024,543243-4,2024-03-25,2024-04-09,12,15,Right hamstring strain.,hamstring,False,False,"St. Louis Cardinals placed RHP Sonny Gray on the 15-day injured list retroactive to March 25, 2024. Right hamstring strain. | St. Louis Cardinals activated RHP Sonny Gray from the 15-day injured list."
543243,Sonny Gray,2024,543243-5,2024-09-19,2024-09-30,11,15,Right forearm flexor tendinitis.,forearm,True,False,"St. Louis Cardinals placed RHP Sonny Gray on the 15-day injured list retroactive to September 19, 2024. Right forearm flexor tendinitis. | St. Louis Cardinals activated RHP Sonny Gray from the 15-day injured list."
571927,Steven Matz,2022,571927-1,2022-05-23,2022-07-17,55,15,Left shoulder impingement.,shoulder,True,False,St. Louis Cardinals placed LHP Steven Matz on the 15-day injured list. Left shoulder impingement. | St. Louis Cardinals activated LHP Steven Matz.
571927,Steven Matz,2023,571927-2,2023-08-13,2023-10-02,50,15,,other,False,False,"St. Louis Cardinals placed LHP Steven Matz on the 15-day injured list retroactive to August 13, 2023. | St. Louis Cardinals activated LHP Steven Matz from the 15-day injured list."
571927,Steven Matz,2024,571927-3,2024-05-01,2024-06-28,58,15,Lower back strain.,back,False,True,"St. Louis Cardinals placed LHP Steven Matz on the 15-day injured list. Lower back strain. | St. Louis Cardinals placed LHP Steven Matz on the 15-day injured list retroactive to May 1, 2024. Lower back strain."
571927,Steven Matz,2024,571927-4,2024-06-28,2024-09-01,65,60,Lower back strain.,back,False,False,St. Louis Cardinals placed LHP Steven Matz on the 60-day injured list. Lower back strain. | St. Louis Cardinals activated LHP Steven Matz from the 60-day injured list.
605288,Adrian Houser,2022,605288-1,2022-07-01,2022-08-24,54,15,Right flexor strain.,forearm,True,False,Milwaukee Brewers placed RHP Adrian Houser on the 15-day injured list. Right flexor strain. | Milwaukee Brewers activated RHP Adrian Houser from the 15-day injured list.
605288,Adrian Houser,2022,605288-2,2022-09-28,2022-10-05,7,15,Right groin strain.,hip/groin,False,False,Milwaukee Brewers placed RHP Adrian Houser on the 15-day injured list. Right groin strain. | Milwaukee Brewers activated RHP Adrian Houser from the 15-day injured list.
605288,Adrian Houser,2023,605288-3,2023-03-27,2023-05-07,38,15,Right groin tightness.,hip/groin,False,False,"Milwaukee Brewers placed RHP Adrian Houser on the 15-day injured list retroactive to March 27, 2023. Right groin tightness. | Milwaukee Brewers activated RHP Adrian Houser from the 15-day injured list."
605288,Adrian Houser,2023,605288-4,2023-08-28,2023-09-14,17,15,Right elbow effusion.,elbow,True,False,Milwaukee Brewers placed RHP Adrian Houser on the 15-day injured list. Right elbow effusion. | Milwaukee Brewers activated RHP Adrian Houser from the 15-day injured list.
687003,Brian Van Belle,2025,687003-1,2025-09-06,2025-09-28,22,60,Right elbow inflammation.,elbow,True,True,Tampa Bay Rays placed RHP Brian Van Belle on the 15-day injured list. Right elbow inflammation. | Tampa Bay Rays transferred RHP Brian Van Belle from the 15-day injured list to the 60-day injured list. Right elbow inflammation.
642121,Cole Sulser,2022,642121-1,2022-06-13,2022-08-14,62,15,Right lat strain.,lat,True,True,"Miami Marlins placed RHP Cole Sulser on the 15-day injured list retroactive to June 13, 2022. Right lat strain."
642121,Cole Sulser,2022,642121-2,2022-08-14,2022-08-16,2,60,,other,False,False,Miami Marlins placed RHP Cole Sulser on the 60-day injured list. | Miami Marlins activated RHP Cole Sulser from the 60-day injured list.
642121,Cole Sulser,2023,642121-3,2023-04-06,2023-07-30,115,60,Right shoulder strain.,shoulder,True,False,"Arizona Diamondbacks placed RHP Cole Sulser on the 15-day injured list retroactive to April 6, 2023. Right shoulder strain. | Arizona Diamondbacks placed RHP Cole Sulser on the 60-day injured list. Right shoulder strain. | Arizona Diamondbacks activated RHP Cole Sulser from the 60-day injured list."
657756,Connor Seabold,2022,657756-1,2022-07-09,2022-10-05,88,15,Right forearm extensor strain.,forearm,True,False,Boston Red Sox placed RHP Connor Seabold on the 15-day injured list. Right forearm extensor strain. | Colorado Rockies activated RHP Connor Seabold.
656876,Drew Rasmussen,2022,656876-1,2022-06-12,2022-07-02,20,15,Left hamstring strain.,hamstring,False,False,"Tampa Bay Rays placed RHP Drew Rasmussen on the 15-day injured list retroactive to June 12, 2022. Left hamstring strain. | Tampa Bay Rays activated RHP Drew Rasmussen from the 15-day injured list."
656876,Drew Rasmussen,2023,656876-2,2023-05-12,2023-10-02,143,60,Flexor strain.,forearm,True,False,Tampa Bay Rays placed RHP Drew Rasmussen on the 60-day injured list. Flexor strain. | Tampa Bay Rays activated RHP Drew Rasmussen from the 60-day injured list.
656876,Drew Rasmussen,2024,656876-3,2024-02-21,2024-08-07,132,60,Recovery from right elbow surgery.,elbow,True,False,Tampa Bay Rays placed RHP Drew Rasmussen on the 60-day injured list. Recovery from right elbow surgery. | Tampa Bay Rays activated RHP Drew Rasmussen from the 60-day injured list.
670955,Edwin Uceta,2023,670955-1,2023-04-23,2023-07-03,71,15,Left ankle sprain.,ankle/foot,False,True,"New York Mets placed RHP Edwin Uceta on the 15-day injured list retroactive to April 23, 2023. Left ankle sprain."
670955,Edwin Uceta,2023,670955-2,2023-07-03,2023-10-02,91,60,Left ankle sprain.,ankle/foot,False,False,New York Mets placed RHP Edwin Uceta on the 60-day injured list. Left ankle sprain. | Tampa Bay Rays selected the contract of RHP Edwin Uceta from Durham Bulls.
670955,Edwin Uceta,2024,670955-2,2024-03-28,2024-05-06,39,60,Left ankle sprain.,ankle/foot,False,False,New York Mets placed RHP Edwin Uceta on the 60-day injured list. Left ankle sprain. | Tampa Bay Rays selected the contract of RHP Edwin Uceta from Durham Bulls.
666215,Forrest Whitley,2025,666215-1,2025-03-24,2025-04-19,23,15,Left knee injury.,knee,False,False,"Houston Astros placed RHP Forrest Whitley on the 15-day injured list retroactive to March 24, 2025. Left knee injury. | Houston Astros activated RHP Forrest Whitley from the 15-day injured list."
666215,Forrest Whitley,2025,666215-2,2025-04-24,2025-05-21,27,15,Left knee sprain.,knee,False,False,"Houston Astros placed RHP Forrest Whitley on the 15-day injured list retroactive to April 24, 2025. Left knee sprain. | Houston Astros activated RHP Forrest Whitley from the 15-day injured list."
664076,Garrett Cleavinger,2023,664076-1,2023-05-08,2023-10-02,147,60,Right knee sprain.,knee,False,False,Tampa Bay Rays placed LHP Garrett Cleavinger on the 15-day injured list. Right knee sprain. | Tampa Bay Rays transferred LHP Garrett Cleavinger from the 15-day injured list to the 60-day injured list. Right knee sprain. | Tampa Bay Rays activated LHP Garrett Cleavinger from the 60-day injured list.
685801,Hunter Bigge,2025,685801-1,2025-05-02,2025-09-28,149,60,Right lat strain.,lat,True,False,"Tampa Bay Rays placed RHP Hunter Bigge on the 15-day injured list retroactive to May 2, 2025. Right lat strain. | Tampa Bay Rays transferred RHP Hunter Bigge from the 15-day injured list to the 60-day injured list. Right lat strain. | Tampa Bay Rays activated RHP Hunter Bigge."
669947,Jesse Scholtens,2023,669947-1,2023-09-24,2023-10-02,8,15,Left calf strain.,calf,False,False,Chicago White Sox placed RHP Jesse Scholtens on the 15-day injured list. Left calf strain. | Chicago White Sox activated RHP Jesse Scholtens from the 15-day injured list.
669947,Jesse Scholtens,2024,669947-2,2024-02-27,2024-09-30,186,60,Right UCL Tear.,elbow,True,False,Chicago White Sox placed RHP Jesse Scholtens on the 60-day injured list. Right UCL Tear. | Chicago White Sox activated RHP Jesse Scholtens from the 60-day injured list.
669947,Jesse Scholtens,2025,669947-3,2025-02-12,2025-09-20,177,60,Recovery from Tommy John surgery.,elbow,True,False,Chicago White Sox placed RHP Jesse Scholtens on the 60-day injured list. Recovery from Tommy John surgery. | (no activation listed; return inferred from first MLB appearance 2025-09-20)
671212,Joe Boyle,2024,671212-1,2024-05-06,2024-06-05,30,15,Low back strain.,back,False,False,Oakland Athletics placed RHP Joe Boyle on the 15-day injured list. Low back strain. | Oakland Athletics activated RHP Joe Boyle from the 15-day injured list.
687330,Kevin Kelly,2023,687330-1,2023-08-16,2023-09-01,16,15,Left ankle sprain.,ankle/foot,False,False,Tampa Bay Rays placed RHP Kevin Kelly on the 15-day injured list. Left ankle sprain. | Tampa Bay Rays activated RHP Kevin Kelly from the 15-day injured list.
687330,Kevin Kelly,2025,687330-2,2025-04-10,2025-05-29,49,15,Left gluteal strain.,hip/groin,False,False,"Tampa Bay Rays placed RHP Kevin Kelly on the 15-day injured list retroactive to April 10, 2025. Left gluteal strain. | Tampa Bay Rays activated RHP Kevin Kelly from the 15-day injured list."
655889,Manuel Rodríguez,2022,655889-1,2022-06-01,2022-08-26,86,60,Right elbow strain.,elbow,True,False,Chicago Cubs placed RHP Manuel Rodriguez on the 60-day injured list. Right elbow strain. | Chicago Cubs activated RHP Manuel Rodriguez from the 60-day injured list.
655889,Manuel Rodríguez,2025,655889-2,2025-06-10,2025-07-22,42,15,Right forearm strain.,forearm,True,True,"Tampa Bay Rays placed RHP Manuel Rodríguez on the 15-day injured list retroactive to June 10, 2025. Right forearm strain."
655889,Manuel Rodríguez,2025,655889-3,2025-07-22,2025-09-28,68,60,Right forearm strain.,forearm,True,False,Tampa Bay Rays placed RHP Manuel Rodríguez on the 60-day injured list. Right forearm strain. | Tampa Bay Rays activated RHP Manuel Rodríguez from the 60-day injured list.
669438,Mason Englert,2023,669438-1,2023-07-23,2023-10-02,71,15,Left hip tightness.,hip/groin,False,False,"Detroit Tigers placed RHP Mason Englert on the 15-day injured list retroactive to July 23, 2023. Left hip tightness. | Detroit Tigers activated RHP Mason Englert from the 15-day injured list."
664126,Pete Fairbanks,2022,664126-1,2022-04-07,2022-07-17,101,60,Right lat strain.,lat,True,False,Tampa Bay Rays placed RHP Pete Fairbanks on the 60-day injured list. Right lat strain. | Tampa Bay Rays activated RHP Pete Fairbanks from the 60-day injured list.
664126,Pete Fairbanks,2023,664126-2,2023-04-30,2023-05-15,15,15,Right forearm inflammation.,forearm,True,False,"Tampa Bay Rays placed RHP Pete Fairbanks on the 15-day injured list retroactive to April 30, 2023. Right forearm inflammation. | Tampa Bay Rays activated RHP Pete Fairbanks from the 15-day injured list."
664126,Pete Fairbanks,2023,664126-3,2023-05-28,2023-06-15,18,15,Left hip inflammation.,hip/groin,False,False,"Tampa Bay Rays placed RHP Pete Fairbanks on the 15-day injured list retroactive to May 28, 2023. Left hip inflammation. | Tampa Bay Rays activated RHP Pete Fairbanks from the 15-day injured list."
664126,Pete Fairbanks,2024,664126-4,2024-04-19,2024-05-11,22,15,Nerve related issue.,other,False,False,"Tampa Bay Rays placed RHP Pete Fairbanks on the 15-day injured list retroactive to April 19, 2024. Nerve related issue. | Tampa Bay Rays activated RHP Pete Fairbanks from the 15-day injured list."
664126,Pete Fairbanks,2024,664126-5,2024-08-19,2024-09-30,42,15,Right lat strain.,lat,True,False,Tampa Bay Rays placed RHP Pete Fairbanks on the 15-day injured list. Right lat strain. | Tampa Bay Rays activated RHP Pete Fairbanks from the 15-day injured list.
686752,Ryan Pepiot,2023,686752-1,2023-03-27,2023-08-02,125,60,Left oblique strain.,oblique,False,False,"Los Angeles Dodgers placed RHP Ryan Pepiot on the 15-day injured list retroactive to March 27, 2023. Left oblique strain. | Los Angeles Dodgers transferred RHP Ryan Pepiot from the 15-day injured list to the 60-day injured list. Left oblique strain. | Los Angeles Dodgers activated RHP Ryan Pepiot from the 60-day injured list."
686752,Ryan Pepiot,2024,686752-2,2024-05-06,2024-05-22,16,15,Lower leg contusion.,other,False,False,"Tampa Bay Rays placed RHP Ryan Pepiot on the 15-day injured list retroactive to May 6, 2024. Lower leg contusion. | Tampa Bay Rays activated RHP Ryan Pepiot from the 15-day injured list."
686752,Ryan Pepiot,2024,686752-3,2024-07-19,2024-08-16,28,15,Right knee infection.,knee,False,False,"Tampa Bay Rays placed RHP Ryan Pepiot on the 15-day injured list retroactive to July 19, 2024. Right knee infection. | Tampa Bay Rays activated RHP Ryan Pepiot from the 15-day injured list."
669358,Shane Baz,2022,669358-1,2022-04-04,2022-06-11,65,60,Right elbow surgery.,elbow,True,False,Tampa Bay Rays placed RHP Shane Baz on the 10-day injured list. Right elbow surgery. | Tampa Bay Rays transferred RHP Shane Baz from the 10-day injured list to the 60-day injured list. Right elbow surgery. | Tampa Bay Rays activated RHP Shane Baz.
669358,Shane Baz,2022,669358-2,2022-07-13,2022-10-05,84,60,Right elbow sprain.,elbow,True,False,"Tampa Bay Rays placed RHP Shane Baz on the 15-day injured list retroactive to July 13, 2022. Right elbow sprain. | Tampa Bay Rays transferred RHP Shane Baz from the 15-day injured list to the 60-day injured list. Right elbow sprain. | Tampa Bay Rays activated RHP Shane Baz from the 60-day injured list."
669358,Shane Baz,2023,669358-3,2023-03-27,2023-10-02,186,60,Recovery from Tommy John surgery.,elbow,True,False,"Tampa Bay Rays placed RHP Shane Baz on the 15-day injured list retroactive to March 27, 2023. Recovery from Tommy John surgery. | Tampa Bay Rays transferred RHP Shane Baz from the 15-day injured list to the 60-day injured list. Recovery from Tommy John surgery. | Tampa Bay Rays activated RHP Shane Baz from the 60-day injured list."
669358,Shane Baz,2024,669358-4,2024-03-25,2024-05-23,56,15,Recovery from Tommy John surgery.,elbow,True,False,Tampa Bay Rays placed RHP Shane Baz on the 15-day injured list. Recovery from Tommy John surgery. | Tampa Bay Rays activated RHP Shane Baz from the 15-day injured list.
671737,Taj Bradley,2024,671737-1,2024-03-25,2024-05-08,41,15,Strained pectoral.,other,False,False,Tampa Bay Rays placed RHP Taj Bradley on the 15-day injured list. Strained pectoral. | Tampa Bay Rays activated RHP Taj Bradley from the 15-day injured list.
641793,Zack Littell,2022,641793-1,2022-04-26,2022-05-05,9,10,,other,False,False,San Francisco Giants placed RHP Zack Littell on the 10-day injured list. | San Francisco Giants activated RHP Zack Littell from the 10-day injured list.
641793,Zack Littell,2022,641793-2,2022-07-09,2022-08-17,39,15,Left oblique strain.,oblique,False,False,San Francisco Giants placed RHP Zack Littell on the 15-day injured list. Left oblique strain. | San Francisco Giants activated RHP Zack Littell from the 15-day injured list.
641793,Zack Littell,2023,641793-3,2023-05-24,2023-06-14,21,15,Right shoulder fatigue.,shoulder,True,False,Tampa Bay Rays placed RHP Zack Littell on the 15-day injured list. Right shoulder fatigue. | Tampa Bay Rays activated RHP Zack Littell from the 15-day injured list.
641793,Zack Littell,2024,641793-4,2024-08-15,2024-09-01,17,15,Right shoulder fatigue.,shoulder,True,False,"Tampa Bay Rays placed RHP Zack Littell on the 15-day injured list retroactive to August 15, 2024. Right shoulder fatigue. | Tampa Bay Rays activated RHP Zack Littell from the 15-day injured list."
605218,Carl Edwards,2023,605218-1,2023-06-21,2023-08-28,68,15,Right shoulder inflammation.,shoulder,True,True,Washington Nationals placed RHP Carl Edwards Jr. on the 15-day injured list. Right shoulder inflammation.
605218,Carl Edwards,2023,605218-2,2023-08-28,2023-10-02,35,60,Right shoulder inflammation.,shoulder,True,False,Washington Nationals placed RHP Carl Edwards Jr. on the 60-day injured list. Right shoulder inflammation. | Washington Nationals activated RHP Carl Edwards Jr. from the 60-day injured list.
455119,Chris Martin,2023,455119-1,2023-09-28,2023-10-02,4,15,Viral infection.,illness,False,False,Boston Red Sox placed RHP Chris Martin on the 15-day injured list. Viral infection. | Boston Red Sox activated RHP Chris Martin from the 15-day injured list.
455119,Chris Martin,2024,455119-2,2024-06-02,2024-06-18,16,15,Anxiety.,other,False,False,"Boston Red Sox placed RHP Chris Martin on the 15-day injured list retroactive to June 2, 2024. Anxiety. | Boston Red Sox activated RHP Chris Martin from the 15-day injured list."
455119,Chris Martin,2024,455119-3,2024-07-04,2024-08-07,34,15,Right elbow inflammation.,elbow,True,False,"Boston Red Sox placed RHP Chris Martin on the 15-day injured list retroactive to July 4, 2024. Right elbow inflammation. | Boston Red Sox activated RHP Chris Martin from the 15-day injured list."
455119,Chris Martin,2025,455119-4,2025-05-19,2025-06-05,17,15,Right shoulder fatigue.,shoulder,True,False,"Texas Rangers placed RHP Chris Martin on the 15-day injured list retroactive to May 19, 2025. Right shoulder fatigue. | Texas Rangers activated RHP Chris Martin from the 15-day injured list."
455119,Chris Martin,2025,455119-5,2025-07-21,2025-09-01,42,15,Left calf strain.,calf,False,False,Texas Rangers placed RHP Chris Martin on the 15-day injured list. Left calf strain. | Texas Rangers activated RHP Chris Martin from the 15-day injured list.
455119,Chris Martin,2025,455119-6,2025-09-26,2025-09-28,2,15,Thoracic outlet syndrome.,back,False,False,Texas Rangers placed RHP Chris Martin on the 15-day injured list. Thoracic outlet syndrome. | Texas Rangers activated RHP Chris Martin from the 15-day injured list.
676051,Codi Heuer,2022,676051-1,2022-03-16,2022-10-05,181,60,Recovery from Tommy John surgery.,elbow,True,False,Chicago Cubs placed RHP Codi Heuer on the 60-day injured list. Recovery from Tommy John surgery. | Chicago Cubs activated RHP Codi Heuer from the 60-day injured list.
676051,Codi Heuer,2023,676051-2,2023-02-20,2023-10-02,186,60,Tommy John surgery.,elbow,True,False,Chicago Cubs placed RHP Codi Heuer on the 60-day injured list. Tommy John surgery. | Chicago Cubs activated RHP Codi Heuer from the 60-day injured list.
668390,Cole Winn,2024,668390-1,2024-06-26,2024-09-30,96,60,,other,False,False,Texas Rangers transferred RHP Cole Winn from the 15-day injured list to the 60-day injured list. | Texas Rangers activated RHP Cole Winn from the 60-day injured list.
668390,Cole Winn,2025,668390-2,2025-08-20,2025-09-04,15,15,,other,False,False,Texas Rangers placed RHP Cole Winn on the 15-day injured list. | Texas Rangers activated RHP Cole Winn from the 15-day injured list.
668390,Cole Winn,2025,668390-3,2025-09-24,2025-09-28,4,15,Right rotator cuff strain.,shoulder,True,False,"Texas Rangers placed RHP Cole Winn on the 15-day injured list retroactive to September 24, 2025. Right rotator cuff strain. | Texas Rangers activated RHP Cole Winn from the 15-day injured list."
641540,Dane Dunning,2022,641540-1,2022-07-11,2022-07-26,15,15,Right ankle impingement.,ankle/foot,False,False,Texas Rangers placed RHP Dane Dunning on the 15-day injured list. Right ankle impingement. | Texas Rangers activated RHP Dane Dunning from the 15-day injured list.
641540,Dane Dunning,2022,641540-2,2022-09-27,2022-10-05,8,15,Right hip surgery.,hip/groin,False,False,Texas Rangers placed RHP Dane Dunning on the 15-day injured list. Right hip surgery. | Texas Rangers activated RHP Dane Dunning from the 15-day injured list.
641540,Dane Dunning,2024,641540-3,2024-05-05,2024-05-22,17,15,Right rotator cuff strain.,shoulder,True,False,"Texas Rangers placed RHP Dane Dunning on the 15-day injured list retroactive to May 5, 2024. Right rotator cuff strain. | Texas Rangers activated RHP Dane Dunning from the 15-day injured list."
641540,Dane Dunning,2024,641540-4,2024-07-04,2024-07-25,21,15,Right shoulder soreness.,shoulder,True,False,"Texas Rangers placed RHP Dane Dunning on the 15-day injured list retroactive to July 4, 2024. Right shoulder soreness. | Texas Rangers activated RHP Dane Dunning from the 15-day injured list."
543056,Danny Coulombe,2022,543056-1,2022-05-11,2022-05-27,16,15,Left hip impingement.,hip/groin,False,False,Minnesota Twins placed LHP Danny Coulombe on the 15-day injured list. Left hip impingement. | Minnesota Twins activated LHP Danny Coulombe.
543056,Danny Coulombe,2022,543056-2,2022-05-28,2022-10-05,130,60,Left hip impingement.,hip/groin,False,False,Minnesota Twins placed LHP Danny Coulombe on the 15-day injured list. Left hip impingement. | Minnesota Twins transferred LHP Danny Coulombe from the 15-day injured list to the 60-day injured list. Left hip impingement. | Minnesota Twins activated LHP Danny Coulombe from the 60-day injured list.
543056,Danny Coulombe,2023,543056-3,2023-08-09,2023-08-24,15,15,Left biceps tendonitis.,biceps/triceps,False,False,"Baltimore Orioles placed LHP Danny Coulombe on the 15-day injured list retroactive to August 9, 2023. Left biceps tendonitis. | Baltimore Orioles activated LHP Danny Coulombe from the 15-day injured list."
543056,Danny Coulombe,2024,543056-4,2024-06-09,2024-09-20,103,60,Left elbow inflammation.,elbow,True,False,"Baltimore Orioles placed LHP Danny Coulombe on the 15-day injured list retroactive to June 9, 2024. Left elbow inflammation. | Baltimore Orioles transferred LHP Danny Coulombe from the 15-day injured list to the 60-day injured list. Left elbow surgery. | Baltimore Orioles activated LHP Danny Coulombe from the 60-day injured list."
543056,Danny Coulombe,2025,543056-5,2025-05-05,2025-06-08,34,15,Left forearm extensor strain.,forearm,True,False,"Minnesota Twins placed LHP Danny Coulombe on the 15-day injured list retroactive to May 5, 2025. Left forearm extensor strain. | Minnesota Twins activated LHP Danny Coulombe from the 15-day injured list."
543056,Danny Coulombe,2025,543056-6,2025-09-01,2025-09-16,15,15,Left shoulder fatigue.,shoulder,True,False,"Texas Rangers placed LHP Danny Coulombe on the 15-day injured list retroactive to September 1, 2025. Left shoulder fatigue. | Texas Rangers activated LHP Danny Coulombe from the 15-day injured list."
571948,Hoby Milner,2024,571948-1,2024-08-09,2024-09-03,25,15,Left shoulder impingement.,shoulder,True,False,"Milwaukee Brewers placed LHP Hoby Milner on the 15-day injured list retroactive to August 9, 2024. Left shoulder impingement. | Milwaukee Brewers activated LHP Hoby Milner from the 15-day injured list."
683004,Jack Leiter,2025,683004-1,2025-04-02,2025-04-27,25,15,Right middle finger blister.,hand/wrist,False,False,"Texas Rangers placed RHP Jack Leiter on the 15-day injured list retroactive to April 2, 2025. Right middle finger blister. | Texas Rangers activated RHP Jack Leiter from the 15-day injured list."
594798,Jacob Degrom,2022,594798-1,2022-04-07,2022-08-02,117,60,Stress reaction on his right scapula.,shoulder,True,False,New York Mets placed RHP Jacob deGrom on the 10-day injured list. Stress reaction on his right scapula. | New York Mets transferred RHP Jacob deGrom from the 10-day injured list to the 60-day injured list. | New York Mets activated RHP Jacob deGrom from the 60-day injured list.
594798,Jacob Degrom,2023,594798-2,2023-04-29,2023-10-02,156,60,Right elbow inflammation.,elbow,True,False,Texas Rangers placed RHP Jacob deGrom on the 15-day injured list. Right elbow inflammation. | Texas Rangers transferred RHP Jacob deGrom from the 15-day injured list to the 60-day injured list. | Texas Rangers activated RHP Jacob deGrom from the 60-day injured list.
594798,Jacob Degrom,2024,594798-3,2024-03-22,2024-09-13,169,60,Right elbow surgery.,elbow,True,False,Texas Rangers placed RHP Jacob deGrom on the 60-day injured list. Right elbow surgery. | Texas Rangers activated RHP Jacob deGrom from the 60-day injured list.
656641,Jacob Latz,2024,656641-1,2024-08-03,2024-09-18,46,15,Left forearm tightness.,forearm,True,False,"Texas Rangers placed LHP Jacob Latz on the 15-day injured list retroactive to August 3, 2024. Left forearm tightness. | Texas Rangers activated LHP Jacob Latz from the 15-day injured list."
657097,Jacob Webb,2024,657097-1,2024-08-04,2024-09-15,42,15,Right elbow inflammation.,elbow,True,False,"Baltimore Orioles placed RHP Jacob Webb on the 15-day injured list retroactive to August 4, 2024. Right elbow inflammation. | Baltimore Orioles activated RHP Jacob Webb from the 15-day injured list."
657097,Jacob Webb,2025,657097-2,2025-07-29,2025-08-21,23,15,Back spasm.,back,False,False,"Texas Rangers placed RHP Jacob Webb on the 15-day injured list retroactive to July 29, 2025. Back spasm. | Texas Rangers activated RHP Jacob Webb from the 15-day injured list."
592351,Jon Gray,2022,592351-1,2022-04-09,2022-04-19,10,10,Right middle finger blister.,hand/wrist,False,False,Texas Rangers placed RHP Jon Gray on the 10-day injured list. Right middle finger blister. | Texas Rangers activated RHP Jon Gray from the 10-day injured list.
592351,Jon Gray,2022,592351-2,2022-04-20,2022-05-03,13,10,Low grade left knee sprain.,knee,False,False,"Texas Rangers placed RHP Jon Gray on the 10-day injured list retroactive to April 20, 2022. Low grade left knee sprain. | Texas Rangers activated RHP Jon Gray from the 10-day injured list."
592351,Jon Gray,2022,592351-3,2022-08-02,2022-09-12,41,15,Left oblique strain.,oblique,False,False,Texas Rangers placed RHP Jon Gray on the 15-day injured list. Left oblique strain. | Texas Rangers activated RHP Jon Gray from the 15-day injured list.
592351,Jon Gray,2023,592351-4,2023-09-28,2023-10-02,4,15,Right lower forearm tightness.,forearm,True,False,"Texas Rangers placed RHP Jon Gray on the 15-day injured list retroactive to September 28, 2023. Right lower forearm tightness. | Texas Rangers activated RHP Jon Gray."
592351,Jon Gray,2024,592351-5,2024-05-22,2024-06-08,17,15,Right groin strain.,hip/groin,False,False,"Texas Rangers placed RHP Jon Gray on the 15-day injured list retroactive to May 22, 2024. Right groin strain. | Texas Rangers activated RHP Jon Gray from the 15-day injured list."
592351,Jon Gray,2024,592351-6,2024-07-29,2024-08-20,22,15,Right groin strain.,hip/groin,False,False,Texas Rangers placed RHP Jon Gray on the 15-day injured list. Right groin strain. | Texas Rangers activated RHP Jon Gray from the 15-day injured list.
592351,Jon Gray,2024,592351-7,2024-09-03,2024-09-30,27,60,Right foot neuroma.,ankle/foot,False,False,Texas Rangers placed RHP Jon Gray on the 15-day injured list. Right foot neuroma. | Texas Rangers transferred RHP Jon Gray from the 15-day injured list to the 60-day injured list. | Texas Rangers activated RHP Jon Gray from the 60-day injured list.
592351,Jon Gray,2025,592351-8,2025-03-18,2025-07-23,118,60,Right forearm fracture.,forearm,True,False,Texas Rangers placed RHP Jon Gray on the 60-day injured list. Right forearm fracture. | Texas Rangers placed RHP Jon Gray on the 60-day injured list. Right forearm fracture. | Texas Rangers activated RHP Jon Gray from the 60-day injured list.
592351,Jon Gray,2025,592351-9,2025-08-17,2025-09-28,42,60,Right shoulder nerve irritation.,shoulder,True,True,Texas Rangers placed RHP Jon Gray on the 15-day injured list. Right shoulder nerve irritation. | Texas Rangers transferred RHP Jon Gray from the 15-day injured list to the 60-day injured list.
677958,Kumar Rocker,2025,677958-1,2025-04-24,2025-06-04,41,15,Right shoulder impingement.,shoulder,True,False,Texas Rangers placed RHP Kumar Rocker on the 15-day injured list. Right shoulder impingement. | Texas Rangers placed RHP Kumar Rocker on the 15-day injured list. Right shoulder impingement. | Texas Rangers activated RHP Kumar Rocker from the 15-day injured list.
592426,Luke Jackson,2022,592426-1,2022-04-03,2022-10-05,181,60,Torn right ulnar collateral ligament.,elbow,True,False,Atlanta Braves placed RHP Luke Jackson on the 60-day injured list. Torn right ulnar collateral ligament. | San Francisco Giants activated RHP Luke Jackson.
592426,Luke Jackson,2023,592426-2,2023-03-27,2023-05-30,61,60,UCL reconstruction.,elbow,True,False,"San Francisco Giants placed RHP Luke Jackson on the 15-day injured list retroactive to March 27, 2023. UCL reconstruction. | San Francisco Giants transferred RHP Luke Jackson from the 15-day injured list to the 60-day injured list. UCL reconstruction. | San Francisco Giants activated RHP Luke Jackson from the 60-day injured list."
592426,Luke Jackson,2023,592426-3,2023-06-25,2023-07-22,27,15,Low back strain.,back,False,False,San Francisco Giants placed RHP Luke Jackson on the 15-day injured list. Low back strain. | San Francisco Giants activated RHP Luke Jackson from the 15-day injured list.
592426,Luke Jackson,2024,592426-4,2024-03-29,2024-04-22,24,15,Lower back strain.,back,False,False,San Francisco Giants placed RHP Luke Jackson on the 15-day injured list. Lower back strain. | San Francisco Giants activated RHP Luke Jackson from the 15-day injured list.
518876,Merrill Kelly,2023,518876-1,2023-06-25,2023-07-25,30,15,Right calf inflammation.,calf,False,False,"Arizona Diamondbacks placed RHP Merrill Kelly on the 15-day injured list retroactive to June 25, 2023. Right calf inflammation. | Arizona Diamondbacks activated RHP Merrill Kelly from the 15-day injured list."
518876,Merrill Kelly,2024,518876-2,2024-04-20,2024-08-11,113,60,Right shoulder strain.,shoulder,True,False,"Arizona Diamondbacks placed RHP Merrill Kelly on the 15-day injured list retroactive to April 20, 2024. Right shoulder strain. | Arizona Diamondbacks transferred RHP Merrill Kelly from the 15-day injured list to the 60-day injured list. Right shoulder strain. | Arizona Diamondbacks activated RHP Merrill Kelly from the 60-day injured list."
543135,Nathan Eovaldi,2022,543135-1,2022-06-09,2022-07-15,36,15,Low back inflammation.,back,False,False,"Boston Red Sox placed RHP Nathan Eovaldi on the 15-day injured list retroactive to June 9, 2022. Low back inflammation. | Boston Red Sox activated RHP Nathan Eovaldi."
543135,Nathan Eovaldi,2022,543135-2,2022-08-19,2022-09-29,41,15,Right shoulder inflammation.,shoulder,True,False,"Boston Red Sox placed RHP Nathan Eovaldi on the 15-day injured list retroactive to August 19, 2022. Right shoulder inflammation. | Boston Red Sox activated RHP Nathan Eovaldi from the 15-day injured list."
543135,Nathan Eovaldi,2023,543135-3,2023-07-27,2023-09-05,40,15,Right forearm strain.,forearm,True,False,"Texas Rangers placed RHP Nathan Eovaldi on the 15-day injured list retroactive to July 27, 2023. Right forearm strain. | Texas Rangers activated RHP Nathan Eovaldi from the 15-day injured list."
543135,Nathan Eovaldi,2024,543135-4,2024-05-03,2024-05-28,25,15,Right groin strain.,hip/groin,False,False,Texas Rangers placed RHP Nathan Eovaldi on the 15-day injured list. Right groin strain. | Texas Rangers activated RHP Nathan Eovaldi from the 15-day injured list.
543135,Nathan Eovaldi,2025,543135-5,2025-05-29,2025-06-27,29,15,Right posterior elbow inflammation.,elbow,True,False,"Texas Rangers placed RHP Nathan Eovaldi on the 15-day injured list retroactive to May 29, 2025. Right posterior elbow inflammation. | Texas Rangers activated RHP Nathan Eovaldi from the 15-day injured list."
543135,Nathan Eovaldi,2025,543135-6,2025-08-24,2025-09-28,35,60,Right rotator cuff strain.,shoulder,True,False,"Texas Rangers placed RHP Nathan Eovaldi on the 15-day injured list retroactive to August 24, 2025. Right rotator cuff strain. | Texas Rangers transferred RHP Nathan Eovaldi from the 15-day injured list to the 60-day injured list. | Texas Rangers activated RHP Nathan Eovaldi from the 60-day injured list."
664208,Phil Maton,2023,664208-1,2023-08-12,2023-08-27,15,15,Right eblow contusion.,other,False,False,Houston Astros placed RHP Phil Maton on the 15-day injured list. Right eblow contusion. | Houston Astros activated RHP Phil Maton from the 15-day injured list.
676395,Robert Garcia,2024,676395-1,2024-04-21,2024-05-07,16,15,Influenza.,other,False,False,"Washington Nationals placed LHP Robert Garcia on the 15-day injured list retroactive to April 21, 2024. Influenza. | Washington Nationals activated LHP Robert Garcia from the 15-day injured list."
542888,Shawn Armstrong,2023,542888-1,2023-03-27,2023-06-03,65,60,Neck tightness.,neck,False,False,"Tampa Bay Rays placed RHP Shawn Armstrong on the 15-day injured list retroactive to March 27, 2023. Neck tightness. | Tampa Bay Rays transferred RHP Shawn Armstrong from the 15-day injured list to the 60-day injured list. Neck tightness. | Tampa Bay Rays activated RHP Shawn Armstrong from the 60-day injured list."
641816,Tyler Mahle,2022,641816-1,2022-07-03,2022-07-24,21,15,Strained right shoulder.,shoulder,True,False,"Cincinnati Reds placed RHP Tyler Mahle on the 15-day injured list retroactive to July 3, 2022. Strained right shoulder. | Cincinnati Reds activated RHP Tyler Mahle from the 15-day injured list."
641816,Tyler Mahle,2022,641816-2,2022-09-04,2022-10-05,31,15,Right shoulder inflammation.,shoulder,True,False,Minnesota Twins placed RHP Tyler Mahle on the 15-day injured list. Right shoulder inflammation. | Minnesota Twins activated RHP Tyler Mahle from the 15-day injured list.
641816,Tyler Mahle,2023,641816-3,2023-04-30,2023-10-02,155,60,Right arm posterior impingement and flexor pronator strain.,forearm,True,False,"Minnesota Twins placed RHP Tyler Mahle on the 15-day injured list retroactive to April 30, 2023. Right arm posterior impingement and flexor pronator strain. | Minnesota Twins transferred RHP Tyler Mahle from the 15-day injured list to the 60-day injured list. Right arm posterior impingement and flexor pronator strain. | Minnesota Twins activated RHP Tyler Mahle from the 60-day injured list."
641816,Tyler Mahle,2024,641816-4,2024-03-28,2024-08-06,131,60,Rehab from right elbow surgery.,elbow,True,False,Texas Rangers placed RHP Tyler Mahle on the 60-day injured list. Rehab from right elbow surgery. | Texas Rangers activated RHP Tyler Mahle from the 60-day injured list.
641816,Tyler Mahle,2024,641816-5,2024-08-20,2024-09-30,41,60,Right shoulder tightness.,shoulder,True,False,Texas Rangers placed RHP Tyler Mahle on the 15-day injured list. Right shoulder tightness. | Texas Rangers transferred RHP Tyler Mahle from the 15-day injured list to the 60-day injured list. | Texas Rangers activated RHP Tyler Mahle from the 60-day injured list.
641816,Tyler Mahle,2025,641816-6,2025-06-12,2025-09-19,99,60,Right shoulder fatigue.,shoulder,True,False,"Texas Rangers placed RHP Tyler Mahle on the 15-day injured list retroactive to June 12, 2025. Right shoulder fatigue. | Texas Rangers transferred RHP Tyler Mahle from the 15-day injured list to the 60-day injured list. Right shoulder fatigue. | Texas Rangers activated RHP Tyler Mahle from the 60-day injured list."
670102,Bowden Francis,2024,670102-1,2024-04-25,2024-06-04,40,15,Right forearm extensor tendinitis.,forearm,True,False,Toronto Blue Jays placed RHP Bowden Francis on the 15-day injured list. Right forearm extensor tendinitis. | Toronto Blue Jays activated RHP Bowden Francis from the 15-day injured list.
670102,Bowden Francis,2025,670102-2,2025-06-15,2025-09-28,105,60,Right shoulder impingement.,shoulder,True,False,"Toronto Blue Jays placed RHP Bowden Francis on the 15-day injured list retroactive to June 15, 2025. Right shoulder impingement. | Toronto Blue Jays transferred RHP Bowden Francis from the 15-day injured list to the 60-day injured list. | Toronto Blue Jays activated RHP Bowden Francis from the 60-day injured list."
643338,Chad Green,2022,643338-1,2022-05-21,2022-10-05,137,60,Right elbow strain.,elbow,True,False,New York Yankees placed RHP Chad Green on the 15-day injured list. Right elbow strain. | New York Yankees transferred RHP Chad Green from the 15-day injured list to the 60-day injured list.
643338,Chad Green,2023,643338-2,2023-03-29,2023-09-01,155,60,Recovery from Tommy John surgery.,elbow,True,False,Toronto Blue Jays placed RHP Chad Green on the 60-day injured list. Recovery from Tommy John surgery. | Toronto Blue Jays activated RHP Chad Green from the 60-day injured list.
643338,Chad Green,2024,643338-3,2024-04-17,2024-05-28,41,15,Right teres major muscle strain.,other,False,False,"Toronto Blue Jays placed RHP Chad Green on the 15-day injured list retroactive to April 17, 2024. Right teres major muscle strain. | Toronto Blue Jays activated RHP Chad Green from the 15-day injured list."
605135,Chris Bassitt,2022,605135-1,2022-07-01,2022-07-08,7,10,,other,False,False,New York Mets placed RHP Chris Bassitt on the 10-day injured list. | New York Mets activated RHP Chris Bassitt from the 10-day injured list.
605135,Chris Bassitt,2025,605135-2,2025-09-19,2025-09-28,9,15,Low back inflammation.,back,False,False,"Toronto Blue Jays placed RHP Chris Bassitt on the 15-day injured list retroactive to September 19, 2025. Low back inflammation. | Toronto Blue Jays activated RHP Chris Bassitt from the 15-day injured list."
622253,Dillon Tate,2023,622253-1,2023-03-27,2023-06-03,65,15,Right elbow flexor strain.,elbow,True,True,"Baltimore Orioles placed RHP Dillon Tate on the 15-day injured list retroactive to March 27, 2023. Right elbow flexor strain."
622253,Dillon Tate,2023,622253-2,2023-06-03,2023-10-02,121,60,Right elbow flexor strain.,elbow,True,False,Baltimore Orioles placed RHP Dillon Tate on the 60-day injured list. Right elbow flexor strain. | Baltimore Orioles activated RHP Dillon Tate from the 60-day injured list.
641778,Eric Lauer,2022,641778-1,2022-09-08,2022-09-23,15,15,Left elbow inflammation.,elbow,True,False,"Milwaukee Brewers placed LHP Eric Lauer on the 15-day injured list retroactive to September 8, 2022. Left elbow inflammation. | Milwaukee Brewers activated LHP Eric Lauer from the 15-day injured list."
641778,Eric Lauer,2023,641778-2,2023-05-21,2023-06-14,24,15,Right shoulder impingement.,shoulder,True,False,"Milwaukee Brewers placed LHP Eric Lauer on the 15-day injured list retroactive to May 21, 2023. Right shoulder impingement. | Milwaukee Brewers activated LHP Eric Lauer from the 15-day injured list."
657024,Erik Swanson,2022,657024-1,2022-05-14,2022-06-10,27,15,Right elbow inflammation.,elbow,True,False,Seattle Mariners placed RHP Erik Swanson on the 15-day injured list. Right elbow inflammation. | Seattle Mariners activated RHP Erik Swanson.
657024,Erik Swanson,2023,657024-2,2023-08-27,2023-09-11,15,15,Thoracic spine inflammation.,back,False,False,Toronto Blue Jays placed RHP Erik Swanson on the 15-day injured list. Thoracic spine inflammation. | Toronto Blue Jays activated RHP Erik Swanson from the 15-day injured list.
657024,Erik Swanson,2024,657024-3,2024-03-25,2024-04-16,19,15,Right forearm inflammation.,forearm,True,False,"Toronto Blue Jays placed RHP Erik Swanson on the 15-day injured list retroactive to March 25, 2024. Right forearm inflammation. | Toronto Blue Jays activated RHP Erik Swanson from the 15-day injured list."
657024,Erik Swanson,2025,657024-4,2025-03-24,2025-06-01,66,60,Right median nerve entrapment.,other,False,False,"Toronto Blue Jays placed RHP Erik Swanson on the 15-day injured list retroactive to March 24, 2025. Right median nerve entrapment. | Toronto Blue Jays transferred RHP Erik Swanson from the 15-day injured list to the 60-day injured list. | Toronto Blue Jays activated RHP Erik Swanson from the 60-day injured list."
656546,Jeff Hoffman,2022,656546-1,2022-06-24,2022-06-29,5,15,,other,False,False,Cincinnati Reds placed RHP Jeff Hoffman on the 15-day injured list. | Cincinnati Reds activated RHP Jeff Hoffman from the 10-day injured list.
656546,Jeff Hoffman,2022,656546-2,2022-07-24,2022-10-05,73,60,Right forearm stiffness.,forearm,True,False,Cincinnati Reds placed RHP Jeff Hoffman on the 15-day injured list. Right forearm stiffness. | Cincinnati Reds transferred RHP Jeff Hoffman from the 15-day injured list to the 60-day injured list. | Cincinnati Reds activated RHP Jeff Hoffman from the 60-day injured list.
677020,Josh Walker,2023,677020-1,2023-08-13,2023-10-02,50,60,Right oblique strain.,oblique,False,False,"New York Mets placed LHP Josh Walker on the 15-day injured list retroactive to August 13, 2023. | New York Mets transferred LHP Josh Walker from the 15-day injured list to the 60-day injured list. Right oblique strain. | New York Mets activated LHP Josh Walker from the 60-day injured list."
621244,José Berríos,2025,621244-1,2025-09-25,2025-09-28,3,15,Right elbow inflammation.,elbow,True,False,Toronto Blue Jays placed RHP José Berríos on the 15-day injured list. Right elbow inflammation. | Toronto Blue Jays activated RHP José Berríos from the 15-day injured list.
570632,José Ureña,2024,570632-1,2024-09-15,2024-09-30,15,15,Right shoulder fatigue.,shoulder,True,False,Texas Rangers placed RHP José Ureña on the 15-day injured list. Right shoulder fatigue. | Texas Rangers activated RHP José Ureña from the 15-day injured list.
453286,Max Scherzer,2022,453286-1,2022-05-19,2022-07-05,47,15,Left oblique strain.,oblique,False,False,"New York Mets placed RHP Max Scherzer on the 15-day injured list retroactive to May 19, 2022. Left oblique strain. | New York Mets activated RHP Max Scherzer."
453286,Max Scherzer,2022,453286-2,2022-09-04,2022-09-19,15,15,Left oblique irritation.,oblique,False,False,"New York Mets placed RHP Max Scherzer on the 15-day injured list retroactive to September 4, 2022. Left oblique irritation. | New York Mets activated RHP Max Scherzer from the 15-day injured list."
453286,Max Scherzer,2023,453286-3,2023-09-13,2023-10-02,19,15,Right teres major muscle strain.,other,False,False,Texas Rangers placed RHP Max Scherzer on the 15-day injured list. Right teres major muscle strain. | Texas Rangers activated RHP Max Scherzer from the 15-day injured list.
453286,Max Scherzer,2024,453286-4,2024-03-25,2024-05-15,48,15,Rehab from back surgery.,back,False,True,"Texas Rangers placed RHP Max Scherzer on the 15-day injured list. Rehab from back surgery. | Texas Rangers placed RHP Max Scherzer on the 15-day injured list retroactive to March 25, 2024. Rehab from back surgery."
453286,Max Scherzer,2024,453286-5,2024-05-15,2024-06-23,39,60,Rehab from back surgery.,back,False,False,Texas Rangers placed RHP Max Scherzer on the 60-day injured list. Rehab from back surgery. | Texas Rangers placed RHP Max Scherzer on the 60-day injured list. Rehab from back surgery. | Texas Rangers activated RHP Max Scherzer from the 60-day injured list.
453286,Max Scherzer,2024,453286-6,2024-07-31,2024-09-14,45,15,Right shoulder fatigue.,shoulder,True,False,"Texas Rangers placed RHP Max Scherzer on the 15-day injured list retroactive to July 31, 2024. Right shoulder fatigue. | Texas Rangers activated RHP Max Scherzer from the 15-day injured list."
453286,Max Scherzer,2024,453286-7,2024-09-21,2024-09-30,9,15,Left hamstring strain.,hamstring,False,False,Texas Rangers placed RHP Max Scherzer on the 15-day injured list. Left hamstring strain. | Texas Rangers activated RHP Max Scherzer from the 15-day injured list.
453286,Max Scherzer,2025,453286-8,2025-03-30,2025-06-25,87,60,Right thumb inflammation.,hand/wrist,False,False,Toronto Blue Jays placed RHP Max Scherzer on the 15-day injured list. Right thumb inflammation. | Toronto Blue Jays transferred RHP Max Scherzer from the 15-day injured list to the 60-day injured list. | Toronto Blue Jays activated RHP Max Scherzer from the 60-day injured list.
680704,Nick Sandlin,2024,680704-1,2024-06-17,2024-07-04,17,15,Lower back inflammation.,back,False,False,"Cleveland Guardians placed RHP Nick Sandlin on the 15-day injured list retroactive to June 17, 2024. Lower back inflammation. | Cleveland Guardians activated RHP Nick Sandlin from the 15-day injured list."
680704,Nick Sandlin,2025,680704-2,2025-04-20,2025-06-20,61,15,Right lat strain.,lat,True,False,Toronto Blue Jays placed RHP Nick Sandlin on the 15-day injured list. Right lat strain. | Toronto Blue Jays activated RHP Nick Sandlin from the 15-day injured list.
680704,Nick Sandlin,2025,680704-3,2025-07-08,2025-09-28,82,60,Right elbow inflammation.,elbow,True,False,Toronto Blue Jays placed RHP Nick Sandlin on the 15-day injured list. Right elbow inflammation. | Toronto Blue Jays transferred RHP Nick Sandlin from the 15-day injured list to the 60-day injured list. Right elbow inflammation. | Toronto Blue Jays activated RHP Nick Sandlin from the 60-day injured list.
687606,Paxton Schultz,2025,687606-1,2025-06-29,2025-07-29,30,15,Right middle finger inflammation.,hand/wrist,False,False,Toronto Blue Jays placed RHP Paxton Schultz on the 15-day injured list. Right middle finger inflammation. | Toronto Blue Jays activated RHP Paxton Schultz from the 15-day injured list.
673820,Robinson Piña,2025,673820-1,2025-09-02,2025-09-28,26,60,Right elbow UCL sprain.,elbow,True,False,Toronto Blue Jays placed RHP Robinson Piña on the 60-day injured list. Right elbow UCL sprain. | Toronto Blue Jays activated RHP Robinson Piña from the 60-day injured list.
621366,Ryan Borucki,2022,621366-1,2022-04-27,2022-05-07,10,10,Left middle finger blister.,hand/wrist,False,False,Toronto Blue Jays placed LHP Ryan Borucki on the 10-day injured list. Left middle finger blister. | Toronto Blue Jays activated LHP Ryan Borucki from the 10-day injured list.
621366,Ryan Borucki,2022,621366-2,2022-08-09,2022-10-05,57,15,Left flexor strain.,forearm,True,False,Seattle Mariners placed LHP Ryan Borucki on the 15-day injured list. Left flexor strain. | Seattle Mariners activated LHP Ryan Borucki from the 15-day injured list.
621366,Ryan Borucki,2024,621366-3,2024-04-06,2024-09-01,148,60,Left triceps inflammation.,biceps/triceps,False,False,"Pittsburgh Pirates placed LHP Ryan Borucki on the 15-day injured list retroactive to April 6, 2024. Left triceps inflammation. | Pittsburgh Pirates transferred LHP Ryan Borucki from the 15-day injured list to the 60-day injured list. Left triceps inflammation. | Pittsburgh Pirates activated LHP Ryan Borucki from the 60-day injured list."
621366,Ryan Borucki,2025,621366-4,2025-06-21,2025-08-01,41,15,Low back inflammation.,back,False,False,Pittsburgh Pirates placed LHP Ryan Borucki on the 15-day injured list. Low back inflammation. | Pittsburgh Pirates activated LHP Ryan Borucki from the 15-day injured list.
621114,Ryan Burr,2022,621114-1,2022-04-04,2022-04-29,22,10,Right shoulder strain.,shoulder,True,False,Chicago White Sox placed RHP Ryan Burr on the 10-day injured list. Right shoulder strain. | Chicago White Sox activated RHP Ryan Burr.
621114,Ryan Burr,2025,621114-2,2025-04-27,2025-04-27,0,60,,other,False,True,Toronto Blue Jays transferred RHP Ryan Burr from the 15-day injured list to the 60-day injured list.
621114,Ryan Burr,2025,621114-3,2025-03-24,2025-07-06,101,15,Right shoulder inflammation.,shoulder,True,False,"Toronto Blue Jays placed RHP Ryan Burr on the 15-day injured list retroactive to March 24, 2025. Right shoulder inflammation. | Toronto Blue Jays activated RHP Ryan Burr from the 60-day injured list."
621114,Ryan Burr,2025,621114-4,2025-07-11,2025-09-28,79,60,Right shoulder rotator cuff strain.,shoulder,True,False,Toronto Blue Jays placed RHP Ryan Burr on the 60-day injured list. Right shoulder rotator cuff strain. | Toronto Blue Jays activated RHP Ryan Burr from the 60-day injured list.
622554,Seranthony Domínguez,2022,622554-1,2022-08-18,2022-09-11,24,15,Right triceps tendinitis.,biceps/triceps,False,False,"Philadelphia Phillies placed RHP Seranthony Dominguez on the 15-day injured list retroactive to August 18, 2022. Right triceps tendinitis. | Philadelphia Phillies activated RHP Seranthony Domínguez from the 15-day injured list."
622554,Seranthony Domínguez,2023,622554-2,2023-06-16,2023-07-25,39,15,Left oblique strain.,oblique,False,False,"Philadelphia Phillies placed RHP Seranthony Domínguez on the 15-day injured list retroactive to June 16, 2023. Left oblique strain. | Philadelphia Phillies activated RHP Seranthony Domínguez from the 15-day injured list."
669456,Shane Bieber,2023,669456-1,2023-07-12,2023-09-22,72,60,Right elbow inflammation.,elbow,True,False,"Cleveland Guardians placed RHP Shane Bieber on the 15-day injured list retroactive to July 12, 2023. | Cleveland Guardians transferred RHP Shane Bieber from the 15-day injured list to the 60-day injured list. Right elbow inflammation. | Cleveland Guardians activated RHP Shane Bieber from the 60-day injured list."
669456,Shane Bieber,2024,669456-2,2024-04-03,2024-09-30,180,60,Right elbow injury.,elbow,True,False,"Cleveland Guardians placed RHP Shane Bieber on the 15-day injured list retroactive to April 3, 2024. Right elbow injury. | Cleveland Guardians transferred RHP Shane Bieber from the 15-day injured list to the 60-day injured list. Right elbow injury. | Cleveland Guardians transferred RHP Shane Bieber from the 15-day injured list to the 60-day injured list. Tommy John surgery."
669456,Shane Bieber,2025,669456-3,2025-03-24,2025-08-22,148,60,Right elbow ulnar collateral ligament reconstruction.,elbow,True,False,"Cleveland Guardians placed RHP Shane Bieber on the 15-day injured list retroactive to March 24, 2025. Right elbow ulnar collateral ligament reconstruction. | Cleveland Guardians transferred RHP Shane Bieber from the 15-day injured list to the 60-day injured list. Right elbow ulnar collateral ligament reconstruction. | Toronto Blue Jays activated RHP Shane Bieber from the 60-day injured list."
605513,Spencer Turnbull,2022,605513-1,2022-04-06,2022-10-05,181,60,Right elbow sprain.,elbow,True,False,Detroit Tigers placed RHP Spencer Turnbull on the 60-day injured list. Right elbow sprain. | Detroit Tigers activated RHP Spencer Turnbull from the 60-day injured list.
605513,Spencer Turnbull,2023,605513-2,2023-05-07,2023-10-02,148,60,Neck discomfort.,neck,False,False,"Detroit Tigers placed RHP Spencer Turnbull on the 15-day injured list retroactive to May 7, 2023. Neck discomfort. | Detroit Tigers transferred RHP Spencer Turnbull from the 15-day injured list to the 60-day injured list. Neck discomfort. | (no activation listed; return inferred from first MLB appearance 2024-04-02)"
605513,Spencer Turnbull,2024,605513-2,2024-03-28,2024-04-02,5,60,Neck discomfort.,neck,False,False,"Detroit Tigers placed RHP Spencer Turnbull on the 15-day injured list retroactive to May 7, 2023. Neck discomfort. | Detroit Tigers transferred RHP Spencer Turnbull from the 15-day injured list to the 60-day injured list. Neck discomfort. | (no activation listed; return inferred from first MLB appearance 2024-04-02)"
605513,Spencer Turnbull,2024,605513-3,2024-06-27,2024-09-30,95,60,Right lat strain.,lat,True,False,Philadelphia Phillies placed RHP Spencer Turnbull on the 15-day injured list. Right lat strain. | Philadelphia Phillies transferred RHP Spencer Turnbull from the 15-day injured list to the 60-day injured list. Right lat strain. | Toronto Blue Jays activated RHP Spencer Turnbull.
605513,Spencer Turnbull,2025,605513-3,2025-03-27,2025-06-09,74,60,Right lat strain.,lat,True,False,Philadelphia Phillies placed RHP Spencer Turnbull on the 15-day injured list. Right lat strain. | Philadelphia Phillies transferred RHP Spencer Turnbull from the 15-day injured list to the 60-day injured list. Right lat strain. | Toronto Blue Jays activated RHP Spencer Turnbull.
667297,Tommy Nance,2022,667297-1,2022-03-19,2022-05-09,32,10,,other,False,False,Chicago Cubs placed RHP Tommy Nance on the 10-day injured list. | (no activation listed; return inferred from first MLB appearance 2022-05-09)
667297,Tommy Nance,2022,667297-2,2022-07-24,2022-08-13,20,15,Right groin strain.,hip/groin,False,False,Miami Marlins placed RHP Tommy Nance on the 15-day injured list. Right groin strain. | Miami Marlins activated RHP Tommy Nance from the 15-day injured list.
667297,Tommy Nance,2022,667297-3,2022-09-14,2022-09-29,15,15,Right groin strain.,hip/groin,False,False,"Miami Marlins placed RHP Tommy Nance on the 15-day injured list retroactive to September 14, 2022. Right groin strain. | Miami Marlins activated RHP Tommy Nance from the 15-day injured list."
667297,Tommy Nance,2023,667297-4,2023-03-27,2023-08-23,146,60,Right shoulder strain.,shoulder,True,False,"Miami Marlins placed RHP Tommy Nance on the 15-day injured list retroactive to March 27, 2023. Right shoulder strain. | Miami Marlins transferred RHP Tommy Nance from the 15-day injured list to the 60-day injured list. Right shoulder strain. | Miami Marlins activated RHP Tommy Nance from the 60-day injured list."
667297,Tommy Nance,2023,667297-5,2023-09-19,2023-10-02,13,60,Left oblique strain.,oblique,False,False,Miami Marlins placed RHP Tommy Nance on the 60-day injured list. Left oblique strain. | Toronto Blue Jays selected the contract of RHP Tommy Nance from Buffalo Bisons.
667297,Tommy Nance,2024,667297-5,2024-03-28,2024-08-08,133,60,Left oblique strain.,oblique,False,False,Miami Marlins placed RHP Tommy Nance on the 60-day injured list. Left oblique strain. | Toronto Blue Jays selected the contract of RHP Tommy Nance from Buffalo Bisons.
684320,Yariel Rodríguez,2024,684320-1,2024-04-30,2024-06-21,52,15,Thoracic spine inflammation.,back,False,False,Toronto Blue Jays placed RHP Yariel Rodríguez on the 15-day injured list. Thoracic spine inflammation. | Toronto Blue Jays activated RHP Yariel Rodríguez from the 15-day injured list.
554340,Yimi García,2022,554340-1,2022-06-24,2022-07-08,14,15,Left back strain.,back,False,False,Toronto Blue Jays placed RHP Yimi Garcia on the 15-day injured list. Left back strain. | Toronto Blue Jays activated RHP Yimi García from the 15-day injured list.
554340,Yimi García,2024,554340-2,2024-06-17,2024-07-19,32,15,Right elbow ulnar neuritis.,elbow,True,False,Toronto Blue Jays placed RHP Yimi García on the 15-day injured list. Right elbow ulnar neuritis. | Toronto Blue Jays activated RHP Yimi García from the 15-day injured list.
554340,Yimi García,2024,554340-3,2024-08-20,2024-09-30,41,60,Right elbow inflammation.,elbow,True,False,"Seattle Mariners placed RHP Yimi García on the 15-day injured list retroactive to August 20, 2024. Right elbow inflammation. | Seattle Mariners transferred RHP Yimi García from the 15-day injured list to the 60-day injured list. Right elbow inflammation. | (no activation listed; return inferred from first MLB appearance 2025-03-28)"
554340,Yimi García,2025,554340-3,2025-03-27,2025-03-28,1,60,Right elbow inflammation.,elbow,True,False,"Seattle Mariners placed RHP Yimi García on the 15-day injured list retroactive to August 20, 2024. Right elbow inflammation. | Seattle Mariners transferred RHP Yimi García from the 15-day injured list to the 60-day injured list. Right elbow inflammation. | (no activation listed; return inferred from first MLB appearance 2025-03-28)"
554340,Yimi García,2025,554340-4,2025-05-24,2025-07-02,39,15,Right shoulder impingement.,shoulder,True,False,Toronto Blue Jays placed RHP Yimi García on the 15-day injured list. Right shoulder impingement. | Toronto Blue Jays activated RHP Yimi García from the 15-day injured list.
554340,Yimi García,2025,554340-5,2025-07-05,2025-09-28,85,60,Left ankle sprain.,ankle/foot,False,False,Toronto Blue Jays placed RHP Yimi García on the 15-day injured list. Left ankle sprain. | Toronto Blue Jays transferred RHP Yimi García from the 15-day injured list to the 60-day injured list. | Toronto Blue Jays activated RHP Yimi García from the 60-day injured list.
605177,Andrew Chafin,2022,605177-1,2022-04-04,2022-04-26,19,10,Left groin strain.,hip/groin,False,False,Detroit Tigers placed LHP Andrew Chafin on the 10-day injured list. Left groin strain. | Detroit Tigers activated LHP Andrew Chafin.
605177,Andrew Chafin,2025,605177-2,2025-06-11,2025-07-03,22,15,Right hamstring strain.,hamstring,False,False,"Washington Nationals placed LHP Andrew Chafin on the 15-day injured list retroactive to June 11, 2025. Right hamstring strain. | Washington Nationals activated LHP Andrew Chafin from the 15-day injured list."
605177,Andrew Chafin,2025,605177-3,2025-09-11,2025-09-28,17,15,Left triceps inflammation.,biceps/triceps,False,False,"Los Angeles Angels placed LHP Andrew Chafin on the 15-day injured list retroactive to September 11, 2025. Left triceps inflammation. | Los Angeles Angels activated LHP Andrew Chafin from the 15-day injured list."
676917,Cade Cavalli,2022,676917-1,2022-08-28,2022-10-05,38,15,Right shoulder inflammation.,shoulder,True,False,"Washington Nationals placed RHP Cade Cavalli on the 15-day injured list retroactive to August 28, 2022. Right shoulder inflammation. | Washington Nationals activated RHP Cade Cavalli from the 15-day injured list."
676917,Cade Cavalli,2023,676917-2,2023-03-30,2023-10-02,186,60,Tommy John surgery.,elbow,True,False,Washington Nationals placed RHP Cade Cavalli on the 60-day injured list. Tommy John surgery. | Washington Nationals activated RHP Cade Cavalli from the 60-day injured list.
676917,Cade Cavalli,2024,676917-3,2024-03-26,2024-09-30,186,60,Recovery from Tommy John surgery.,elbow,True,False,Washington Nationals placed RHP Cade Cavalli on the 60-day injured list. Recovery from Tommy John surgery. | Washington Nationals activated RHP Cade Cavalli from the 60-day injured list.
676917,Cade Cavalli,2025,676917-4,2025-03-24,2025-05-11,45,15,Tommy John surgery rehab.,elbow,True,False,"Washington Nationals placed RHP Cade Cavalli on the 15-day injured list retroactive to March 24, 2025. Tommy John surgery rehab. | Washington Nationals activated RHP Cade Cavalli from the 15-day injured list."
690925,Clayton Beeter,2025,690925-1,2025-03-24,2025-05-16,50,15,Right shoulder impingement syndrome.,shoulder,True,False,"New York Yankees placed RHP Clayton Beeter on the 15-day injured list retroactive to March 24, 2025. Right shoulder impingement syndrome. | New York Yankees activated RHP Clayton Beeter from the 15-day injured list."
669371,Cole Henry,2025,669371-1,2025-09-14,2025-09-28,14,15,Back strain.,back,False,False,Washington Nationals placed RHP Cole Henry on the 15-day injured list. Back strain. | Washington Nationals activated RHP Cole Henry from the 15-day injured list.
621363,Colin Poche,2022,621363-1,2022-10-05,2022-10-05,0,15,Right oblique strain.,oblique,False,False,Tampa Bay Rays placed LHP Colin Poche on the 15-day injured list. Right oblique strain. | Tampa Bay Rays activated LHP Colin Poche from the 15-day injured list.
621363,Colin Poche,2024,621363-2,2024-04-24,2024-06-08,45,15,Mid-back tightness.,back,False,False,"Tampa Bay Rays placed LHP Colin Poche on the 15-day injured list retroactive to April 24, 2024. Mid-back tightness. | Tampa Bay Rays activated LHP Colin Poche from the 15-day injured list."
621363,Colin Poche,2024,621363-3,2024-08-31,2024-09-16,16,15,Left shoulder inflammation.,shoulder,True,False,Tampa Bay Rays placed LHP Colin Poche on the 15-day injured list. Left shoulder inflammation. | Tampa Bay Rays activated LHP Colin Poche from the 15-day injured list.
663623,Jake Irvin,2023,663623-1,2023-09-22,2023-10-02,10,15,Right ankle tendinitis.,ankle/foot,False,False,Washington Nationals placed RHP Jake Irvin on the 15-day injured list. Right ankle tendinitis. | Washington Nationals activated RHP Jake Irvin from the 15-day injured list.
605347,Jorge López,2024,605347-1,2024-09-03,2024-09-18,15,15,Right groin strain.,hip/groin,False,False,"Chicago Cubs placed RHP Jorge López on the 15-day injured list retroactive to September 3, 2024. Right groin strain. | Chicago Cubs activated RHP Jorge López from the 15-day injured list."
605347,Jorge López,2024,605347-2,2024-09-20,2024-09-30,10,15,Right groin strain.,hip/groin,False,False,"Chicago Cubs placed RHP Jorge López on the 15-day injured list retroactive to September 20, 2024. Right groin strain. | Chicago Cubs activated RHP Jorge López from the 15-day injured list."
640448,Kyle Finnegan,2025,640448-1,2025-09-01,2025-09-19,18,15,Right adductor strain.,hip/groin,False,False,"Detroit Tigers placed RHP Kyle Finnegan on the 15-day injured list retroactive to September 1, 2025. Right adductor strain. | Detroit Tigers activated RHP Kyle Finnegan from the 15-day injured list."
608371,Lucas Sims,2022,608371-1,2022-04-04,2022-04-22,15,10,,other,False,False,Cincinnati Reds placed RHP Lucas Sims on the 10-day injured list. | Cincinnati Reds activated RHP Lucas Sims.
608371,Lucas Sims,2022,608371-2,2022-05-11,2022-10-05,147,60,Low back spasms.,back,False,False,"Cincinnati Reds placed RHP Lucas Sims on the 15-day injured list retroactive to May 11, 2022. Low back spasms. | Cincinnati Reds transferred RHP Lucas Sims from the 15-day injured list to the 60-day injured list. Low back spasms. | Cincinnati Reds activated RHP Lucas Sims from the 60-day injured list."
608371,Lucas Sims,2023,608371-3,2023-03-27,2023-04-18,19,15,Low back spasms.,back,False,False,"Cincinnati Reds placed RHP Lucas Sims on the 15-day injured list retroactive to March 27, 2023. Low back spasms. | Cincinnati Reds activated RHP Lucas Sims from the 15-day injured list."
608371,Lucas Sims,2024,608371-4,2024-08-27,2024-09-19,23,15,Right lat strain.,lat,True,False,Boston Red Sox placed RHP Lucas Sims on the 15-day injured list. Right lat strain. | Boston Red Sox activated RHP Lucas Sims from the 15-day injured list.
472610,Luis García,2022,472610-1,2022-04-04,2022-04-15,8,10,Right oblique strain.,oblique,False,False,San Diego Padres placed RHP Luis Garcia on the 10-day injured list. Right oblique strain. | San Diego Padres activated RHP Luis García from the 10-day injured list.
472610,Luis García,2023,472610-2,2023-05-25,2023-06-10,16,15,Left oblique strain.,oblique,False,False,"San Diego Padres placed RHP Luis García on the 15-day injured list retroactive to May 25, 2023. Left oblique strain. | San Diego Padres activated RHP Luis García from the 15-day injured list."
472610,Luis García,2024,472610-3,2024-08-27,2024-09-30,34,15,Right elbow inflammation.,elbow,True,False,Boston Red Sox placed RHP Luis García on the 15-day injured list. Right elbow inflammation. | Los Angeles Dodgers selected the contract of RHP Luis García from Oklahoma City Comets.
472610,Luis García,2025,472610-4,2025-05-29,2025-06-26,28,15,Right adductor strain.,hip/groin,False,False,"Los Angeles Dodgers placed RHP Luis García on the 15-day injured list retroactive to May 29, 2025. Right adductor strain. | Los Angeles Dodgers activated RHP Luis García from the 15-day injured list."
472610,Luis García,2025,472610-5,2025-09-25,2025-09-28,3,15,,other,False,False,"Los Angeles Angels placed RHP Luis García on the 15-day injured list retroactive to September 25, 2025. | Los Angeles Angels activated RHP Luis García from the 15-day injured list."
669022,Mackenzie Gore,2022,669022-1,2022-07-26,2022-10-05,71,15,Let elbow inflammation.,elbow,True,False,San Diego Padres placed LHP MacKenzie Gore on the 15-day injured list. Let elbow inflammation. | Washington Nationals activated LHP MacKenzie Gore.
669022,Mackenzie Gore,2023,669022-2,2023-09-09,2023-10-02,23,15,,other,False,False,Washington Nationals placed LHP MacKenzie Gore on the 15-day injured list. | Washington Nationals activated LHP MacKenzie Gore from the 15-day injured list.
669022,Mackenzie Gore,2025,669022-3,2025-08-27,2025-09-11,15,15,Left shoulder inflammation.,shoulder,True,False,"Washington Nationals placed LHP MacKenzie Gore on the 15-day injured list retroactive to August 27, 2025. Left shoulder inflammation. | Washington Nationals activated LHP MacKenzie Gore from the 15-day injured list."
669022,Mackenzie Gore,2025,669022-4,2025-09-23,2025-09-28,5,15,Right ankle impingement.,ankle/foot,False,False,Washington Nationals placed LHP MacKenzie Gore on the 15-day injured list. Right ankle impingement. | Washington Nationals activated LHP MacKenzie Gore from the 15-day injured list.
666168,Mason Thompson,2022,666168-1,2022-04-10,2022-07-01,82,60,Right biceps strain.,biceps/triceps,False,False,Washington Nationals placed RHP Mason Thompson on the 10-day injured list. Right biceps strain. | Washington Nationals transferred RHP Mason Thompson from the 10-day injured list to the 60-day injured list. | Washington Nationals activated RHP Mason Thompson.
666168,Mason Thompson,2023,666168-2,2023-08-02,2023-08-20,18,15,Left knee contusion.,knee,False,False,"Washington Nationals placed RHP Mason Thompson on the 15-day injured list retroactive to August 2, 2023. Left knee contusion. | Washington Nationals activated RHP Mason Thompson from the 15-day injured list."
666168,Mason Thompson,2025,666168-3,2025-02-19,2025-07-05,100,60,,other,False,False,Washington Nationals placed RHP Mason Thompson on the 60-day injured list. | Washington Nationals activated RHP Mason Thompson from the 60-day injured list.
666168,Mason Thompson,2025,666168-4,2025-09-20,2025-09-28,8,15,Right biceps tendinitis.,biceps/triceps,False,False,"Washington Nationals placed RHP Mason Thompson on the 15-day injured list retroactive to September 20, 2025. Right biceps tendinitis. | Washington Nationals activated RHP Mason Thompson from the 15-day injured list."
647336,Michael Soroka,2022,647336-1,2022-03-16,2022-09-01,147,60,Achillies.,other,False,False,Atlanta Braves placed RHP Mike Soroka on the 60-day injured list. Achillies. | Atlanta Braves activated RHP Mike Soroka from the 60-day injured list.
647336,Michael Soroka,2023,647336-2,2023-09-06,2023-10-02,26,60,Right shoulder inflammation.,shoulder,True,False,Atlanta Braves placed RHP Michael Soroka on the 15-day injured list. Right shoulder inflammation. | Atlanta Braves transferred RHP Michael Soroka from the 15-day injured list to the 60-day injured list. Right shoulder inflammation. | Atlanta Braves activated RHP Michael Soroka from the 60-day injured list.
647336,Michael Soroka,2024,647336-3,2024-07-16,2024-09-21,67,15,Right shoulder strain.,shoulder,True,False,"Chicago White Sox placed RHP Michael Soroka on the 15-day injured list retroactive to July 16, 2024. Right shoulder strain. | Chicago White Sox activated RHP Michael Soroka from the 15-day injured list."
647336,Michael Soroka,2025,647336-4,2025-04-01,2025-05-07,36,15,Right arm biceps strain.,biceps/triceps,False,False,"Washington Nationals placed RHP Michael Soroka on the 15-day injured list retroactive to April 1, 2025. Right arm biceps strain. | Washington Nationals activated RHP Michael Soroka from the 15-day injured list."
647336,Michael Soroka,2025,647336-5,2025-08-05,2025-09-15,41,15,Right shoulder strain.,shoulder,True,False,Chicago Cubs placed RHP Michael Soroka on the 15-day injured list. Right shoulder strain. | Chicago Cubs activated RHP Michael Soroka from the 15-day injured list.
687377,Orlando Ribalta,2025,687377-1,2025-04-10,2025-07-23,104,15,Right biceps strain.,biceps/triceps,False,False,"Washington Nationals placed RHP Orlando Ribalta on the 15-day injured list retroactive to April 10, 2025. Right biceps strain. | Washington Nationals activated RHP Orlando Ribalta from the 15-day injured list."
592866,Trevor Williams,2024,592866-1,2024-06-01,2024-09-20,111,60,Right flexor muscle strain.,forearm,True,False,"Washington Nationals placed RHP Trevor Williams on the 15-day injured list retroactive to June 1, 2024. Right flexor muscle strain. | Washington Nationals transferred RHP Trevor Williams from the 15-day injured list to the 60-day injured list. Right flexor muscle strain. | Washington Nationals activated RHP Trevor Williams from the 60-day injured list."
592866,Trevor Williams,2025,592866-2,2025-07-04,2025-09-28,86,60,Right elbow sprain.,elbow,True,False,Washington Nationals placed RHP Trevor Williams on the 15-day injured list. Right elbow sprain. | Washington Nationals transferred RHP Trevor Williams from the 15-day injured list to the 60-day injured list. Right elbow sprain. | Washington Nationals activated RHP Trevor Williams from the 60-day injured list.
694350,Zach Brzykcy,2025,694350-1,2025-03-24,2025-04-25,29,15,Right quad strain.,quad,False,False,"Washington Nationals placed RHP Zach Brzykcy on the 15-day injured list retroactive to March 24, 2025. Right quad strain. | Washington Nationals activated RHP Zach Brzykcy from the 15-day injured list."
