PitcherId,Pitcher,PitchType,Pitches,LocationPlus,LocationPlus_Reg,LocationPlus_Reliability,Qualified,OverallPitches,OverallLocationPlus,OverallLocationPlus_Reg,OverallLocationPlus_Reliability,OverallQualified
434378,Justin Verlander,CH,213,94.9,96.4,0.715,True,2525,106.6,105.9,0.898,True
434378,Justin Verlander,CU,371,105.4,104.3,0.79,True,2525,106.6,105.9,0.898,True
434378,Justin Verlander,FF,1139,97.0,97.5,0.824,True,2525,106.6,105.9,0.898,True
434378,Justin Verlander,SI,10,87.3,,0.054,False,2525,106.6,105.9,0.898,True
434378,Justin Verlander,SL,597,116.6,113.8,0.832,True,2525,106.6,105.9,0.898,True
434378,Justin Verlander,ST,195,110.8,106.7,0.621,True,2525,106.6,105.9,0.898,True
445276,Kenley Jansen,FC,683,108.6,107.1,0.822,True,838,101.9,101.4,0.745,True
445276,Kenley Jansen,SI,75,82.4,94.7,0.3,False,838,101.9,101.4,0.745,True
445276,Kenley Jansen,SL,53,98.7,99.6,0.305,False,838,101.9,101.4,0.745,True
445276,Kenley Jansen,ST,27,121.8,104.0,0.185,False,838,101.9,101.4,0.745,True
445926,Jesse Chavez,CH,20,54.3,91.3,0.191,False,130,82.3,94.5,0.312,False
445926,Jesse Chavez,CU,2,96.2,,0.02,False,130,82.3,94.5,0.312,False
445926,Jesse Chavez,FC,53,95.5,98.8,0.264,False,130,82.3,94.5,0.312,False
445926,Jesse Chavez,SI,47,104.8,101.0,0.212,False,130,82.3,94.5,0.312,False
445926,Jesse Chavez,SL,8,114.9,,0.062,False,130,82.3,94.5,0.312,False
448179,Rich Hill,CH,1,166.8,,0.012,False,171,72.8,89.8,0.374,False
448179,Rich Hill,CU,59,94.2,97.8,0.375,False,171,72.8,89.8,0.374,False
448179,Rich Hill,FC,27,86.0,97.8,0.155,False,171,72.8,89.8,0.374,False
448179,Rich Hill,FF,63,69.4,93.7,0.205,False,171,72.8,89.8,0.374,False
448179,Rich Hill,SI,11,125.9,,0.059,False,171,72.8,89.8,0.374,False
448179,Rich Hill,ST,10,77.1,,0.078,False,171,72.8,89.8,0.374,False
450203,Charlie Morton,CH,244,103.3,102.4,0.742,True,2468,87.7,89.0,0.896,True
450203,Charlie Morton,CU,953,97.7,97.9,0.906,True,2468,87.7,89.0,0.896,True
450203,Charlie Morton,FC,228,91.7,95.0,0.607,True,2468,87.7,89.0,0.896,True
450203,Charlie Morton,FF,670,89.8,92.5,0.733,True,2468,87.7,89.0,0.896,True
450203,Charlie Morton,SI,373,92.0,94.6,0.68,True,2468,87.7,89.0,0.896,True
453286,Max Scherzer,CH,188,106.7,104.6,0.689,True,1341,119.5,116.1,0.824,True
453286,Max Scherzer,CU,159,113.0,108.0,0.618,True,1341,119.5,116.1,0.824,True
453286,Max Scherzer,FC,21,80.7,97.6,0.125,False,1341,119.5,116.1,0.824,True
453286,Max Scherzer,FF,655,111.3,108.2,0.729,True,1341,119.5,116.1,0.824,True
453286,Max Scherzer,SL,318,118.8,113.6,0.725,True,1341,119.5,116.1,0.824,True
455119,Chris Martin,FC,212,124.7,114.6,0.59,True,585,126.4,117.7,0.672,True
455119,Chris Martin,FF,177,115.2,106.4,0.42,True,585,126.4,117.7,0.672,True
455119,Chris Martin,FS,101,108.9,104.9,0.555,True,585,126.4,117.7,0.672,True
455119,Chris Martin,SI,83,112.4,104.0,0.321,False,585,126.4,117.7,0.672,True
455119,Chris Martin,ST,12,143.5,,0.092,False,585,126.4,117.7,0.672,True
458677,Justin Wilson,FC,116,98.8,99.5,0.44,True,792,99.3,99.5,0.735,True
458677,Justin Wilson,FF,377,99.6,99.8,0.607,True,792,99.3,99.5,0.735,True
458677,Justin Wilson,FS,31,91.9,97.8,0.277,False,792,99.3,99.5,0.735,True
458677,Justin Wilson,SL,268,100.0,100.0,0.69,True,792,99.3,99.5,0.735,True
471911,Carlos Carrasco,CH,158,106.9,104.5,0.651,True,737,102.3,101.7,0.72,True
471911,Carlos Carrasco,CU,77,98.0,99.1,0.439,False,737,102.3,101.7,0.72,True
471911,Carlos Carrasco,FF,153,96.0,98.5,0.385,True,737,102.3,101.7,0.72,True
471911,Carlos Carrasco,SI,164,93.6,96.9,0.483,True,737,102.3,101.7,0.72,True
471911,Carlos Carrasco,SL,183,109.3,105.6,0.603,True,737,102.3,101.7,0.72,True
471911,Carlos Carrasco,ST,2,17.6,,0.017,False,737,102.3,101.7,0.72,True
472610,Luis García,FF,15,72.7,98.4,0.058,False,797,103.4,102.5,0.736,True
472610,Luis García,FS,171,94.3,96.1,0.679,True,797,103.4,102.5,0.736,True
472610,Luis García,SI,349,114.5,109.7,0.666,True,797,103.4,102.5,0.736,True
472610,Luis García,ST,262,90.1,93.2,0.688,True,797,103.4,102.5,0.736,True
477132,Clayton Kershaw,CU,300,90.4,92.8,0.753,True,1682,103.0,102.6,0.855,True
477132,Clayton Kershaw,FF,587,93.0,95.1,0.706,True,1682,103.0,102.6,0.855,True
477132,Clayton Kershaw,FS,93,82.7,90.8,0.535,False,1682,103.0,102.6,0.855,True
477132,Clayton Kershaw,SI,9,146.0,,0.049,False,1682,103.0,102.6,0.855,True
477132,Clayton Kershaw,SL,693,113.1,111.2,0.852,True,1682,103.0,102.6,0.855,True
489119,Wade Miley,CH,49,98.1,99.3,0.366,False,205,87.4,94.7,0.417,False
489119,Wade Miley,CU,1,159.0,,0.01,False,205,87.4,94.7,0.417,False
489119,Wade Miley,FC,70,95.3,98.5,0.322,False,205,87.4,94.7,0.417,False
489119,Wade Miley,FF,45,108.1,101.3,0.156,False,205,87.4,94.7,0.417,False
489119,Wade Miley,SI,31,78.7,96.8,0.15,False,205,87.4,94.7,0.417,False
489119,Wade Miley,SL,2,65.5,,0.016,False,205,87.4,94.7,0.417,False
489119,Wade Miley,ST,7,106.8,,0.056,False,205,87.4,94.7,0.417,False
489446,Kirby Yates,FF,401,110.0,106.2,0.622,True,682,106.0,104.2,0.704,True
489446,Kirby Yates,FS,281,99.1,99.3,0.776,True,682,106.0,104.2,0.704,True
500779,Jose Quintana,CH,482,100.6,100.5,0.85,True,2174,101.3,101.1,0.884,True
500779,Jose Quintana,CU,298,97.7,98.3,0.752,True,2174,101.3,101.1,0.884,True
500779,Jose Quintana,FF,255,103.4,101.7,0.511,True,2174,101.3,101.1,0.884,True
500779,Jose Quintana,SI,953,103.6,103.0,0.845,True,2174,101.3,101.1,0.884,True
500779,Jose Quintana,SV,186,104.4,101.7,0.394,True,2174,101.3,101.1,0.884,True
502043,Kyle Gibson,CH,36,97.9,99.4,0.298,False,280,82.0,91.1,0.495,False
502043,Kyle Gibson,CU,31,108.6,102.1,0.24,False,280,82.0,91.1,0.495,False
502043,Kyle Gibson,FC,29,83.7,97.3,0.164,False,280,82.0,91.1,0.495,False
502043,Kyle Gibson,FF,26,103.6,100.3,0.096,False,280,82.0,91.1,0.495,False
502043,Kyle Gibson,SI,100,90.9,96.7,0.363,True,280,82.0,91.1,0.495,False
502043,Kyle Gibson,SL,5,130.2,,0.04,False,280,82.0,91.1,0.495,False
502043,Kyle Gibson,ST,53,68.9,90.4,0.308,False,280,82.0,91.1,0.495,False
502085,David Robertson,CH,3,172.4,,0.034,False,304,91.0,95.4,0.515,False
502085,David Robertson,FC,151,102.5,101.3,0.506,True,304,91.0,95.4,0.515,False
502085,David Robertson,KC,104,93.5,96.9,0.473,True,304,91.0,95.4,0.515,False
502085,David Robertson,SI,16,72.1,97.7,0.084,False,304,91.0,95.4,0.515,False
502085,David Robertson,SL,30,95.0,99.0,0.199,False,304,91.0,95.4,0.515,False
506433,Yu Darvish,CH,8,51.9,,0.086,False,1113,104.1,103.3,0.796,True
506433,Yu Darvish,CU,177,100.0,100.0,0.643,True,1113,104.1,103.3,0.796,True
506433,Yu Darvish,FC,136,120.1,109.6,0.48,True,1113,104.1,103.3,0.796,True
506433,Yu Darvish,FF,190,113.6,106.0,0.438,True,1113,104.1,103.3,0.796,True
506433,Yu Darvish,FS,78,87.9,94.1,0.491,False,1113,104.1,103.3,0.796,True
506433,Yu Darvish,KC,15,102.5,100.3,0.115,False,1113,104.1,103.3,0.796,True
506433,Yu Darvish,SI,232,83.9,90.8,0.57,True,1113,104.1,103.3,0.796,True
506433,Yu Darvish,SL,160,122.9,113.1,0.57,True,1113,104.1,103.3,0.796,True
506433,Yu Darvish,ST,117,102.5,101.2,0.496,True,1113,104.1,103.3,0.796,True
518397,Scott Alexander,CH,39,98.6,99.6,0.315,False,278,102.4,101.2,0.493,False
518397,Scott Alexander,SI,180,102.9,101.5,0.507,True,278,102.4,101.2,0.493,False
518397,Scott Alexander,SL,59,97.2,99.1,0.329,False,278,102.4,101.2,0.493,False
518489,Ryan Brasier,FC,47,100.4,100.1,0.242,False,374,110.6,106.0,0.567,False
518489,Ryan Brasier,FF,134,108.1,102.9,0.355,True,374,110.6,106.0,0.567,False
518489,Ryan Brasier,SI,64,107.2,101.9,0.268,False,374,110.6,106.0,0.567,False
518489,Ryan Brasier,SL,129,105.7,102.9,0.517,True,374,110.6,106.0,0.567,False
518585,Fernando Cruz,FF,159,96.1,98.5,0.395,True,380,69.8,82.8,0.57,False
518585,Fernando Cruz,FS,67,64.4,83.9,0.453,False,380,69.8,82.8,0.57,False
518585,Fernando Cruz,SI,109,76.5,91.0,0.384,True,380,69.8,82.8,0.57,False
518585,Fernando Cruz,SL,45,90.2,97.3,0.272,False,380,69.8,82.8,0.57,False
518876,Merrill Kelly,CH,752,113.5,112.1,0.899,True,2747,109.9,109.0,0.906,True
518876,Merrill Kelly,CU,266,110.3,107.5,0.73,True,2747,109.9,109.0,0.906,True
518876,Merrill Kelly,FC,566,107.9,106.3,0.793,True,2747,109.9,109.0,0.906,True
518876,Merrill Kelly,FF,623,105.4,103.9,0.719,True,2747,109.9,109.0,0.906,True
518876,Merrill Kelly,SI,355,98.1,98.7,0.67,True,2747,109.9,109.0,0.906,True
518876,Merrill Kelly,SL,185,105.4,103.3,0.606,True,2747,109.9,109.0,0.906,True
518886,Craig Kimbrel,CH,12,80.0,,0.124,False,230,85.8,93.7,0.446,False
518886,Craig Kimbrel,FC,1,6.2,,0.007,False,230,85.8,93.7,0.446,False
518886,Craig Kimbrel,FF,148,93.8,97.7,0.378,True,230,85.8,93.7,0.446,False
518886,Craig Kimbrel,KC,40,85.9,96.4,0.257,False,230,85.8,93.7,0.446,False
518886,Craig Kimbrel,ST,29,99.5,99.9,0.196,False,230,85.8,93.7,0.446,False
519008,T. J. Mcfarland,CH,26,119.1,104.5,0.235,False,237,97.1,98.7,0.453,False
519008,T. J. Mcfarland,FF,1,168.3,,0.004,False,237,97.1,98.7,0.453,False
519008,T. J. Mcfarland,SI,124,87.2,94.7,0.414,True,237,97.1,98.7,0.453,False
519008,T. J. Mcfarland,ST,86,110.6,104.4,0.42,False,237,97.1,98.7,0.453,False
519141,Drew Pomeranz,FF,624,105.8,104.2,0.719,True,811,102.7,102.0,0.739,True
519141,Drew Pomeranz,KC,187,94.0,96.3,0.617,True,811,102.7,102.0,0.739,True
519151,Ryan Pressly,CH,33,73.9,92.7,0.28,False,604,96.1,97.4,0.679,True
519151,Ryan Pressly,CU,147,106.7,104.0,0.599,True,604,96.1,97.4,0.679,True
519151,Ryan Pressly,FF,226,105.5,102.6,0.481,True,604,96.1,97.4,0.679,True
519151,Ryan Pressly,SI,75,63.0,88.9,0.3,False,604,96.1,97.4,0.679,True
519151,Ryan Pressly,SL,123,103.1,101.6,0.505,True,604,96.1,97.4,0.679,True
519242,Chris Sale,CH,136,101.8,101.1,0.616,True,1944,104.4,103.8,0.872,True
519242,Chris Sale,FF,821,104.6,103.5,0.771,True,1944,104.4,103.8,0.872,True
519242,Chris Sale,SI,65,94.3,98.5,0.271,False,1944,104.4,103.8,0.872,True
519242,Chris Sale,SL,922,96.2,96.6,0.884,True,1944,104.4,103.8,0.872,True
519326,Hunter Strickland,CH,28,96.1,99.0,0.248,False,332,101.8,101.0,0.537,False
519326,Hunter Strickland,FF,114,102.0,100.6,0.318,True,332,101.8,101.0,0.537,False
519326,Hunter Strickland,SI,38,93.3,98.8,0.178,False,332,101.8,101.0,0.537,False
519326,Hunter Strickland,SL,108,99.1,99.6,0.473,True,332,101.8,101.0,0.537,False
519326,Hunter Strickland,ST,44,101.7,100.5,0.27,False,332,101.8,101.0,0.537,False
521230,Liam Hendriks,CU,27,70.3,93.6,0.215,False,231,88.6,94.9,0.447,False
521230,Liam Hendriks,FF,128,94.1,98.0,0.344,True,231,88.6,94.9,0.447,False
521230,Liam Hendriks,SL,76,94.4,97.8,0.387,False,231,88.6,94.9,0.447,False
527048,Martín Pérez,CH,233,116.8,112.3,0.733,True,809,100.1,100.1,0.739,True
527048,Martín Pérez,CU,70,94.6,97.8,0.416,False,809,100.1,100.1,0.739,True
527048,Martín Pérez,FC,223,99.9,99.9,0.602,True,809,100.1,100.1,0.739,True
527048,Martín Pérez,FF,32,102.3,100.3,0.116,False,809,100.1,100.1,0.739,True
527048,Martín Pérez,SI,251,95.7,97.5,0.589,True,809,100.1,100.1,0.739,True
541640,Erasmo Ramírez,CH,18,100.0,100.0,0.175,False,158,117.5,106.2,0.356,False
541640,Erasmo Ramírez,CU,9,118.6,,0.084,False,158,117.5,106.2,0.356,False
541640,Erasmo Ramírez,FC,70,116.0,105.2,0.322,False,158,117.5,106.2,0.356,False
541640,Erasmo Ramírez,FF,10,132.2,,0.039,False,158,117.5,106.2,0.356,False
541640,Erasmo Ramírez,SI,51,109.3,102.1,0.225,False,158,117.5,106.2,0.356,False
542881,Tyler Anderson,CH,767,100.2,100.2,0.9,True,2248,93.2,94.0,0.887,True
542881,Tyler Anderson,CU,6,-18.3,,0.057,False,2248,93.2,94.0,0.887,True
542881,Tyler Anderson,FC,457,89.5,92.1,0.756,True,2248,93.2,94.0,0.887,True
542881,Tyler Anderson,FF,857,102.7,102.1,0.778,True,2248,93.2,94.0,0.887,True
542881,Tyler Anderson,SI,84,103.4,101.1,0.324,False,2248,93.2,94.0,0.887,True
542881,Tyler Anderson,SL,77,99.5,99.8,0.39,False,2248,93.2,94.0,0.887,True
542888,Shawn Armstrong,FC,253,100.5,100.3,0.632,True,1057,98.4,98.7,0.787,True
542888,Shawn Armstrong,FF,309,100.0,100.0,0.559,True,1057,98.4,98.7,0.787,True
542888,Shawn Armstrong,SI,250,97.2,98.4,0.588,True,1057,98.4,98.7,0.787,True
542888,Shawn Armstrong,ST,244,109.1,106.1,0.672,True,1057,98.4,98.7,0.787,True
542888,Shawn Armstrong,SV,1,0.2,,0.003,False,1057,98.4,98.7,0.787,True
543056,Danny Coulombe,CH,1,40.5,,0.012,False,703,75.6,82.7,0.711,True
543056,Danny Coulombe,FC,281,83.7,89.3,0.656,True,703,75.6,82.7,0.711,True
543056,Danny Coulombe,FF,141,91.7,97.0,0.366,True,703,75.6,82.7,0.711,True
543056,Danny Coulombe,KC,20,99.8,100.0,0.147,False,703,75.6,82.7,0.711,True
543056,Danny Coulombe,SI,135,100.6,100.3,0.435,True,703,75.6,82.7,0.711,True
543056,Danny Coulombe,ST,125,87.7,93.7,0.512,True,703,75.6,82.7,0.711,True
543101,Anthony Desclafani,FF,114,116.0,105.1,0.318,True,632,102.2,101.5,0.688,True
543101,Anthony Desclafani,FS,129,88.6,93.0,0.614,True,632,102.2,101.5,0.688,True
543101,Anthony Desclafani,KC,136,95.0,97.3,0.54,True,632,102.2,101.5,0.688,True
543101,Anthony Desclafani,SI,113,103.6,101.4,0.392,True,632,102.2,101.5,0.688,True
543101,Anthony Desclafani,SL,140,105.9,103.2,0.537,True,632,102.2,101.5,0.688,True
543135,Nathan Eovaldi,CU,355,99.9,99.9,0.783,True,1822,114.2,112.3,0.864,True
543135,Nathan Eovaldi,FC,367,115.1,110.8,0.713,True,1822,114.2,112.3,0.864,True
543135,Nathan Eovaldi,FF,402,117.8,111.1,0.622,True,1822,114.2,112.3,0.864,True
543135,Nathan Eovaldi,FS,586,108.9,107.8,0.879,True,1822,114.2,112.3,0.864,True
543135,Nathan Eovaldi,SI,90,107.6,102.6,0.339,False,1822,114.2,112.3,0.864,True
543135,Nathan Eovaldi,SL,22,104.5,100.7,0.154,False,1822,114.2,112.3,0.864,True
543243,Sonny Gray,CH,224,95.5,96.7,0.725,True,2639,109.5,108.6,0.902,True
543243,Sonny Gray,CU,482,108.1,106.7,0.83,True,2639,109.5,108.6,0.902,True
543243,Sonny Gray,FC,332,101.8,101.2,0.693,True,2639,109.5,108.6,0.902,True
543243,Sonny Gray,FF,582,109.0,106.3,0.705,True,2639,109.5,108.6,0.902,True
543243,Sonny Gray,SI,467,110.5,107.6,0.727,True,2639,109.5,108.6,0.902,True
543243,Sonny Gray,SL,45,107.4,102.0,0.272,False,2639,109.5,108.6,0.902,True
543243,Sonny Gray,ST,507,109.3,107.5,0.81,True,2639,109.5,108.6,0.902,True
543294,Kyle Hendricks,CH,987,108.7,108.0,0.921,True,2571,114.6,113.1,0.9,True
543294,Kyle Hendricks,CU,212,107.2,104.9,0.683,True,2571,114.6,113.1,0.9,True
543294,Kyle Hendricks,FF,385,106.4,103.9,0.612,True,2571,114.6,113.1,0.9,True
543294,Kyle Hendricks,SI,987,112.0,110.2,0.849,True,2571,114.6,113.1,0.9,True
543518,Scott Mcgough,FF,115,99.2,99.7,0.32,True,297,97.9,98.9,0.509,False
543518,Scott Mcgough,FS,99,89.0,93.9,0.55,False,297,97.9,98.9,0.509,False
543518,Scott Mcgough,SI,13,115.2,,0.069,False,297,97.9,98.9,0.509,False
543518,Scott Mcgough,SL,70,110.7,103.9,0.367,False,297,97.9,98.9,0.509,False
543859,Michael Tonkin,FF,226,102.3,101.1,0.481,True,397,92.2,95.5,0.581,False
543859,Michael Tonkin,SI,32,63.4,94.3,0.154,False,397,92.2,95.5,0.581,False
543859,Michael Tonkin,SL,103,86.3,93.7,0.461,True,397,92.2,95.5,0.581,False
543859,Michael Tonkin,ST,36,94.3,98.7,0.232,False,397,92.2,95.5,0.581,False
544150,Albert Suárez,CH,15,96.5,99.5,0.15,False,134,93.8,98.0,0.319,False
544150,Albert Suárez,CU,22,100.9,100.2,0.183,False,134,93.8,98.0,0.319,False
544150,Albert Suárez,FC,22,122.9,103.0,0.13,False,134,93.8,98.0,0.319,False
544150,Albert Suárez,FF,58,90.3,98.1,0.192,False,134,93.8,98.0,0.319,False
544150,Albert Suárez,SV,17,82.5,99.0,0.056,False,134,93.8,98.0,0.319,False
547179,Michael Lorenzen,CH,401,92.9,94.1,0.825,True,2318,102.8,102.5,0.89,True
547179,Michael Lorenzen,CU,261,94.6,96.1,0.726,True,2318,102.8,102.5,0.89,True
547179,Michael Lorenzen,FC,251,101.7,101.1,0.63,True,2318,102.8,102.5,0.89,True
547179,Michael Lorenzen,FF,511,107.7,105.2,0.677,True,2318,102.8,102.5,0.89,True
547179,Michael Lorenzen,SI,418,103.6,102.5,0.705,True,2318,102.8,102.5,0.89,True
547179,Michael Lorenzen,SL,277,115.5,110.8,0.697,True,2318,102.8,102.5,0.89,True
547179,Michael Lorenzen,ST,199,102.9,101.8,0.626,True,2318,102.8,102.5,0.89,True
547184,Michael Kelly,CH,10,100.1,,0.105,False,658,95.4,96.8,0.697,True
547184,Michael Kelly,FF,192,90.0,95.6,0.44,True,658,95.4,96.8,0.697,True
547184,Michael Kelly,SI,30,83.3,97.6,0.146,False,658,95.4,96.8,0.697,True
547184,Michael Kelly,SL,94,93.4,97.1,0.438,False,658,95.4,96.8,0.697,True
547184,Michael Kelly,ST,332,99.9,99.9,0.736,True,658,95.4,96.8,0.697,True
547973,Aroldis Chapman,FF,374,100.0,100.0,0.605,True,915,94.0,95.4,0.762,True
547973,Aroldis Chapman,FS,88,84.1,91.7,0.521,False,915,94.0,95.4,0.762,True
547973,Aroldis Chapman,SI,311,94.3,96.4,0.64,True,915,94.0,95.4,0.762,True
547973,Aroldis Chapman,SL,142,105.4,102.9,0.541,True,915,94.0,95.4,0.762,True
548384,Brooks Raley,CH,53,81.9,93.0,0.384,False,388,90.9,94.8,0.576,False
548384,Brooks Raley,FC,78,108.2,102.8,0.346,False,388,90.9,94.8,0.576,False
548384,Brooks Raley,SI,94,90.0,96.5,0.349,False,388,90.9,94.8,0.576,False
548384,Brooks Raley,ST,163,97.4,98.5,0.578,True,388,90.9,94.8,0.576,False
552640,Andrew Kittredge,FF,82,113.6,103.4,0.252,False,782,116.9,112.4,0.732,True
552640,Andrew Kittredge,FS,7,91.4,,0.08,False,782,116.9,112.4,0.732,True
552640,Andrew Kittredge,SI,281,95.8,97.4,0.616,True,782,116.9,112.4,0.732,True
552640,Andrew Kittredge,SL,412,117.2,113.3,0.774,True,782,116.9,112.4,0.732,True
554340,Yimi García,CH,18,55.8,92.3,0.175,False,315,86.0,92.7,0.524,False
554340,Yimi García,CU,54,104.7,101.7,0.354,False,315,86.0,92.7,0.524,False
554340,Yimi García,FF,141,95.1,98.2,0.366,True,315,86.0,92.7,0.524,False
554340,Yimi García,SI,41,79.3,96.1,0.19,False,315,86.0,92.7,0.524,False
554340,Yimi García,SL,2,91.3,,0.016,False,315,86.0,92.7,0.524,False
554340,Yimi García,ST,59,96.0,98.7,0.332,False,315,86.0,92.7,0.524,False
554430,Zack Wheeler,CU,221,93.3,95.4,0.692,True,2294,110.3,109.2,0.889,True
554430,Zack Wheeler,FC,190,106.0,103.4,0.563,True,2294,110.3,109.2,0.889,True
554430,Zack Wheeler,FF,939,116.3,112.9,0.794,True,2294,110.3,109.2,0.889,True
554430,Zack Wheeler,FS,201,113.5,109.6,0.713,True,2294,110.3,109.2,0.889,True
554430,Zack Wheeler,SI,398,97.1,98.0,0.694,True,2294,110.3,109.2,0.889,True
554430,Zack Wheeler,ST,345,104.2,103.1,0.744,True,2294,110.3,109.2,0.889,True
554431,Tyler Matzek,FF,76,95.1,98.8,0.238,False,127,96.2,98.8,0.307,False
554431,Tyler Matzek,SI,9,52.9,,0.049,False,127,96.2,98.8,0.307,False
554431,Tyler Matzek,SL,42,110.7,102.8,0.258,False,127,96.2,98.8,0.307,False
570632,José Ureña,CH,230,101.2,100.9,0.73,True,934,103.8,102.9,0.766,True
570632,José Ureña,FF,94,88.1,96.7,0.278,False,934,103.8,102.9,0.766,True
570632,José Ureña,FS,32,117.5,105.0,0.283,False,934,103.8,102.9,0.766,True
570632,José Ureña,SI,339,100.9,100.6,0.659,True,934,103.8,102.9,0.766,True
570632,José Ureña,SL,239,106.6,104.4,0.665,True,934,103.8,102.9,0.766,True
571510,Matt Boyd,CH,643,107.8,106.9,0.883,True,2712,105.1,104.6,0.905,True
571510,Matt Boyd,CU,311,97.8,98.3,0.76,True,2712,105.1,104.6,0.905,True
571510,Matt Boyd,FF,1287,105.9,105.0,0.841,True,2712,105.1,104.6,0.905,True
571510,Matt Boyd,SI,78,92.2,97.6,0.308,False,2712,105.1,104.6,0.905,True
571510,Matt Boyd,SL,393,93.2,94.8,0.765,True,2712,105.1,104.6,0.905,True
571578,Patrick Corbin,CH,218,93.9,95.6,0.72,True,2566,104.7,104.2,0.9,True
571578,Patrick Corbin,CU,15,77.3,97.0,0.132,False,2566,104.7,104.2,0.9,True
571578,Patrick Corbin,FC,648,104.5,103.7,0.815,True,2566,104.7,104.2,0.9,True
571578,Patrick Corbin,FF,69,103.4,100.7,0.22,False,2566,104.7,104.2,0.9,True
571578,Patrick Corbin,SI,748,106.8,105.5,0.81,True,2566,104.7,104.2,0.9,True
571578,Patrick Corbin,SL,868,100.8,100.7,0.878,True,2566,104.7,104.2,0.9,True
571760,Andrew Heaney,CH,345,104.4,103.5,0.803,True,1892,110.9,109.5,0.869,True
571760,Andrew Heaney,CU,113,118.4,109.8,0.535,True,1892,110.9,109.5,0.869,True
571760,Andrew Heaney,FF,864,109.5,107.4,0.78,True,1892,110.9,109.5,0.869,True
571760,Andrew Heaney,SI,234,107.5,104.3,0.572,True,1892,110.9,109.5,0.869,True
571760,Andrew Heaney,SL,336,96.4,97.4,0.736,True,1892,110.9,109.5,0.869,True
571927,Steven Matz,CH,197,116.2,111.3,0.699,True,1108,118.5,114.7,0.795,True
571927,Steven Matz,CU,245,99.5,99.6,0.713,True,1108,118.5,114.7,0.795,True
571927,Steven Matz,SI,648,115.5,112.2,0.787,True,1108,118.5,114.7,0.795,True
571927,Steven Matz,SL,18,50.7,93.6,0.13,False,1108,118.5,114.7,0.795,True
571945,Miles Mikolas,CH,278,110.0,107.7,0.766,True,2394,121.8,119.5,0.893,True
571945,Miles Mikolas,CU,421,109.4,107.6,0.811,True,2394,121.8,119.5,0.893,True
571945,Miles Mikolas,FF,673,116.5,112.1,0.734,True,2394,121.8,119.5,0.893,True
571945,Miles Mikolas,SI,397,115.6,110.8,0.694,True,2394,121.8,119.5,0.893,True
571945,Miles Mikolas,SL,556,108.7,107.1,0.822,True,2394,121.8,119.5,0.893,True
571945,Miles Mikolas,ST,69,122.1,108.1,0.367,False,2394,121.8,119.5,0.893,True
571946,Shelby Miller,FC,1,129.9,,0.007,False,687,103.8,102.7,0.706,True
571946,Shelby Miller,FF,424,105.3,103.4,0.635,True,687,103.8,102.7,0.706,True
571946,Shelby Miller,FS,199,99.7,99.8,0.711,True,687,103.8,102.7,0.706,True
571946,Shelby Miller,SL,6,149.2,,0.047,False,687,103.8,102.7,0.706,True
571946,Shelby Miller,ST,57,100.4,100.1,0.324,False,687,103.8,102.7,0.706,True
571948,Hoby Milner,CH,195,120.0,113.9,0.697,True,1101,114.7,111.7,0.794,True
571948,Hoby Milner,FF,155,118.8,107.3,0.389,True,1101,114.7,111.7,0.794,True
571948,Hoby Milner,SI,366,107.6,105.1,0.676,True,1101,114.7,111.7,0.794,True
571948,Hoby Milner,ST,385,99.4,99.5,0.764,True,1101,114.7,111.7,0.794,True
572955,Pierce Johnson,CU,693,115.2,113.3,0.876,True,961,113.3,110.2,0.771,True
572955,Pierce Johnson,FC,46,89.5,97.5,0.238,False,961,113.3,110.2,0.771,True
572955,Pierce Johnson,FF,222,96.6,98.4,0.476,True,961,113.3,110.2,0.771,True
573009,Joe Mantiply,CH,42,119.7,106.5,0.331,False,172,105.7,102.1,0.375,False
573009,Joe Mantiply,CU,60,92.2,97.0,0.379,False,172,105.7,102.1,0.375,False
573009,Joe Mantiply,FF,3,-13.8,,0.012,False,172,105.7,102.1,0.375,False
573009,Joe Mantiply,SI,67,109.7,102.7,0.277,False,172,105.7,102.1,0.375,False
573124,Taylor Rogers,SI,429,97.1,97.9,0.71,True,877,96.0,97.0,0.754,True
573124,Taylor Rogers,ST,448,97.4,97.9,0.79,True,877,96.0,97.0,0.754,True
573186,Marcus Stroman,CU,33,113.9,103.5,0.251,False,623,92.2,94.7,0.685,True
573186,Marcus Stroman,FC,104,88.3,95.2,0.414,True,623,92.2,94.7,0.685,True
573186,Marcus Stroman,FF,27,69.8,97.0,0.1,False,623,92.2,94.7,0.685,True
573186,Marcus Stroman,FS,70,102.7,101.3,0.464,False,623,92.2,94.7,0.685,True
573186,Marcus Stroman,SI,239,96.2,97.8,0.577,True,623,92.2,94.7,0.685,True
573186,Marcus Stroman,SL,30,151.5,110.3,0.199,False,623,92.2,94.7,0.685,True
573186,Marcus Stroman,SV,120,96.4,98.9,0.295,True,623,92.2,94.7,0.685,True
573204,Caleb Thielbar,CU,227,101.7,101.2,0.698,True,793,111.2,108.2,0.735,True
573204,Caleb Thielbar,FF,339,111.6,106.7,0.582,True,793,111.2,108.2,0.735,True
573204,Caleb Thielbar,SL,107,98.9,99.5,0.47,True,793,111.2,108.2,0.735,True
573204,Caleb Thielbar,ST,120,109.6,104.8,0.502,True,793,111.2,108.2,0.735,True
579328,Yusei Kikuchi,CH,365,83.6,86.7,0.811,True,3007,104.6,104.2,0.913,True
579328,Yusei Kikuchi,CU,468,110.4,108.6,0.826,True,3007,104.6,104.2,0.913,True
579328,Yusei Kikuchi,FF,1047,95.1,96.0,0.811,True,3007,104.6,104.2,0.913,True
579328,Yusei Kikuchi,SI,32,77.1,96.5,0.154,False,3007,104.6,104.2,0.913,True
579328,Yusei Kikuchi,SL,1089,111.5,110.4,0.9,True,3007,104.6,104.2,0.913,True
579328,Yusei Kikuchi,ST,6,86.8,,0.048,False,3007,104.6,104.2,0.913,True
592094,Jason Adam,CH,345,94.4,95.5,0.803,True,1038,98.4,98.7,0.784,True
592094,Jason Adam,FC,3,143.4,,0.02,False,1038,98.4,98.7,0.784,True
592094,Jason Adam,FF,234,96.3,98.2,0.49,True,1038,98.4,98.7,0.784,True
592094,Jason Adam,SL,370,106.7,105.1,0.754,True,1038,98.4,98.7,0.784,True
592094,Jason Adam,ST,86,69.6,87.2,0.42,False,1038,98.4,98.7,0.784,True
592155,Cam Booser,CH,15,93.5,99.0,0.15,False,534,97.2,98.2,0.651,True
592155,Cam Booser,FC,96,91.7,96.7,0.394,False,534,97.2,98.2,0.651,True
592155,Cam Booser,FF,249,93.1,96.5,0.505,True,534,97.2,98.2,0.651,True
592155,Cam Booser,ST,174,115.9,109.4,0.594,True,534,97.2,98.2,0.651,True
592254,José De León,CH,13,104.1,,0.133,False,101,117.6,104.6,0.261,False
592254,José De León,FF,48,96.7,99.5,0.164,False,101,117.6,104.6,0.261,False
592254,José De León,SL,16,152.2,106.1,0.117,False,101,117.6,104.6,0.261,False
592254,José De León,SV,24,125.7,102.0,0.077,False,101,117.6,104.6,0.261,False
592332,Kevin Gausman,FF,1575,107.5,106.5,0.866,True,2933,110.2,109.3,0.911,True
592332,Kevin Gausman,FS,1100,109.2,108.6,0.931,True,2933,110.2,109.3,0.911,True
592332,Kevin Gausman,SI,2,96.3,,0.011,False,2933,110.2,109.3,0.911,True
592332,Kevin Gausman,SL,256,89.0,92.5,0.68,True,2933,110.2,109.3,0.911,True
592351,Jon Gray,CH,16,103.2,100.5,0.159,False,210,90.0,95.8,0.423,False
592351,Jon Gray,CU,6,79.0,,0.057,False,210,90.0,95.8,0.423,False
592351,Jon Gray,FF,99,91.0,97.4,0.289,False,210,90.0,95.8,0.423,False
592351,Jon Gray,SL,89,90.0,95.8,0.425,False,210,90.0,95.8,0.423,False
592426,Luke Jackson,CH,1,63.5,,0.012,False,696,104.0,102.8,0.709,True
592426,Luke Jackson,CU,119,107.6,104.2,0.547,True,696,104.0,102.8,0.709,True
592426,Luke Jackson,FC,6,96.5,,0.039,False,696,104.0,102.8,0.709,True
592426,Luke Jackson,FF,238,92.6,96.3,0.494,True,696,104.0,102.8,0.709,True
592426,Luke Jackson,SI,3,155.4,,0.017,False,696,104.0,102.8,0.709,True
592426,Luke Jackson,SL,329,102.3,101.7,0.732,True,696,104.0,102.8,0.709,True
592454,Tommy Kahnle,CH,865,105.5,105.0,0.911,True,1012,98.6,98.9,0.78,True
592454,Tommy Kahnle,FF,143,66.7,87.7,0.37,True,1012,98.6,98.9,0.78,True
592454,Tommy Kahnle,SL,4,23.6,,0.032,False,1012,98.6,98.9,0.78,True
592662,Robbie Ray,CH,389,91.1,92.7,0.821,True,2991,96.4,96.7,0.913,True
592662,Robbie Ray,FF,1546,100.2,100.2,0.864,True,2991,96.4,96.7,0.913,True
592662,Robbie Ray,KC,369,94.9,96.1,0.761,True,2991,96.4,96.7,0.913,True
592662,Robbie Ray,SI,2,-22.5,,0.011,False,2991,96.4,96.7,0.913,True
592662,Robbie Ray,SL,673,95.9,96.5,0.848,True,2991,96.4,96.7,0.913,True
592662,Robbie Ray,ST,12,90.4,,0.092,False,2991,96.4,96.7,0.913,True
592773,Ryne Stanek,FF,596,98.7,99.1,0.71,True,969,95.1,96.2,0.772,True
592773,Ryne Stanek,FS,49,92.8,97.3,0.377,False,969,95.1,96.2,0.772,True
592773,Ryne Stanek,SL,228,86.8,91.4,0.654,True,969,95.1,96.2,0.772,True
592773,Ryne Stanek,ST,96,101.7,100.8,0.447,False,969,95.1,96.2,0.772,True
592779,Brock Stewart,CH,66,109.1,104.0,0.437,False,610,101.2,100.8,0.681,True
592779,Brock Stewart,FC,58,91.9,97.7,0.282,False,610,101.2,100.8,0.681,True
592779,Brock Stewart,FF,332,114.1,108.1,0.576,True,610,101.2,100.8,0.681,True
592779,Brock Stewart,SI,67,76.6,93.5,0.277,False,610,101.2,100.8,0.681,True
592779,Brock Stewart,ST,87,82.5,92.6,0.423,False,610,101.2,100.8,0.681,True
592791,Jameson Taillon,CH,217,93.8,95.5,0.719,True,1899,113.1,111.4,0.869,True
592791,Jameson Taillon,CU,249,111.3,108.1,0.717,True,1899,113.1,111.4,0.869,True
592791,Jameson Taillon,FC,273,109.1,105.9,0.649,True,1899,113.1,111.4,0.869,True
592791,Jameson Taillon,FF,714,112.1,109.0,0.745,True,1899,113.1,111.4,0.869,True
592791,Jameson Taillon,SI,145,111.0,105.0,0.453,True,1899,113.1,111.4,0.869,True
592791,Jameson Taillon,ST,301,114.1,110.1,0.717,True,1899,113.1,111.4,0.869,True
592836,Taijuan Walker,CU,133,97.7,98.7,0.575,True,2060,106.5,105.7,0.878,True
592836,Taijuan Walker,FC,621,106.7,105.4,0.808,True,2060,106.5,105.7,0.878,True
592836,Taijuan Walker,FF,196,106.1,102.7,0.445,True,2060,106.5,105.7,0.878,True
592836,Taijuan Walker,FS,462,105.7,104.9,0.851,True,2060,106.5,105.7,0.878,True
592836,Taijuan Walker,SI,416,109.1,106.4,0.704,True,2060,106.5,105.7,0.878,True
592836,Taijuan Walker,SL,232,101.1,100.7,0.658,True,2060,106.5,105.7,0.878,True
592866,Trevor Williams,CH,186,102.0,101.4,0.687,True,1448,121.9,118.3,0.835,True
592866,Trevor Williams,FF,613,122.1,115.8,0.715,True,1448,121.9,118.3,0.835,True
592866,Trevor Williams,SI,124,90.9,96.2,0.414,True,1448,121.9,118.3,0.835,True
592866,Trevor Williams,SL,127,104.8,102.5,0.513,True,1448,121.9,118.3,0.835,True
592866,Trevor Williams,ST,398,116.9,113.0,0.77,True,1448,121.9,118.3,0.835,True
593423,Frankie Montas,FC,72,103.7,101.2,0.328,False,707,105.9,104.2,0.712,True
593423,Frankie Montas,FF,178,107.8,103.3,0.422,True,707,105.9,104.2,0.712,True
593423,Frankie Montas,FS,145,96.5,97.8,0.642,True,707,105.9,104.2,0.712,True
593423,Frankie Montas,SI,124,106.5,102.7,0.414,True,707,105.9,104.2,0.712,True
593423,Frankie Montas,SL,99,95.4,97.9,0.451,False,707,105.9,104.2,0.712,True
593423,Frankie Montas,ST,89,116.6,107.1,0.428,False,707,105.9,104.2,0.712,True
593576,Héctor Neris,CH,31,94.4,98.5,0.268,False,497,98.6,99.1,0.635,False
593576,Héctor Neris,FF,205,106.9,103.2,0.457,True,497,98.6,99.1,0.635,False
593576,Héctor Neris,FS,210,98.5,98.9,0.722,True,497,98.6,99.1,0.635,False
593576,Héctor Neris,SI,36,79.9,96.6,0.17,False,497,98.6,99.1,0.635,False
593576,Héctor Neris,SL,15,120.1,102.2,0.111,False,497,98.6,99.1,0.635,False
593833,Wander Suero,CH,32,89.4,97.1,0.274,False,142,79.4,93.2,0.332,False
593833,Wander Suero,CU,2,-18.2,,0.02,False,142,79.4,93.2,0.332,False
593833,Wander Suero,FC,108,97.9,99.1,0.423,True,142,79.4,93.2,0.332,False
593958,Eduardo Rodríguez,CH,498,100.5,100.4,0.854,True,2503,102.0,101.8,0.897,True
593958,Eduardo Rodríguez,CU,121,117.8,109.8,0.552,True,2503,102.0,101.8,0.897,True
593958,Eduardo Rodríguez,FC,391,107.7,105.6,0.726,True,2503,102.0,101.8,0.897,True
593958,Eduardo Rodríguez,FF,1179,103.5,102.9,0.829,True,2503,102.0,101.8,0.897,True
593958,Eduardo Rodríguez,SI,224,93.5,96.4,0.561,True,2503,102.0,101.8,0.897,True
593958,Eduardo Rodríguez,SL,90,101.9,100.8,0.427,False,2503,102.0,101.8,0.897,True
593974,Wandy Peralta,CH,388,104.4,103.6,0.821,True,1126,96.5,97.2,0.797,True
593974,Wandy Peralta,FF,37,106.0,100.8,0.132,False,1126,96.5,97.2,0.797,True
593974,Wandy Peralta,SI,512,89.6,92.3,0.745,True,1126,96.5,97.2,0.797,True
593974,Wandy Peralta,SL,189,110.9,106.7,0.611,True,1126,96.5,97.2,0.797,True
594580,Sam Moll,CH,32,72.1,92.4,0.274,False,303,85.2,92.4,0.514,False
594580,Sam Moll,FF,64,90.8,98.1,0.208,False,303,85.2,92.4,0.514,False
594580,Sam Moll,SI,66,89.3,97.1,0.274,False,303,85.2,92.4,0.514,False
594580,Sam Moll,ST,141,96.1,97.9,0.543,True,303,85.2,92.4,0.514,False
594798,Jacob Degrom,CH,284,87.5,90.4,0.77,True,2541,114.5,113.0,0.899,True
594798,Jacob Degrom,CU,126,122.7,112.7,0.562,True,2541,114.5,113.0,0.899,True
594798,Jacob Degrom,FF,1177,112.1,110.0,0.828,True,2541,114.5,113.0,0.899,True
594798,Jacob Degrom,SL,954,106.6,105.9,0.888,True,2541,114.5,113.0,0.899,True
594902,Ben Lively,CH,53,106.2,102.4,0.384,False,651,102.2,101.5,0.695,True
594902,Ben Lively,CU,37,98.8,99.7,0.273,False,651,102.2,101.5,0.695,True
594902,Ben Lively,FC,52,100.1,100.0,0.261,False,651,102.2,101.5,0.695,True
594902,Ben Lively,FF,215,99.1,99.6,0.468,True,651,102.2,101.5,0.695,True
594902,Ben Lively,SI,161,105.5,102.6,0.479,True,651,102.2,101.5,0.695,True
594902,Ben Lively,SL,57,103.8,101.2,0.321,False,651,102.2,101.5,0.695,True
594902,Ben Lively,ST,76,101.2,100.5,0.39,False,651,102.2,101.5,0.695,True
595014,Blake Treinen,FC,55,113.3,103.6,0.272,False,467,99.9,99.9,0.62,False
595014,Blake Treinen,FF,58,71.9,94.6,0.192,False,467,99.9,99.9,0.62,False
595014,Blake Treinen,SI,141,110.4,104.6,0.446,True,467,99.9,99.9,0.62,False
595014,Blake Treinen,ST,213,95.9,97.4,0.642,True,467,99.9,99.9,0.62,False
595345,Steven Okert,CH,1,19.3,,0.012,False,1039,103.3,102.6,0.784,True
595345,Steven Okert,FC,7,84.3,,0.045,False,1039,103.3,102.6,0.784,True
595345,Steven Okert,FF,430,98.9,99.3,0.638,True,1039,103.3,102.6,0.784,True
595345,Steven Okert,SL,601,98.8,99.0,0.833,True,1039,103.3,102.6,0.784,True
595928,John Curtiss,CH,37,84.0,95.1,0.304,False,545,114.0,109.2,0.656,True
595928,John Curtiss,FC,168,113.6,107.2,0.533,True,545,114.0,109.2,0.656,True
595928,John Curtiss,FF,291,112.1,106.6,0.544,True,545,114.0,109.2,0.656,True
595928,John Curtiss,SL,49,115.0,104.3,0.289,False,545,114.0,109.2,0.656,True
596001,Jakob Junis,CH,201,110.9,107.7,0.703,True,1001,116.2,112.6,0.778,True
596001,Jakob Junis,FF,88,102.8,100.7,0.265,False,1001,116.2,112.6,0.778,True
596001,Jakob Junis,SI,267,107.5,104.5,0.604,True,1001,116.2,112.6,0.778,True
596001,Jakob Junis,ST,445,111.5,109.1,0.789,True,1001,116.2,112.6,0.778,True
596112,Robert Stephenson,FC,109,84.8,93.5,0.425,True,147,69.8,89.7,0.339,False
596112,Robert Stephenson,FF,23,109.4,100.8,0.086,False,147,69.8,89.7,0.339,False
596112,Robert Stephenson,FS,12,97.0,,0.129,False,147,69.8,89.7,0.339,False
596112,Robert Stephenson,SL,3,115.3,,0.024,False,147,69.8,89.7,0.339,False
596133,Luke Weaver,CH,314,104.2,103.3,0.787,True,1045,98.2,98.6,0.785,True
596133,Luke Weaver,FC,99,96.9,98.8,0.402,False,1045,98.2,98.6,0.785,True
596133,Luke Weaver,FF,619,100.6,100.4,0.717,True,1045,98.2,98.6,0.785,True
596133,Luke Weaver,SL,13,55.1,,0.097,False,1045,98.2,98.6,0.785,True
596271,Casey Lawrence,CH,60,123.3,109.7,0.414,False,276,125.6,112.6,0.491,False
596271,Casey Lawrence,CU,2,21.8,,0.02,False,276,125.6,112.6,0.491,False
596271,Casey Lawrence,FC,4,102.2,,0.026,False,276,125.6,112.6,0.491,False
596271,Casey Lawrence,FF,19,116.6,101.2,0.072,False,276,125.6,112.6,0.491,False
596271,Casey Lawrence,SI,110,113.9,105.4,0.386,True,276,125.6,112.6,0.491,False
596271,Casey Lawrence,SL,13,137.4,,0.097,False,276,125.6,112.6,0.491,False
596271,Casey Lawrence,ST,68,108.4,103.1,0.364,False,276,125.6,112.6,0.491,False
596295,Austin Gomber,CH,164,105.8,103.8,0.659,True,962,103.5,102.7,0.771,True
596295,Austin Gomber,FC,46,90.2,97.7,0.238,False,962,103.5,102.7,0.771,True
596295,Austin Gomber,FF,340,100.7,100.4,0.582,True,962,103.5,102.7,0.771,True
596295,Austin Gomber,FS,8,90.3,,0.09,False,962,103.5,102.7,0.771,True
596295,Austin Gomber,KC,248,113.2,109.0,0.681,True,962,103.5,102.7,0.771,True
596295,Austin Gomber,SI,3,75.5,,0.017,False,962,103.5,102.7,0.771,True
596295,Austin Gomber,SL,153,91.5,95.2,0.559,True,962,103.5,102.7,0.771,True
600917,José Leclerc,CH,32,104.4,101.2,0.274,False,164,98.9,99.6,0.364,False
600917,José Leclerc,CU,3,88.9,,0.03,False,164,98.9,99.6,0.364,False
600917,José Leclerc,FC,27,95.2,99.3,0.155,False,164,98.9,99.6,0.364,False
600917,José Leclerc,FF,50,102.6,100.4,0.17,False,164,98.9,99.6,0.364,False
600917,José Leclerc,SI,15,112.5,101.0,0.079,False,164,98.9,99.6,0.364,False
600917,José Leclerc,SL,37,90.8,97.8,0.235,False,164,98.9,99.6,0.364,False
601713,Nick Pivetta,CU,624,107.8,106.7,0.864,True,2854,106.9,106.3,0.909,True
601713,Nick Pivetta,FC,250,108.7,105.5,0.629,True,2854,106.9,106.3,0.909,True
601713,Nick Pivetta,FF,1357,104.5,103.8,0.848,True,2854,106.9,106.3,0.909,True
601713,Nick Pivetta,FS,5,92.0,,0.058,False,2854,106.9,106.3,0.909,True
601713,Nick Pivetta,SI,77,93.9,98.1,0.305,False,2854,106.9,106.3,0.909,True
601713,Nick Pivetta,SL,14,93.0,,0.104,False,2854,106.9,106.3,0.909,True
601713,Nick Pivetta,ST,527,105.3,104.3,0.816,True,2854,106.9,106.3,0.909,True
605130,Scott Barlow,CH,1,-282.8,,0.012,False,1278,90.4,92.2,0.817,True
605130,Scott Barlow,CU,218,91.7,94.3,0.689,True,1278,90.4,92.2,0.817,True
605130,Scott Barlow,FF,277,98.8,99.4,0.532,True,1278,90.4,92.2,0.817,True
605130,Scott Barlow,SI,186,90.7,95.2,0.515,True,1278,90.4,92.2,0.817,True
605130,Scott Barlow,SL,232,91.5,94.4,0.658,True,1278,90.4,92.2,0.817,True
605130,Scott Barlow,ST,364,91.7,93.7,0.754,True,1278,90.4,92.2,0.817,True
605135,Chris Bassitt,CH,104,95.6,97.6,0.551,True,2712,96.9,97.2,0.905,True
605135,Chris Bassitt,CU,442,90.3,92.1,0.818,True,2712,96.9,97.2,0.905,True
605135,Chris Bassitt,FC,457,105.7,104.3,0.756,True,2712,96.9,97.2,0.905,True
605135,Chris Bassitt,FF,260,94.8,97.3,0.516,True,2712,96.9,97.2,0.905,True
605135,Chris Bassitt,FS,82,84.5,92.2,0.503,False,2712,96.9,97.2,0.905,True
605135,Chris Bassitt,SI,1134,104.7,104.1,0.866,True,2712,96.9,97.2,0.905,True
605135,Chris Bassitt,SL,80,81.0,92.4,0.399,False,2712,96.9,97.2,0.905,True
605135,Chris Bassitt,ST,153,102.9,101.6,0.563,True,2712,96.9,97.2,0.905,True
605154,John Brebbia,CH,29,96.9,99.2,0.255,False,449,103.6,102.2,0.611,False
605154,John Brebbia,CU,4,105.0,,0.039,False,449,103.6,102.2,0.611,False
605154,John Brebbia,FF,221,98.9,99.5,0.475,True,449,103.6,102.2,0.611,False
605154,John Brebbia,SL,195,102.0,101.2,0.618,True,449,103.6,102.2,0.611,False
605177,Andrew Chafin,CH,4,104.0,,0.045,False,614,91.4,94.1,0.682,True
605177,Andrew Chafin,FF,123,118.1,106.1,0.335,True,614,91.4,94.1,0.682,True
605177,Andrew Chafin,SI,250,83.1,90.1,0.588,True,614,91.4,94.1,0.682,True
605177,Andrew Chafin,SL,237,92.9,95.3,0.663,True,614,91.4,94.1,0.682,True
605280,Clay Holmes,CH,329,106.9,105.5,0.795,True,2569,95.1,95.6,0.9,True
605280,Clay Holmes,FC,225,87.4,92.4,0.604,True,2569,95.1,95.6,0.9,True
605280,Clay Holmes,FF,147,101.2,100.5,0.376,True,2569,95.1,95.6,0.9,True
605280,Clay Holmes,SI,1084,94.9,95.6,0.861,True,2569,95.1,95.6,0.9,True
605280,Clay Holmes,SL,286,102.5,101.8,0.704,True,2569,95.1,95.6,0.9,True
605280,Clay Holmes,ST,498,99.9,99.9,0.807,True,2569,95.1,95.6,0.9,True
605288,Adrian Houser,CH,289,98.0,98.5,0.773,True,1892,102.0,101.7,0.869,True
605288,Adrian Houser,CU,221,85.3,89.8,0.692,True,1892,102.0,101.7,0.869,True
605288,Adrian Houser,FF,222,91.0,95.7,0.476,True,1892,102.0,101.7,0.869,True
605288,Adrian Houser,SI,868,106.6,105.5,0.832,True,1892,102.0,101.7,0.869,True
605288,Adrian Houser,SL,292,108.3,105.9,0.708,True,1892,102.0,101.7,0.869,True
605347,Jorge López,CH,37,82.6,94.7,0.304,False,381,90.2,94.4,0.571,False
605347,Jorge López,FF,94,77.9,93.9,0.278,False,381,90.2,94.4,0.571,False
605347,Jorge López,KC,65,99.7,99.9,0.359,False,381,90.2,94.4,0.571,False
605347,Jorge López,SI,105,99.4,99.8,0.375,True,381,90.2,94.4,0.571,False
605347,Jorge López,SL,80,105.6,102.2,0.399,False,381,90.2,94.4,0.571,False
605400,Aaron Nola,CH,222,117.2,112.4,0.723,True,1471,119.2,116.1,0.837,True
605400,Aaron Nola,FC,105,102.8,101.2,0.416,True,1471,119.2,116.1,0.837,True
605400,Aaron Nola,FF,443,113.3,108.6,0.645,True,1471,119.2,116.1,0.837,True
605400,Aaron Nola,KC,435,117.0,113.4,0.79,True,1471,119.2,116.1,0.837,True
605400,Aaron Nola,SI,266,110.0,106.0,0.603,True,1471,119.2,116.1,0.837,True
605447,Jordan Romano,FF,243,83.3,91.7,0.499,True,661,108.2,105.7,0.698,True
605447,Jordan Romano,SL,418,112.8,109.9,0.776,True,661,108.2,105.7,0.698,True
605452,Joe Ross,CH,69,104.3,101.9,0.448,False,823,112.0,108.9,0.742,True
605452,Joe Ross,CU,42,123.6,107.1,0.299,False,823,112.0,108.9,0.742,True
605452,Joe Ross,FF,299,104.3,102.4,0.551,True,823,112.0,108.9,0.742,True
605452,Joe Ross,SI,234,106.7,103.8,0.572,True,823,112.0,108.9,0.742,True
605452,Joe Ross,SL,179,109.2,105.5,0.598,True,823,112.0,108.9,0.742,True
605463,Tayler Scott,FF,253,93.6,96.7,0.509,True,524,96.8,97.9,0.647,True
605463,Tayler Scott,FS,152,119.2,112.5,0.653,True,524,96.8,97.9,0.647,True
605463,Tayler Scott,SI,15,68.3,97.5,0.079,False,524,96.8,97.9,0.647,True
605463,Tayler Scott,SL,35,90.1,97.8,0.225,False,524,96.8,97.9,0.647,True
605463,Tayler Scott,ST,69,71.6,89.6,0.367,False,524,96.8,97.9,0.647,True
605483,Blake Snell,CH,252,119.4,114.5,0.748,True,1027,111.3,108.8,0.782,True
605483,Blake Snell,CU,213,106.8,104.7,0.684,True,1027,111.3,108.8,0.782,True
605483,Blake Snell,FF,449,102.6,101.7,0.648,True,1027,111.3,108.8,0.782,True
605483,Blake Snell,SL,113,96.2,98.2,0.484,True,1027,111.3,108.8,0.782,True
605488,Jeffrey Springs,CH,698,107.1,106.3,0.892,True,2764,99.9,99.9,0.906,True
605488,Jeffrey Springs,FC,164,85.1,92.2,0.527,True,2764,99.9,99.9,0.906,True
605488,Jeffrey Springs,FF,1170,96.5,97.1,0.827,True,2764,99.9,99.9,0.906,True
605488,Jeffrey Springs,SL,560,100.6,100.5,0.823,True,2764,99.9,99.9,0.906,True
605488,Jeffrey Springs,ST,172,104.9,102.9,0.591,True,2764,99.9,99.9,0.906,True
605513,Spencer Turnbull,CH,14,157.4,,0.142,False,125,126.0,107.9,0.304,False
605513,Spencer Turnbull,CU,19,118.6,103.0,0.162,False,125,126.0,107.9,0.304,False
605513,Spencer Turnbull,FF,47,89.4,98.3,0.162,False,125,126.0,107.9,0.304,False
605513,Spencer Turnbull,SI,8,138.2,,0.044,False,125,126.0,107.9,0.304,False
605513,Spencer Turnbull,SL,9,128.9,,0.069,False,125,126.0,107.9,0.304,False
605513,Spencer Turnbull,ST,28,125.1,104.8,0.191,False,125,126.0,107.9,0.304,False
605540,Brandon Woodruff,CH,170,108.3,105.5,0.667,True,964,114.8,111.4,0.771,True
605540,Brandon Woodruff,CU,36,109.5,102.5,0.268,False,964,114.8,111.4,0.771,True
605540,Brandon Woodruff,FC,151,118.3,109.3,0.506,True,964,114.8,111.4,0.771,True
605540,Brandon Woodruff,FF,296,114.1,107.7,0.548,True,964,114.8,111.4,0.771,True
605540,Brandon Woodruff,SI,299,105.8,103.7,0.631,True,964,114.8,111.4,0.771,True
605540,Brandon Woodruff,ST,12,88.6,,0.092,False,964,114.8,111.4,0.771,True
606160,Rafael Montero,FF,426,104.0,102.5,0.636,True,1065,110.2,108.0,0.788,True
606160,Rafael Montero,FS,507,108.5,107.3,0.862,True,1065,110.2,108.0,0.788,True
606160,Rafael Montero,SI,52,108.5,101.9,0.229,False,1065,110.2,108.0,0.788,True
606160,Rafael Montero,SL,80,106.0,102.4,0.399,False,1065,110.2,108.0,0.788,True
606303,Joel Payamps,CH,4,38.4,,0.045,False,414,108.1,104.8,0.591,False
606303,Joel Payamps,FC,2,36.0,,0.013,False,414,108.1,104.8,0.591,False
606303,Joel Payamps,FF,150,103.1,101.2,0.381,True,414,108.1,104.8,0.591,False
606303,Joel Payamps,SI,62,100.0,100.0,0.261,False,414,108.1,104.8,0.591,False
606303,Joel Payamps,ST,196,110.4,106.5,0.622,True,414,108.1,104.8,0.591,False
606965,Chris Devenski,CH,101,110.5,105.7,0.543,True,261,104.9,102.3,0.477,False
606965,Chris Devenski,FC,45,82.2,95.8,0.234,False,261,104.9,102.3,0.477,False
606965,Chris Devenski,FF,56,103.5,100.7,0.187,False,261,104.9,102.3,0.477,False
606965,Chris Devenski,SI,3,93.5,,0.017,False,261,104.9,102.3,0.477,False
606965,Chris Devenski,SL,1,120.9,,0.008,False,261,104.9,102.3,0.477,False
606965,Chris Devenski,ST,55,116.6,105.3,0.316,False,261,104.9,102.3,0.477,False
606996,Kyle Hart,CH,75,103.2,101.5,0.469,False,610,100.5,100.3,0.681,True
606996,Kyle Hart,FF,98,87.0,96.3,0.287,False,610,100.5,100.3,0.681,True
606996,Kyle Hart,FS,32,88.1,96.6,0.283,False,610,100.5,100.3,0.681,True
606996,Kyle Hart,SI,135,88.6,95.0,0.435,True,610,100.5,100.3,0.681,True
606996,Kyle Hart,SL,61,123.1,107.8,0.336,False,610,100.5,100.3,0.681,True
606996,Kyle Hart,ST,209,108.8,105.6,0.637,True,610,100.5,100.3,0.681,True
607067,Colin Rea,CH,303,94.7,95.9,0.781,True,2488,107.9,107.1,0.897,True
607067,Colin Rea,CU,233,115.1,110.6,0.703,True,2488,107.9,107.1,0.897,True
607067,Colin Rea,FC,175,90.8,95.0,0.543,True,2488,107.9,107.1,0.897,True
607067,Colin Rea,FF,1034,111.3,109.1,0.809,True,2488,107.9,107.1,0.897,True
607067,Colin Rea,SI,265,94.9,96.9,0.602,True,2488,107.9,107.1,0.897,True
607067,Colin Rea,SL,248,105.9,104.0,0.673,True,2488,107.9,107.1,0.897,True
607067,Colin Rea,ST,230,114.2,109.4,0.659,True,2488,107.9,107.1,0.897,True
607074,Carlos Rodón,CH,501,94.3,95.1,0.855,True,3120,89.9,90.7,0.916,True
607074,Carlos Rodón,CU,113,79.0,88.8,0.535,True,3120,89.9,90.7,0.916,True
607074,Carlos Rodón,FC,5,120.3,,0.033,False,3120,89.9,90.7,0.916,True
607074,Carlos Rodón,FF,1318,98.7,98.9,0.844,True,3120,89.9,90.7,0.916,True
607074,Carlos Rodón,SI,298,69.6,80.9,0.63,True,3120,89.9,90.7,0.916,True
607074,Carlos Rodón,SL,885,94.2,94.9,0.88,True,3120,89.9,90.7,0.916,True
607192,Tyler Glasnow,CU,304,87.5,90.6,0.755,True,1401,92.4,93.7,0.83,True
607192,Tyler Glasnow,FF,496,99.2,99.5,0.67,True,1401,92.4,93.7,0.83,True
607192,Tyler Glasnow,SI,290,99.9,99.9,0.623,True,1401,92.4,93.7,0.83,True
607192,Tyler Glasnow,SL,311,90.1,92.9,0.721,True,1401,92.4,93.7,0.83,True
607200,Erick Fedde,CH,270,99.9,99.9,0.761,True,2296,106.0,105.3,0.889,True
607200,Erick Fedde,FC,636,110.6,108.6,0.812,True,2296,106.0,105.3,0.889,True
607200,Erick Fedde,FF,21,106.5,100.5,0.079,False,2296,106.0,105.3,0.889,True
607200,Erick Fedde,SI,766,105.6,104.6,0.814,True,2296,106.0,105.3,0.889,True
607200,Erick Fedde,ST,603,100.7,100.6,0.835,True,2296,106.0,105.3,0.889,True
607259,Nick Martínez,CH,500,103.3,102.8,0.855,True,2494,115.6,114.0,0.897,True
607259,Nick Martínez,CU,276,101.9,101.4,0.737,True,2494,115.6,114.0,0.897,True
607259,Nick Martínez,FC,524,115.8,112.3,0.78,True,2494,115.6,114.0,0.897,True
607259,Nick Martínez,FF,530,118.8,112.9,0.685,True,2494,115.6,114.0,0.897,True
607259,Nick Martínez,SI,414,109.7,106.8,0.703,True,2494,115.6,114.0,0.897,True
607259,Nick Martínez,SL,250,109.8,106.6,0.675,True,2494,115.6,114.0,0.897,True
607455,Anthony Banda,CH,40,91.4,97.2,0.32,False,1028,83.2,86.9,0.782,True
607455,Anthony Banda,FF,234,108.2,104.0,0.49,True,1028,83.2,86.9,0.782,True
607455,Anthony Banda,SI,250,99.3,99.6,0.588,True,1028,83.2,86.9,0.782,True
607455,Anthony Banda,SL,504,67.6,73.9,0.807,True,1028,83.2,86.9,0.782,True
607481,Aaron Bummer,CU,324,95.4,96.5,0.767,True,898,95.3,96.4,0.758,True
607481,Aaron Bummer,FC,1,36.4,,0.007,False,898,95.3,96.4,0.758,True
607481,Aaron Bummer,FF,112,106.0,101.9,0.315,True,898,95.3,96.4,0.758,True
607481,Aaron Bummer,SI,312,104.0,102.6,0.64,True,898,95.3,96.4,0.758,True
607481,Aaron Bummer,ST,149,82.6,90.3,0.556,True,898,95.3,96.4,0.758,True
607536,Kyle Freeland,CH,144,106.2,103.9,0.629,True,2410,105.1,104.6,0.894,True
607536,Kyle Freeland,FC,378,103.7,102.7,0.719,True,2410,105.1,104.6,0.894,True
607536,Kyle Freeland,FF,817,114.1,110.9,0.77,True,2410,105.1,104.6,0.894,True
607536,Kyle Freeland,KC,635,96.1,96.7,0.846,True,2410,105.1,104.6,0.894,True
607536,Kyle Freeland,SI,133,113.0,105.6,0.432,True,2410,105.1,104.6,0.894,True
607536,Kyle Freeland,ST,303,94.0,95.7,0.718,True,2410,105.1,104.6,0.894,True
607625,Seth Lugo,CH,213,106.9,104.9,0.715,True,2182,100.9,100.8,0.884,True
607625,Seth Lugo,CU,415,102.7,102.2,0.808,True,2182,100.9,100.8,0.884,True
607625,Seth Lugo,FC,318,101.8,101.2,0.683,True,2182,100.9,100.8,0.884,True
607625,Seth Lugo,FF,482,97.2,98.1,0.664,True,2182,100.9,100.8,0.884,True
607625,Seth Lugo,FS,13,57.5,,0.138,False,2182,100.9,100.8,0.884,True
607625,Seth Lugo,SI,338,108.1,105.3,0.659,True,2182,100.9,100.8,0.884,True
607625,Seth Lugo,SL,132,96.0,97.9,0.523,True,2182,100.9,100.8,0.884,True
607625,Seth Lugo,ST,48,86.6,96.1,0.288,False,2182,100.9,100.8,0.884,True
607625,Seth Lugo,SV,223,108.8,103.9,0.438,True,2182,100.9,100.8,0.884,True
608032,Carlos Estévez,CH,158,89.7,93.3,0.651,True,1013,101.0,100.8,0.78,True
608032,Carlos Estévez,FF,541,103.0,102.1,0.689,True,1013,101.0,100.8,0.78,True
608032,Carlos Estévez,SL,314,98.9,99.2,0.723,True,1013,101.0,100.8,0.78,True
608331,Max Fried,CH,348,99.3,99.4,0.804,True,3117,90.4,91.2,0.916,True
608331,Max Fried,CU,551,94.3,95.2,0.848,True,3117,90.4,91.2,0.916,True
608331,Max Fried,FC,882,100.5,100.4,0.857,True,3117,90.4,91.2,0.916,True
608331,Max Fried,FF,383,105.3,103.2,0.611,True,3117,90.4,91.2,0.916,True
608331,Max Fried,SI,538,92.0,94.0,0.754,True,3117,90.4,91.2,0.916,True
608331,Max Fried,SL,53,100.9,100.3,0.305,False,3117,90.4,91.2,0.916,True
608331,Max Fried,ST,362,87.8,90.8,0.753,True,3117,90.4,91.2,0.916,True
608334,Carson Fulmer,CH,130,111.3,106.8,0.605,True,460,105.8,103.6,0.617,False
608334,Carson Fulmer,CU,28,116.3,103.6,0.222,False,460,105.8,103.6,0.617,False
608334,Carson Fulmer,FF,114,105.0,101.6,0.318,True,460,105.8,103.6,0.617,False
608334,Carson Fulmer,SI,106,101.5,100.6,0.377,True,460,105.8,103.6,0.617,False
608334,Carson Fulmer,SL,82,84.0,93.5,0.405,False,460,105.8,103.6,0.617,False
608337,Lucas Giolito,CH,534,107.1,106.1,0.863,True,2366,106.3,105.6,0.892,True
608337,Lucas Giolito,CU,82,93.0,96.8,0.455,False,2366,106.3,105.6,0.892,True
608337,Lucas Giolito,FF,1144,103.8,103.1,0.824,True,2366,106.3,105.6,0.892,True
608337,Lucas Giolito,SL,606,99.5,99.6,0.834,True,2366,106.3,105.6,0.892,True
608371,Lucas Sims,CU,11,62.4,,0.101,False,241,53.8,78.9,0.457,False
608371,Lucas Sims,FC,4,112.4,,0.026,False,241,53.8,78.9,0.457,False
608371,Lucas Sims,FF,112,60.4,87.5,0.315,True,241,53.8,78.9,0.457,False
608371,Lucas Sims,SI,1,132.0,,0.006,False,241,53.8,78.9,0.457,False
608371,Lucas Sims,SL,4,-67.5,,0.032,False,241,53.8,78.9,0.457,False
608371,Lucas Sims,ST,109,82.8,91.8,0.478,True,241,53.8,78.9,0.457,False
608372,Tomoyuki Sugano,CU,241,111.8,108.4,0.71,True,2492,114.8,113.3,0.897,True
608372,Tomoyuki Sugano,FC,297,102.0,101.3,0.668,True,2492,114.8,113.3,0.897,True
608372,Tomoyuki Sugano,FF,472,108.9,105.9,0.659,True,2492,114.8,113.3,0.897,True
608372,Tomoyuki Sugano,FS,587,106.6,105.8,0.879,True,2492,114.8,113.3,0.897,True
608372,Tomoyuki Sugano,SI,396,107.7,105.3,0.693,True,2492,114.8,113.3,0.897,True
608372,Tomoyuki Sugano,ST,499,123.3,118.8,0.808,True,2492,114.8,113.3,0.897,True
608379,Michael Wacha,CH,648,117.3,115.3,0.884,True,2578,113.8,112.4,0.9,True
608379,Michael Wacha,CU,200,84.3,89.5,0.67,True,2578,113.8,112.4,0.9,True
608379,Michael Wacha,FC,398,108.6,106.3,0.73,True,2578,113.8,112.4,0.9,True
608379,Michael Wacha,FF,679,107.0,105.1,0.736,True,2578,113.8,112.4,0.9,True
608379,Michael Wacha,SI,333,110.8,107.1,0.655,True,2578,113.8,112.4,0.9,True
608379,Michael Wacha,SL,320,112.3,108.9,0.726,True,2578,113.8,112.4,0.9,True
608566,Germán Márquez,CH,45,76.2,91.8,0.347,False,2002,90.8,92.0,0.875,True
608566,Germán Márquez,FF,699,92.8,94.7,0.741,True,2002,90.8,92.0,0.875,True
608566,Germán Márquez,KC,644,95.4,96.1,0.847,True,2002,90.8,92.0,0.875,True
608566,Germán Márquez,SI,403,96.2,97.4,0.697,True,2002,90.8,92.0,0.875,True
608566,Germán Márquez,SL,211,100.9,100.6,0.636,True,2002,90.8,92.0,0.875,True
608650,Dietrich Enns,CH,141,94.9,96.8,0.624,True,632,98.9,99.2,0.688,True
608650,Dietrich Enns,CU,36,84.3,95.8,0.268,False,632,98.9,99.2,0.688,True
608650,Dietrich Enns,FC,114,86.2,94.0,0.436,True,632,98.9,99.2,0.688,True
608650,Dietrich Enns,FF,319,112.7,107.2,0.567,True,632,98.9,99.2,0.688,True
608650,Dietrich Enns,SI,22,122.5,102.5,0.112,False,632,98.9,99.2,0.688,True
608665,Kendall Graveman,CH,66,101.9,100.8,0.437,False,324,76.7,87.6,0.531,False
608665,Kendall Graveman,CU,7,83.7,,0.066,False,324,76.7,87.6,0.531,False
608665,Kendall Graveman,FF,52,101.9,100.3,0.176,False,324,76.7,87.6,0.531,False
608665,Kendall Graveman,SI,128,75.5,89.7,0.422,True,324,76.7,87.6,0.531,False
608665,Kendall Graveman,SL,71,80.7,92.8,0.371,False,324,76.7,87.6,0.531,False
608717,Chris Stratton,CH,66,96.4,98.4,0.437,False,364,94.4,96.9,0.56,False
608717,Chris Stratton,CU,77,108.6,103.8,0.439,False,364,94.4,96.9,0.56,False
608717,Chris Stratton,FF,142,88.3,95.7,0.368,True,364,94.4,96.9,0.56,False
608717,Chris Stratton,SI,11,122.9,,0.059,False,364,94.4,96.9,0.56,False
608717,Chris Stratton,SL,67,94.6,98.1,0.357,False,364,94.4,96.9,0.56,False
608717,Chris Stratton,ST,1,32.1,,0.008,False,364,94.4,96.9,0.56,False
608718,Brent Suter,CH,246,92.0,94.1,0.744,True,1118,106.6,105.3,0.796,True
608718,Brent Suter,FF,467,110.9,107.2,0.657,True,1118,106.6,105.3,0.796,True
608718,Brent Suter,SI,271,105.6,103.4,0.607,True,1118,106.6,105.3,0.796,True
608718,Brent Suter,SL,134,105.3,102.8,0.526,True,1118,106.6,105.3,0.796,True
612434,Miguel Castro,CH,12,72.0,,0.124,False,105,61.8,89.7,0.268,False
612434,Miguel Castro,FF,50,62.3,93.6,0.17,False,105,61.8,89.7,0.268,False
612434,Miguel Castro,SI,13,56.6,,0.069,False,105,61.8,89.7,0.268,False
612434,Miguel Castro,SL,30,110.9,102.2,0.199,False,105,61.8,89.7,0.268,False
614179,José Ruiz,CH,39,133.1,110.4,0.315,False,271,102.3,101.1,0.486,False
614179,José Ruiz,CU,81,104.4,102.0,0.452,False,271,102.3,101.1,0.486,False
614179,José Ruiz,FF,107,92.7,97.8,0.305,True,271,102.3,101.1,0.486,False
614179,José Ruiz,SI,42,94.6,99.0,0.193,False,271,102.3,101.1,0.486,False
614179,José Ruiz,SL,2,104.8,,0.016,False,271,102.3,101.1,0.486,False
615698,Cal Quantrill,CH,5,79.9,,0.056,False,1813,97.3,97.7,0.864,True
615698,Cal Quantrill,CU,224,99.0,99.3,0.695,True,1813,97.3,97.7,0.864,True
615698,Cal Quantrill,FC,422,109.7,107.2,0.741,True,1813,97.3,97.7,0.864,True
615698,Cal Quantrill,FF,289,90.6,94.9,0.542,True,1813,97.3,97.7,0.864,True
615698,Cal Quantrill,FS,289,101.1,100.9,0.781,True,1813,97.3,97.7,0.864,True
615698,Cal Quantrill,SI,434,98.3,98.8,0.712,True,1813,97.3,97.7,0.864,True
615698,Cal Quantrill,SL,150,98.6,99.2,0.554,True,1813,97.3,97.7,0.864,True
620454,José Castillo,CH,14,89.7,,0.142,False,543,103.0,102.0,0.655,True
620454,José Castillo,FF,81,107.5,101.9,0.249,False,543,103.0,102.0,0.655,True
620454,José Castillo,SI,211,89.8,94.4,0.546,True,543,103.0,102.0,0.655,True
620454,José Castillo,SL,237,109.3,106.2,0.663,True,543,103.0,102.0,0.655,True
621051,Steven Wilson,CH,71,85.3,93.3,0.456,False,974,117.1,113.2,0.773,True
621051,Steven Wilson,FC,10,79.2,,0.064,False,974,117.1,113.2,0.773,True
621051,Steven Wilson,FF,325,102.1,101.2,0.571,True,974,117.1,113.2,0.773,True
621051,Steven Wilson,ST,568,119.4,116.0,0.827,True,974,117.1,113.2,0.773,True
621053,Tyler Ferguson,CH,37,81.0,94.2,0.304,False,956,83.2,87.1,0.77,True
621053,Tyler Ferguson,FC,105,93.5,97.3,0.416,True,956,83.2,87.1,0.77,True
621053,Tyler Ferguson,FF,366,97.4,98.4,0.6,True,956,83.2,87.1,0.77,True
621053,Tyler Ferguson,SI,144,72.5,87.6,0.451,True,956,83.2,87.1,0.77,True
621053,Tyler Ferguson,ST,304,93.3,95.2,0.719,True,956,83.2,87.1,0.77,True
621107,Zach Eflin,CH,179,106.4,104.3,0.678,True,1049,108.4,106.6,0.786,True
621107,Zach Eflin,CU,169,115.1,109.5,0.632,True,1049,108.4,106.6,0.786,True
621107,Zach Eflin,FC,225,111.8,107.1,0.604,True,1049,108.4,106.6,0.786,True
621107,Zach Eflin,FF,145,95.3,98.2,0.373,True,1049,108.4,106.6,0.786,True
621107,Zach Eflin,SI,188,103.4,101.8,0.518,True,1049,108.4,106.6,0.786,True
621107,Zach Eflin,ST,143,104.7,102.6,0.546,True,1049,108.4,106.6,0.786,True
621111,Walker Buehler,CH,141,92.0,95.0,0.624,True,2108,87.6,89.1,0.88,True
621111,Walker Buehler,FC,353,96.4,97.5,0.705,True,2108,87.6,89.1,0.88,True
621111,Walker Buehler,FF,540,89.0,92.4,0.689,True,2108,87.6,89.1,0.88,True
621111,Walker Buehler,KC,277,94.2,95.9,0.705,True,2108,87.6,89.1,0.88,True
621111,Walker Buehler,SI,339,91.6,94.5,0.659,True,2108,87.6,89.1,0.88,True
621111,Walker Buehler,SL,323,100.1,100.1,0.728,True,2108,87.6,89.1,0.88,True
621111,Walker Buehler,ST,135,94.7,97.2,0.532,True,2108,87.6,89.1,0.88,True
621112,Paul Blackburn,CH,66,116.1,107.0,0.437,False,666,110.3,107.2,0.7,True
621112,Paul Blackburn,CU,83,86.3,93.7,0.458,False,666,110.3,107.2,0.7,True
621112,Paul Blackburn,FC,180,114.2,107.8,0.55,True,666,110.3,107.2,0.7,True
621112,Paul Blackburn,FF,26,98.0,99.8,0.096,False,666,110.3,107.2,0.7,True
621112,Paul Blackburn,SI,203,106.0,103.2,0.537,True,666,110.3,107.2,0.7,True
621112,Paul Blackburn,ST,108,114.6,106.9,0.476,True,666,110.3,107.2,0.7,True
621121,Lance Mccullers,CH,195,97.8,98.5,0.697,True,1147,89.5,91.6,0.8,True
621121,Lance Mccullers,FC,52,99.0,99.7,0.261,False,1147,89.5,91.6,0.8,True
621121,Lance Mccullers,FF,62,75.8,95.1,0.203,False,1147,89.5,91.6,0.8,True
621121,Lance Mccullers,KC,188,93.7,96.1,0.619,True,1147,89.5,91.6,0.8,True
621121,Lance Mccullers,SI,283,91.6,94.8,0.618,True,1147,89.5,91.6,0.8,True
621121,Lance Mccullers,ST,367,96.6,97.4,0.755,True,1147,89.5,91.6,0.8,True
621139,Brooks Kriske,FC,42,67.2,92.7,0.222,False,343,84.2,91.4,0.545,False
621139,Brooks Kriske,FF,133,87.4,95.6,0.353,True,343,84.2,91.4,0.545,False
621139,Brooks Kriske,FS,166,103.9,102.6,0.672,True,343,84.2,91.4,0.545,False
621139,Brooks Kriske,SL,2,108.5,,0.016,False,343,84.2,91.4,0.545,False
621199,Matthew Bowman,FC,107,105.8,102.4,0.421,True,417,96.0,97.6,0.593,False
621199,Matthew Bowman,FF,13,31.5,,0.051,False,417,96.0,97.6,0.593,False
621199,Matthew Bowman,FS,35,113.9,104.2,0.302,False,417,96.0,97.6,0.593,False
621199,Matthew Bowman,SI,181,99.9,99.9,0.508,True,417,96.0,97.6,0.593,False
621199,Matthew Bowman,ST,81,94.2,97.6,0.405,False,417,96.0,97.6,0.593,False
621237,José Alvarado,CU,19,99.9,100.0,0.162,False,420,76.0,85.7,0.595,False
621237,José Alvarado,FC,130,48.0,75.6,0.469,True,420,76.0,85.7,0.595,False
621237,José Alvarado,FF,8,66.9,,0.032,False,420,76.0,85.7,0.595,False
621237,José Alvarado,SI,263,112.9,107.7,0.6,True,420,76.0,85.7,0.595,False
621242,Edwin Díaz,CH,1,152.2,,0.012,False,1052,84.7,88.0,0.786,True
621242,Edwin Díaz,FF,553,91.9,94.4,0.694,True,1052,84.7,88.0,0.786,True
621242,Edwin Díaz,SL,498,81.6,85.2,0.805,True,1052,84.7,88.0,0.786,True
621244,José Berríos,CH,421,114.2,111.8,0.832,True,2493,100.5,100.4,0.897,True
621244,José Berríos,FC,142,98.1,99.1,0.491,True,2493,100.5,100.4,0.897,True
621244,José Berríos,FF,445,100.2,100.1,0.646,True,2493,100.5,100.4,0.897,True
621244,José Berríos,SI,842,96.5,97.1,0.828,True,2493,100.5,100.4,0.897,True
621244,José Berríos,SV,643,105.3,103.7,0.692,True,2493,100.5,100.4,0.897,True
621345,A. J. Minter,CH,14,60.1,,0.142,False,166,82.4,93.5,0.367,False
621345,A. J. Minter,FC,83,96.8,98.8,0.36,False,166,82.4,93.5,0.367,False
621345,A. J. Minter,FF,69,99.0,99.8,0.22,False,166,82.4,93.5,0.367,False
621363,Colin Poche,FF,141,87.2,95.3,0.366,True,191,78.3,91.3,0.4,False
621363,Colin Poche,SL,50,79.3,93.9,0.293,False,191,78.3,91.3,0.4,False
621366,Ryan Borucki,FS,94,100.4,100.2,0.537,False,554,82.7,88.6,0.659,True
621366,Ryan Borucki,SI,145,86.9,94.1,0.453,True,554,82.7,88.6,0.659,True
621366,Ryan Borucki,SL,228,75.8,84.2,0.654,True,554,82.7,88.6,0.659,True
621366,Ryan Borucki,ST,87,97.1,98.8,0.423,False,554,82.7,88.6,0.659,True
621381,Matt Strahm,CH,3,50.3,,0.034,False,962,98.1,98.5,0.771,True
621381,Matt Strahm,FC,140,97.8,98.9,0.487,True,962,98.1,98.5,0.771,True
621381,Matt Strahm,FF,367,101.7,101.0,0.601,True,962,98.1,98.5,0.771,True
621381,Matt Strahm,SI,145,98.6,99.4,0.453,True,962,98.1,98.5,0.771,True
621381,Matt Strahm,SL,307,96.0,97.1,0.718,True,962,98.1,98.5,0.771,True
621383,Tanner Banks,CH,68,92.1,96.5,0.445,False,1055,114.4,111.3,0.787,True
621383,Tanner Banks,FF,223,113.8,106.6,0.478,True,1055,114.4,111.3,0.787,True
621383,Tanner Banks,SI,130,101.2,100.5,0.426,True,1055,114.4,111.3,0.787,True
621383,Tanner Banks,SL,380,108.0,106.1,0.759,True,1055,114.4,111.3,0.787,True
621383,Tanner Banks,ST,254,106.3,104.3,0.681,True,1055,114.4,111.3,0.787,True
622253,Dillon Tate,CH,29,72.8,93.1,0.255,False,139,83.8,94.7,0.327,False
622253,Dillon Tate,FF,3,22.5,,0.012,False,139,83.8,94.7,0.327,False
622253,Dillon Tate,SI,47,90.5,98.0,0.212,False,139,83.8,94.7,0.327,False
622253,Dillon Tate,ST,60,103.5,101.2,0.335,False,139,83.8,94.7,0.327,False
622379,Luis Castillo,CH,22,96.8,99.3,0.206,False,168,78.6,92.1,0.37,False
622379,Luis Castillo,FF,77,79.7,95.1,0.24,False,168,78.6,92.1,0.37,False
622379,Luis Castillo,SI,27,92.7,99.0,0.134,False,168,78.6,92.1,0.37,False
622379,Luis Castillo,ST,42,92.3,98.0,0.261,False,168,78.6,92.1,0.37,False
622491,Luis Castillo,CH,312,100.8,100.6,0.786,True,2849,111.7,110.6,0.909,True
622491,Luis Castillo,FF,1324,112.2,110.3,0.844,True,2849,111.7,110.6,0.909,True
622491,Luis Castillo,SI,628,107.1,105.6,0.782,True,2849,111.7,110.6,0.909,True
622491,Luis Castillo,SL,585,98.1,98.4,0.829,True,2849,111.7,110.6,0.909,True
622503,Nabil Crismatt,CH,203,112.6,108.9,0.705,True,534,109.4,106.1,0.651,True
622503,Nabil Crismatt,CU,83,95.0,97.7,0.458,False,534,109.4,106.1,0.651,True
622503,Nabil Crismatt,FF,83,79.0,94.7,0.254,False,534,109.4,106.1,0.651,True
622503,Nabil Crismatt,SI,135,118.2,107.9,0.435,True,534,109.4,106.1,0.651,True
622503,Nabil Crismatt,SL,30,103.0,100.6,0.199,False,534,109.4,106.1,0.651,True
622554,Seranthony Domínguez,CU,48,81.3,93.9,0.328,False,879,79.7,84.7,0.754,True
622554,Seranthony Domínguez,FF,457,90.2,93.6,0.652,True,879,79.7,84.7,0.754,True
622554,Seranthony Domínguez,FS,7,66.8,,0.08,False,879,79.7,84.7,0.754,True
622554,Seranthony Domínguez,SI,140,93.9,97.3,0.444,True,879,79.7,84.7,0.754,True
622554,Seranthony Domínguez,ST,227,80.6,87.3,0.656,True,879,79.7,84.7,0.754,True
622608,Antonio Senzatela,CH,173,98.7,99.1,0.671,True,2206,107.3,106.5,0.885,True
622608,Antonio Senzatela,CU,332,99.7,99.8,0.771,True,2206,107.3,106.5,0.885,True
622608,Antonio Senzatela,FC,42,128.9,106.4,0.222,False,2206,107.3,106.5,0.885,True
622608,Antonio Senzatela,FF,1253,107.9,106.6,0.837,True,2206,107.3,106.5,0.885,True
622608,Antonio Senzatela,SI,12,91.8,,0.064,False,2206,107.3,106.5,0.885,True
622608,Antonio Senzatela,SL,394,98.6,98.9,0.766,True,2206,107.3,106.5,0.885,True
622663,Luis Severino,CH,143,94.5,96.5,0.628,True,2631,100.4,100.4,0.902,True
622663,Luis Severino,FC,470,94.0,95.4,0.761,True,2631,100.4,100.4,0.902,True
622663,Luis Severino,FF,736,107.7,105.8,0.751,True,2631,100.4,100.4,0.902,True
622663,Luis Severino,SI,531,103.3,102.5,0.752,True,2631,100.4,100.4,0.902,True
622663,Luis Severino,SL,108,96.4,98.3,0.473,True,2631,100.4,100.4,0.902,True
622663,Luis Severino,ST,643,102.4,102.0,0.844,True,2631,100.4,100.4,0.902,True
622786,Jesús Tinoco,CH,45,82.1,93.8,0.347,False,278,109.0,104.4,0.493,False
622786,Jesús Tinoco,FF,30,107.9,100.9,0.11,False,278,109.0,104.4,0.493,False
622786,Jesús Tinoco,SI,85,101.1,100.4,0.327,False,278,109.0,104.4,0.493,False
622786,Jesús Tinoco,SL,118,114.6,107.2,0.495,True,278,109.0,104.4,0.493,False
623149,Paul Sewald,FF,170,104.5,101.8,0.411,True,289,109.4,104.7,0.503,False
623149,Paul Sewald,ST,119,108.1,104.1,0.5,True,289,109.4,104.7,0.503,False
623167,Chris Flexen,CH,14,64.6,,0.142,False,673,95.2,96.6,0.702,True
623167,Chris Flexen,CU,115,87.0,93.0,0.539,True,673,95.2,96.6,0.702,True
623167,Chris Flexen,FC,190,102.6,101.5,0.563,True,673,95.2,96.6,0.702,True
623167,Chris Flexen,FF,277,106.7,103.6,0.532,True,673,95.2,96.6,0.702,True
623167,Chris Flexen,SL,60,93.5,97.8,0.332,False,673,95.2,96.6,0.702,True
623167,Chris Flexen,SV,17,78.0,98.8,0.056,False,673,95.2,96.6,0.702,True
623211,Huascar Brazobán,CH,368,98.3,98.6,0.813,True,949,89.4,91.9,0.768,True
623211,Huascar Brazobán,FC,76,81.3,93.6,0.34,False,949,89.4,91.9,0.768,True
623211,Huascar Brazobán,FF,113,96.3,98.8,0.317,True,949,89.4,91.9,0.768,True
623211,Huascar Brazobán,SI,358,95.5,97.0,0.671,True,949,89.4,91.9,0.768,True
623211,Huascar Brazobán,SL,34,106.5,101.4,0.22,False,949,89.4,91.9,0.768,True
623352,Josh Hader,CH,36,91.2,97.4,0.298,False,798,98.8,99.1,0.736,True
623352,Josh Hader,SI,428,102.9,102.1,0.71,True,798,98.8,99.1,0.736,True
623352,Josh Hader,SL,334,89.5,92.3,0.735,True,798,98.8,99.1,0.736,True
623433,Nick Anderson,CH,51,89.1,95.9,0.375,False,241,113.7,106.3,0.457,False
623433,Nick Anderson,CU,71,113.1,105.5,0.419,False,241,113.7,106.3,0.457,False
623433,Nick Anderson,FF,116,121.9,107.1,0.322,True,241,113.7,106.3,0.457,False
623433,Nick Anderson,SI,3,-28.0,,0.017,False,241,113.7,106.3,0.457,False
623437,Justin Topa,CH,138,93.6,96.0,0.619,True,935,107.2,105.5,0.766,True
623437,Justin Topa,FC,182,113.6,107.5,0.553,True,935,107.2,105.5,0.766,True
623437,Justin Topa,SI,336,108.8,105.8,0.657,True,935,107.2,105.5,0.766,True
623437,Justin Topa,ST,279,100.5,100.4,0.701,True,935,107.2,105.5,0.766,True
623474,Jimmy Herget,CH,71,95.3,97.9,0.456,False,1264,89.7,91.6,0.815,True
623474,Jimmy Herget,CU,1,69.7,,0.01,False,1264,89.7,91.6,0.815,True
623474,Jimmy Herget,FF,96,44.1,84.2,0.282,False,1264,89.7,91.6,0.815,True
623474,Jimmy Herget,SI,350,94.5,96.3,0.666,True,1264,89.7,91.6,0.815,True
623474,Jimmy Herget,SL,357,101.9,101.4,0.748,True,1264,89.7,91.6,0.815,True
623474,Jimmy Herget,ST,389,90.6,92.8,0.766,True,1264,89.7,91.6,0.815,True
624133,Ranger Suarez,CH,464,95.4,96.1,0.845,True,2430,111.0,109.8,0.895,True
624133,Ranger Suarez,CU,391,109.3,107.4,0.799,True,2430,111.0,109.8,0.895,True
624133,Ranger Suarez,FC,427,118.4,113.7,0.743,True,2430,111.0,109.8,0.895,True
624133,Ranger Suarez,FF,352,115.1,108.9,0.591,True,2430,111.0,109.8,0.895,True
624133,Ranger Suarez,SI,696,105.1,104.1,0.799,True,2430,111.0,109.8,0.895,True
624133,Ranger Suarez,SL,100,120.2,109.2,0.453,True,2430,111.0,109.8,0.895,True
628317,Kenta Maeda,FC,1,226.6,,0.007,False,141,63.6,88.0,0.33,False
628317,Kenta Maeda,FF,22,80.9,98.4,0.083,False,141,63.6,88.0,0.33,False
628317,Kenta Maeda,FS,54,67.8,87.1,0.4,False,141,63.6,88.0,0.33,False
628317,Kenta Maeda,SI,13,94.9,,0.069,False,141,63.6,88.0,0.33,False
628317,Kenta Maeda,SL,27,17.6,84.9,0.183,False,141,63.6,88.0,0.33,False
628317,Kenta Maeda,ST,22,149.3,107.7,0.156,False,141,63.6,88.0,0.33,False
628317,Kenta Maeda,SV,2,190.6,,0.007,False,141,63.6,88.0,0.33,False
628452,Raisel Iglesias,CH,262,114.7,111.1,0.755,True,949,108.4,106.5,0.768,True
628452,Raisel Iglesias,FF,382,106.0,103.7,0.61,True,949,108.4,106.5,0.768,True
628452,Raisel Iglesias,SI,213,97.1,98.4,0.549,True,949,108.4,106.5,0.768,True
628452,Raisel Iglesias,SL,92,98.0,99.1,0.433,False,949,108.4,106.5,0.768,True
640448,Kyle Finnegan,FF,480,107.6,105.0,0.663,True,690,105.6,104.0,0.707,True
640448,Kyle Finnegan,FS,171,102.8,101.9,0.679,True,690,105.6,104.0,0.707,True
640448,Kyle Finnegan,SL,39,72.6,93.3,0.244,False,690,105.6,104.0,0.707,True
640451,Hunter Harvey,CU,12,110.7,,0.109,False,134,103.4,101.1,0.319,False
640451,Hunter Harvey,FF,75,106.0,101.4,0.235,False,134,103.4,101.1,0.319,False
640451,Hunter Harvey,FS,19,82.1,96.6,0.19,False,134,103.4,101.1,0.319,False
640451,Hunter Harvey,SL,28,103.5,100.7,0.189,False,134,103.4,101.1,0.319,False
640455,Sean Manaea,CH,61,95.8,98.2,0.418,False,1095,97.9,98.3,0.793,True
640455,Sean Manaea,FF,663,104.3,103.1,0.731,True,1095,97.9,98.3,0.793,True
640455,Sean Manaea,ST,371,88.8,91.5,0.757,True,1095,97.9,98.3,0.793,True
640462,A. J. Puk,FF,79,124.8,106.1,0.245,False,128,98.5,99.5,0.309,False
640462,A. J. Puk,SI,2,2.1,,0.011,False,128,98.5,99.5,0.309,False
640462,A. J. Puk,SL,47,52.3,86.6,0.281,False,128,98.5,99.5,0.309,False
641154,Pablo López,CH,247,109.4,107.0,0.744,True,1169,114.6,111.7,0.803,True
641154,Pablo López,CU,119,101.7,100.9,0.547,True,1169,114.6,111.7,0.803,True
641154,Pablo López,FF,482,117.8,111.8,0.664,True,1169,114.6,111.7,0.803,True
641154,Pablo López,SI,71,89.4,96.9,0.288,False,1169,114.6,111.7,0.803,True
641154,Pablo López,ST,250,104.0,102.7,0.678,True,1169,114.6,111.7,0.803,True
641302,Tyler Alexander,CH,241,109.3,106.9,0.74,True,1521,112.2,110.3,0.842,True
641302,Tyler Alexander,FC,249,101.5,100.9,0.628,True,1521,112.2,110.3,0.842,True
641302,Tyler Alexander,FF,396,109.5,105.9,0.619,True,1521,112.2,110.3,0.842,True
641302,Tyler Alexander,SI,286,115.3,109.5,0.62,True,1521,112.2,110.3,0.842,True
641302,Tyler Alexander,ST,349,107.2,105.4,0.746,True,1521,112.2,110.3,0.842,True
641312,Shaun Anderson,CH,48,96.5,98.7,0.361,False,216,118.8,108.1,0.43,False
641312,Shaun Anderson,FF,60,100.9,100.2,0.197,False,216,118.8,108.1,0.43,False
641312,Shaun Anderson,SI,7,145.8,,0.038,False,216,118.8,108.1,0.43,False
641312,Shaun Anderson,SL,67,132.3,111.5,0.357,False,216,118.8,108.1,0.43,False
641312,Shaun Anderson,ST,34,98.3,99.6,0.222,False,216,118.8,108.1,0.43,False
641329,Bryan Baker,CH,297,96.6,97.4,0.778,True,1057,99.2,99.4,0.787,True
641329,Bryan Baker,FF,498,98.3,98.9,0.671,True,1057,99.2,99.4,0.787,True
641329,Bryan Baker,SL,262,103.1,102.1,0.685,True,1057,99.2,99.4,0.787,True
641386,Ben Bowden,CH,22,89.6,97.9,0.206,False,187,108.4,103.3,0.395,False
641386,Ben Bowden,CU,2,71.4,,0.02,False,187,108.4,103.3,0.395,False
641386,Ben Bowden,FF,110,107.4,102.3,0.311,True,187,108.4,103.3,0.395,False
641386,Ben Bowden,SL,53,106.9,102.1,0.305,False,187,108.4,103.3,0.395,False
641401,Connor Brogdon,CH,352,113.1,110.6,0.806,True,840,105.2,103.9,0.746,True
641401,Connor Brogdon,FC,136,97.4,98.8,0.48,True,840,105.2,103.9,0.746,True
641401,Connor Brogdon,FF,352,100.3,100.2,0.591,True,840,105.2,103.9,0.746,True
641482,Néstor Cortés,CH,75,82.6,91.8,0.469,False,535,92.6,95.2,0.652,True
641482,Néstor Cortés,FC,185,102.2,101.2,0.557,True,535,92.6,95.2,0.652,True
641482,Néstor Cortés,FF,198,103.9,101.7,0.448,True,535,92.6,95.2,0.652,True
641482,Néstor Cortés,SI,1,38.0,,0.006,False,535,92.6,95.2,0.652,True
641482,Néstor Cortés,ST,76,92.8,97.2,0.39,False,535,92.6,95.2,0.652,True
641540,Dane Dunning,CH,67,110.1,104.5,0.441,False,372,99.9,99.9,0.565,False
641540,Dane Dunning,FC,147,108.2,104.1,0.499,True,372,99.9,99.9,0.565,False
641540,Dane Dunning,FF,2,92.1,,0.008,False,372,99.9,99.9,0.565,False
641540,Dane Dunning,KC,11,88.7,,0.087,False,372,99.9,99.9,0.565,False
641540,Dane Dunning,SI,111,95.2,98.1,0.388,True,372,99.9,99.9,0.565,False
641540,Dane Dunning,SL,34,91.5,98.1,0.22,False,372,99.9,99.9,0.565,False
641656,Ian Hamilton,FF,83,97.4,99.3,0.254,False,641,87.2,91.2,0.691,True
641656,Ian Hamilton,SI,314,90.7,94.0,0.642,True,641,87.2,91.2,0.691,True
641656,Ian Hamilton,SL,244,88.8,92.5,0.669,True,641,87.2,91.2,0.691,True
641672,Thomas Hatch,CH,102,101.7,100.9,0.546,True,585,92.9,95.2,0.672,True
641672,Thomas Hatch,FC,160,95.2,97.5,0.52,True,585,92.9,95.2,0.672,True
641672,Thomas Hatch,FF,70,86.6,97.0,0.223,False,585,92.9,95.2,0.672,True
641672,Thomas Hatch,SI,102,110.2,103.8,0.368,True,585,92.9,95.2,0.672,True
641672,Thomas Hatch,SL,108,104.0,101.9,0.473,True,585,92.9,95.2,0.672,True
641672,Thomas Hatch,ST,43,58.7,89.0,0.266,False,585,92.9,95.2,0.672,True
641745,Brad Keller,CH,121,111.7,106.9,0.588,True,1080,104.0,103.2,0.791,True
641745,Brad Keller,FF,458,99.6,99.7,0.652,True,1080,104.0,103.2,0.791,True
641745,Brad Keller,SI,162,91.0,95.7,0.48,True,1080,104.0,103.2,0.791,True
641745,Brad Keller,SL,179,107.5,104.5,0.598,True,1080,104.0,103.2,0.791,True
641745,Brad Keller,ST,160,108.6,104.9,0.574,True,1080,104.0,103.2,0.791,True
641755,Tyler Kinley,CH,11,91.1,,0.115,False,1189,109.9,108.0,0.806,True
641755,Tyler Kinley,CU,146,95.2,97.1,0.597,True,1189,109.9,108.0,0.806,True
641755,Tyler Kinley,FF,269,85.6,92.4,0.524,True,1189,109.9,108.0,0.806,True
641755,Tyler Kinley,SL,763,110.5,109.1,0.864,True,1189,109.9,108.0,0.806,True
641778,Eric Lauer,CH,27,76.1,94.2,0.241,False,1575,105.0,104.2,0.846,True
641778,Eric Lauer,CU,242,105.9,104.2,0.711,True,1575,105.0,104.2,0.846,True
641778,Eric Lauer,FC,352,107.4,105.2,0.705,True,1575,105.0,104.2,0.846,True
641778,Eric Lauer,FF,783,107.8,105.9,0.762,True,1575,105.0,104.2,0.846,True
641778,Eric Lauer,SI,1,53.0,,0.006,False,1575,105.0,104.2,0.846,True
641778,Eric Lauer,SL,170,88.4,93.2,0.585,True,1575,105.0,104.2,0.846,True
641793,Zack Littell,FF,638,113.7,109.9,0.723,True,2415,114.8,113.2,0.894,True
641793,Zack Littell,FS,517,102.1,101.8,0.865,True,2415,114.8,113.2,0.894,True
641793,Zack Littell,SI,408,113.1,109.2,0.7,True,2415,114.8,113.2,0.894,True
641793,Zack Littell,SL,714,106.8,105.8,0.856,True,2415,114.8,113.2,0.894,True
641793,Zack Littell,ST,138,92.7,96.1,0.537,True,2415,114.8,113.2,0.894,True
641816,Tyler Mahle,FC,171,111.3,106.1,0.537,True,1320,123.0,118.9,0.822,True
641816,Tyler Mahle,FF,644,112.1,108.8,0.725,True,1320,123.0,118.9,0.822,True
641816,Tyler Mahle,FS,370,121.8,117.9,0.82,True,1320,123.0,118.9,0.822,True
641816,Tyler Mahle,SL,135,110.4,105.5,0.528,True,1320,123.0,118.9,0.822,True
641835,Tim Mayza,FF,9,56.0,,0.036,False,261,95.9,98.0,0.477,False
641835,Tim Mayza,SI,173,97.7,98.9,0.497,True,261,95.9,98.0,0.477,False
641835,Tim Mayza,SL,79,99.6,99.8,0.396,False,261,95.9,98.0,0.477,False
641927,Bailey Ober,CH,658,112.5,111.1,0.886,True,2276,118.1,116.1,0.888,True
641927,Bailey Ober,CU,78,103.5,101.5,0.442,False,2276,118.1,116.1,0.888,True
641927,Bailey Ober,FF,811,115.3,111.8,0.769,True,2276,118.1,116.1,0.888,True
641927,Bailey Ober,SI,73,107.4,102.2,0.294,False,2276,118.1,116.1,0.888,True
641927,Bailey Ober,SL,406,109.0,106.9,0.771,True,2276,118.1,116.1,0.888,True
641927,Bailey Ober,ST,250,95.3,96.8,0.678,True,2276,118.1,116.1,0.888,True
641941,Emilio Pagán,FC,192,88.7,93.6,0.566,True,904,91.2,93.3,0.76,True
641941,Emilio Pagán,FF,633,99.9,99.9,0.722,True,904,91.2,93.3,0.76,True
641941,Emilio Pagán,FS,79,105.3,102.6,0.494,False,904,91.2,93.3,0.76,True
642016,Daniel Robert,FC,66,94.8,98.4,0.309,False,255,86.2,93.5,0.471,False
642016,Daniel Robert,FF,60,79.1,95.9,0.197,False,255,86.2,93.5,0.471,False
642016,Daniel Robert,SI,23,90.3,98.9,0.116,False,255,86.2,93.5,0.471,False
642016,Daniel Robert,ST,106,101.2,100.6,0.471,True,255,86.2,93.5,0.471,False
642048,Tayler Saucedo,CH,30,111.1,102.9,0.261,False,173,92.2,97.1,0.377,False
642048,Tayler Saucedo,FF,10,-12.8,,0.039,False,173,92.2,97.1,0.377,False
642048,Tayler Saucedo,SI,85,100.9,100.3,0.327,False,173,92.2,97.1,0.377,False
642048,Tayler Saucedo,SL,22,87.5,98.1,0.154,False,173,92.2,97.1,0.377,False
642048,Tayler Saucedo,ST,26,101.9,100.3,0.179,False,173,92.2,97.1,0.377,False
642100,Gabe Speier,FF,392,112.3,107.6,0.616,True,880,113.3,110.0,0.755,True
642100,Gabe Speier,SI,262,104.8,102.9,0.599,True,880,113.3,110.0,0.755,True
642100,Gabe Speier,SL,226,103.1,102.0,0.652,True,880,113.3,110.0,0.755,True
642121,Cole Sulser,CH,151,106.7,104.3,0.64,True,387,115.0,108.6,0.575,False
642121,Cole Sulser,FC,81,92.7,97.4,0.355,False,387,115.0,108.6,0.575,False
642121,Cole Sulser,FF,153,128.8,111.1,0.385,True,387,115.0,108.6,0.575,False
642121,Cole Sulser,ST,2,85.0,,0.017,False,387,115.0,108.6,0.575,False
642152,Lou Trivino,CH,137,101.2,100.7,0.617,True,822,92.3,94.3,0.742,True
642152,Lou Trivino,CU,10,50.7,,0.092,False,822,92.3,94.3,0.742,True
642152,Lou Trivino,FC,194,101.7,101.0,0.568,True,822,92.3,94.3,0.742,True
642152,Lou Trivino,FF,129,100.2,100.1,0.346,True,822,92.3,94.3,0.742,True
642152,Lou Trivino,SI,184,91.4,95.6,0.512,True,822,92.3,94.3,0.742,True
642152,Lou Trivino,ST,168,97.6,98.6,0.586,True,822,92.3,94.3,0.742,True
642207,Devin Williams,CH,556,116.7,114.5,0.868,True,1082,108.2,106.5,0.791,True
642207,Devin Williams,FC,2,133.9,,0.013,False,1082,108.2,106.5,0.791,True
642207,Devin Williams,FF,524,93.5,95.6,0.682,True,1082,108.2,106.5,0.791,True
642216,Allan Winans,CH,56,93.3,97.3,0.398,False,171,93.2,97.5,0.374,False
642216,Allan Winans,CU,5,26.8,,0.048,False,171,93.2,97.5,0.374,False
642216,Allan Winans,FF,25,89.7,99.0,0.093,False,171,93.2,97.5,0.374,False
642216,Allan Winans,SI,53,118.4,104.3,0.232,False,171,93.2,97.5,0.374,False
642216,Allan Winans,ST,32,76.6,95.0,0.212,False,171,93.2,97.5,0.374,False
642232,Ryan Yarbrough,CH,208,99.8,99.9,0.71,True,1004,98.0,98.4,0.778,True
642232,Ryan Yarbrough,FC,262,101.3,100.8,0.64,True,1004,98.0,98.4,0.778,True
642232,Ryan Yarbrough,FF,140,125.2,109.2,0.365,True,1004,98.0,98.4,0.778,True
642232,Ryan Yarbrough,SI,203,88.3,93.7,0.537,True,1004,98.0,98.4,0.778,True
642232,Ryan Yarbrough,ST,191,100.7,100.4,0.616,True,1004,98.0,98.4,0.778,True
642239,Rob Zastryzny,CH,10,66.7,,0.105,False,347,94.4,96.9,0.548,False
642239,Rob Zastryzny,FC,115,90.4,95.8,0.438,True,347,94.4,96.9,0.548,False
642239,Rob Zastryzny,FF,154,107.1,102.7,0.387,True,347,94.4,96.9,0.548,False
642239,Rob Zastryzny,FS,18,63.1,93.3,0.182,False,347,94.4,96.9,0.548,False
642239,Rob Zastryzny,ST,50,128.9,108.6,0.296,False,347,94.4,96.9,0.548,False
642397,Gregory Soto,FF,66,93.6,98.6,0.213,False,999,83.6,87.3,0.777,True
642397,Gregory Soto,FS,3,81.8,,0.036,False,999,83.6,87.3,0.777,True
642397,Gregory Soto,SI,525,93.1,94.8,0.75,True,999,83.6,87.3,0.777,True
642397,Gregory Soto,SL,327,84.2,88.5,0.731,True,999,83.6,87.3,0.777,True
642397,Gregory Soto,ST,78,69.4,87.9,0.396,False,999,83.6,87.3,0.777,True
642528,Jonathan Loáisiga,CH,88,103.3,101.7,0.509,False,467,85.7,91.1,0.62,False
642528,Jonathan Loáisiga,CU,77,113.0,105.7,0.439,False,467,85.7,91.1,0.62,False
642528,Jonathan Loáisiga,FC,18,65.2,96.2,0.109,False,467,85.7,91.1,0.62,False
642528,Jonathan Loáisiga,FF,14,116.3,,0.054,False,467,85.7,91.1,0.62,False
642528,Jonathan Loáisiga,SI,270,87.1,92.2,0.606,True,467,85.7,91.1,0.62,False
642547,Freddy Peralta,CH,631,100.5,100.4,0.881,True,2920,103.5,103.2,0.911,True
642547,Freddy Peralta,CU,375,111.9,109.4,0.792,True,2920,103.5,103.2,0.911,True
642547,Freddy Peralta,FF,1599,101.4,101.2,0.868,True,2920,103.5,103.2,0.911,True
642547,Freddy Peralta,SL,282,102.3,101.6,0.701,True,2920,103.5,103.2,0.911,True
642547,Freddy Peralta,ST,33,114.9,103.2,0.217,False,2920,103.5,103.2,0.911,True
642585,Félix Bautista,FC,1,64.5,,0.007,False,503,77.5,85.7,0.637,True
642585,Félix Bautista,FS,94,93.7,96.6,0.537,False,503,77.5,85.7,0.637,True
642585,Félix Bautista,SI,357,87.3,91.5,0.671,True,503,77.5,85.7,0.637,True
642585,Félix Bautista,SL,51,89.0,96.7,0.297,False,503,77.5,85.7,0.637,True
642701,Dennis Santana,CH,59,85.0,93.8,0.41,False,957,107.7,105.9,0.77,True
642701,Dennis Santana,FC,99,106.6,102.7,0.402,False,957,107.7,105.9,0.77,True
642701,Dennis Santana,FF,269,107.5,103.9,0.524,True,957,107.7,105.9,0.77,True
642701,Dennis Santana,SI,83,104.2,101.4,0.321,False,957,107.7,105.9,0.77,True
642701,Dennis Santana,SL,447,101.8,101.4,0.788,True,957,107.7,105.9,0.77,True
643338,Chad Green,FF,340,108.3,104.8,0.582,True,678,111.5,108.1,0.703,True
643338,Chad Green,SI,16,100.7,100.1,0.084,False,678,111.5,108.1,0.703,True
643338,Chad Green,SL,322,101.4,101.0,0.728,True,678,111.5,108.1,0.703,True
643361,Kevin Herget,CH,79,88.7,94.6,0.482,False,216,96.9,98.7,0.43,False
643361,Kevin Herget,CU,2,80.9,,0.02,False,216,96.9,98.7,0.43,False
643361,Kevin Herget,FC,40,110.3,102.2,0.213,False,216,96.9,98.7,0.43,False
643361,Kevin Herget,FF,95,107.1,102.0,0.28,False,216,96.9,98.7,0.43,False
643377,Griffin Jax,CH,238,106.6,104.9,0.737,True,1072,111.7,109.2,0.789,True
643377,Griffin Jax,CU,1,-36.4,,0.01,False,1072,111.7,109.2,0.789,True
643377,Griffin Jax,FC,44,93.0,98.4,0.23,False,1072,111.7,109.2,0.789,True
643377,Griffin Jax,FF,184,108.8,103.8,0.43,True,1072,111.7,109.2,0.789,True
643377,Griffin Jax,SI,126,107.0,102.9,0.418,True,1072,111.7,109.2,0.789,True
643377,Griffin Jax,ST,479,108.6,106.9,0.801,True,1072,111.7,109.2,0.789,True
643410,Mark Leiter,CU,205,96.7,97.8,0.676,True,564,104.3,102.9,0.663,True
643410,Mark Leiter,FC,25,114.3,102.1,0.145,False,564,104.3,102.9,0.663,True
643410,Mark Leiter,FF,4,33.1,,0.016,False,564,104.3,102.9,0.663,True
643410,Mark Leiter,SI,314,108.4,105.4,0.642,True,564,104.3,102.9,0.663,True
643410,Mark Leiter,SL,16,90.5,98.9,0.117,False,564,104.3,102.9,0.663,True
643511,Tyler Rogers,SI,707,103.8,103.0,0.801,True,943,102.5,101.9,0.767,True
643511,Tyler Rogers,SL,236,90.9,94.0,0.662,True,943,102.5,101.9,0.767,True
645261,Sandy Alcántara,CH,652,102.4,102.1,0.885,True,2800,100.7,100.6,0.907,True
645261,Sandy Alcántara,FC,465,91.7,93.7,0.759,True,2800,100.7,100.6,0.907,True
645261,Sandy Alcántara,FF,476,103.7,102.4,0.661,True,2800,100.7,100.6,0.907,True
645261,Sandy Alcántara,SI,717,111.3,109.1,0.804,True,2800,100.7,100.6,0.907,True
645261,Sandy Alcántara,SL,490,91.7,93.3,0.803,True,2800,100.7,100.6,0.907,True
647315,Zach Pop,FC,26,114.8,102.2,0.15,False,127,105.7,101.8,0.307,False
647315,Zach Pop,SI,70,100.3,100.1,0.285,False,127,105.7,101.8,0.307,False
647315,Zach Pop,SL,26,102.4,100.4,0.177,False,127,105.7,101.8,0.307,False
647315,Zach Pop,ST,5,109.0,,0.04,False,127,105.7,101.8,0.307,False
647336,Michael Soroka,CH,146,85.2,90.6,0.632,True,1444,91.8,93.2,0.835,True
647336,Michael Soroka,FF,649,105.7,104.1,0.727,True,1444,91.8,93.2,0.835,True
647336,Michael Soroka,SI,146,86.2,93.7,0.455,True,1444,91.8,93.2,0.835,True
647336,Michael Soroka,SV,503,89.0,93.0,0.637,True,1444,91.8,93.2,0.835,True
650556,Bryan Abreu,CH,4,20.4,,0.045,False,1145,96.4,97.1,0.8,True
650556,Bryan Abreu,FF,574,92.0,94.4,0.702,True,1145,96.4,97.1,0.8,True
650556,Bryan Abreu,SI,14,94.5,,0.074,False,1145,96.4,97.1,0.8,True
650556,Bryan Abreu,SL,553,98.9,99.1,0.821,True,1145,96.4,97.1,0.8,True
650633,Mike King,CH,237,105.6,104.1,0.736,True,1140,99.9,99.9,0.799,True
650633,Mike King,FF,276,96.7,98.2,0.531,True,1140,99.9,99.9,0.799,True
650633,Mike King,SI,338,108.0,105.3,0.659,True,1140,99.9,99.9,0.799,True
650633,Mike King,SL,65,81.4,93.5,0.35,False,1140,99.9,99.9,0.799,True
650633,Mike King,ST,224,88.5,92.5,0.653,True,1140,99.9,99.9,0.799,True
650644,Aaron Civale,CU,323,114.7,111.3,0.767,True,1679,104.4,103.8,0.854,True
650644,Aaron Civale,FC,581,106.7,105.3,0.798,True,1679,104.4,103.8,0.854,True
650644,Aaron Civale,FF,264,92.3,96.0,0.52,True,1679,104.4,103.8,0.854,True
650644,Aaron Civale,FS,98,98.7,99.3,0.548,False,1679,104.4,103.8,0.854,True
650644,Aaron Civale,SI,278,98.7,99.2,0.613,True,1679,104.4,103.8,0.854,True
650644,Aaron Civale,SL,135,122.3,111.8,0.528,True,1679,104.4,103.8,0.854,True
650893,Génesis Cabrera,CU,139,116.6,109.7,0.586,True,704,92.5,94.7,0.711,True
650893,Génesis Cabrera,FC,146,89.1,94.6,0.498,True,704,92.5,94.7,0.711,True
650893,Génesis Cabrera,FF,163,120.9,108.4,0.401,True,704,92.5,94.7,0.711,True
650893,Génesis Cabrera,FS,82,83.6,91.7,0.503,False,704,92.5,94.7,0.711,True
650893,Génesis Cabrera,SI,174,83.6,91.8,0.498,True,704,92.5,94.7,0.711,True
650911,Cristopher Sánchez,CH,1043,104.1,103.8,0.925,True,2801,102.6,102.4,0.907,True
650911,Cristopher Sánchez,SI,1288,99.5,99.6,0.88,True,2801,102.6,102.4,0.907,True
650911,Cristopher Sánchez,SL,470,102.3,101.8,0.796,True,2801,102.6,102.4,0.907,True
655889,Manuel Rodríguez,FF,69,77.7,95.1,0.22,False,408,100.3,100.2,0.588,False
655889,Manuel Rodríguez,SI,135,102.4,101.0,0.435,True,408,100.3,100.2,0.588,False
655889,Manuel Rodríguez,SL,204,100.8,100.5,0.629,True,408,100.3,100.2,0.588,False
656186,Dan Altavilla,CH,107,98.3,99.1,0.558,True,456,92.2,95.2,0.614,False
656186,Dan Altavilla,FF,121,72.5,90.9,0.332,True,456,92.2,95.2,0.614,False
656186,Dan Altavilla,SI,114,97.3,98.9,0.394,True,456,92.2,95.2,0.614,False
656186,Dan Altavilla,SL,114,113.3,106.5,0.486,True,456,92.2,95.2,0.614,False
656222,Jalen Beeks,CH,334,91.9,93.5,0.797,True,894,90.6,92.9,0.758,True
656222,Jalen Beeks,FC,87,86.6,95.0,0.371,False,894,90.6,92.9,0.758,True
656222,Jalen Beeks,FF,473,102.3,101.5,0.66,True,894,90.6,92.9,0.758,True
656234,Jake Bird,CU,213,103.7,102.5,0.684,True,925,102.0,101.5,0.764,True
656234,Jake Bird,FC,24,86.7,98.1,0.14,False,925,102.0,101.5,0.764,True
656234,Jake Bird,SI,309,91.9,94.8,0.638,True,925,102.0,101.5,0.764,True
656234,Jake Bird,ST,379,110.3,107.8,0.761,True,925,102.0,101.5,0.764,True
656240,Scott Blewett,FF,256,93.2,96.5,0.512,True,656,105.0,103.5,0.696,True
656240,Scott Blewett,FS,80,101.1,100.5,0.497,False,656,105.0,103.5,0.696,True
656240,Scott Blewett,SI,6,102.1,,0.033,False,656,105.0,103.5,0.696,True
656240,Scott Blewett,SL,314,107.1,105.1,0.723,True,656,105.0,103.5,0.696,True
656271,Brock Burke,CH,214,94.1,95.8,0.716,True,985,100.8,100.6,0.775,True
656271,Brock Burke,FF,417,96.5,97.8,0.631,True,985,100.8,100.6,0.775,True
656271,Brock Burke,SI,78,95.6,98.6,0.308,False,985,100.8,100.6,0.775,True
656271,Brock Burke,SL,276,111.6,108.1,0.696,True,985,100.8,100.6,0.775,True
656288,Griffin Canning,CH,289,112.7,109.8,0.773,True,1249,97.3,97.8,0.814,True
656288,Griffin Canning,FC,47,74.4,93.8,0.242,False,1249,97.3,97.8,0.814,True
656288,Griffin Canning,FF,448,93.1,95.5,0.647,True,1249,97.3,97.8,0.814,True
656288,Griffin Canning,KC,86,116.4,107.0,0.426,False,1249,97.3,97.8,0.814,True
656288,Griffin Canning,SL,365,86.9,90.2,0.752,True,1249,97.3,97.8,0.814,True
656288,Griffin Canning,ST,14,121.1,,0.105,False,1249,97.3,97.8,0.814,True
656302,Dylan Cease,CH,27,48.8,87.6,0.241,False,2950,102.5,102.3,0.912,True
656302,Dylan Cease,FF,1253,91.7,93.1,0.837,True,2950,102.5,102.3,0.912,True
656302,Dylan Cease,KC,246,94.0,95.9,0.68,True,2950,102.5,102.3,0.912,True
656302,Dylan Cease,SI,116,95.4,98.2,0.398,True,2950,102.5,102.3,0.912,True
656302,Dylan Cease,SL,1200,109.7,108.8,0.909,True,2950,102.5,102.3,0.912,True
656302,Dylan Cease,ST,108,116.2,107.7,0.476,True,2950,102.5,102.3,0.912,True
656427,Jack Flaherty,CH,63,63.7,84.5,0.426,False,2654,107.9,107.1,0.903,True
656427,Jack Flaherty,FF,1245,107.0,105.9,0.836,True,2654,107.9,107.1,0.903,True
656427,Jack Flaherty,KC,676,102.9,102.5,0.854,True,2654,107.9,107.1,0.903,True
656427,Jack Flaherty,SI,41,71.5,94.6,0.19,False,2654,107.9,107.1,0.903,True
656427,Jack Flaherty,SL,629,108.9,107.5,0.839,True,2654,107.9,107.1,0.903,True
656457,Tyler Gilbert,FC,154,98.2,99.1,0.511,True,839,86.5,89.9,0.746,True
656457,Tyler Gilbert,FF,102,100.3,100.1,0.295,True,839,86.5,89.9,0.746,True
656457,Tyler Gilbert,FS,66,87.0,94.2,0.449,False,839,86.5,89.9,0.746,True
656457,Tyler Gilbert,SI,263,95.0,97.0,0.6,True,839,86.5,89.9,0.746,True
656457,Tyler Gilbert,ST,254,88.2,92.0,0.681,True,839,86.5,89.9,0.746,True
656464,Kevin Ginkel,FF,248,100.2,100.1,0.504,True,491,101.0,100.6,0.632,False
656464,Kevin Ginkel,SI,34,107.3,101.2,0.163,False,491,101.0,100.6,0.632,False
656464,Kevin Ginkel,SL,209,94.6,96.6,0.634,True,491,101.0,100.6,0.632,False
656546,Jeff Hoffman,FF,407,93.7,96.1,0.625,True,1089,91.2,93.0,0.792,True
656546,Jeff Hoffman,FS,256,94.5,95.8,0.76,True,1089,91.2,93.0,0.792,True
656546,Jeff Hoffman,SI,97,106.3,102.2,0.356,False,1089,91.2,93.0,0.792,True
656546,Jeff Hoffman,SL,329,88.1,91.3,0.732,True,1089,91.2,93.0,0.792,True
656550,Grant Holmes,CH,19,92.4,98.6,0.183,False,1866,101.6,101.4,0.867,True
656550,Grant Holmes,CU,273,104.0,102.9,0.735,True,1866,101.6,101.4,0.867,True
656550,Grant Holmes,FC,294,101.8,101.2,0.666,True,1866,101.6,101.4,0.867,True
656550,Grant Holmes,FF,601,98.4,98.9,0.711,True,1866,101.6,101.4,0.867,True
656550,Grant Holmes,SI,2,62.8,,0.011,False,1866,101.6,101.4,0.867,True
656550,Grant Holmes,SL,677,100.4,100.3,0.849,True,1866,101.6,101.4,0.867,True
656557,Tanner Houck,FF,38,70.1,96.0,0.135,False,660,90.4,93.3,0.698,True
656557,Tanner Houck,FS,123,99.9,99.9,0.603,True,660,90.4,93.3,0.698,True
656557,Tanner Houck,SI,262,98.4,99.0,0.599,True,660,90.4,93.3,0.698,True
656557,Tanner Houck,ST,237,90.1,93.4,0.666,True,660,90.4,93.3,0.698,True
656605,Mitch Keller,CH,189,97.6,98.3,0.69,True,2781,102.4,102.2,0.907,True
656605,Mitch Keller,CU,206,77.2,84.6,0.677,True,2781,102.4,102.2,0.907,True
656605,Mitch Keller,FC,3,136.2,,0.02,False,2781,102.4,102.2,0.907,True
656605,Mitch Keller,FF,965,104.9,103.9,0.798,True,2781,102.4,102.2,0.907,True
656605,Mitch Keller,SI,501,98.9,99.2,0.741,True,2781,102.4,102.2,0.907,True
656605,Mitch Keller,SL,385,105.1,103.9,0.762,True,2781,102.4,102.2,0.907,True
656605,Mitch Keller,ST,532,104.8,103.9,0.817,True,2781,102.4,102.2,0.907,True
656629,Michael Kopech,CH,2,33.2,,0.023,False,218,60.9,83.1,0.432,False
656629,Michael Kopech,FC,33,80.7,96.5,0.183,False,218,60.9,83.1,0.432,False
656629,Michael Kopech,FF,183,78.8,90.9,0.429,True,218,60.9,83.1,0.432,False
656641,Jacob Latz,CH,314,93.0,94.5,0.787,True,1349,103.2,102.6,0.825,True
656641,Jacob Latz,CU,88,89.6,95.1,0.472,False,1349,103.2,102.6,0.825,True
656641,Jacob Latz,FF,665,105.9,104.3,0.732,True,1349,103.2,102.6,0.825,True
656641,Jacob Latz,SL,282,107.1,105.0,0.701,True,1349,103.2,102.6,0.825,True
656686,Corbin Martin,CH,10,83.2,,0.105,False,332,98.2,99.0,0.537,False
656686,Corbin Martin,CU,67,103.4,101.4,0.405,False,332,98.2,99.0,0.537,False
656686,Corbin Martin,FF,147,102.7,101.0,0.376,True,332,98.2,99.0,0.537,False
656686,Corbin Martin,SL,108,87.3,94.0,0.473,True,332,98.2,99.0,0.537,False
656730,Trevor Megill,FF,453,108.8,105.7,0.65,True,749,111.1,108.0,0.724,True
656730,Trevor Megill,KC,296,108.1,105.8,0.719,True,749,111.1,108.0,0.724,True
656731,Tylor Megill,CH,86,79.9,89.9,0.503,False,1153,91.8,93.4,0.801,True
656731,Tylor Megill,CU,84,82.7,92.0,0.461,False,1153,91.8,93.4,0.801,True
656731,Tylor Megill,FF,480,102.6,101.7,0.663,True,1153,91.8,93.4,0.801,True
656731,Tylor Megill,SI,224,97.9,98.8,0.561,True,1153,91.8,93.4,0.801,True
656731,Tylor Megill,SL,266,85.9,90.3,0.688,True,1153,91.8,93.4,0.801,True
656731,Tylor Megill,ST,13,77.3,,0.099,False,1153,91.8,93.4,0.801,True
656794,Sean Newcomb,CH,102,88.9,93.9,0.546,True,1481,80.2,83.4,0.838,True
656794,Sean Newcomb,CU,78,63.1,83.7,0.442,False,1481,80.2,83.4,0.838,True
656794,Sean Newcomb,FC,195,86.9,92.5,0.57,True,1481,80.2,83.4,0.838,True
656794,Sean Newcomb,FF,453,96.9,98.0,0.65,True,1481,80.2,83.4,0.838,True
656794,Sean Newcomb,SI,322,97.4,98.3,0.648,True,1481,80.2,83.4,0.838,True
656794,Sean Newcomb,SV,331,79.8,89.2,0.536,True,1481,80.2,83.4,0.838,True
656848,Michael Petersen,CH,1,31.7,,0.012,False,327,105.1,102.7,0.533,False
656848,Michael Petersen,FF,183,113.1,105.6,0.429,True,327,105.1,102.7,0.533,False
656848,Michael Petersen,SI,8,88.3,,0.044,False,327,105.1,102.7,0.533,False
656848,Michael Petersen,SL,135,85.5,92.3,0.528,True,327,105.1,102.7,0.533,False
656849,David Peterson,CH,390,96.6,97.2,0.821,True,2607,94.8,95.3,0.901,True
656849,David Peterson,CU,363,95.8,96.7,0.787,True,2607,94.8,95.3,0.901,True
656849,David Peterson,FF,582,97.5,98.2,0.705,True,2607,94.8,95.3,0.901,True
656849,David Peterson,SI,769,96.5,97.1,0.814,True,2607,94.8,95.3,0.901,True
656849,David Peterson,SL,503,97.6,98.1,0.807,True,2607,94.8,95.3,0.901,True
656876,Drew Rasmussen,CH,17,81.5,96.9,0.167,False,2235,103.7,103.3,0.887,True
656876,Drew Rasmussen,CU,94,105.4,102.6,0.489,False,2235,103.7,103.3,0.887,True
656876,Drew Rasmussen,FC,695,96.8,97.4,0.825,True,2235,103.7,103.3,0.887,True
656876,Drew Rasmussen,FF,805,112.8,109.8,0.767,True,2235,103.7,103.3,0.887,True
656876,Drew Rasmussen,SI,513,108.7,106.5,0.745,True,2235,103.7,103.3,0.887,True
656876,Drew Rasmussen,SL,5,0.7,,0.04,False,2235,103.7,103.3,0.887,True
656876,Drew Rasmussen,ST,106,105.3,102.5,0.471,True,2235,103.7,103.3,0.887,True
656945,Tanner Scott,FF,448,104.5,102.9,0.647,True,862,104.8,103.6,0.751,True
656945,Tanner Scott,SI,2,69.2,,0.011,False,862,104.8,103.6,0.751,True
656945,Tanner Scott,SL,412,96.0,96.9,0.774,True,862,104.8,103.6,0.751,True
656986,Bennett Sousa,FC,5,27.3,,0.033,False,728,100.1,100.1,0.718,True
656986,Bennett Sousa,FF,295,100.8,100.4,0.547,True,728,100.1,100.1,0.718,True
656986,Bennett Sousa,SI,10,82.4,,0.054,False,728,100.1,100.1,0.718,True
656986,Bennett Sousa,SL,418,94.8,96.0,0.776,True,728,100.1,100.1,0.718,True
657006,Justin Steele,CH,5,68.1,,0.056,False,169,101.1,100.4,0.371,False
657006,Justin Steele,CU,10,62.6,,0.092,False,169,101.1,100.4,0.371,False
657006,Justin Steele,FF,109,102.8,100.9,0.309,True,169,101.1,100.4,0.371,False
657006,Justin Steele,SI,6,123.5,,0.033,False,169,101.1,100.4,0.371,False
657006,Justin Steele,SL,39,104.0,101.0,0.244,False,169,101.1,100.4,0.371,False
657024,Erik Swanson,FF,59,90.2,98.1,0.195,False,127,78.5,93.4,0.307,False
657024,Erik Swanson,FS,55,85.0,93.9,0.405,False,127,78.5,93.4,0.307,False
657024,Erik Swanson,SL,13,96.4,,0.097,False,127,78.5,93.4,0.307,False
657044,Ryan Thompson,FF,50,80.2,96.6,0.17,False,627,75.0,82.8,0.687,True
657044,Ryan Thompson,SI,330,84.5,89.9,0.653,True,627,75.0,82.8,0.687,True
657044,Ryan Thompson,SL,247,82.8,88.4,0.672,True,627,75.0,82.8,0.687,True
657097,Jacob Webb,CH,315,112.1,109.5,0.788,True,910,108.7,106.6,0.761,True
657097,Jacob Webb,FF,405,101.1,100.7,0.624,True,910,108.7,106.6,0.761,True
657097,Jacob Webb,ST,190,104.4,102.7,0.615,True,910,108.7,106.6,0.761,True
657240,Julian Merryweather,CH,2,114.0,,0.023,False,329,100.6,100.3,0.535,False
657240,Julian Merryweather,FF,158,99.1,99.6,0.393,True,329,100.6,100.3,0.535,False
657240,Julian Merryweather,SL,164,97.5,98.6,0.576,True,329,100.6,100.3,0.535,False
657240,Julian Merryweather,ST,5,33.4,,0.04,False,329,100.6,100.3,0.535,False
657277,Logan Webb,CH,783,117.9,116.1,0.902,True,3204,117.4,116.0,0.918,True
657277,Logan Webb,FC,242,110.1,106.3,0.621,True,3204,117.4,116.0,0.918,True
657277,Logan Webb,FF,256,102.7,101.4,0.512,True,3204,117.4,116.0,0.918,True
657277,Logan Webb,SI,1067,111.8,110.1,0.859,True,3204,117.4,116.0,0.918,True
657277,Logan Webb,ST,856,104.8,104.2,0.878,True,3204,117.4,116.0,0.918,True
657376,Clarke Schmidt,FC,501,99.8,99.8,0.773,True,1226,93.0,94.3,0.811,True
657376,Clarke Schmidt,FF,93,95.2,98.7,0.276,False,1226,93.0,94.3,0.811,True
657376,Clarke Schmidt,KC,223,98.2,98.8,0.658,True,1226,93.0,94.3,0.811,True
657376,Clarke Schmidt,SI,102,92.5,97.2,0.368,True,1226,93.0,94.3,0.811,True
657376,Clarke Schmidt,SL,158,104.4,102.5,0.567,True,1226,93.0,94.3,0.811,True
657376,Clarke Schmidt,ST,149,92.3,95.7,0.556,True,1226,93.0,94.3,0.811,True
657424,Matt Gage,CH,44,86.4,95.4,0.341,False,528,106.3,104.1,0.649,True
657424,Matt Gage,FF,146,96.9,98.8,0.374,True,528,106.3,104.1,0.649,True
657424,Matt Gage,SI,50,87.2,97.2,0.222,False,528,106.3,104.1,0.649,True
657424,Matt Gage,SL,270,111.6,108.0,0.691,True,528,106.3,104.1,0.649,True
657424,Matt Gage,ST,18,73.9,96.6,0.131,False,528,106.3,104.1,0.649,True
657514,Brennan Bernardino,CH,98,98.6,99.2,0.536,False,817,83.2,87.6,0.741,True
657514,Brennan Bernardino,CU,217,75.7,83.3,0.688,True,817,83.2,87.6,0.741,True
657514,Brennan Bernardino,FC,99,82.5,93.0,0.402,False,817,83.2,87.6,0.741,True
657514,Brennan Bernardino,FF,2,103.9,,0.008,False,817,83.2,87.6,0.741,True
657514,Brennan Bernardino,SI,367,104.0,102.7,0.677,True,817,83.2,87.6,0.741,True
657514,Brennan Bernardino,SL,34,68.2,93.0,0.22,False,817,83.2,87.6,0.741,True
657571,Caleb Ferguson,FC,231,97.7,98.6,0.61,True,994,103.0,102.3,0.776,True
657571,Caleb Ferguson,FF,306,106.7,103.7,0.556,True,994,103.0,102.3,0.776,True
657571,Caleb Ferguson,SI,236,109.8,105.6,0.574,True,994,103.0,102.3,0.776,True
657571,Caleb Ferguson,SV,221,105.2,102.3,0.436,True,994,103.0,102.3,0.776,True
657585,Reed Garrett,FC,271,98.2,98.8,0.648,True,961,87.6,90.4,0.771,True
657585,Reed Garrett,FF,38,73.1,96.4,0.135,False,961,87.6,90.4,0.771,True
657585,Reed Garrett,FS,217,89.5,92.4,0.728,True,961,87.6,90.4,0.771,True
657585,Reed Garrett,SI,233,94.3,96.7,0.571,True,961,87.6,90.4,0.771,True
657585,Reed Garrett,ST,202,105.5,103.5,0.629,True,961,87.6,90.4,0.771,True
657612,Tim Hill,FC,40,99.8,100.0,0.213,False,867,91.4,93.5,0.752,True
657612,Tim Hill,FF,116,90.6,97.0,0.322,True,867,91.4,93.5,0.752,True
657612,Tim Hill,SI,711,98.0,98.4,0.802,True,867,91.4,93.5,0.752,True
657649,Jared Koenig,CH,95,90.8,95.1,0.528,False,1015,97.5,98.0,0.78,True
657649,Jared Koenig,CU,161,91.8,94.9,0.621,True,1015,97.5,98.0,0.78,True
657649,Jared Koenig,FC,173,99.7,99.8,0.54,True,1015,97.5,98.0,0.78,True
657649,Jared Koenig,FF,14,122.8,,0.054,False,1015,97.5,98.0,0.78,True
657649,Jared Koenig,SI,572,104.9,103.8,0.766,True,1015,97.5,98.0,0.78,True
657746,Joe Ryan,FF,1352,119.1,116.2,0.847,True,2709,114.0,112.7,0.904,True
657746,Joe Ryan,FS,298,99.3,99.4,0.786,True,2709,114.0,112.7,0.904,True
657746,Joe Ryan,KC,109,88.5,94.4,0.485,True,2709,114.0,112.7,0.904,True
657746,Joe Ryan,SI,337,102.9,101.9,0.658,True,2709,114.0,112.7,0.904,True
657746,Joe Ryan,SL,255,99.2,99.5,0.679,True,2709,114.0,112.7,0.904,True
657746,Joe Ryan,ST,358,98.3,98.7,0.751,True,2709,114.0,112.7,0.904,True
657756,Connor Seabold,CH,49,79.4,92.5,0.366,False,185,85.5,94.3,0.393,False
657756,Connor Seabold,FC,35,104.9,100.9,0.192,False,185,85.5,94.3,0.393,False
657756,Connor Seabold,FF,94,96.0,98.9,0.278,False,185,85.5,94.3,0.393,False
657756,Connor Seabold,SL,4,137.6,,0.032,False,185,85.5,94.3,0.393,False
657756,Connor Seabold,ST,3,74.9,,0.025,False,185,85.5,94.3,0.393,False
660271,Shohei Ohtani,CU,66,105.9,102.4,0.401,False,753,104.4,103.2,0.725,True
660271,Shohei Ohtani,FC,50,82.4,95.5,0.253,False,753,104.4,103.2,0.725,True
660271,Shohei Ohtani,FF,292,106.3,103.4,0.545,True,753,104.4,103.2,0.725,True
660271,Shohei Ohtani,FS,35,76.2,92.8,0.302,False,753,104.4,103.2,0.725,True
660271,Shohei Ohtani,SI,53,89.6,97.6,0.232,False,753,104.4,103.2,0.725,True
660271,Shohei Ohtani,SL,85,107.5,103.1,0.414,False,753,104.4,103.2,0.725,True
660271,Shohei Ohtani,ST,172,112.9,107.6,0.591,True,753,104.4,103.2,0.725,True
660604,Alan Rangel,CH,54,92.9,97.2,0.389,False,174,106.8,102.6,0.378,False
660604,Alan Rangel,CU,11,82.6,,0.101,False,174,106.8,102.6,0.378,False
660604,Alan Rangel,FF,76,111.3,102.7,0.238,False,174,106.8,102.6,0.378,False
660604,Alan Rangel,SL,33,115.9,103.4,0.215,False,174,106.8,102.6,0.378,False
660730,Elvin Rodríguez,CH,19,84.3,97.1,0.183,False,268,93.0,96.6,0.484,False
660730,Elvin Rodríguez,CU,63,96.4,98.6,0.39,False,268,93.0,96.6,0.484,False
660730,Elvin Rodríguez,FC,33,106.9,101.3,0.183,False,268,93.0,96.6,0.484,False
660730,Elvin Rodríguez,FF,123,94.1,98.0,0.335,True,268,93.0,96.6,0.484,False
660730,Elvin Rodríguez,ST,30,110.5,102.1,0.201,False,268,93.0,96.6,0.484,False
660761,José Suarez,CH,69,94.6,97.6,0.448,False,251,89.8,95.2,0.467,False
660761,José Suarez,CU,1,82.9,,0.01,False,251,89.8,95.2,0.467,False
660761,José Suarez,FF,104,84.8,95.5,0.299,True,251,89.8,95.2,0.467,False
660761,José Suarez,SI,20,132.3,103.3,0.102,False,251,89.8,95.2,0.467,False
660761,José Suarez,SL,52,84.4,95.3,0.301,False,251,89.8,95.2,0.467,False
660761,José Suarez,ST,5,159.0,,0.04,False,251,89.8,95.2,0.467,False
660787,Yerry De Los Santos,CH,163,98.3,98.9,0.658,True,590,93.0,95.3,0.673,True
660787,Yerry De Los Santos,FF,65,93.1,98.5,0.21,False,590,93.0,95.3,0.673,True
660787,Yerry De Los Santos,SI,306,98.2,98.9,0.636,True,590,93.0,95.3,0.673,True
660787,Yerry De Los Santos,SL,56,86.4,95.7,0.317,False,590,93.0,95.3,0.673,True
660825,Eduard Bazardo,FC,1,178.6,,0.007,False,1095,113.4,110.6,0.793,True
660825,Eduard Bazardo,FF,143,87.7,95.5,0.37,True,1095,113.4,110.6,0.793,True
660825,Eduard Bazardo,FS,21,108.3,101.7,0.206,False,1095,113.4,110.6,0.793,True
660825,Eduard Bazardo,SI,462,109.1,106.6,0.725,True,1095,113.4,110.6,0.793,True
660825,Eduard Bazardo,ST,468,112.8,110.2,0.797,True,1095,113.4,110.6,0.793,True
660853,Enyel De Los Santos,CH,163,112.6,108.3,0.658,True,1071,116.9,113.3,0.789,True
660853,Enyel De Los Santos,FF,523,110.0,106.8,0.682,True,1071,116.9,113.3,0.789,True
660853,Enyel De Los Santos,SL,385,106.3,104.8,0.762,True,1071,116.9,113.3,0.789,True
660896,Jorge Alcalá,CH,17,60.9,93.5,0.167,False,1046,88.6,91.0,0.785,True
660896,Jorge Alcalá,CU,244,94.9,96.4,0.713,True,1046,88.6,91.0,0.785,True
660896,Jorge Alcalá,FF,486,92.2,94.8,0.666,True,1046,88.6,91.0,0.785,True
660896,Jorge Alcalá,SI,137,93.7,97.2,0.439,True,1046,88.6,91.0,0.785,True
660896,Jorge Alcalá,SL,162,96.8,98.2,0.573,True,1046,88.6,91.0,0.785,True
661395,Jhoan Durán,FF,368,105.4,103.2,0.601,True,1049,105.5,104.3,0.786,True
661395,Jhoan Durán,FS,418,116.5,113.8,0.838,True,1049,105.5,104.3,0.786,True
661395,Jhoan Durán,KC,201,85.6,90.9,0.634,True,1049,105.5,104.3,0.786,True
661395,Jhoan Durán,ST,62,53.6,84.1,0.343,False,1049,105.5,104.3,0.786,True
661403,Emmanuel Clase,FC,496,105.3,104.1,0.771,True,714,101.2,100.9,0.714,True
661403,Emmanuel Clase,SI,6,54.0,,0.033,False,714,101.2,100.9,0.714,True
661403,Emmanuel Clase,SL,212,100.7,100.4,0.638,True,714,101.2,100.9,0.714,True
661527,Seth Martinez,CH,13,62.7,,0.133,False,120,92.8,97.9,0.295,False
661527,Seth Martinez,FC,20,84.9,98.2,0.119,False,120,92.8,97.9,0.295,False
661527,Seth Martinez,FF,32,95.7,99.5,0.116,False,120,92.8,97.9,0.295,False
661527,Seth Martinez,SI,11,112.3,,0.059,False,120,92.8,97.9,0.295,False
661527,Seth Martinez,ST,44,111.7,103.2,0.27,False,120,92.8,97.9,0.295,False
661563,Luis Gil,CH,229,95.9,97.0,0.73,True,970,88.9,91.4,0.772,True
661563,Luis Gil,FF,491,97.0,98.0,0.668,True,970,88.9,91.4,0.772,True
661563,Luis Gil,SL,250,78.3,85.4,0.675,True,970,88.9,91.4,0.772,True
662253,Andrés Muñoz,CH,18,57.9,92.6,0.175,False,993,91.2,93.2,0.776,True
662253,Andrés Muñoz,FF,352,101.3,100.8,0.591,True,993,91.2,93.2,0.776,True
662253,Andrés Muñoz,SI,121,79.2,91.5,0.409,True,993,91.2,93.2,0.776,True
662253,Andrés Muñoz,SL,502,89.4,91.5,0.806,True,993,91.2,93.2,0.776,True
663158,Robert Suarez,CH,242,105.9,104.4,0.74,True,1038,108.6,106.7,0.784,True
663158,Robert Suarez,FC,2,144.1,,0.013,False,1038,108.6,106.7,0.784,True
663158,Robert Suarez,FF,663,104.8,103.5,0.731,True,1038,108.6,106.7,0.784,True
663158,Robert Suarez,SI,131,115.5,106.6,0.428,True,1038,108.6,106.7,0.784,True
663321,Nick Hernandez,FF,95,78.0,93.8,0.28,False,221,68.8,86.4,0.436,False
663321,Nick Hernandez,FS,25,54.6,89.3,0.236,False,221,68.8,86.4,0.436,False
663321,Nick Hernandez,SL,101,84.7,93.0,0.456,True,221,68.8,86.4,0.436,False
663372,Ryan Feltner,CH,74,67.2,84.7,0.466,False,439,95.9,97.5,0.605,False
663372,Ryan Feltner,CU,29,102.8,100.6,0.228,False,439,95.9,97.5,0.605,False
663372,Ryan Feltner,FF,146,84.6,94.2,0.374,True,439,95.9,97.5,0.605,False
663372,Ryan Feltner,SI,53,116.3,103.8,0.232,False,439,95.9,97.5,0.605,False
663372,Ryan Feltner,SL,77,120.2,107.9,0.39,False,439,95.9,97.5,0.605,False
663372,Ryan Feltner,ST,60,118.4,106.2,0.335,False,439,95.9,97.5,0.605,False
663399,Brandon Waddell,CH,75,101.5,100.7,0.469,False,512,109.6,106.2,0.642,True
663399,Brandon Waddell,FF,116,88.6,96.3,0.322,True,512,109.6,106.2,0.642,True
663399,Brandon Waddell,SI,111,108.3,103.2,0.388,True,512,109.6,106.2,0.642,True
663399,Brandon Waddell,SL,89,124.8,110.5,0.425,False,512,109.6,106.2,0.642,True
663399,Brandon Waddell,ST,121,106.4,103.2,0.504,True,512,109.6,106.2,0.642,True
663423,Trent Thornton,CH,9,71.6,,0.096,False,606,101.4,101.0,0.679,True
663423,Trent Thornton,CU,117,104.9,102.7,0.543,True,606,101.4,101.0,0.679,True
663423,Trent Thornton,FC,135,105.2,102.5,0.478,True,606,101.4,101.0,0.679,True
663423,Trent Thornton,FF,203,105.4,102.5,0.454,True,606,101.4,101.0,0.679,True
663423,Trent Thornton,FS,13,102.9,,0.138,False,606,101.4,101.0,0.679,True
663423,Trent Thornton,SI,11,72.5,,0.059,False,606,101.4,101.0,0.679,True
663423,Trent Thornton,SL,6,121.3,,0.047,False,606,101.4,101.0,0.679,True
663423,Trent Thornton,ST,112,97.1,98.6,0.485,True,606,101.4,101.0,0.679,True
663432,Tanner Rainey,FF,106,89.6,96.8,0.303,True,201,79.7,91.6,0.413,False
663432,Tanner Rainey,SL,95,77.1,89.9,0.441,False,201,79.7,91.6,0.413,False
663436,Davis Martin,CH,533,103.8,103.3,0.863,True,2216,101.6,101.4,0.886,True
663436,Davis Martin,CU,108,87.7,93.6,0.523,True,2216,101.6,101.4,0.886,True
663436,Davis Martin,FC,41,122.2,104.8,0.218,False,2216,101.6,101.4,0.886,True
663436,Davis Martin,FF,742,98.8,99.1,0.753,True,2216,101.6,101.4,0.886,True
663436,Davis Martin,SI,234,116.8,109.6,0.572,True,2216,101.6,101.4,0.886,True
663436,Davis Martin,SL,476,89.0,91.2,0.798,True,2216,101.6,101.4,0.886,True
663436,Davis Martin,ST,82,105.0,102.0,0.408,False,2216,101.6,101.4,0.886,True
663455,Konnor Pilkington,CH,108,57.7,76.3,0.56,True,500,72.0,82.2,0.636,True
663455,Konnor Pilkington,FF,295,92.2,95.7,0.547,True,500,72.0,82.2,0.636,True
663455,Konnor Pilkington,SL,97,83.4,92.6,0.446,False,500,72.0,82.2,0.636,True
663460,Kris Bubic,CH,368,84.4,87.3,0.813,True,1700,98.1,98.4,0.856,True
663460,Kris Bubic,FF,636,103.0,102.2,0.723,True,1700,98.1,98.4,0.856,True
663460,Kris Bubic,SI,114,93.1,97.3,0.394,True,1700,98.1,98.4,0.856,True
663460,Kris Bubic,SL,231,107.4,104.9,0.657,True,1700,98.1,98.4,0.856,True
663460,Kris Bubic,ST,351,102.8,102.1,0.747,True,1700,98.1,98.4,0.856,True
663462,Isaiah Campbell,CU,13,101.4,,0.117,False,109,125.9,107.1,0.276,False
663462,Isaiah Campbell,FF,20,126.9,102.0,0.076,False,109,125.9,107.1,0.276,False
663462,Isaiah Campbell,SI,11,92.2,,0.059,False,109,125.9,107.1,0.276,False
663462,Isaiah Campbell,SL,46,116.7,104.6,0.276,False,109,125.9,107.1,0.276,False
663462,Isaiah Campbell,ST,19,117.7,102.4,0.138,False,109,125.9,107.1,0.276,False
663465,Kolby Allard,CH,200,91.4,94.0,0.702,True,1000,102.9,102.3,0.778,True
663465,Kolby Allard,CU,132,90.2,94.4,0.573,True,1000,102.9,102.3,0.778,True
663465,Kolby Allard,FC,193,105.1,102.9,0.567,True,1000,102.9,102.3,0.778,True
663465,Kolby Allard,FF,389,113.8,108.5,0.615,True,1000,102.9,102.3,0.778,True
663465,Kolby Allard,SI,86,112.4,104.1,0.329,False,1000,102.9,102.3,0.778,True
663485,Cole Sands,CU,213,95.4,96.9,0.684,True,1129,108.5,106.8,0.798,True
663485,Cole Sands,FC,264,110.5,106.7,0.642,True,1129,108.5,106.8,0.798,True
663485,Cole Sands,FF,299,107.9,104.4,0.551,True,1129,108.5,106.8,0.798,True
663485,Cole Sands,FS,246,114.3,110.8,0.752,True,1129,108.5,106.8,0.798,True
663485,Cole Sands,SI,103,101.9,100.7,0.37,True,1129,108.5,106.8,0.798,True
663485,Cole Sands,SL,4,140.8,,0.032,False,1129,108.5,106.8,0.798,True
663542,Bryan Hudson,CH,2,71.1,,0.023,False,264,86.1,93.3,0.48,False
663542,Bryan Hudson,FC,10,86.2,,0.064,False,264,86.1,93.3,0.48,False
663542,Bryan Hudson,FF,171,97.4,98.9,0.412,True,264,86.1,93.3,0.48,False
663542,Bryan Hudson,SI,20,89.0,98.9,0.102,False,264,86.1,93.3,0.48,False
663542,Bryan Hudson,ST,61,80.0,93.2,0.339,False,264,86.1,93.3,0.48,False
663546,Sean Hjelle,FC,36,116.4,103.2,0.196,False,254,94.3,97.3,0.47,False
663546,Sean Hjelle,KC,91,92.3,96.6,0.44,False,254,94.3,97.3,0.47,False
663546,Sean Hjelle,SI,127,97.5,98.9,0.42,True,254,94.3,97.3,0.47,False
663554,Casey Mize,FF,790,100.4,100.3,0.764,True,2353,115.1,113.5,0.892,True
663554,Casey Mize,FS,569,111.9,110.4,0.875,True,2353,115.1,113.5,0.892,True
663554,Casey Mize,SI,297,122.0,113.8,0.629,True,2353,115.1,113.5,0.892,True
663554,Casey Mize,SL,384,109.8,107.5,0.761,True,2353,115.1,113.5,0.892,True
663554,Casey Mize,SV,313,113.5,107.1,0.522,True,2353,115.1,113.5,0.892,True
663559,Bailey Falter,CU,225,107.9,105.5,0.696,True,1757,103.7,103.2,0.86,True
663559,Bailey Falter,FF,948,102.3,101.8,0.795,True,1757,103.7,103.2,0.86,True
663559,Bailey Falter,FS,41,70.3,90.0,0.336,False,1757,103.7,103.2,0.86,True
663559,Bailey Falter,SI,187,109.9,105.1,0.516,True,1757,103.7,103.2,0.86,True
663559,Bailey Falter,SL,339,99.4,99.6,0.738,True,1757,103.7,103.2,0.86,True
663559,Bailey Falter,SV,17,51.6,97.3,0.056,False,1757,103.7,103.2,0.86,True
663562,Noah Davis,CU,1,79.1,,0.01,False,244,63.6,83.2,0.46,False
663562,Noah Davis,FC,47,90.9,97.8,0.242,False,244,63.6,83.2,0.46,False
663562,Noah Davis,FF,19,41.3,95.8,0.072,False,244,63.6,83.2,0.46,False
663562,Noah Davis,SI,93,100.9,100.3,0.347,False,244,63.6,83.2,0.46,False
663562,Noah Davis,SL,5,-28.4,,0.04,False,244,63.6,83.2,0.46,False
663562,Noah Davis,ST,79,58.2,83.3,0.399,False,244,63.6,83.2,0.46,False
663568,Stephen Kolek,CH,196,105.3,103.7,0.698,True,1689,101.7,101.5,0.855,True
663568,Stephen Kolek,CU,1,11.3,,0.01,False,1689,101.7,101.5,0.855,True
663568,Stephen Kolek,FC,256,108.3,105.3,0.635,True,1689,101.7,101.5,0.855,True
663568,Stephen Kolek,FF,433,101.9,101.2,0.64,True,1689,101.7,101.5,0.855,True
663568,Stephen Kolek,SI,407,101.3,100.9,0.699,True,1689,101.7,101.5,0.855,True
663568,Stephen Kolek,SL,279,95.2,96.6,0.698,True,1689,101.7,101.5,0.855,True
663568,Stephen Kolek,ST,117,94.4,97.2,0.496,True,1689,101.7,101.5,0.855,True
663574,Tony Santillan,CH,1,-156.7,,0.012,False,1206,100.0,100.0,0.808,True
663574,Tony Santillan,FF,784,102.4,101.8,0.763,True,1206,100.0,100.0,0.808,True
663574,Tony Santillan,SL,162,98.3,99.0,0.573,True,1206,100.0,100.0,0.808,True
663574,Tony Santillan,SV,259,95.4,97.8,0.475,True,1206,100.0,100.0,0.808,True
663623,Jake Irvin,CH,207,102.2,101.6,0.709,True,2861,104.5,104.1,0.909,True
663623,Jake Irvin,CU,847,109.1,108.2,0.896,True,2861,104.5,104.1,0.909,True
663623,Jake Irvin,FC,125,99.3,99.7,0.459,True,2861,104.5,104.1,0.909,True
663623,Jake Irvin,FF,920,100.5,100.4,0.79,True,2861,104.5,104.1,0.909,True
663623,Jake Irvin,SI,640,104.9,103.8,0.785,True,2861,104.5,104.1,0.909,True
663623,Jake Irvin,SL,122,97.0,98.5,0.503,True,2861,104.5,104.1,0.909,True
663671,Nic Enright,CH,1,174.8,,0.012,False,532,96.1,97.5,0.65,True
663671,Nic Enright,CU,43,80.7,94.1,0.304,False,532,96.1,97.5,0.65,True
663671,Nic Enright,FF,353,95.3,97.2,0.591,True,532,96.1,97.5,0.65,True
663671,Nic Enright,SL,135,106.4,103.4,0.528,True,532,96.1,97.5,0.65,True
663687,Hogan Harris,CH,145,96.7,97.9,0.631,True,1113,107.8,106.2,0.796,True
663687,Hogan Harris,CU,253,112.5,109.0,0.72,True,1113,107.8,106.2,0.796,True
663687,Hogan Harris,FC,29,95.6,99.3,0.164,False,1113,107.8,106.2,0.796,True
663687,Hogan Harris,FF,633,106.7,104.8,0.722,True,1113,107.8,106.2,0.796,True
663687,Hogan Harris,SL,18,91.0,98.8,0.13,False,1113,107.8,106.2,0.796,True
663687,Hogan Harris,ST,35,110.5,102.4,0.227,False,1113,107.8,106.2,0.796,True
663738,Daniel Lynch,CH,203,101.3,100.9,0.705,True,1037,96.7,97.4,0.784,True
663738,Daniel Lynch,FF,230,92.5,96.4,0.485,True,1037,96.7,97.4,0.784,True
663738,Daniel Lynch,KC,105,113.5,106.4,0.475,True,1037,96.7,97.4,0.784,True
663738,Daniel Lynch,SI,201,91.2,95.3,0.534,True,1037,96.7,97.4,0.784,True
663738,Daniel Lynch,SL,298,96.5,97.5,0.712,True,1037,96.7,97.4,0.784,True
663765,Jake Woodford,FC,62,101.0,100.3,0.296,False,625,104.0,102.7,0.686,True
663765,Jake Woodford,FF,108,94.6,98.3,0.307,True,625,104.0,102.7,0.686,True
663765,Jake Woodford,FS,116,97.5,98.5,0.589,True,625,104.0,102.7,0.686,True
663765,Jake Woodford,SI,196,112.4,106.5,0.528,True,625,104.0,102.7,0.686,True
663765,Jake Woodford,ST,143,103.3,101.8,0.546,True,625,104.0,102.7,0.686,True
663767,Chase Shugart,CH,49,89.5,96.2,0.366,False,692,95.3,96.7,0.707,True
663767,Chase Shugart,FC,176,108.3,104.5,0.544,True,692,95.3,96.7,0.707,True
663767,Chase Shugart,FF,128,80.6,93.3,0.344,True,692,95.3,96.7,0.707,True
663767,Chase Shugart,SI,140,105.6,102.5,0.444,True,692,95.3,96.7,0.707,True
663767,Chase Shugart,ST,199,98.3,98.9,0.626,True,692,95.3,96.7,0.707,True
663773,Bryan Hoeing,FF,6,114.3,,0.024,False,124,98.4,99.5,0.302,False
663773,Bryan Hoeing,FS,44,95.8,98.5,0.352,False,124,98.4,99.5,0.302,False
663773,Bryan Hoeing,SI,61,107.7,102.0,0.258,False,124,98.4,99.5,0.302,False
663773,Bryan Hoeing,SL,13,63.4,,0.097,False,124,98.4,99.5,0.302,False
663795,Justin Hagenman,CH,88,115.3,107.8,0.509,False,383,110.0,105.7,0.572,False
663795,Justin Hagenman,FC,126,100.2,100.1,0.461,True,383,110.0,105.7,0.572,False
663795,Justin Hagenman,FF,96,103.4,101.0,0.282,False,383,110.0,105.7,0.572,False
663795,Justin Hagenman,SL,73,120.1,107.6,0.377,False,383,110.0,105.7,0.572,False
663804,Jackson Kowar,CH,15,42.5,91.4,0.15,False,281,96.9,98.5,0.495,False
663804,Jackson Kowar,FF,162,110.0,104.0,0.399,True,281,96.9,98.5,0.495,False
663804,Jackson Kowar,SI,4,136.4,,0.022,False,281,96.9,98.5,0.495,False
663804,Jackson Kowar,SL,100,80.6,91.2,0.453,True,281,96.9,98.5,0.495,False
663855,Jordan Hicks,FF,107,93.7,98.1,0.305,True,1079,90.1,92.2,0.79,True
663855,Jordan Hicks,FS,21,92.9,98.5,0.206,False,1079,90.1,92.2,0.79,True
663855,Jordan Hicks,SI,604,99.5,99.6,0.775,True,1079,90.1,92.2,0.79,True
663855,Jordan Hicks,SL,92,62.5,83.8,0.433,False,1079,90.1,92.2,0.79,True
663855,Jordan Hicks,ST,255,90.1,93.2,0.682,True,1079,90.1,92.2,0.79,True
663878,Nate Pearson,CU,7,67.5,,0.066,False,201,90.0,95.9,0.413,False
663878,Nate Pearson,FF,104,96.0,98.8,0.299,True,201,90.0,95.9,0.413,False
663878,Nate Pearson,SI,6,67.2,,0.033,False,201,90.0,95.9,0.413,False
663878,Nate Pearson,SL,84,89.7,95.8,0.411,False,201,90.0,95.9,0.413,False
663893,Brendon Little,FC,89,85.1,94.4,0.376,False,1200,61.8,69.2,0.807,True
663893,Brendon Little,KC,557,84.7,87.3,0.828,True,1200,61.8,69.2,0.807,True
663893,Brendon Little,SI,554,74.0,80.2,0.76,True,1200,61.8,69.2,0.807,True
663903,Brady Singer,FC,248,92.6,95.4,0.627,True,2758,103.6,103.3,0.906,True
663903,Brady Singer,FF,292,92.4,95.9,0.545,True,2758,103.6,103.3,0.906,True
663903,Brady Singer,SI,1117,103.7,103.2,0.864,True,2758,103.6,103.3,0.906,True
663903,Brady Singer,SL,789,108.3,107.2,0.867,True,2758,103.6,103.3,0.906,True
663903,Brady Singer,ST,312,94.1,95.7,0.724,True,2758,103.6,103.3,0.906,True
663941,Tristan Beck,CU,141,96.3,97.8,0.589,True,817,99.8,99.9,0.741,True
663941,Tristan Beck,FF,270,94.5,97.1,0.525,True,817,99.8,99.9,0.741,True
663941,Tristan Beck,SL,174,100.1,100.1,0.591,True,817,99.8,99.9,0.741,True
663941,Tristan Beck,ST,232,102.9,101.9,0.661,True,817,99.8,99.9,0.741,True
663947,Tyler Holton,CH,164,102.0,101.3,0.659,True,1104,103.0,102.4,0.794,True
663947,Tyler Holton,CU,39,72.7,92.3,0.284,False,1104,103.0,102.4,0.794,True
663947,Tyler Holton,FC,336,100.0,100.0,0.695,True,1104,103.0,102.4,0.794,True
663947,Tyler Holton,FF,125,101.5,100.5,0.339,True,1104,103.0,102.4,0.794,True
663947,Tyler Holton,SI,236,122.2,112.7,0.574,True,1104,103.0,102.4,0.794,True
663947,Tyler Holton,ST,204,97.4,98.4,0.632,True,1104,103.0,102.4,0.794,True
663969,Tyler Phillips,CU,253,101.5,101.1,0.72,True,1088,101.3,101.0,0.792,True
663969,Tyler Phillips,FC,5,95.0,,0.033,False,1088,101.3,101.0,0.792,True
663969,Tyler Phillips,FF,96,83.3,95.3,0.282,False,1088,101.3,101.0,0.792,True
663969,Tyler Phillips,FS,146,95.1,96.8,0.643,True,1088,101.3,101.0,0.792,True
663969,Tyler Phillips,SI,343,103.1,102.1,0.662,True,1088,101.3,101.0,0.792,True
663969,Tyler Phillips,ST,245,110.6,107.1,0.673,True,1088,101.3,101.0,0.792,True
663978,Chris Paddack,CH,588,118.6,116.3,0.874,True,2476,119.2,117.2,0.896,True
663978,Chris Paddack,CU,296,104.6,103.5,0.751,True,2476,119.2,117.2,0.896,True
663978,Chris Paddack,FC,336,98.1,98.7,0.695,True,2476,119.2,117.2,0.896,True
663978,Chris Paddack,FF,1065,116.7,113.6,0.814,True,2476,119.2,117.2,0.896,True
663978,Chris Paddack,SI,133,125.8,111.1,0.432,True,2476,119.2,117.2,0.896,True
663978,Chris Paddack,SL,58,110.9,103.5,0.325,False,2476,119.2,117.2,0.896,True
663992,Richard Lovelady,FF,20,110.2,100.8,0.076,False,175,94.6,98.0,0.38,False
663992,Richard Lovelady,SI,56,80.0,95.2,0.242,False,175,94.6,98.0,0.38,False
663992,Richard Lovelady,SL,14,93.6,,0.104,False,175,94.6,98.0,0.38,False
663992,Richard Lovelady,ST,85,105.2,102.2,0.417,False,175,94.6,98.0,0.38,False
664062,Tony Gonsolin,CU,103,108.2,104.2,0.511,True,609,91.3,94.1,0.68,True
664062,Tony Gonsolin,FF,245,100.8,100.4,0.501,True,609,91.3,94.1,0.68,True
664062,Tony Gonsolin,FS,163,88.0,92.0,0.668,True,609,91.3,94.1,0.68,True
664062,Tony Gonsolin,SL,98,78.2,90.2,0.448,False,609,91.3,94.1,0.68,True
664076,Garrett Cleavinger,FC,15,55.1,95.9,0.092,False,846,94.0,95.5,0.747,True
664076,Garrett Cleavinger,FF,104,91.9,97.6,0.299,True,846,94.0,95.5,0.747,True
664076,Garrett Cleavinger,SI,310,93.1,95.6,0.639,True,846,94.0,95.5,0.747,True
664076,Garrett Cleavinger,SL,328,92.4,94.4,0.731,True,846,94.0,95.5,0.747,True
664076,Garrett Cleavinger,ST,89,119.5,108.3,0.428,False,846,94.0,95.5,0.747,True
664123,Scott Effross,CH,19,86.8,97.6,0.183,False,156,91.0,96.8,0.353,False
664123,Scott Effross,FF,11,139.3,,0.043,False,156,91.0,96.8,0.353,False
664123,Scott Effross,SI,74,104.8,101.4,0.297,False,156,91.0,96.8,0.353,False
664123,Scott Effross,ST,52,71.3,91.3,0.304,False,156,91.0,96.8,0.353,False
664126,Pete Fairbanks,CH,42,93.9,98.0,0.331,False,926,109.9,107.6,0.764,True
664126,Pete Fairbanks,FC,41,114.4,103.1,0.218,False,926,109.9,107.6,0.764,True
664126,Pete Fairbanks,FF,467,102.7,101.8,0.657,True,926,109.9,107.6,0.764,True
664126,Pete Fairbanks,SL,376,107.4,105.6,0.757,True,926,109.9,107.6,0.764,True
664129,Geoff Hartlieb,FF,26,44.2,94.6,0.096,False,109,69.9,91.7,0.276,False
664129,Geoff Hartlieb,SI,16,117.9,101.5,0.084,False,109,69.9,91.7,0.276,False
664129,Geoff Hartlieb,SL,67,77.6,92.0,0.357,False,109,69.9,91.7,0.276,False
664139,Ian Gibaut,CH,10,89.2,,0.105,False,344,112.3,106.7,0.546,False
664139,Ian Gibaut,FC,50,110.2,102.6,0.253,False,344,112.3,106.7,0.546,False
664139,Ian Gibaut,FF,176,109.5,104.0,0.419,True,344,112.3,106.7,0.546,False
664139,Ian Gibaut,SL,57,113.7,104.4,0.321,False,344,112.3,106.7,0.546,False
664139,Ian Gibaut,ST,51,98.9,99.7,0.3,False,344,112.3,106.7,0.546,False
664141,Jt Brubaker,CH,72,112.6,105.8,0.459,False,469,100.4,100.2,0.621,False
664141,Jt Brubaker,CU,49,106.6,102.2,0.332,False,469,100.4,100.2,0.621,False
664141,Jt Brubaker,FF,3,161.1,,0.012,False,469,100.4,100.2,0.621,False
664141,Jt Brubaker,SI,231,98.3,99.0,0.569,True,469,100.4,100.2,0.621,False
664141,Jt Brubaker,SL,114,88.7,94.5,0.486,True,469,100.4,100.2,0.621,False
664192,Joey Lucchesi,CU,169,82.5,88.9,0.632,True,632,94.5,96.2,0.688,True
664192,Joey Lucchesi,FF,158,101.9,100.7,0.393,True,632,94.5,96.2,0.688,True
664192,Joey Lucchesi,FS,1,68.5,,0.012,False,632,94.5,96.2,0.688,True
664192,Joey Lucchesi,SI,304,104.5,102.9,0.634,True,632,94.5,96.2,0.688,True
664199,Taylor Clarke,CH,175,93.6,95.7,0.673,True,864,112.2,109.2,0.751,True
664199,Taylor Clarke,FF,189,88.8,95.1,0.437,True,864,112.2,109.2,0.751,True
664199,Taylor Clarke,SI,156,116.5,107.8,0.471,True,864,112.2,109.2,0.751,True
664199,Taylor Clarke,SL,344,117.1,112.7,0.741,True,864,112.2,109.2,0.751,True
664208,Phil Maton,CU,375,99.3,99.4,0.792,True,970,98.8,99.1,0.772,True
664208,Phil Maton,FC,351,108.5,106.0,0.704,True,970,98.8,99.1,0.772,True
664208,Phil Maton,SI,113,82.9,93.3,0.392,True,970,98.8,99.1,0.772,True
664208,Phil Maton,ST,131,110.0,105.2,0.524,True,970,98.8,99.1,0.772,True
664285,Framber Valdez,CH,506,100.7,100.6,0.856,True,2801,92.5,93.2,0.907,True
664285,Framber Valdez,CU,926,91.0,91.9,0.904,True,2801,92.5,93.2,0.907,True
664285,Framber Valdez,FF,5,-35.8,,0.02,False,2801,92.5,93.2,0.907,True
664285,Framber Valdez,SI,1276,100.6,100.5,0.879,True,2801,92.5,93.2,0.907,True
664285,Framber Valdez,SL,88,78.6,91.0,0.422,False,2801,92.5,93.2,0.907,True
664294,Dauri Moreta,CH,2,38.7,,0.023,False,272,85.7,93.0,0.487,False
664294,Dauri Moreta,FF,115,80.3,93.7,0.32,True,272,85.7,93.0,0.487,False
664294,Dauri Moreta,SL,155,93.2,96.2,0.563,True,272,85.7,93.0,0.487,False
664299,Cristian Javier,CH,115,106.8,103.9,0.575,True,617,86.6,90.8,0.683,True
664299,Cristian Javier,FF,246,79.2,89.6,0.502,True,617,86.6,90.8,0.683,True
664299,Cristian Javier,KC,74,93.5,97.5,0.39,False,617,86.6,90.8,0.683,True
664299,Cristian Javier,SI,59,93.2,98.3,0.252,False,617,86.6,90.8,0.683,True
664299,Cristian Javier,ST,123,102.8,101.4,0.508,True,617,86.6,90.8,0.683,True
664351,Luis Contreras,CH,31,64.0,90.4,0.268,False,182,56.8,83.2,0.389,False
664351,Luis Contreras,FF,96,93.0,98.0,0.282,False,182,56.8,83.2,0.389,False
664351,Luis Contreras,SI,3,65.4,,0.017,False,182,56.8,83.2,0.389,False
664351,Luis Contreras,SL,32,51.8,89.9,0.21,False,182,56.8,83.2,0.389,False
664351,Luis Contreras,ST,20,15.9,87.9,0.144,False,182,56.8,83.2,0.389,False
664747,Alexis Díaz,FF,215,87.2,94.0,0.468,True,361,81.9,89.9,0.558,False
664747,Alexis Díaz,SL,146,84.4,91.5,0.548,True,361,81.9,89.9,0.558,False
664849,Danny Young,FC,4,18.5,,0.026,False,115,71.1,91.7,0.287,False
664849,Danny Young,SI,66,94.5,98.5,0.274,False,115,71.1,91.7,0.287,False
664849,Danny Young,ST,45,71.4,92.1,0.275,False,115,71.1,91.7,0.287,False
664854,Ryan Helsley,CU,57,91.1,96.7,0.367,False,949,93.9,95.3,0.768,True
664854,Ryan Helsley,FC,9,120.5,,0.058,False,949,93.9,95.3,0.768,True
664854,Ryan Helsley,FF,432,95.6,97.2,0.639,True,949,93.9,95.3,0.768,True
664854,Ryan Helsley,SL,451,90.7,92.7,0.789,True,949,93.9,95.3,0.768,True
664875,Justin Lawrence,FF,19,73.6,98.1,0.072,False,240,69.7,86.2,0.456,False
664875,Justin Lawrence,SI,99,82.9,93.8,0.361,False,240,69.7,86.2,0.456,False
664875,Justin Lawrence,ST,122,81.0,90.4,0.506,True,240,69.7,86.2,0.456,False
664948,Anthony Misiewicz,CH,23,66.9,92.9,0.213,False,115,65.5,90.1,0.287,False
664948,Anthony Misiewicz,CU,20,83.2,97.2,0.169,False,115,65.5,90.1,0.287,False
664948,Anthony Misiewicz,FC,64,94.7,98.4,0.303,False,115,65.5,90.1,0.287,False
664948,Anthony Misiewicz,FF,8,64.8,,0.032,False,115,65.5,90.1,0.287,False
664991,Grant Wolfram,CU,73,99.1,99.6,0.426,False,519,96.2,97.6,0.645,True
664991,Grant Wolfram,FF,79,102.3,100.6,0.245,False,519,96.2,97.6,0.645,True
664991,Grant Wolfram,SI,211,98.2,99.0,0.546,True,519,96.2,97.6,0.645,True
664991,Grant Wolfram,SL,128,94.5,97.2,0.515,True,519,96.2,97.6,0.645,True
664991,Grant Wolfram,ST,28,76.5,95.5,0.191,False,519,96.2,97.6,0.645,True
665152,Dean Kremer,CU,333,103.0,102.3,0.772,True,2502,97.4,97.7,0.897,True
665152,Dean Kremer,FC,520,85.5,88.7,0.779,True,2502,97.4,97.7,0.897,True
665152,Dean Kremer,FF,687,107.5,105.5,0.738,True,2502,97.4,97.7,0.897,True
665152,Dean Kremer,FS,449,100.0,100.0,0.847,True,2502,97.4,97.7,0.897,True
665152,Dean Kremer,SI,510,111.1,108.3,0.744,True,2502,97.4,97.7,0.897,True
665152,Dean Kremer,SL,3,106.0,,0.024,False,2502,97.4,97.7,0.897,True
665625,Elvis Peguero,SI,53,67.5,92.5,0.232,False,117,78.7,93.8,0.29,False
665625,Elvis Peguero,SL,64,102.1,100.7,0.347,False,117,78.7,93.8,0.29,False
665660,Elvis Alvarado,CH,31,90.2,97.4,0.268,False,765,83.5,88.0,0.728,True
665660,Elvis Alvarado,FF,372,79.4,87.6,0.604,True,765,83.5,88.0,0.728,True
665660,Elvis Alvarado,SI,117,107.8,103.1,0.4,True,765,83.5,88.0,0.728,True
665660,Elvis Alvarado,SL,245,91.3,94.2,0.67,True,765,83.5,88.0,0.728,True
665795,Edward Cabrera,CH,580,99.9,99.9,0.872,True,2252,99.8,99.8,0.887,True
665795,Edward Cabrera,CU,531,100.4,100.3,0.844,True,2252,99.8,99.8,0.887,True
665795,Edward Cabrera,FF,292,92.5,95.9,0.545,True,2252,99.8,99.8,0.887,True
665795,Edward Cabrera,SI,460,107.6,105.5,0.724,True,2252,99.8,99.8,0.887,True
665795,Edward Cabrera,SL,389,93.1,94.7,0.763,True,2252,99.8,99.8,0.887,True
665871,Javier Assad,CH,24,98.4,99.6,0.22,False,567,94.4,96.3,0.665,True
665871,Javier Assad,CU,36,96.7,99.1,0.268,False,567,94.4,96.3,0.665,True
665871,Javier Assad,FC,124,88.7,94.8,0.457,True,567,94.4,96.3,0.665,True
665871,Javier Assad,FF,72,97.3,99.4,0.228,False,567,94.4,96.3,0.665,True
665871,Javier Assad,SI,230,109.5,105.4,0.568,True,567,94.4,96.3,0.665,True
665871,Javier Assad,SL,8,105.6,,0.062,False,567,94.4,96.3,0.665,True
665871,Javier Assad,ST,73,83.9,93.9,0.38,False,567,94.4,96.3,0.665,True
666120,Ian Anderson,CH,70,88.0,94.6,0.452,False,202,78.4,91.1,0.414,False
666120,Ian Anderson,CU,28,97.2,99.4,0.222,False,202,78.4,91.1,0.414,False
666120,Ian Anderson,FF,104,86.1,95.8,0.299,True,202,78.4,91.1,0.414,False
666142,Cole Ragans,CH,194,109.1,106.3,0.696,True,996,101.0,100.8,0.777,True
666142,Cole Ragans,FC,35,122.2,104.3,0.192,False,996,101.0,100.8,0.777,True
666142,Cole Ragans,FF,493,100.9,100.6,0.669,True,996,101.0,100.8,0.777,True
666142,Cole Ragans,KC,133,86.7,92.9,0.534,True,996,101.0,100.8,0.777,True
666142,Cole Ragans,SL,141,94.4,97.0,0.539,True,996,101.0,100.8,0.777,True
666157,Nick Lodolo,CH,522,112.3,110.6,0.86,True,2392,103.5,103.1,0.893,True
666157,Nick Lodolo,CU,697,91.4,92.5,0.876,True,2392,103.5,103.1,0.893,True
666157,Nick Lodolo,FF,679,110.0,107.4,0.736,True,2392,103.5,103.1,0.893,True
666157,Nick Lodolo,SI,494,101.8,101.3,0.738,True,2392,103.5,103.1,0.893,True
666168,Mason Thompson,CH,7,73.2,,0.076,False,239,82.9,92.2,0.455,False
666168,Mason Thompson,CU,12,94.4,,0.109,False,239,82.9,92.2,0.455,False
666168,Mason Thompson,FF,44,96.6,99.5,0.153,False,239,82.9,92.2,0.455,False
666168,Mason Thompson,SI,96,85.0,94.7,0.354,False,239,82.9,92.2,0.455,False
666168,Mason Thompson,SL,80,89.9,96.0,0.399,False,239,82.9,92.2,0.455,False
666171,Ryan Zeferjahn,CU,25,89.0,97.8,0.203,False,1016,95.4,96.4,0.78,True
666171,Ryan Zeferjahn,FC,224,103.1,101.9,0.603,True,1016,95.4,96.4,0.78,True
666171,Ryan Zeferjahn,FF,323,89.1,93.8,0.57,True,1016,95.4,96.4,0.78,True
666171,Ryan Zeferjahn,SI,6,72.1,,0.033,False,1016,95.4,96.4,0.78,True
666171,Ryan Zeferjahn,SL,164,97.9,98.8,0.576,True,1016,95.4,96.4,0.78,True
666171,Ryan Zeferjahn,ST,274,103.6,102.5,0.697,True,1016,95.4,96.4,0.78,True
666200,Jesús Luzardo,CH,506,112.6,110.8,0.856,True,2917,108.8,108.0,0.911,True
666200,Jesús Luzardo,FF,968,107.6,106.1,0.799,True,2917,108.8,108.0,0.911,True
666200,Jesús Luzardo,SI,314,112.3,107.9,0.642,True,2917,108.8,108.0,0.911,True
666200,Jesús Luzardo,SL,183,74.4,84.6,0.603,True,2917,108.8,108.0,0.911,True
666200,Jesús Luzardo,ST,946,100.4,100.4,0.888,True,2917,108.8,108.0,0.911,True
666214,Joey Wentz,CH,63,102.7,101.2,0.426,False,1759,101.0,100.9,0.86,True
666214,Joey Wentz,CU,317,103.8,102.9,0.763,True,1759,101.0,100.9,0.86,True
666214,Joey Wentz,FC,143,95.3,97.7,0.492,True,1759,101.0,100.9,0.86,True
666214,Joey Wentz,FF,774,95.8,96.8,0.76,True,1759,101.0,100.9,0.86,True
666214,Joey Wentz,SL,462,107.9,106.3,0.793,True,1759,101.0,100.9,0.86,True
666215,Forrest Whitley,CH,3,167.6,,0.034,False,256,99.2,99.6,0.472,False
666215,Forrest Whitley,CU,30,88.2,97.2,0.234,False,256,99.2,99.6,0.472,False
666215,Forrest Whitley,FC,68,108.6,102.7,0.316,False,256,99.2,99.6,0.472,False
666215,Forrest Whitley,FF,86,97.0,99.2,0.261,False,256,99.2,99.6,0.472,False
666215,Forrest Whitley,SI,45,108.8,101.8,0.204,False,256,99.2,99.6,0.472,False
666215,Forrest Whitley,SV,24,95.3,99.6,0.077,False,256,99.2,99.6,0.472,False
666277,George Soriano,CH,188,93.0,95.2,0.689,True,601,96.3,97.5,0.677,True
666277,George Soriano,FF,115,103.7,101.2,0.32,True,601,96.3,97.5,0.677,True
666277,George Soriano,SI,109,100.5,100.2,0.384,True,601,96.3,97.5,0.677,True
666277,George Soriano,SL,107,77.6,89.5,0.47,True,601,96.3,97.5,0.677,True
666277,George Soriano,ST,82,118.5,107.6,0.408,False,601,96.3,97.5,0.677,True
666374,Matt Brash,CH,94,83.2,91.2,0.526,False,806,95.2,96.5,0.738,True
666374,Matt Brash,FF,41,69.9,95.7,0.144,False,806,95.2,96.5,0.738,True
666374,Matt Brash,KC,6,73.4,,0.049,False,806,95.2,96.5,0.738,True
666374,Matt Brash,SI,178,104.6,102.3,0.504,True,806,95.2,96.5,0.738,True
666374,Matt Brash,SL,487,92.9,94.3,0.802,True,806,95.2,96.5,0.738,True
666619,Gregory Santos,SI,42,87.1,97.5,0.193,False,109,87.1,96.4,0.276,False
666619,Gregory Santos,SL,67,89.6,96.3,0.357,False,109,87.1,96.4,0.276,False
666659,Sauryn Lao,CH,14,50.6,,0.142,False,185,94.0,97.6,0.393,False
666659,Sauryn Lao,FF,55,107.8,101.4,0.184,False,185,94.0,97.6,0.393,False
666659,Sauryn Lao,SI,27,94.7,99.3,0.134,False,185,94.0,97.6,0.393,False
666659,Sauryn Lao,SL,89,91.9,96.6,0.425,False,185,94.0,97.6,0.393,False
666661,Juan Morillo,CH,82,93.8,97.0,0.491,False,617,88.8,92.3,0.683,True
666661,Juan Morillo,FF,285,79.9,89.2,0.539,True,617,88.8,92.3,0.683,True
666661,Juan Morillo,SI,120,115.3,106.2,0.407,True,617,88.8,92.3,0.683,True
666661,Juan Morillo,SL,130,97.0,98.4,0.519,True,617,88.8,92.3,0.683,True
666711,Joel Peguero,FF,103,90.8,97.3,0.297,True,315,94.3,97.0,0.524,False
666711,Joel Peguero,SI,108,96.0,98.5,0.381,True,315,94.3,97.0,0.524,False
666711,Joel Peguero,SL,104,99.7,99.9,0.463,True,315,94.3,97.0,0.524,False
666808,Camilo Doval,FC,431,95.9,96.9,0.745,True,1078,88.8,91.1,0.79,True
666808,Camilo Doval,SI,134,95.4,98.0,0.433,True,1078,88.8,91.1,0.79,True
666808,Camilo Doval,SL,513,90.3,92.1,0.81,True,1078,88.8,91.1,0.79,True
666974,Yennier Cano,CH,116,102.8,101.6,0.578,True,955,99.7,99.8,0.769,True
666974,Yennier Cano,FC,25,108.6,101.2,0.145,False,955,99.7,99.8,0.769,True
666974,Yennier Cano,FF,111,103.0,100.9,0.313,True,955,99.7,99.8,0.769,True
666974,Yennier Cano,FS,71,96.2,98.2,0.467,False,955,99.7,99.8,0.769,True
666974,Yennier Cano,SI,443,100.0,100.0,0.717,True,955,99.7,99.8,0.769,True
666974,Yennier Cano,SL,15,110.0,101.1,0.111,False,955,99.7,99.8,0.769,True
666974,Yennier Cano,ST,174,99.9,99.9,0.594,True,955,99.7,99.8,0.769,True
667297,Tommy Nance,CU,135,98.0,98.8,0.578,True,461,112.4,107.7,0.617,False
667297,Tommy Nance,SI,128,105.2,102.2,0.422,True,461,112.4,107.7,0.617,False
667297,Tommy Nance,SL,198,111.7,107.3,0.622,True,461,112.4,107.7,0.617,False
667463,John King,CH,150,103.8,102.4,0.639,True,776,98.8,99.1,0.731,True
667463,John King,CU,43,89.3,96.7,0.304,False,776,98.8,99.1,0.731,True
667463,John King,FF,11,51.0,,0.043,False,776,98.8,99.1,0.731,True
667463,John King,SI,459,100.5,100.4,0.724,True,776,98.8,99.1,0.731,True
667463,John King,SL,112,98.4,99.2,0.482,True,776,98.8,99.1,0.731,True
667463,John King,ST,1,103.1,,0.008,False,776,98.8,99.1,0.731,True
667755,José Soriano,CH,9,60.8,,0.096,False,2710,79.8,81.7,0.905,True
667755,José Soriano,FF,237,84.7,92.5,0.493,True,2710,79.8,81.7,0.905,True
667755,José Soriano,FS,256,89.3,91.9,0.76,True,2710,79.8,81.7,0.905,True
667755,José Soriano,KC,728,94.2,95.0,0.863,True,2710,79.8,81.7,0.905,True
667755,José Soriano,SI,1321,88.6,89.9,0.883,True,2710,79.8,81.7,0.905,True
667755,José Soriano,SL,159,82.5,90.0,0.569,True,2710,79.8,81.7,0.905,True
668390,Cole Winn,CU,6,61.7,,0.057,False,581,87.1,91.4,0.67,True
668390,Cole Winn,FC,110,107.2,103.1,0.427,True,581,87.1,91.4,0.67,True
668390,Cole Winn,FF,160,95.5,98.2,0.396,True,581,87.1,91.4,0.67,True
668390,Cole Winn,FS,74,86.6,93.6,0.478,False,581,87.1,91.4,0.67,True
668390,Cole Winn,SI,122,81.2,92.3,0.41,True,581,87.1,91.4,0.67,True
668390,Cole Winn,SL,109,99.3,99.7,0.475,True,581,87.1,91.4,0.67,True
668674,Lucas Erceg,CH,156,98.8,99.2,0.648,True,941,102.2,101.7,0.767,True
668674,Lucas Erceg,FF,284,104.6,102.5,0.538,True,941,102.2,101.7,0.767,True
668674,Lucas Erceg,SI,224,105.4,103.0,0.561,True,941,102.2,101.7,0.767,True
668674,Lucas Erceg,SL,277,91.7,94.2,0.697,True,941,102.2,101.7,0.767,True
668678,Zac Gallen,CH,492,109.2,107.8,0.853,True,3051,115.0,113.7,0.914,True
668678,Zac Gallen,FC,2,131.8,,0.013,False,3051,115.0,113.7,0.914,True
668678,Zac Gallen,FF,1367,107.3,106.2,0.849,True,3051,115.0,113.7,0.914,True
668678,Zac Gallen,KC,718,116.4,114.1,0.861,True,3051,115.0,113.7,0.914,True
668678,Zac Gallen,SI,79,112.9,104.0,0.311,False,3051,115.0,113.7,0.914,True
668678,Zac Gallen,SL,393,106.6,105.1,0.765,True,3051,115.0,113.7,0.914,True
668716,Noah Murdock,FC,72,83.9,94.7,0.328,False,311,72.4,85.6,0.521,False
668716,Noah Murdock,FS,2,87.9,,0.024,False,311,72.4,85.6,0.521,False
668716,Noah Murdock,SI,179,85.7,92.8,0.505,True,311,72.4,85.6,0.521,False
668716,Noah Murdock,ST,58,97.7,99.2,0.328,False,311,72.4,85.6,0.521,False
668820,Max Kranick,CU,63,100.1,100.0,0.39,False,524,110.9,107.1,0.647,True
668820,Max Kranick,FF,211,99.5,99.8,0.464,True,524,110.9,107.1,0.647,True
668820,Max Kranick,SL,209,115.3,109.7,0.634,True,524,110.9,107.1,0.647,True
668820,Max Kranick,ST,41,89.7,97.4,0.256,False,524,110.9,107.1,0.647,True
668834,Easton Mcgee,CH,4,98.9,,0.045,False,223,115.2,106.7,0.438,False
668834,Easton Mcgee,CU,66,122.1,108.9,0.401,False,223,115.2,106.7,0.438,False
668834,Easton Mcgee,FC,29,104.0,100.7,0.164,False,223,115.2,106.7,0.438,False
668834,Easton Mcgee,FF,45,116.1,102.5,0.156,False,223,115.2,106.7,0.438,False
668834,Easton Mcgee,SI,71,101.3,100.4,0.288,False,223,115.2,106.7,0.438,False
668834,Easton Mcgee,ST,8,119.7,,0.063,False,223,115.2,106.7,0.438,False
668881,Hunter Greene,FF,927,113.3,110.5,0.792,True,1727,108.8,107.5,0.858,True
668881,Hunter Greene,FS,189,83.7,88.6,0.7,True,1727,108.8,107.5,0.858,True
668881,Hunter Greene,SL,611,97.5,97.9,0.835,True,1727,108.8,107.5,0.858,True
668909,Gavin Williams,CH,2,51.9,,0.023,False,2930,92.9,93.5,0.911,True
668909,Gavin Williams,CU,649,89.2,90.6,0.868,True,2930,92.9,93.5,0.911,True
668909,Gavin Williams,FC,426,99.1,99.3,0.743,True,2930,92.9,93.5,0.911,True
668909,Gavin Williams,FF,1063,102.4,102.0,0.813,True,2930,92.9,93.5,0.911,True
668909,Gavin Williams,SI,201,106.7,103.6,0.534,True,2930,92.9,93.5,0.911,True
668909,Gavin Williams,ST,589,91.7,93.1,0.832,True,2930,92.9,93.5,0.911,True
668933,Graham Ashcraft,FC,565,92.6,94.1,0.793,True,1048,88.9,91.3,0.786,True
668933,Graham Ashcraft,SL,483,98.0,98.4,0.8,True,1048,88.9,91.3,0.786,True
668941,Jojo Romero,CH,213,97.4,98.1,0.715,True,957,105.7,104.4,0.77,True
668941,Jojo Romero,FC,1,-55.4,,0.007,False,957,105.7,104.4,0.77,True
668941,Jojo Romero,FF,55,87.3,97.7,0.184,False,957,105.7,104.4,0.77,True
668941,Jojo Romero,SI,306,108.2,105.2,0.636,True,957,105.7,104.4,0.77,True
668941,Jojo Romero,ST,369,104.8,103.6,0.756,True,957,105.7,104.4,0.77,True
668941,Jojo Romero,SV,13,125.1,,0.043,False,957,105.7,104.4,0.77,True
668964,Tobias Myers,CH,12,129.3,,0.124,False,826,100.1,100.1,0.743,True
668964,Tobias Myers,CU,12,117.2,,0.109,False,826,100.1,100.1,0.743,True
668964,Tobias Myers,FC,165,97.0,98.4,0.528,True,826,100.1,100.1,0.743,True
668964,Tobias Myers,FF,373,104.7,102.8,0.605,True,826,100.1,100.1,0.743,True
668964,Tobias Myers,FS,129,101.1,100.7,0.614,True,826,100.1,100.1,0.743,True
668964,Tobias Myers,SL,135,95.0,97.4,0.528,True,826,100.1,100.1,0.743,True
668970,Gavin Hollowell,FF,77,92.3,98.2,0.24,False,171,80.9,92.9,0.374,False
668970,Gavin Hollowell,SI,36,94.8,99.1,0.17,False,171,80.9,92.9,0.374,False
668970,Gavin Hollowell,ST,58,77.8,92.7,0.328,False,171,80.9,92.9,0.374,False
668984,Casey Legumina,CH,82,95.9,98.0,0.491,False,812,100.6,100.4,0.739,True
668984,Casey Legumina,FF,397,96.6,97.9,0.619,True,812,100.6,100.4,0.739,True
668984,Casey Legumina,SI,192,109.4,104.9,0.523,True,812,100.6,100.4,0.739,True
668984,Casey Legumina,ST,141,104.3,102.3,0.543,True,812,100.6,100.4,0.739,True
669020,Ryan Rolison,CH,23,92.0,98.3,0.213,False,676,95.1,96.6,0.703,True
669020,Ryan Rolison,CU,226,101.1,100.8,0.697,True,676,95.1,96.6,0.703,True
669020,Ryan Rolison,FF,315,90.5,94.6,0.564,True,676,95.1,96.6,0.703,True
669020,Ryan Rolison,SL,112,108.1,103.9,0.482,True,676,95.1,96.6,0.703,True
669022,Mackenzie Gore,CH,280,69.8,76.8,0.767,True,2725,89.2,90.2,0.905,True
669022,Mackenzie Gore,CU,661,96.7,97.1,0.87,True,2725,89.2,90.2,0.905,True
669022,Mackenzie Gore,FC,122,57.8,80.9,0.453,True,2725,89.2,90.2,0.905,True
669022,Mackenzie Gore,FF,1347,99.2,99.3,0.847,True,2725,89.2,90.2,0.905,True
669022,Mackenzie Gore,SL,315,109.3,106.7,0.723,True,2725,89.2,90.2,0.905,True
669060,Bryse Wilson,CH,146,103.4,102.2,0.632,True,813,96.9,97.7,0.74,True
669060,Bryse Wilson,CU,131,106.9,103.9,0.571,True,813,96.9,97.7,0.74,True
669060,Bryse Wilson,FC,196,98.0,98.9,0.571,True,813,96.9,97.7,0.74,True
669060,Bryse Wilson,FF,143,97.9,99.2,0.37,True,813,96.9,97.7,0.74,True
669060,Bryse Wilson,FS,1,215.5,,0.012,False,813,96.9,97.7,0.74,True
669060,Bryse Wilson,SI,195,100.4,100.2,0.527,True,813,96.9,97.7,0.74,True
669060,Bryse Wilson,SL,1,122.0,,0.008,False,813,96.9,97.7,0.74,True
669062,Erik Miller,CH,119,96.9,98.2,0.584,True,461,80.3,87.8,0.617,False
669062,Erik Miller,FF,160,67.9,87.3,0.396,True,461,80.3,87.8,0.617,False
669062,Erik Miller,SI,77,103.2,101.0,0.305,False,461,80.3,87.8,0.617,False
669062,Erik Miller,SL,105,92.7,96.6,0.466,True,461,80.3,87.8,0.617,False
669084,Dl Hall,CH,104,93.2,96.3,0.551,True,588,91.1,94.0,0.673,True
669084,Dl Hall,CU,56,113.6,104.9,0.363,False,588,91.1,94.0,0.673,True
669084,Dl Hall,FC,106,99.7,99.9,0.418,True,588,91.1,94.0,0.673,True
669084,Dl Hall,FF,175,98.9,99.5,0.418,True,588,91.1,94.0,0.673,True
669084,Dl Hall,SI,38,100.8,100.1,0.178,False,588,91.1,94.0,0.673,True
669084,Dl Hall,SL,109,75.2,88.2,0.475,True,588,91.1,94.0,0.673,True
669093,Jeremiah Estrada,FF,666,98.9,99.2,0.732,True,1193,97.0,97.6,0.807,True
669093,Jeremiah Estrada,FS,278,85.7,88.9,0.774,True,1193,97.0,97.6,0.807,True
669093,Jeremiah Estrada,SL,249,113.8,109.3,0.674,True,1193,97.0,97.6,0.807,True
669160,Dustin May,CH,18,91.8,98.6,0.175,False,2168,84.0,85.9,0.883,True
669160,Dustin May,FC,210,85.4,91.4,0.588,True,2168,84.0,85.9,0.883,True
669160,Dustin May,FF,361,88.7,93.3,0.597,True,2168,84.0,85.9,0.883,True
669160,Dustin May,SI,726,97.5,98.0,0.806,True,2168,84.0,85.9,0.883,True
669160,Dustin May,ST,853,87.2,88.8,0.878,True,2168,84.0,85.9,0.883,True
669194,Ryne Nelson,CH,67,88.0,94.7,0.441,False,2416,112.8,111.4,0.894,True
669194,Ryne Nelson,CU,267,99.8,99.9,0.731,True,2416,112.8,111.4,0.894,True
669194,Ryne Nelson,FC,235,100.6,100.4,0.615,True,2416,112.8,111.4,0.894,True
669194,Ryne Nelson,FF,1495,113.8,111.9,0.86,True,2416,112.8,111.4,0.894,True
669194,Ryne Nelson,SL,352,105.7,104.2,0.745,True,2416,112.8,111.4,0.894,True
669199,Lake Bachar,FF,411,101.4,100.9,0.628,True,1086,97.7,98.2,0.791,True
669199,Lake Bachar,FS,125,90.3,94.1,0.607,True,1086,97.7,98.2,0.791,True
669199,Lake Bachar,SL,256,88.7,92.3,0.68,True,1086,97.7,98.2,0.791,True
669199,Lake Bachar,ST,294,100.8,100.6,0.712,True,1086,97.7,98.2,0.791,True
669203,Corbin Burnes,CH,73,83.4,92.3,0.462,False,1009,84.5,87.9,0.779,True
669203,Corbin Burnes,CU,194,98.9,99.3,0.663,True,1009,84.5,87.9,0.779,True
669203,Corbin Burnes,FC,555,92.0,93.7,0.79,True,1009,84.5,87.9,0.779,True
669203,Corbin Burnes,SI,97,106.8,102.4,0.356,False,1009,84.5,87.9,0.779,True
669203,Corbin Burnes,SL,90,110.9,104.7,0.427,False,1009,84.5,87.9,0.779,True
669211,Keegan Akin,CH,205,105.6,104.0,0.707,True,1021,106.1,104.8,0.781,True
669211,Keegan Akin,FF,516,100.0,100.0,0.679,True,1021,106.1,104.8,0.781,True
669211,Keegan Akin,SL,300,105.8,104.1,0.713,True,1021,106.1,104.8,0.781,True
669276,Dylan Lee,CH,144,120.9,113.2,0.629,True,1081,121.3,116.8,0.791,True
669276,Dylan Lee,FF,341,111.6,106.8,0.583,True,1081,121.3,116.8,0.791,True
669276,Dylan Lee,SL,596,106.8,105.7,0.832,True,1081,121.3,116.8,0.791,True
669302,Logan Gilbert,FF,757,110.2,107.7,0.756,True,1637,116.5,114.0,0.851,True
669302,Logan Gilbert,FS,6,119.2,,0.069,False,1637,116.5,114.0,0.851,True
669302,Logan Gilbert,SI,10,72.5,,0.054,False,1637,116.5,114.0,0.851,True
669302,Logan Gilbert,SL,717,110.0,108.6,0.856,True,1637,116.5,114.0,0.851,True
669302,Logan Gilbert,ST,147,91.5,95.3,0.553,True,1637,116.5,114.0,0.851,True
669308,Sean Reynolds,CH,28,95.9,99.0,0.248,False,494,89.8,93.5,0.633,False
669308,Sean Reynolds,FF,256,87.2,93.4,0.512,True,494,89.8,93.5,0.633,False
669308,Sean Reynolds,SL,158,99.1,99.5,0.567,True,494,89.8,93.5,0.633,False
669308,Sean Reynolds,ST,52,90.4,97.1,0.304,False,494,89.8,93.5,0.633,False
669330,Tyler Wells,CH,79,120.5,109.9,0.482,False,342,117.6,109.6,0.544,False
669330,Tyler Wells,CU,30,114.9,103.5,0.234,False,342,117.6,109.6,0.544,False
669330,Tyler Wells,FC,45,118.4,104.3,0.234,False,342,117.6,109.6,0.544,False
669330,Tyler Wells,FF,125,98.8,99.6,0.339,True,342,117.6,109.6,0.544,False
669330,Tyler Wells,SL,63,115.4,105.3,0.343,False,342,117.6,109.6,0.544,False
669358,Shane Baz,CH,309,85.9,88.9,0.785,True,2702,96.6,96.9,0.904,True
669358,Shane Baz,FC,394,100.9,100.7,0.728,True,2702,96.6,96.9,0.904,True
669358,Shane Baz,FF,1189,100.4,100.3,0.83,True,2702,96.6,96.9,0.904,True
669358,Shane Baz,KC,728,108.4,107.2,0.863,True,2702,96.6,96.9,0.904,True
669358,Shane Baz,SL,82,74.7,89.8,0.405,False,2702,96.6,96.9,0.904,True
669371,Cole Henry,CH,27,66.2,91.8,0.241,False,965,84.1,87.7,0.771,True
669371,Cole Henry,FC,35,88.5,97.8,0.192,False,965,84.1,87.7,0.771,True
669371,Cole Henry,FF,487,96.3,97.5,0.666,True,965,84.1,87.7,0.771,True
669371,Cole Henry,SI,98,82.4,93.7,0.359,False,965,84.1,87.7,0.771,True
669371,Cole Henry,ST,318,87.1,90.6,0.728,True,965,84.1,87.7,0.771,True
669372,J. T. Ginn,CH,148,90.5,94.0,0.636,True,1575,97.7,98.1,0.846,True
669372,J. T. Ginn,FC,210,89.9,94.1,0.588,True,1575,97.7,98.1,0.846,True
669372,J. T. Ginn,SI,811,100.6,100.5,0.822,True,1575,97.7,98.1,0.846,True
669372,J. T. Ginn,SL,406,105.3,104.1,0.771,True,1575,97.7,98.1,0.846,True
669373,Tarik Skubal,CH,896,106.5,105.9,0.913,True,2873,107.8,107.1,0.909,True
669373,Tarik Skubal,CU,81,79.8,90.9,0.452,False,2873,107.8,107.1,0.909,True
669373,Tarik Skubal,FF,833,101.9,101.5,0.773,True,2873,107.8,107.1,0.909,True
669373,Tarik Skubal,SI,691,110.8,108.6,0.798,True,2873,107.8,107.1,0.909,True
669373,Tarik Skubal,SL,372,100.5,100.4,0.755,True,2873,107.8,107.1,0.909,True
669387,Carmen Mlodzinski,CU,134,121.1,112.2,0.577,True,1531,106.9,105.8,0.843,True
669387,Carmen Mlodzinski,FC,1,79.3,,0.007,False,1531,106.9,105.8,0.843,True
669387,Carmen Mlodzinski,FF,559,98.8,99.2,0.696,True,1531,106.9,105.8,0.843,True
669387,Carmen Mlodzinski,FS,233,92.3,94.3,0.742,True,1531,106.9,105.8,0.843,True
669387,Carmen Mlodzinski,SI,228,103.1,101.8,0.565,True,1531,106.9,105.8,0.843,True
669387,Carmen Mlodzinski,SL,205,129.5,118.6,0.63,True,1531,106.9,105.8,0.843,True
669387,Carmen Mlodzinski,ST,171,101.6,100.9,0.59,True,1531,106.9,105.8,0.843,True
669391,Owen White,CH,10,55.9,,0.105,False,119,91.2,97.4,0.294,False
669391,Owen White,CU,5,109.3,,0.048,False,119,91.2,97.4,0.294,False
669391,Owen White,FC,26,88.9,98.3,0.15,False,119,91.2,97.4,0.294,False
669391,Owen White,FF,38,113.9,101.9,0.135,False,119,91.2,97.4,0.294,False
669391,Owen White,SI,7,46.5,,0.038,False,119,91.2,97.4,0.294,False
669391,Owen White,ST,33,109.1,102.0,0.217,False,119,91.2,97.4,0.294,False
669422,Matt Sauer,CU,5,85.9,,0.048,False,512,89.2,93.1,0.642,True
669422,Matt Sauer,FC,163,100.3,100.2,0.525,True,512,89.2,93.1,0.642,True
669422,Matt Sauer,FF,112,101.1,100.3,0.315,True,512,89.2,93.1,0.642,True
669422,Matt Sauer,FS,46,94.2,97.9,0.362,False,512,89.2,93.1,0.642,True
669422,Matt Sauer,SI,90,91.1,97.0,0.339,False,512,89.2,93.1,0.642,True
669422,Matt Sauer,SL,96,85.9,93.7,0.443,False,512,89.2,93.1,0.642,True
669432,Trevor Rogers,CH,407,110.0,108.3,0.827,True,1626,100.2,100.2,0.85,True
669432,Trevor Rogers,FC,191,82.2,90.0,0.564,True,1626,100.2,100.2,0.85,True
669432,Trevor Rogers,FF,665,108.8,106.4,0.732,True,1626,100.2,100.2,0.85,True
669432,Trevor Rogers,SI,241,94.3,96.7,0.579,True,1626,100.2,100.2,0.85,True
669432,Trevor Rogers,ST,122,91.4,95.6,0.506,True,1626,100.2,100.2,0.85,True
669438,Mason Englert,CH,239,99.7,99.8,0.738,True,694,104.1,102.9,0.708,True
669438,Mason Englert,CU,61,113.8,105.3,0.383,False,694,104.1,102.9,0.708,True
669438,Mason Englert,FC,129,102.6,101.2,0.467,True,694,104.1,102.9,0.708,True
669438,Mason Englert,FF,139,110.3,103.7,0.363,True,694,104.1,102.9,0.708,True
669438,Mason Englert,SI,119,105.6,102.3,0.404,True,694,104.1,102.9,0.708,True
669438,Mason Englert,ST,3,105.9,,0.025,False,694,104.1,102.9,0.708,True
669438,Mason Englert,SV,4,164.4,,0.014,False,694,104.1,102.9,0.708,True
669456,Shane Bieber,CH,82,85.2,92.7,0.491,False,644,113.8,109.6,0.692,True
669456,Shane Bieber,FC,82,96.2,98.6,0.357,False,644,113.8,109.6,0.692,True
669456,Shane Bieber,FF,230,117.8,108.6,0.485,True,644,113.8,109.6,0.692,True
669456,Shane Bieber,KC,120,120.1,110.2,0.509,True,644,113.8,109.6,0.692,True
669456,Shane Bieber,SL,130,111.4,105.9,0.519,True,644,113.8,109.6,0.692,True
669461,Matthew Liberatore,CH,291,98.4,98.8,0.774,True,2386,97.5,97.8,0.893,True
669461,Matthew Liberatore,CU,376,87.9,90.4,0.793,True,2386,97.5,97.8,0.893,True
669461,Matthew Liberatore,FC,248,93.5,95.9,0.627,True,2386,97.5,97.8,0.893,True
669461,Matthew Liberatore,FF,684,105.2,103.8,0.737,True,2386,97.5,97.8,0.893,True
669461,Matthew Liberatore,SI,281,109.1,105.6,0.616,True,2386,97.5,97.8,0.893,True
669461,Matthew Liberatore,SL,506,95.3,96.2,0.808,True,2386,97.5,97.8,0.893,True
669467,Andre Pallante,FF,1158,98.3,98.6,0.826,True,2642,93.6,94.2,0.902,True
669467,Andre Pallante,KC,374,83.3,87.3,0.763,True,2642,93.6,94.2,0.902,True
669467,Andre Pallante,SI,352,96.1,97.4,0.668,True,2642,93.6,94.2,0.902,True
669467,Andre Pallante,SL,755,94.8,95.5,0.862,True,2642,93.6,94.2,0.902,True
669467,Andre Pallante,ST,3,61.3,,0.025,False,2642,93.6,94.2,0.902,True
669620,Brady Basso,CH,20,89.9,98.1,0.191,False,206,101.0,100.4,0.419,False
669620,Brady Basso,CU,36,85.9,96.2,0.268,False,206,101.0,100.4,0.419,False
669620,Brady Basso,FC,38,118.0,103.7,0.205,False,206,101.0,100.4,0.419,False
669620,Brady Basso,FF,108,107.4,102.3,0.307,True,206,101.0,100.4,0.419,False
669620,Brady Basso,SI,4,52.8,,0.022,False,206,101.0,100.4,0.419,False
669622,Anthony Bender,CH,27,79.5,95.1,0.241,False,763,100.6,100.4,0.727,True
669622,Anthony Bender,FF,9,111.1,,0.036,False,763,100.6,100.4,0.727,True
669622,Anthony Bender,SI,204,92.8,96.1,0.538,True,763,100.6,100.4,0.727,True
669622,Anthony Bender,SL,169,97.9,98.8,0.584,True,763,100.6,100.4,0.727,True
669622,Anthony Bender,ST,354,103.5,102.6,0.749,True,763,100.6,100.4,0.727,True
669674,Sam Long,CU,137,92.3,95.5,0.582,True,748,94.8,96.2,0.723,True
669674,Sam Long,FF,261,95.2,97.5,0.517,True,748,94.8,96.2,0.723,True
669674,Sam Long,FS,70,91.3,96.0,0.464,False,748,94.8,96.2,0.723,True
669674,Sam Long,SI,84,102.9,100.9,0.324,False,748,94.8,96.2,0.723,True
669674,Sam Long,SL,188,102.0,101.2,0.609,True,748,94.8,96.2,0.723,True
669674,Sam Long,ST,8,34.3,,0.063,False,748,94.8,96.2,0.723,True
669684,Chris Murphy,CH,29,81.5,95.3,0.255,False,569,81.5,87.7,0.665,True
669684,Chris Murphy,CU,177,101.9,101.2,0.643,True,569,81.5,87.7,0.665,True
669684,Chris Murphy,FF,179,78.3,90.8,0.423,True,569,81.5,87.7,0.665,True
669684,Chris Murphy,FS,6,71.7,,0.069,False,569,81.5,87.7,0.665,True
669684,Chris Murphy,SI,28,101.3,100.2,0.138,False,569,81.5,87.7,0.665,True
669684,Chris Murphy,SL,114,78.9,89.7,0.486,True,569,81.5,87.7,0.665,True
669684,Chris Murphy,ST,36,85.5,96.6,0.232,False,569,81.5,87.7,0.665,True
669704,Kade Strowd,CU,50,93.1,97.7,0.337,False,406,69.1,81.9,0.587,False
669704,Kade Strowd,FC,167,76.7,87.6,0.531,True,406,69.1,81.9,0.587,False
669704,Kade Strowd,FF,74,98.4,99.6,0.233,False,406,69.1,81.9,0.587,False
669704,Kade Strowd,SI,62,91.5,97.8,0.261,False,406,69.1,81.9,0.587,False
669704,Kade Strowd,ST,53,92.1,97.6,0.308,False,406,69.1,81.9,0.587,False
669711,Greg Weissert,CH,99,92.2,95.8,0.538,False,1021,102.4,101.9,0.781,True
669711,Greg Weissert,CU,43,87.9,96.3,0.304,False,1021,102.4,101.9,0.781,True
669711,Greg Weissert,FF,347,110.0,105.9,0.587,True,1021,102.4,101.9,0.781,True
669711,Greg Weissert,SI,282,100.9,100.6,0.617,True,1021,102.4,101.9,0.781,True
669711,Greg Weissert,SL,164,105.5,103.2,0.576,True,1021,102.4,101.9,0.781,True
669711,Greg Weissert,ST,86,78.7,91.1,0.42,False,1021,102.4,101.9,0.781,True
669713,Hayden Wesneski,CH,36,112.2,103.6,0.298,False,508,116.3,110.4,0.64,True
669713,Hayden Wesneski,CU,47,98.1,99.4,0.323,False,508,116.3,110.4,0.64,True
669713,Hayden Wesneski,FC,58,103.3,100.9,0.282,False,508,116.3,110.4,0.64,True
669713,Hayden Wesneski,FF,186,112.4,105.4,0.433,True,508,116.3,110.4,0.64,True
669713,Hayden Wesneski,SI,56,114.5,103.5,0.242,False,508,116.3,110.4,0.64,True
669713,Hayden Wesneski,ST,125,116.6,108.5,0.512,True,508,116.3,110.4,0.64,True
669721,Davis Daniel,FF,93,96.6,99.1,0.276,False,143,98.0,99.3,0.333,False
669721,Davis Daniel,FS,1,53.9,,0.012,False,143,98.0,99.3,0.333,False
669721,Davis Daniel,SL,30,106.9,101.4,0.199,False,143,98.0,99.3,0.333,False
669721,Davis Daniel,ST,19,93.7,99.1,0.138,False,143,98.0,99.3,0.333,False
669724,Brenan Hanifee,CH,39,88.0,96.2,0.315,False,906,103.4,102.6,0.76,True
669724,Brenan Hanifee,FF,112,107.9,102.5,0.315,True,906,103.4,102.6,0.76,True
669724,Brenan Hanifee,SI,569,103.3,102.5,0.765,True,906,103.4,102.6,0.76,True
669724,Brenan Hanifee,SL,186,96.4,97.8,0.607,True,906,103.4,102.6,0.76,True
669854,Ronel Blanco,CH,86,99.5,99.7,0.503,False,701,107.8,105.5,0.71,True
669854,Ronel Blanco,CU,148,110.1,106.1,0.601,True,701,107.8,105.5,0.71,True
669854,Ronel Blanco,FF,254,99.0,99.5,0.51,True,701,107.8,105.5,0.71,True
669854,Ronel Blanco,SL,213,107.0,104.5,0.639,True,701,107.8,105.5,0.71,True
669920,Jason Alexander,CH,410,100.6,100.5,0.829,True,1252,99.0,99.2,0.814,True
669920,Jason Alexander,FC,13,65.6,,0.081,False,1252,99.0,99.2,0.814,True
669920,Jason Alexander,FF,127,85.1,94.9,0.342,True,1252,99.0,99.2,0.814,True
669920,Jason Alexander,SI,500,106.5,104.8,0.741,True,1252,99.0,99.2,0.814,True
669920,Jason Alexander,SL,2,82.1,,0.016,False,1252,99.0,99.2,0.814,True
669920,Jason Alexander,ST,200,93.7,96.0,0.627,True,1252,99.0,99.2,0.814,True
669923,George Kirby,CH,43,108.8,103.0,0.336,False,2044,113.7,112.0,0.877,True
669923,George Kirby,FF,601,104.8,103.4,0.711,True,2044,113.7,112.0,0.877,True
669923,George Kirby,FS,17,99.8,100.0,0.174,False,2044,113.7,112.0,0.877,True
669923,George Kirby,KC,236,102.0,101.3,0.671,True,2044,113.7,112.0,0.877,True
669923,George Kirby,SI,559,108.0,106.1,0.761,True,2044,113.7,112.0,0.877,True
669923,George Kirby,ST,588,116.8,114.0,0.832,True,2044,113.7,112.0,0.877,True
669947,Jesse Scholtens,FF,59,113.3,102.6,0.195,False,153,118.5,106.4,0.348,False
669947,Jesse Scholtens,FS,7,93.8,,0.08,False,153,118.5,106.4,0.348,False
669947,Jesse Scholtens,SL,51,124.6,107.3,0.297,False,153,118.5,106.4,0.348,False
669947,Jesse Scholtens,ST,36,87.2,97.0,0.232,False,153,118.5,106.4,0.348,False
670036,Matt Festa,FC,116,99.0,99.6,0.44,True,817,97.9,98.4,0.741,True
670036,Matt Festa,FF,323,102.1,101.2,0.57,True,817,97.9,98.4,0.741,True
670036,Matt Festa,SI,66,110.8,103.0,0.274,False,817,97.9,98.4,0.741,True
670036,Matt Festa,ST,312,94.1,95.7,0.724,True,817,97.9,98.4,0.741,True
670059,Colin Holderman,FC,109,85.5,93.8,0.425,True,419,69.9,82.1,0.594,False
670059,Colin Holderman,FF,17,126.2,101.7,0.065,False,419,69.9,82.1,0.594,False
670059,Colin Holderman,FS,8,77.2,,0.09,False,419,69.9,82.1,0.594,False
670059,Colin Holderman,SI,169,94.0,97.1,0.491,True,419,69.9,82.1,0.594,False
670059,Colin Holderman,SL,2,5.4,,0.016,False,419,69.9,82.1,0.594,False
670059,Colin Holderman,ST,114,63.9,82.3,0.489,True,419,69.9,82.1,0.594,False
670102,Bowden Francis,CU,144,84.3,90.7,0.594,True,931,97.5,98.1,0.765,True
670102,Bowden Francis,FF,587,108.2,105.8,0.706,True,931,97.5,98.1,0.765,True
670102,Bowden Francis,FS,116,94.2,96.6,0.589,True,931,97.5,98.1,0.765,True
670102,Bowden Francis,SI,20,43.5,94.2,0.102,False,931,97.5,98.1,0.765,True
670102,Bowden Francis,SL,64,84.8,94.7,0.347,False,931,97.5,98.1,0.765,True
670167,John Schreiber,CH,17,72.9,95.5,0.167,False,1019,104.6,103.6,0.781,True
670167,John Schreiber,FC,191,103.6,102.0,0.564,True,1019,104.6,103.6,0.781,True
670167,John Schreiber,FF,325,109.6,105.5,0.571,True,1019,104.6,103.6,0.781,True
670167,John Schreiber,SI,196,103.5,101.8,0.528,True,1019,104.6,103.6,0.781,True
670167,John Schreiber,ST,290,101.4,101.0,0.709,True,1019,104.6,103.6,0.781,True
670174,Josh Winckowski,CH,36,102.5,100.7,0.298,False,207,90.6,96.1,0.42,False
670174,Josh Winckowski,FC,55,89.5,97.1,0.272,False,207,90.6,96.1,0.42,False
670174,Josh Winckowski,FF,61,101.9,100.4,0.2,False,207,90.6,96.1,0.42,False
670174,Josh Winckowski,SI,36,94.6,99.1,0.17,False,207,90.6,96.1,0.42,False
670174,Josh Winckowski,SL,19,102.0,100.3,0.136,False,207,90.6,96.1,0.42,False
670280,David Bednar,CU,363,110.1,107.9,0.787,True,1005,110.6,108.3,0.778,True
670280,David Bednar,FF,439,101.0,100.6,0.643,True,1005,110.6,108.3,0.778,True
670280,David Bednar,FS,203,116.0,111.4,0.715,True,1005,110.6,108.3,0.778,True
670329,Rico Garcia,CH,129,92.7,95.6,0.603,True,586,106.3,104.2,0.672,True
670329,Rico Garcia,CU,114,111.9,106.4,0.537,True,586,106.3,104.2,0.672,True
670329,Rico Garcia,FF,231,104.5,102.2,0.486,True,586,106.3,104.2,0.672,True
670329,Rico Garcia,SL,112,107.9,103.8,0.482,True,586,106.3,104.2,0.672,True
670810,Logan Gillaspie,CH,16,67.0,94.8,0.159,False,111,102.6,100.7,0.28,False
670810,Logan Gillaspie,CU,12,112.4,,0.109,False,111,102.6,100.7,0.28,False
670810,Logan Gillaspie,FC,16,121.0,102.1,0.098,False,111,102.6,100.7,0.28,False
670810,Logan Gillaspie,FF,38,117.3,102.3,0.135,False,111,102.6,100.7,0.28,False
670810,Logan Gillaspie,SI,4,130.1,,0.022,False,111,102.6,100.7,0.28,False
670810,Logan Gillaspie,SL,23,67.1,94.7,0.16,False,111,102.6,100.7,0.28,False
670810,Logan Gillaspie,ST,2,181.1,,0.017,False,111,102.6,100.7,0.28,False
670912,Johan Oviedo,CH,39,88.2,96.3,0.315,False,665,91.4,94.0,0.699,True
670912,Johan Oviedo,CU,105,99.5,99.7,0.516,True,665,91.4,94.0,0.699,True
670912,Johan Oviedo,FF,246,82.9,91.4,0.502,True,665,91.4,94.0,0.699,True
670912,Johan Oviedo,SI,61,76.3,93.9,0.258,False,665,91.4,94.0,0.699,True
670912,Johan Oviedo,SL,214,110.4,106.7,0.64,True,665,91.4,94.0,0.699,True
670950,Trevor Richards,CH,36,84.1,95.3,0.298,False,116,109.5,102.7,0.288,False
670950,Trevor Richards,FF,68,120.6,104.5,0.218,False,116,109.5,102.7,0.288,False
670950,Trevor Richards,SL,12,100.8,,0.091,False,116,109.5,102.7,0.288,False
670955,Edwin Uceta,CH,459,110.9,109.2,0.844,True,1178,100.4,100.3,0.805,True
670955,Edwin Uceta,FC,189,100.0,100.0,0.562,True,1178,100.4,100.3,0.805,True
670955,Edwin Uceta,FF,475,93.7,95.8,0.661,True,1178,100.4,100.3,0.805,True
670955,Edwin Uceta,SI,20,99.8,100.0,0.102,False,1178,100.4,100.3,0.805,True
670955,Edwin Uceta,ST,35,113.9,103.2,0.227,False,1178,100.4,100.3,0.805,True
670970,Adrián Morejón,CH,69,96.5,98.4,0.448,False,947,107.4,105.7,0.768,True
670970,Adrián Morejón,FC,25,93.5,99.1,0.145,False,947,107.4,105.7,0.768,True
670970,Adrián Morejón,FF,29,92.9,99.2,0.106,False,947,107.4,105.7,0.768,True
670970,Adrián Morejón,SI,582,105.9,104.5,0.769,True,947,107.4,105.7,0.768,True
670970,Adrián Morejón,SL,242,103.5,102.3,0.668,True,947,107.4,105.7,0.768,True
670990,Yohan Ramírez,CU,116,74.4,86.1,0.541,True,604,88.1,91.9,0.679,True
670990,Yohan Ramírez,FC,8,111.2,,0.051,False,604,88.1,91.9,0.679,True
670990,Yohan Ramírez,FF,270,105.6,102.9,0.525,True,604,88.1,91.9,0.679,True
670990,Yohan Ramírez,SI,40,86.2,97.4,0.186,False,604,88.1,91.9,0.679,True
670990,Yohan Ramírez,SL,23,81.4,97.0,0.16,False,604,88.1,91.9,0.679,True
670990,Yohan Ramírez,ST,147,86.5,92.5,0.553,True,604,88.1,91.9,0.679,True
671096,Andrew Abbott,CH,526,99.8,99.8,0.861,True,2674,106.1,105.5,0.903,True
671096,Andrew Abbott,CU,308,108.2,106.2,0.758,True,2674,106.1,105.5,0.903,True
671096,Andrew Abbott,FC,115,97.0,98.7,0.438,True,2674,106.1,105.5,0.903,True
671096,Andrew Abbott,FF,1260,105.6,104.7,0.838,True,2674,106.1,105.5,0.903,True
671096,Andrew Abbott,ST,465,108.7,106.9,0.796,True,2674,106.1,105.5,0.903,True
671106,Logan Allen,CH,165,103.1,102.0,0.66,True,2309,92.9,93.7,0.89,True
671106,Logan Allen,FC,291,99.7,99.8,0.664,True,2309,92.9,93.7,0.89,True
671106,Logan Allen,FF,872,99.5,99.6,0.781,True,2309,92.9,93.7,0.89,True
671106,Logan Allen,SI,358,99.4,99.6,0.671,True,2309,92.9,93.7,0.89,True
671106,Logan Allen,SL,4,165.0,,0.032,False,2309,92.9,93.7,0.89,True
671106,Logan Allen,ST,619,87.5,89.5,0.839,True,2309,92.9,93.7,0.89,True
671109,Jake Eder,CH,53,70.7,88.7,0.384,False,302,82.7,91.1,0.514,False
671109,Jake Eder,FF,135,91.1,96.8,0.356,True,302,82.7,91.1,0.514,False
671109,Jake Eder,SL,55,109.6,103.0,0.313,False,302,82.7,91.1,0.514,False
671109,Jake Eder,ST,59,80.2,93.4,0.332,False,302,82.7,91.1,0.514,False
671111,Sammy Peralta,CH,16,107.2,101.1,0.159,False,153,111.6,104.0,0.348,False
671111,Sammy Peralta,FF,13,127.4,,0.051,False,153,111.6,104.0,0.348,False
671111,Sammy Peralta,SI,49,109.6,102.1,0.219,False,153,111.6,104.0,0.348,False
671111,Sammy Peralta,SL,74,94.4,97.9,0.38,False,153,111.6,104.0,0.348,False
671111,Sammy Peralta,ST,1,178.0,,0.008,False,153,111.6,104.0,0.348,False
671131,Jackson Rutledge,FC,175,95.9,97.8,0.543,True,1337,91.3,92.8,0.824,True
671131,Jackson Rutledge,FF,250,100.1,100.1,0.506,True,1337,91.3,92.8,0.824,True
671131,Jackson Rutledge,FS,124,71.3,82.6,0.605,True,1337,91.3,92.8,0.824,True
671131,Jackson Rutledge,SI,437,110.5,107.5,0.714,True,1337,91.3,92.8,0.824,True
671131,Jackson Rutledge,SL,351,77.7,83.4,0.744,True,1337,91.3,92.8,0.824,True
671212,Joe Boyle,FF,452,88.1,92.3,0.649,True,932,89.5,92.0,0.765,True
671212,Joe Boyle,FS,152,84.5,89.9,0.653,True,932,89.5,92.0,0.765,True
671212,Joe Boyle,SL,327,102.6,101.9,0.731,True,932,89.5,92.0,0.765,True
671212,Joe Boyle,ST,1,22.2,,0.008,False,932,89.5,92.0,0.765,True
671305,Michel Otañez,FF,51,56.9,92.5,0.173,False,121,44.9,83.6,0.297,False
671305,Michel Otañez,SI,27,80.5,97.4,0.134,False,121,44.9,83.6,0.297,False
671305,Michel Otañez,SL,43,60.1,89.5,0.263,False,121,44.9,83.6,0.297,False
671737,Taj Bradley,CU,334,92.9,94.5,0.772,True,2193,90.2,91.3,0.885,True
671737,Taj Bradley,FC,496,93.8,95.2,0.771,True,2193,90.2,91.3,0.885,True
671737,Taj Bradley,FF,843,100.0,100.0,0.776,True,2193,90.2,91.3,0.885,True
671737,Taj Bradley,FS,327,98.2,98.6,0.802,True,2193,90.2,91.3,0.885,True
671737,Taj Bradley,SI,193,100.9,100.5,0.524,True,2193,90.2,91.3,0.885,True
671922,Cade Smith,FF,821,104.1,103.2,0.771,True,940,103.1,102.4,0.767,True
671922,Cade Smith,FS,18,112.5,102.3,0.182,False,940,103.1,102.4,0.767,True
671922,Cade Smith,ST,101,92.4,96.5,0.459,True,940,103.1,102.4,0.767,True
672282,Reid Detmers,CH,1,172.4,,0.012,False,1043,118.6,114.6,0.785,True
672282,Reid Detmers,CU,225,107.3,105.1,0.696,True,1043,118.6,114.6,0.785,True
672282,Reid Detmers,FF,471,110.2,106.7,0.659,True,1043,118.6,114.6,0.785,True
672282,Reid Detmers,SI,23,120.4,102.4,0.116,False,1043,118.6,114.6,0.785,True
672282,Reid Detmers,SL,323,113.1,109.5,0.728,True,1043,118.6,114.6,0.785,True
672335,Cionel Pérez,FC,7,83.9,,0.045,False,402,64.3,79.1,0.584,False
672335,Cionel Pérez,FF,41,81.1,97.3,0.144,False,402,64.3,79.1,0.584,False
672335,Cionel Pérez,SI,174,69.8,85.0,0.498,True,402,64.3,79.1,0.584,False
672335,Cionel Pérez,SL,93,99.3,99.7,0.436,False,402,64.3,79.1,0.584,False
672335,Cionel Pérez,SV,87,70.6,93.1,0.233,False,402,64.3,79.1,0.584,False
672391,Kaleb Ort,CH,65,83.1,92.7,0.434,False,788,83.6,88.0,0.734,True
672391,Kaleb Ort,FC,112,98.4,99.3,0.432,True,788,83.6,88.0,0.734,True
672391,Kaleb Ort,FF,428,88.0,92.4,0.637,True,788,83.6,88.0,0.734,True
672391,Kaleb Ort,ST,183,97.5,98.5,0.606,True,788,83.6,88.0,0.734,True
672456,Keider Montero,CH,185,88.3,92.0,0.686,True,1461,107.2,106.0,0.836,True
672456,Keider Montero,FF,450,103.4,102.2,0.648,True,1461,107.2,106.0,0.836,True
672456,Keider Montero,KC,213,108.9,105.8,0.648,True,1461,107.2,106.0,0.836,True
672456,Keider Montero,SI,291,107.4,104.6,0.624,True,1461,107.2,106.0,0.836,True
672456,Keider Montero,SL,322,109.2,106.7,0.728,True,1461,107.2,106.0,0.836,True
672578,Carlos Hernández,FF,381,104.5,102.7,0.61,True,709,100.6,100.4,0.712,True
672578,Carlos Hernández,FS,120,96.1,97.7,0.597,True,709,100.6,100.4,0.712,True
672578,Carlos Hernández,KC,49,94.4,98.3,0.297,False,709,100.6,100.4,0.712,True
672578,Carlos Hernández,SI,14,75.8,,0.074,False,709,100.6,100.4,0.712,True
672578,Carlos Hernández,SL,145,97.4,98.6,0.546,True,709,100.6,100.4,0.712,True
672582,Angel Zerpa,CH,37,96.2,98.8,0.304,False,1059,106.1,104.8,0.787,True
672582,Angel Zerpa,FF,215,103.1,101.5,0.468,True,1059,106.1,104.8,0.787,True
672582,Angel Zerpa,SI,469,109.8,107.1,0.728,True,1059,106.1,104.8,0.787,True
672582,Angel Zerpa,SL,338,90.4,92.9,0.737,True,1059,106.1,104.8,0.787,True
672710,Roansy Contreras,CH,22,71.7,94.2,0.206,False,197,100.7,100.3,0.408,False
672710,Roansy Contreras,CU,33,93.1,98.3,0.251,False,197,100.7,100.3,0.408,False
672710,Roansy Contreras,FF,83,112.1,103.1,0.254,False,197,100.7,100.3,0.408,False
672710,Roansy Contreras,SI,22,86.7,98.5,0.112,False,197,100.7,100.3,0.408,False
672710,Roansy Contreras,SL,37,110.3,102.4,0.235,False,197,100.7,100.3,0.408,False
672782,Yoendrys Gómez,CH,84,94.9,97.5,0.497,False,1083,85.2,88.3,0.791,True
672782,Yoendrys Gómez,CU,156,79.9,87.7,0.613,True,1083,85.2,88.3,0.791,True
672782,Yoendrys Gómez,FC,75,76.5,92.1,0.337,False,1083,85.2,88.3,0.791,True
672782,Yoendrys Gómez,FF,360,97.5,98.5,0.596,True,1083,85.2,88.3,0.791,True
672782,Yoendrys Gómez,SI,212,97.3,98.5,0.548,True,1083,85.2,88.3,0.791,True
672782,Yoendrys Gómez,SL,15,128.4,103.1,0.111,False,1083,85.2,88.3,0.791,True
672782,Yoendrys Gómez,ST,181,90.1,94.0,0.604,True,1083,85.2,88.3,0.791,True
672841,Carlos Vargas,CH,28,101.6,100.4,0.248,False,1014,96.6,97.3,0.78,True
672841,Carlos Vargas,FC,119,101.4,100.6,0.447,True,1014,96.6,97.3,0.78,True
672841,Carlos Vargas,FF,40,87.0,98.2,0.141,False,1014,96.6,97.3,0.78,True
672841,Carlos Vargas,SI,642,98.8,99.1,0.786,True,1014,96.6,97.3,0.78,True
672841,Carlos Vargas,SL,185,99.8,99.9,0.606,True,1014,96.6,97.3,0.78,True
673380,Dedniel Núñez,CH,2,-68.7,,0.023,False,183,81.0,92.6,0.39,False
673380,Dedniel Núñez,FF,96,83.5,95.3,0.282,False,183,81.0,92.6,0.39,False
673380,Dedniel Núñez,SL,85,91.1,96.3,0.414,False,183,81.0,92.6,0.39,False
673513,Yuki Matsui,CU,2,81.9,,0.02,False,992,94.5,95.7,0.776,True
673513,Yuki Matsui,FF,404,95.2,97.0,0.623,True,992,94.5,95.7,0.776,True
673513,Yuki Matsui,FS,296,90.1,92.2,0.785,True,992,94.5,95.7,0.776,True
673513,Yuki Matsui,SI,16,68.2,97.3,0.084,False,992,94.5,95.7,0.776,True
673513,Yuki Matsui,SL,167,114.0,108.1,0.581,True,992,94.5,95.7,0.776,True
673513,Yuki Matsui,ST,107,102.9,101.4,0.474,True,992,94.5,95.7,0.776,True
673540,Kodai Senga,CU,32,60.3,90.3,0.245,False,1848,83.1,85.4,0.866,True
673540,Kodai Senga,FC,389,97.7,98.3,0.725,True,1848,83.1,85.4,0.866,True
673540,Kodai Senga,FF,596,100.4,100.3,0.71,True,1848,83.1,85.4,0.866,True
673540,Kodai Senga,FO,491,,,0.632,True,1848,83.1,85.4,0.866,True
673540,Kodai Senga,SI,114,52.6,81.3,0.394,True,1848,83.1,85.4,0.866,True
673540,Kodai Senga,SL,78,87.3,95.0,0.393,False,1848,83.1,85.4,0.866,True
673540,Kodai Senga,ST,148,97.7,98.7,0.555,True,1848,83.1,85.4,0.866,True
673929,Jordan Leasure,FF,590,84.7,89.2,0.707,True,1080,90.1,92.2,0.791,True
673929,Jordan Leasure,FS,7,114.6,,0.08,False,1080,90.1,92.2,0.791,True
673929,Jordan Leasure,SI,14,77.4,,0.074,False,1080,90.1,92.2,0.791,True
673929,Jordan Leasure,SL,469,100.3,100.2,0.796,True,1080,90.1,92.2,0.791,True
674072,Tommy Henry,CH,25,64.1,91.8,0.228,False,107,104.6,101.3,0.272,False
674072,Tommy Henry,CU,30,128.8,106.7,0.234,False,107,104.6,101.3,0.272,False
674072,Tommy Henry,FF,27,96.4,99.6,0.1,False,107,104.6,101.3,0.272,False
674072,Tommy Henry,SI,2,148.0,,0.011,False,107,104.6,101.3,0.272,False
674072,Tommy Henry,SL,23,116.8,102.7,0.16,False,107,104.6,101.3,0.272,False
674285,Eduardo Salazar,CH,5,42.7,,0.056,False,484,84.5,90.3,0.628,False
674285,Eduardo Salazar,FF,102,90.6,97.2,0.295,True,484,84.5,90.3,0.628,False
674285,Eduardo Salazar,SI,218,92.2,95.7,0.554,True,484,84.5,90.3,0.628,False
674285,Eduardo Salazar,SL,159,86.3,92.2,0.569,True,484,84.5,90.3,0.628,False
674370,Osvaldo Bido,CH,141,89.7,93.6,0.624,True,1298,98.3,98.6,0.819,True
674370,Osvaldo Bido,FC,78,90.8,96.8,0.346,False,1298,98.3,98.6,0.819,True
674370,Osvaldo Bido,FF,486,95.0,96.7,0.666,True,1298,98.3,98.6,0.819,True
674370,Osvaldo Bido,SI,204,103.1,101.7,0.538,True,1298,98.3,98.6,0.819,True
674370,Osvaldo Bido,SL,389,105.7,104.4,0.763,True,1298,98.3,98.6,0.819,True
674384,Eduarniel Núñez,CU,6,115.3,,0.057,False,249,77.2,89.4,0.465,False
674384,Eduarniel Núñez,FF,155,77.3,91.2,0.389,True,249,77.2,89.4,0.465,False
674384,Eduarniel Núñez,SL,88,93.2,97.1,0.422,False,249,77.2,89.4,0.465,False
674444,Steven Cruz,FC,164,91.2,95.4,0.527,True,642,83.8,88.8,0.692,True
674444,Steven Cruz,FF,322,89.5,94.0,0.569,True,642,83.8,88.8,0.692,True
674444,Steven Cruz,SL,156,95.7,97.6,0.564,True,642,83.8,88.8,0.692,True
674841,Andrew Alvarez,CH,22,111.5,102.4,0.206,False,414,108.5,105.0,0.591,False
674841,Andrew Alvarez,CU,112,109.1,104.8,0.532,True,414,108.5,105.0,0.591,False
674841,Andrew Alvarez,FF,142,98.7,99.5,0.368,True,414,108.5,105.0,0.591,False
674841,Andrew Alvarez,SI,19,105.6,100.5,0.098,False,414,108.5,105.0,0.591,False
674841,Andrew Alvarez,SL,119,104.7,102.3,0.497,True,414,108.5,105.0,0.591,False
674944,Sean Guenther,FF,4,88.1,,0.016,False,154,95.8,98.5,0.35,False
674944,Sean Guenther,FS,34,74.9,92.6,0.296,False,154,95.8,98.5,0.35,False
674944,Sean Guenther,SI,63,114.7,103.9,0.264,False,154,95.8,98.5,0.35,False
674944,Sean Guenther,SL,53,87.5,96.2,0.305,False,154,95.8,98.5,0.35,False
675512,Troy Melton,CH,52,95.8,98.4,0.38,False,655,99.2,99.4,0.696,True
675512,Troy Melton,CU,35,88.8,97.1,0.262,False,655,99.2,99.4,0.696,True
675512,Troy Melton,FC,71,92.8,97.7,0.325,False,655,99.2,99.4,0.696,True
675512,Troy Melton,FF,274,100.2,100.1,0.529,True,655,99.2,99.4,0.696,True
675512,Troy Melton,SI,69,104.3,101.2,0.283,False,655,99.2,99.4,0.696,True
675512,Troy Melton,SL,154,105.1,102.9,0.561,True,655,99.2,99.4,0.696,True
675848,Juan Mejia,CH,1,142.3,,0.012,False,1074,86.5,89.3,0.79,True
675848,Juan Mejia,FF,721,88.3,91.3,0.747,True,1074,86.5,89.3,0.79,True
675848,Juan Mejia,ST,352,98.0,98.5,0.747,True,1074,86.5,89.3,0.79,True
675911,Spencer Strider,CH,97,68.9,83.4,0.533,False,2110,95.0,95.6,0.881,True
675911,Spencer Strider,CU,188,85.7,90.6,0.656,True,2110,95.0,95.6,0.881,True
675911,Spencer Strider,FF,1081,103.3,102.7,0.816,True,2110,95.0,95.6,0.881,True
675911,Spencer Strider,SL,744,89.5,91.0,0.861,True,2110,95.0,95.6,0.881,True
676083,Janson Junk,CH,127,98.3,99.0,0.599,True,1621,123.2,119.7,0.85,True
676083,Janson Junk,CU,190,107.7,105.1,0.659,True,1621,123.2,119.7,0.85,True
676083,Janson Junk,FF,611,110.2,107.3,0.715,True,1621,123.2,119.7,0.85,True
676083,Janson Junk,SL,446,123.5,118.5,0.787,True,1621,123.2,119.7,0.85,True
676083,Janson Junk,ST,247,118.3,112.4,0.675,True,1621,123.2,119.7,0.85,True
676092,Collin Snider,FC,99,103.9,101.6,0.402,False,425,118.0,110.8,0.598,False
676092,Collin Snider,FF,102,119.7,105.8,0.295,True,425,118.0,110.8,0.598,False
676092,Collin Snider,SI,53,109.7,102.3,0.232,False,425,118.0,110.8,0.598,False
676092,Collin Snider,ST,120,110.5,105.3,0.502,True,425,118.0,110.8,0.598,False
676092,Collin Snider,SV,51,135.0,105.3,0.151,False,425,118.0,110.8,0.598,False
676106,Emerson Hancock,CH,285,92.5,94.2,0.771,True,1384,92.8,94.0,0.829,True
676106,Emerson Hancock,FC,1,37.9,,0.007,False,1384,92.8,94.0,0.829,True
676106,Emerson Hancock,FF,378,103.7,102.2,0.608,True,1384,92.8,94.0,0.829,True
676106,Emerson Hancock,SI,516,96.5,97.4,0.747,True,1384,92.8,94.0,0.829,True
676106,Emerson Hancock,SL,162,85.9,91.9,0.573,True,1384,92.8,94.0,0.829,True
676106,Emerson Hancock,ST,42,92.9,98.1,0.261,False,1384,92.8,94.0,0.829,True
676130,José Buttó,CH,165,92.5,95.0,0.66,True,1067,89.6,91.8,0.789,True
676130,José Buttó,FF,329,90.4,94.5,0.574,True,1067,89.6,91.8,0.789,True
676130,José Buttó,SI,185,94.4,97.1,0.514,True,1067,89.6,91.8,0.789,True
676130,José Buttó,SL,315,92.8,94.8,0.723,True,1067,89.6,91.8,0.789,True
676130,José Buttó,ST,73,92.1,97.0,0.38,False,1067,89.6,91.8,0.789,True
676206,Freddy Tarnok,CH,32,75.7,93.3,0.274,False,130,97.0,99.1,0.312,False
676206,Freddy Tarnok,CU,23,87.6,97.7,0.189,False,130,97.0,99.1,0.312,False
676206,Freddy Tarnok,FF,44,104.5,100.7,0.153,False,130,97.0,99.1,0.312,False
676206,Freddy Tarnok,SI,9,146.7,,0.049,False,130,97.0,99.1,0.312,False
676206,Freddy Tarnok,SL,22,111.5,101.8,0.154,False,130,97.0,99.1,0.312,False
676254,Ryan Walker,CH,4,-35.8,,0.045,False,987,92.1,93.9,0.775,True
676254,Ryan Walker,FF,2,-104.1,,0.008,False,987,92.1,93.9,0.775,True
676254,Ryan Walker,SI,613,100.0,100.0,0.778,True,987,92.1,93.9,0.775,True
676254,Ryan Walker,SL,368,84.3,88.2,0.753,True,987,92.1,93.9,0.775,True
676263,Jack Dreyer,CU,93,96.8,98.4,0.486,False,1115,95.9,96.7,0.796,True
676263,Jack Dreyer,FF,504,95.1,96.7,0.674,True,1115,95.9,96.7,0.796,True
676263,Jack Dreyer,SL,518,94.0,95.1,0.811,True,1115,95.9,96.7,0.796,True
676272,Bobby Miller,CH,15,26.0,88.9,0.15,False,115,103.6,101.0,0.287,False
676272,Bobby Miller,CU,32,118.7,104.6,0.245,False,115,103.6,101.0,0.287,False
676272,Bobby Miller,FF,31,120.3,102.3,0.113,False,115,103.6,101.0,0.287,False
676272,Bobby Miller,SI,26,107.9,101.0,0.129,False,115,103.6,101.0,0.287,False
676272,Bobby Miller,SL,11,109.5,,0.084,False,115,103.6,101.0,0.287,False
676282,Joey Cantillo,CH,482,91.2,92.5,0.85,True,1600,92.5,93.6,0.848,True
676282,Joey Cantillo,CU,305,104.8,103.6,0.756,True,1600,92.5,93.6,0.848,True
676282,Joey Cantillo,FF,671,95.6,96.8,0.733,True,1600,92.5,93.6,0.848,True
676282,Joey Cantillo,SL,142,97.3,98.5,0.541,True,1600,92.5,93.6,0.848,True
676395,Robert Garcia,CH,250,101.8,101.3,0.747,True,900,94.9,96.1,0.759,True
676395,Robert Garcia,FF,402,91.3,94.6,0.622,True,900,94.9,96.1,0.759,True
676395,Robert Garcia,SL,248,96.7,97.8,0.673,True,900,94.9,96.1,0.759,True
676428,Brant Hurter,CH,101,78.5,88.3,0.543,True,971,73.6,79.6,0.772,True
676428,Brant Hurter,FF,52,81.8,96.8,0.176,False,971,73.6,79.6,0.772,True
676428,Brant Hurter,SI,509,87.4,90.6,0.744,True,971,73.6,79.6,0.772,True
676428,Brant Hurter,ST,309,83.3,87.9,0.722,True,971,73.6,79.6,0.772,True
676440,Tanner Bibee,CH,443,90.5,92.0,0.839,True,2885,97.5,97.7,0.91,True
676440,Tanner Bibee,CU,152,114.7,108.9,0.607,True,2885,97.5,97.7,0.91,True
676440,Tanner Bibee,FC,605,100.7,100.6,0.804,True,2885,97.5,97.7,0.91,True
676440,Tanner Bibee,FF,785,97.5,98.1,0.763,True,2885,97.5,97.7,0.91,True
676440,Tanner Bibee,SI,443,105.9,104.2,0.717,True,2885,97.5,97.7,0.91,True
676440,Tanner Bibee,ST,457,106.2,104.9,0.794,True,2885,97.5,97.7,0.91,True
676467,Colton Gordon,CH,114,100.8,100.5,0.573,True,1451,109.2,107.7,0.835,True
676467,Colton Gordon,CU,148,102.7,101.6,0.601,True,1451,109.2,107.7,0.835,True
676467,Colton Gordon,FF,595,107.7,105.5,0.709,True,1451,109.2,107.7,0.835,True
676467,Colton Gordon,SI,157,99.1,99.6,0.473,True,1451,109.2,107.7,0.835,True
676467,Colton Gordon,SL,41,102.8,100.7,0.254,False,1451,109.2,107.7,0.835,True
676467,Colton Gordon,ST,396,109.6,107.4,0.769,True,1451,109.2,107.7,0.835,True
676477,Garrett Whitlock,CH,235,114.3,110.5,0.735,True,1132,110.3,108.2,0.798,True
676477,Garrett Whitlock,SI,530,104.8,103.6,0.752,True,1132,110.3,108.2,0.798,True
676477,Garrett Whitlock,SL,356,98.2,98.7,0.747,True,1132,110.3,108.2,0.798,True
676477,Garrett Whitlock,ST,11,91.3,,0.085,False,1132,110.3,108.2,0.798,True
676508,Ben Casparius,CU,175,100.0,100.0,0.64,True,1213,108.1,106.6,0.809,True
676508,Ben Casparius,FC,273,106.1,104.0,0.649,True,1213,108.1,106.6,0.809,True
676508,Ben Casparius,FF,361,98.5,99.1,0.597,True,1213,108.1,106.6,0.809,True
676508,Ben Casparius,SI,16,106.6,100.6,0.084,False,1213,108.1,106.6,0.809,True
676508,Ben Casparius,ST,388,117.8,113.6,0.765,True,1213,108.1,106.6,0.809,True
676534,Calvin Faucher,CH,1,86.1,,0.012,False,1007,87.0,89.9,0.779,True
676534,Calvin Faucher,CU,152,80.3,88.0,0.607,True,1007,87.0,89.9,0.779,True
676534,Calvin Faucher,FC,368,106.5,104.6,0.714,True,1007,87.0,89.9,0.779,True
676534,Calvin Faucher,FF,170,89.6,95.7,0.411,True,1007,87.0,89.9,0.779,True
676534,Calvin Faucher,SI,129,77.9,90.6,0.424,True,1007,87.0,89.9,0.779,True
676534,Calvin Faucher,SL,4,165.8,,0.032,False,1007,87.0,89.9,0.779,True
676534,Calvin Faucher,ST,183,99.7,99.8,0.606,True,1007,87.0,89.9,0.779,True
676571,Pj Poulin,CH,94,85.1,92.2,0.526,False,419,97.5,98.5,0.594,False
676571,Pj Poulin,FF,186,102.8,101.2,0.433,True,419,97.5,98.5,0.594,False
676571,Pj Poulin,SI,38,125.0,104.5,0.178,False,419,97.5,98.5,0.594,False
676571,Pj Poulin,ST,101,94.5,97.5,0.459,True,419,97.5,98.5,0.594,False
676604,Tyler Zuber,CH,17,109.0,101.5,0.167,False,245,113.4,106.2,0.461,False
676604,Tyler Zuber,FC,5,145.7,,0.033,False,245,113.4,106.2,0.461,False
676604,Tyler Zuber,FF,68,92.9,98.5,0.218,False,245,113.4,106.2,0.461,False
676604,Tyler Zuber,SI,30,111.4,101.7,0.146,False,245,113.4,106.2,0.461,False
676604,Tyler Zuber,SL,41,118.5,104.7,0.254,False,245,113.4,106.2,0.461,False
676604,Tyler Zuber,ST,84,109.1,103.8,0.414,False,245,113.4,106.2,0.461,False
676617,Riley O'Brien,CH,1,138.8,,0.012,False,758,88.9,91.9,0.726,True
676617,Riley O'Brien,SI,366,91.5,94.3,0.676,True,758,88.9,91.9,0.726,True
676617,Riley O'Brien,SL,230,97.5,98.4,0.656,True,758,88.9,91.9,0.726,True
676617,Riley O'Brien,ST,161,83.4,90.5,0.575,True,758,88.9,91.9,0.726,True
676661,Max Lazar,FC,99,106.5,102.6,0.402,False,643,107.4,105.1,0.692,True
676661,Max Lazar,FF,357,108.1,104.8,0.594,True,643,107.4,105.1,0.692,True
676661,Max Lazar,FS,18,89.5,98.1,0.182,False,643,107.4,105.1,0.692,True
676661,Max Lazar,KC,169,107.0,104.2,0.593,True,643,107.4,105.1,0.692,True
676664,Jp Sears,CH,348,94.3,95.4,0.804,True,2275,100.8,100.7,0.888,True
676664,Jp Sears,CU,75,92.2,96.6,0.433,False,2275,100.8,100.7,0.888,True
676664,Jp Sears,FC,16,98.3,99.8,0.098,False,2275,100.8,100.7,0.888,True
676664,Jp Sears,FF,918,101.7,101.3,0.79,True,2275,100.8,100.7,0.888,True
676664,Jp Sears,SI,152,103.8,101.8,0.465,True,2275,100.8,100.7,0.888,True
676664,Jp Sears,SL,153,106.4,103.6,0.559,True,2275,100.8,100.7,0.888,True
676664,Jp Sears,ST,613,101.0,100.8,0.838,True,2275,100.8,100.7,0.888,True
676684,Will Vest,CH,83,104.9,102.4,0.494,False,1117,111.2,108.9,0.796,True
676684,Will Vest,FF,581,107.4,105.2,0.704,True,1117,111.2,108.9,0.796,True
676684,Will Vest,SI,186,108.0,104.1,0.515,True,1117,111.2,108.9,0.796,True
676684,Will Vest,SL,267,103.7,102.5,0.689,True,1117,111.2,108.9,0.796,True
676702,Hunter Stratton,FC,73,102.5,100.8,0.331,False,343,98.7,99.3,0.545,False
676702,Hunter Stratton,FF,160,100.5,100.2,0.396,True,343,98.7,99.3,0.545,False
676702,Hunter Stratton,FS,4,83.8,,0.047,False,343,98.7,99.3,0.545,False
676702,Hunter Stratton,SI,7,104.6,,0.038,False,343,98.7,99.3,0.545,False
676702,Hunter Stratton,SL,99,95.9,98.2,0.451,False,343,98.7,99.3,0.545,False
676742,Cam Sanders,CH,18,103.8,100.7,0.175,False,147,89.1,96.3,0.339,False
676742,Cam Sanders,FF,77,90.6,97.7,0.24,False,147,89.1,96.3,0.339,False
676742,Cam Sanders,SL,37,86.3,96.8,0.235,False,147,89.1,96.3,0.339,False
676742,Cam Sanders,ST,15,95.6,99.5,0.112,False,147,89.1,96.3,0.339,False
676755,Isaac Mattson,CH,87,96.8,98.4,0.506,False,754,92.3,94.4,0.725,True
676755,Isaac Mattson,CU,9,119.3,,0.084,False,754,92.3,94.4,0.725,True
676755,Isaac Mattson,FF,593,95.6,96.9,0.709,True,754,92.3,94.4,0.725,True
676755,Isaac Mattson,SL,65,94.4,98.0,0.35,False,754,92.3,94.4,0.725,True
676760,Ron Marinaccio,CH,35,109.6,102.8,0.292,False,164,103.5,101.3,0.364,False
676760,Ron Marinaccio,FC,32,121.9,103.9,0.178,False,164,103.5,101.3,0.364,False
676760,Ron Marinaccio,FF,79,95.1,98.8,0.245,False,164,103.5,101.3,0.364,False
676760,Ron Marinaccio,ST,18,92.6,99.0,0.131,False,164,103.5,101.3,0.364,False
676775,Keaton Winn,FF,43,102.5,100.4,0.15,False,165,109.8,103.6,0.366,False
676775,Keaton Winn,FS,72,117.5,108.2,0.471,False,165,109.8,103.6,0.366,False
676775,Keaton Winn,SI,42,97.5,99.5,0.193,False,165,109.8,103.6,0.366,False
676775,Keaton Winn,SL,8,61.4,,0.062,False,165,109.8,103.6,0.366,False
676879,Aaron Ashby,CH,122,94.5,96.8,0.59,True,1033,93.0,94.5,0.783,True
676879,Aaron Ashby,CU,273,97.6,98.2,0.735,True,1033,93.0,94.5,0.783,True
676879,Aaron Ashby,FF,24,88.8,99.0,0.09,False,1033,93.0,94.5,0.783,True
676879,Aaron Ashby,SI,530,102.2,101.7,0.752,True,1033,93.0,94.5,0.783,True
676879,Aaron Ashby,SL,84,56.2,82.0,0.411,False,1033,93.0,94.5,0.783,True
676917,Cade Cavalli,CH,107,107.3,104.1,0.558,True,788,94.6,96.0,0.734,True
676917,Cade Cavalli,FC,63,100.1,100.0,0.299,False,788,94.6,96.0,0.734,True
676917,Cade Cavalli,FF,232,96.2,98.1,0.487,True,788,94.6,96.0,0.734,True
676917,Cade Cavalli,KC,240,97.3,98.2,0.674,True,788,94.6,96.0,0.734,True
676917,Cade Cavalli,SI,146,96.6,98.5,0.455,True,788,94.6,96.0,0.734,True
676961,Caleb Boushley,CH,98,97.4,98.6,0.536,False,742,110.3,107.4,0.722,True
676961,Caleb Boushley,CU,54,101.0,100.4,0.354,False,742,110.3,107.4,0.722,True
676961,Caleb Boushley,FC,140,102.5,101.2,0.487,True,742,110.3,107.4,0.722,True
676961,Caleb Boushley,FF,144,112.8,104.8,0.371,True,742,110.3,107.4,0.722,True
676961,Caleb Boushley,SI,207,109.4,105.1,0.542,True,742,110.3,107.4,0.722,True
676961,Caleb Boushley,SL,99,119.6,108.8,0.451,False,742,110.3,107.4,0.722,True
676962,Ben Brown,CH,72,75.8,88.9,0.459,False,1617,99.1,99.2,0.85,True
676962,Ben Brown,FF,903,101.8,101.4,0.787,True,1617,99.1,99.2,0.85,True
676962,Ben Brown,KC,642,102.5,102.1,0.847,True,1617,99.1,99.2,0.85,True
676974,Max Meyer,CH,169,106.3,104.2,0.666,True,932,110.4,108.0,0.765,True
676974,Max Meyer,FF,208,104.0,101.8,0.46,True,932,110.4,108.0,0.765,True
676974,Max Meyer,SI,123,97.4,98.9,0.412,True,932,110.4,108.0,0.765,True
676974,Max Meyer,SL,326,104.3,103.1,0.73,True,932,110.4,108.0,0.765,True
676974,Max Meyer,ST,106,113.5,106.4,0.471,True,932,110.4,108.0,0.765,True
676979,Garrett Crochet,CH,118,92.0,95.3,0.582,True,3138,94.4,94.9,0.916,True
676979,Garrett Crochet,FC,859,105.3,104.5,0.854,True,3138,94.4,94.9,0.916,True
676979,Garrett Crochet,FF,1129,95.7,96.5,0.822,True,3138,94.4,94.9,0.916,True
676979,Garrett Crochet,FS,1,170.9,,0.012,False,3138,94.4,94.9,0.916,True
676979,Garrett Crochet,SI,514,101.7,101.3,0.746,True,3138,94.4,94.9,0.916,True
676979,Garrett Crochet,ST,517,93.0,94.3,0.813,True,3138,94.4,94.9,0.916,True
677161,Zack Kelly,CH,67,85.7,93.7,0.441,False,558,99.5,99.7,0.661,True
677161,Zack Kelly,CU,6,153.5,,0.057,False,558,99.5,99.7,0.661,True
677161,Zack Kelly,FC,181,109.0,105.0,0.551,True,558,99.5,99.7,0.661,True
677161,Zack Kelly,FF,110,90.9,97.2,0.311,True,558,99.5,99.7,0.661,True
677161,Zack Kelly,SI,86,102.5,100.8,0.329,False,558,99.5,99.7,0.661,True
677161,Zack Kelly,ST,108,108.6,104.1,0.476,True,558,99.5,99.7,0.661,True
677651,Luis García,CH,5,172.0,,0.056,False,106,92.1,97.9,0.27,False
677651,Luis García,CU,13,78.9,,0.117,False,106,92.1,97.9,0.27,False
677651,Luis García,FC,27,66.6,94.8,0.155,False,106,92.1,97.9,0.27,False
677651,Luis García,FF,52,115.1,102.7,0.176,False,106,92.1,97.9,0.27,False
677651,Luis García,ST,9,100.6,,0.07,False,106,92.1,97.9,0.27,False
677865,Justin Bruihl,FC,16,71.7,97.2,0.098,False,213,99.5,99.8,0.427,False
677865,Justin Bruihl,SI,111,98.3,99.3,0.388,True,213,99.5,99.8,0.427,False
677865,Justin Bruihl,ST,86,110.4,104.4,0.42,False,213,99.5,99.8,0.427,False
677944,Slade Cecconi,CH,155,87.3,91.8,0.646,True,2063,112.2,110.7,0.878,True
677944,Slade Cecconi,CU,340,101.7,101.3,0.776,True,2063,112.2,110.7,0.878,True
677944,Slade Cecconi,FC,63,104.5,101.3,0.299,False,2063,112.2,110.7,0.878,True
677944,Slade Cecconi,FF,900,116.5,113.0,0.787,True,2063,112.2,110.7,0.878,True
677944,Slade Cecconi,SI,226,105.0,102.8,0.563,True,2063,112.2,110.7,0.878,True
677944,Slade Cecconi,SL,375,103.2,102.4,0.757,True,2063,112.2,110.7,0.878,True
677944,Slade Cecconi,ST,4,157.6,,0.033,False,2063,112.2,110.7,0.878,True
677952,Braxton Ashcraft,CH,36,96.3,98.9,0.298,False,1102,101.9,101.5,0.794,True
677952,Braxton Ashcraft,CU,232,88.8,92.1,0.702,True,1102,101.9,101.5,0.794,True
677952,Braxton Ashcraft,FF,327,99.2,99.5,0.573,True,1102,101.9,101.5,0.794,True
677952,Braxton Ashcraft,SI,163,105.3,102.6,0.482,True,1102,101.9,101.5,0.794,True
677952,Braxton Ashcraft,SL,344,106.7,105.0,0.741,True,1102,101.9,101.5,0.794,True
677955,Jaden Hill,CH,120,88.9,93.5,0.586,True,488,86.4,91.4,0.63,False
677955,Jaden Hill,FF,111,95.1,98.5,0.313,True,488,86.4,91.4,0.63,False
677955,Jaden Hill,SI,138,98.7,99.4,0.441,True,488,86.4,91.4,0.63,False
677955,Jaden Hill,SL,119,80.0,90.1,0.497,True,488,86.4,91.4,0.63,False
677958,Kumar Rocker,CH,57,104.8,101.9,0.402,False,1016,88.6,91.1,0.78,True
677958,Kumar Rocker,CU,70,82.3,92.6,0.416,False,1016,88.6,91.1,0.78,True
677958,Kumar Rocker,FC,269,86.3,91.1,0.646,True,1016,88.6,91.1,0.78,True
677958,Kumar Rocker,FF,201,115.4,107.0,0.452,True,1016,88.6,91.1,0.78,True
677958,Kumar Rocker,SI,274,93.7,96.2,0.61,True,1016,88.6,91.1,0.78,True
677958,Kumar Rocker,SL,145,95.5,97.5,0.546,True,1016,88.6,91.1,0.78,True
677960,Ryan Weathers,CH,188,99.2,99.4,0.689,True,642,102.2,101.5,0.692,True
677960,Ryan Weathers,FF,291,104.7,102.6,0.544,True,642,102.2,101.5,0.692,True
677960,Ryan Weathers,SI,20,109.0,100.9,0.102,False,642,102.2,101.5,0.692,True
677960,Ryan Weathers,SL,23,127.5,104.4,0.16,False,642,102.2,101.5,0.692,True
677960,Ryan Weathers,ST,120,92.6,96.3,0.502,True,642,102.2,101.5,0.692,True
678020,Seth Halvorsen,FF,340,80.6,88.7,0.582,True,622,85.0,89.7,0.685,True
678020,Seth Halvorsen,FS,161,105.5,103.7,0.665,True,622,85.0,89.7,0.685,True
678020,Seth Halvorsen,SL,121,96.1,98.0,0.501,True,622,85.0,89.7,0.685,True
678022,Jack Perkins,CH,66,105.9,102.6,0.437,False,637,91.0,93.8,0.69,True
678022,Jack Perkins,CU,5,30.7,,0.048,False,637,91.0,93.8,0.69,True
678022,Jack Perkins,FC,90,108.2,103.1,0.379,False,637,91.0,93.8,0.69,True
678022,Jack Perkins,FF,267,82.1,90.6,0.523,True,637,91.0,93.8,0.69,True
678022,Jack Perkins,ST,209,104.1,102.6,0.637,True,637,91.0,93.8,0.69,True
678024,Mike Vasil,CH,193,103.5,102.4,0.695,True,1611,88.3,90.1,0.849,True
678024,Mike Vasil,CU,200,90.1,93.4,0.67,True,1611,88.3,90.1,0.849,True
678024,Mike Vasil,FC,80,72.5,90.3,0.352,False,1611,88.3,90.1,0.849,True
678024,Mike Vasil,FF,229,97.7,98.9,0.484,True,1611,88.3,90.1,0.849,True
678024,Mike Vasil,SI,650,96.2,97.0,0.788,True,1611,88.3,90.1,0.849,True
678024,Mike Vasil,ST,259,90.2,93.3,0.685,True,1611,88.3,90.1,0.849,True
678215,Luarbert Arias,FF,54,66.4,93.9,0.181,False,168,74.4,90.5,0.37,False
678215,Luarbert Arias,FS,26,96.5,99.1,0.243,False,168,74.4,90.5,0.37,False
678215,Luarbert Arias,SI,13,88.9,,0.069,False,168,74.4,90.5,0.37,False
678215,Luarbert Arias,SL,75,85.4,94.4,0.384,False,168,74.4,90.5,0.37,False
678226,Daysbel Hernández,FF,311,86.0,92.2,0.56,True,704,92.7,94.8,0.711,True
678226,Daysbel Hernández,SL,393,96.7,97.5,0.765,True,704,92.7,94.8,0.711,True
678368,Valente Bellozo,CH,191,94.6,96.3,0.692,True,1251,99.0,99.2,0.814,True
678368,Valente Bellozo,CU,56,98.7,99.5,0.363,False,1251,99.0,99.2,0.814,True
678368,Valente Bellozo,FC,440,108.7,106.5,0.749,True,1251,99.0,99.2,0.814,True
678368,Valente Bellozo,FF,360,99.8,99.9,0.596,True,1251,99.0,99.2,0.814,True
678368,Valente Bellozo,FS,12,75.4,,0.129,False,1251,99.0,99.2,0.814,True
678368,Valente Bellozo,ST,192,100.4,100.2,0.618,True,1251,99.0,99.2,0.814,True
678394,Brayan Bello,CH,396,94.7,95.6,0.824,True,2641,90.0,91.0,0.902,True
678394,Brayan Bello,FC,423,95.9,97.0,0.742,True,2641,90.0,91.0,0.902,True
678394,Brayan Bello,FF,392,104.9,103.0,0.616,True,2641,90.0,91.0,0.902,True
678394,Brayan Bello,SI,934,93.0,94.1,0.842,True,2641,90.0,91.0,0.902,True
678394,Brayan Bello,ST,496,97.6,98.1,0.807,True,2641,90.0,91.0,0.902,True
678495,Randy Rodríguez,FF,430,96.6,97.8,0.638,True,772,106.9,105.0,0.73,True
678495,Randy Rodríguez,SL,342,109.9,107.3,0.739,True,772,106.9,105.0,0.73,True
678606,José Ferrer,CH,255,90.6,92.9,0.75,True,1168,97.8,98.2,0.803,True
678606,José Ferrer,FF,105,100.6,100.2,0.301,True,1168,97.8,98.2,0.803,True
678606,José Ferrer,SI,725,104.5,103.6,0.805,True,1168,97.8,98.2,0.803,True
678606,José Ferrer,SL,83,79.1,91.5,0.408,False,1168,97.8,98.2,0.803,True
678692,Ronny Henriquez,CH,185,89.6,92.9,0.686,True,1122,101.7,101.4,0.797,True
678692,Ronny Henriquez,FF,335,101.0,100.6,0.579,True,1122,101.7,101.4,0.797,True
678692,Ronny Henriquez,SI,22,75.0,97.2,0.112,False,1122,101.7,101.4,0.797,True
678692,Ronny Henriquez,SL,260,98.6,99.0,0.683,True,1122,101.7,101.4,0.797,True
678692,Ronny Henriquez,ST,320,107.0,105.1,0.729,True,1122,101.7,101.4,0.797,True
678821,Luis Peralta,CH,8,67.2,,0.086,False,411,82.0,89.4,0.59,False
678821,Luis Peralta,CU,115,93.3,96.4,0.539,True,411,82.0,89.4,0.59,False
678821,Luis Peralta,FF,288,89.6,94.4,0.541,True,411,82.0,89.4,0.59,False
678906,Kai-Wei Teng,CH,59,80.2,91.9,0.41,False,573,78.6,85.7,0.667,True
678906,Kai-Wei Teng,CU,79,69.2,86.3,0.445,False,573,78.6,85.7,0.667,True
678906,Kai-Wei Teng,FF,143,94.3,97.9,0.37,True,573,78.6,85.7,0.667,True
678906,Kai-Wei Teng,SI,71,85.3,95.8,0.288,False,573,78.6,85.7,0.667,True
678906,Kai-Wei Teng,ST,221,90.8,94.0,0.65,True,573,78.6,85.7,0.667,True
679358,Eric Orze,FF,169,91.6,96.6,0.409,True,653,101.1,100.8,0.695,True
679358,Eric Orze,FS,312,103.4,102.7,0.794,True,653,101.1,100.8,0.695,True
679358,Eric Orze,SL,172,101.0,100.6,0.588,True,653,101.1,100.8,0.695,True
679775,Kyle Backhus,CH,41,61.1,87.3,0.326,False,430,99.9,99.9,0.6,False
679775,Kyle Backhus,SI,273,108.6,105.2,0.609,True,430,99.9,99.9,0.6,False
679775,Kyle Backhus,ST,116,93.0,96.5,0.494,True,430,99.9,99.9,0.6,False
679883,Luinder Avila,CH,6,79.0,,0.066,False,217,109.8,104.2,0.431,False
679883,Luinder Avila,CU,71,117.1,107.2,0.419,False,217,109.8,104.2,0.431,False
679883,Luinder Avila,FF,63,113.6,102.8,0.205,False,217,109.8,104.2,0.431,False
679883,Luinder Avila,SI,52,94.3,98.7,0.229,False,217,109.8,104.2,0.431,False
679883,Luinder Avila,SL,25,92.9,98.8,0.172,False,217,109.8,104.2,0.431,False
679885,Justin Martinez,FF,64,52.3,90.1,0.208,False,162,61.3,86.0,0.362,False
679885,Justin Martinez,SI,77,94.5,98.3,0.305,False,162,61.3,86.0,0.362,False
679885,Justin Martinez,SL,21,83.9,97.6,0.148,False,162,61.3,86.0,0.362,False
680573,Simeon Woods Richardson,CH,80,90.1,95.2,0.485,False,1797,101.6,101.4,0.863,True
680573,Simeon Woods Richardson,CU,244,103.5,102.5,0.713,True,1797,101.6,101.4,0.863,True
680573,Simeon Woods Richardson,FF,854,98.0,98.4,0.778,True,1797,101.6,101.4,0.863,True
680573,Simeon Woods Richardson,FS,112,91.6,95.1,0.58,True,1797,101.6,101.4,0.863,True
680573,Simeon Woods Richardson,SL,507,106.6,105.3,0.808,True,1797,101.6,101.4,0.863,True
680684,Gunnar Hoglund,CH,126,98.8,99.3,0.598,True,547,108.0,105.3,0.657,True
680684,Gunnar Hoglund,FF,196,106.7,103.0,0.445,True,547,108.0,105.3,0.657,True
680684,Gunnar Hoglund,SI,91,115.1,105.2,0.342,False,547,108.0,105.3,0.657,True
680684,Gunnar Hoglund,SL,39,101.1,100.3,0.244,False,547,108.0,105.3,0.657,True
680684,Gunnar Hoglund,ST,95,100.8,100.4,0.444,False,547,108.0,105.3,0.657,True
680689,Lyon Richardson,CH,273,101.7,101.3,0.763,True,674,89.2,92.4,0.702,True
680689,Lyon Richardson,CU,65,88.2,95.3,0.398,False,674,89.2,92.4,0.702,True
680689,Lyon Richardson,FF,138,85.0,94.6,0.361,True,674,89.2,92.4,0.702,True
680689,Lyon Richardson,SI,196,95.1,97.4,0.528,True,674,89.2,92.4,0.702,True
680689,Lyon Richardson,SL,2,34.4,,0.016,False,674,89.2,92.4,0.702,True
680694,Kyle Bradish,CU,63,100.4,100.2,0.39,False,494,107.4,104.7,0.633,False
680694,Kyle Bradish,FF,112,90.4,97.0,0.315,True,494,107.4,104.7,0.633,False
680694,Kyle Bradish,SI,161,111.9,105.7,0.479,True,494,107.4,104.7,0.633,False
680694,Kyle Bradish,SL,158,103.8,102.2,0.567,True,494,107.4,104.7,0.633,False
680704,Nick Sandlin,FF,44,96.1,99.4,0.153,False,228,106.0,102.7,0.443,False
680704,Nick Sandlin,FS,44,98.4,99.4,0.352,False,228,106.0,102.7,0.443,False
680704,Nick Sandlin,SI,26,104.6,100.6,0.129,False,228,106.0,102.7,0.443,False
680704,Nick Sandlin,SL,114,103.6,101.7,0.486,True,228,106.0,102.7,0.443,False
680729,Garrett Mcdaniels,CU,6,33.0,,0.057,False,167,60.9,85.6,0.369,False
680729,Garrett Mcdaniels,FF,4,122.5,,0.016,False,167,60.9,85.6,0.369,False
680729,Garrett Mcdaniels,SI,72,79.4,94.0,0.291,False,167,60.9,85.6,0.369,False
680729,Garrett Mcdaniels,SL,85,67.9,86.7,0.414,False,167,60.9,85.6,0.369,False
680730,Mitchell Parker,CU,583,107.0,106.0,0.856,True,2447,98.7,98.8,0.895,True
680730,Mitchell Parker,FF,1448,98.5,98.7,0.856,True,2447,98.7,98.8,0.895,True
680730,Mitchell Parker,FS,105,85.1,91.6,0.565,True,2447,98.7,98.8,0.895,True
680730,Mitchell Parker,SL,311,95.7,96.9,0.721,True,2447,98.7,98.8,0.895,True
680732,Sean Burke,CH,153,75.7,84.4,0.643,True,2302,100.8,100.7,0.889,True
680732,Sean Burke,FF,997,97.5,98.0,0.803,True,2302,100.8,100.7,0.889,True
680732,Sean Burke,KC,548,112.3,110.2,0.825,True,2302,100.8,100.7,0.889,True
680732,Sean Burke,SI,112,90.1,96.1,0.39,True,2302,100.8,100.7,0.889,True
680732,Sean Burke,SL,492,104.3,103.5,0.803,True,2302,100.8,100.7,0.889,True
680735,Austin Cox,CU,75,110.5,104.5,0.433,False,384,120.5,111.7,0.573,False
680735,Austin Cox,FC,15,91.6,99.2,0.092,False,384,120.5,111.7,0.573,False
680735,Austin Cox,FF,152,125.3,109.7,0.384,True,384,120.5,111.7,0.573,False
680735,Austin Cox,FS,1,48.9,,0.012,False,384,120.5,111.7,0.573,False
680735,Austin Cox,SI,2,100.3,,0.011,False,384,120.5,111.7,0.573,False
680735,Austin Cox,SL,139,100.2,100.1,0.536,True,384,120.5,111.7,0.573,False
680736,Justin Wrobleski,CH,32,70.5,91.9,0.274,False,1088,107.5,105.9,0.792,True
680736,Justin Wrobleski,CU,94,109.9,104.8,0.489,False,1088,107.5,105.9,0.792,True
680736,Justin Wrobleski,FC,154,104.0,102.0,0.511,True,1088,107.5,105.9,0.792,True
680736,Justin Wrobleski,FF,312,99.0,99.4,0.561,True,1088,107.5,105.9,0.792,True
680736,Justin Wrobleski,SI,225,112.4,107.0,0.562,True,1088,107.5,105.9,0.792,True
680736,Justin Wrobleski,SL,271,107.8,105.4,0.692,True,1088,107.5,105.9,0.792,True
680742,Jonathan Bowlan,CH,61,103.8,101.6,0.418,False,727,109.6,106.9,0.718,True
680742,Jonathan Bowlan,CU,70,90.0,95.8,0.416,False,727,109.6,106.9,0.718,True
680742,Jonathan Bowlan,FF,244,90.8,95.4,0.5,True,727,109.6,106.9,0.718,True
680742,Jonathan Bowlan,SI,125,112.9,105.4,0.416,True,727,109.6,106.9,0.718,True
680742,Jonathan Bowlan,SL,227,121.1,113.8,0.653,True,727,109.6,106.9,0.718,True
680755,Braydon Fisher,CU,305,104.9,103.7,0.756,True,833,102.4,101.8,0.744,True
680755,Braydon Fisher,FC,25,99.9,100.0,0.145,False,833,102.4,101.8,0.744,True
680755,Braydon Fisher,FF,184,84.1,93.2,0.43,True,833,102.4,101.8,0.744,True
680755,Braydon Fisher,SL,319,104.1,103.0,0.726,True,833,102.4,101.8,0.744,True
680767,Victor Vodnik,CH,236,97.0,97.8,0.736,True,895,92.8,94.5,0.758,True
680767,Victor Vodnik,FC,46,92.3,98.2,0.238,False,895,92.8,94.5,0.758,True
680767,Victor Vodnik,FF,496,93.8,95.8,0.67,True,895,92.8,94.5,0.758,True
680767,Victor Vodnik,SI,4,127.8,,0.022,False,895,92.8,94.5,0.758,True
680767,Victor Vodnik,SL,113,107.6,103.7,0.484,True,895,92.8,94.5,0.758,True
680880,Grant Holman,FF,179,86.8,94.4,0.423,True,350,86.7,92.7,0.55,False
680880,Grant Holman,FS,121,101.9,101.1,0.599,True,350,86.7,92.7,0.55,False
680880,Grant Holman,SL,50,83.9,95.3,0.293,False,350,86.7,92.7,0.55,False
680885,Spencer Schwellenbach,CU,167,104.6,102.9,0.629,True,1482,113.3,111.1,0.838,True
680885,Spencer Schwellenbach,FC,163,106.7,103.5,0.525,True,1482,113.3,111.1,0.838,True
680885,Spencer Schwellenbach,FF,538,113.2,109.1,0.688,True,1482,113.3,111.1,0.838,True
680885,Spencer Schwellenbach,FS,197,99.5,99.6,0.709,True,1482,113.3,111.1,0.838,True
680885,Spencer Schwellenbach,SI,145,112.0,105.4,0.453,True,1482,113.3,111.1,0.838,True
680885,Spencer Schwellenbach,SL,272,109.3,106.4,0.693,True,1482,113.3,111.1,0.838,True
680951,Doug Nikhazy,CH,8,61.2,,0.086,False,107,83.2,95.4,0.272,False
680951,Doug Nikhazy,CU,12,100.6,,0.109,False,107,83.2,95.4,0.272,False
680951,Doug Nikhazy,FF,50,91.3,98.5,0.17,False,107,83.2,95.4,0.272,False
680951,Doug Nikhazy,SL,31,74.6,94.8,0.205,False,107,83.2,95.4,0.272,False
680951,Doug Nikhazy,ST,6,139.3,,0.048,False,107,83.2,95.4,0.272,False
681006,Josh Simpson,CH,67,98.9,99.5,0.441,False,613,89.9,93.1,0.682,True
681006,Josh Simpson,CU,145,105.9,103.5,0.596,True,613,89.9,93.1,0.682,True
681006,Josh Simpson,FF,72,70.8,93.3,0.228,False,613,89.9,93.1,0.682,True
681006,Josh Simpson,SI,136,89.3,95.3,0.437,True,613,89.9,93.1,0.682,True
681006,Josh Simpson,SL,35,66.6,92.5,0.225,False,613,89.9,93.1,0.682,True
681006,Josh Simpson,ST,158,100.7,100.4,0.571,True,613,89.9,93.1,0.682,True
681151,Jayden Murray,CH,6,100.1,,0.066,False,176,102.2,100.8,0.381,False
681151,Jayden Murray,CU,4,100.5,,0.039,False,176,102.2,100.8,0.381,False
681151,Jayden Murray,FC,10,77.7,,0.064,False,176,102.2,100.8,0.381,False
681151,Jayden Murray,FF,83,95.2,98.8,0.254,False,176,102.2,100.8,0.381,False
681151,Jayden Murray,SI,39,135.0,106.4,0.182,False,176,102.2,100.8,0.381,False
681151,Jayden Murray,ST,34,84.5,96.6,0.222,False,176,102.2,100.8,0.381,False
681168,Luis Curvelo,CH,18,74.0,95.5,0.175,False,325,83.9,91.4,0.532,False
681168,Luis Curvelo,FF,101,81.9,94.7,0.293,True,325,83.9,91.4,0.532,False
681168,Luis Curvelo,SI,75,95.8,98.7,0.3,False,325,83.9,91.4,0.532,False
681168,Luis Curvelo,SL,131,90.1,94.8,0.521,True,325,83.9,91.4,0.532,False
681190,Randy Vásquez,CH,138,97.5,98.5,0.619,True,2055,101.0,100.9,0.878,True
681190,Randy Vásquez,CU,256,109.2,106.6,0.722,True,2055,101.0,100.9,0.878,True
681190,Randy Vásquez,FC,511,93.1,94.6,0.776,True,2055,101.0,100.9,0.878,True
681190,Randy Vásquez,FF,441,103.7,102.4,0.644,True,2055,101.0,100.9,0.878,True
681190,Randy Vásquez,SI,401,111.6,108.1,0.696,True,2055,101.0,100.9,0.878,True
681190,Randy Vásquez,SL,46,101.3,100.4,0.276,False,2055,101.0,100.9,0.878,True
681190,Randy Vásquez,ST,262,106.4,104.4,0.688,True,2055,101.0,100.9,0.878,True
681217,Chase Silseth,FF,75,87.6,97.1,0.235,False,197,92.4,96.9,0.408,False
681217,Chase Silseth,FS,24,107.2,101.6,0.229,False,197,92.4,96.9,0.408,False
681217,Chase Silseth,SI,29,100.1,100.0,0.142,False,197,92.4,96.9,0.408,False
681217,Chase Silseth,ST,69,96.9,98.9,0.367,False,197,92.4,96.9,0.408,False
681293,Spencer Arrighetti,CH,47,111.2,104.0,0.356,False,529,87.1,91.6,0.649,True
681293,Spencer Arrighetti,CU,121,95.7,97.6,0.552,True,529,87.1,91.6,0.649,True
681293,Spencer Arrighetti,FC,68,80.7,93.9,0.316,False,529,87.1,91.6,0.649,True
681293,Spencer Arrighetti,FF,170,98.7,99.5,0.411,True,529,87.1,91.6,0.649,True
681293,Spencer Arrighetti,SI,51,110.4,102.3,0.225,False,529,87.1,91.6,0.649,True
681293,Spencer Arrighetti,ST,72,67.5,87.7,0.377,False,529,87.1,91.6,0.649,True
681343,Shane Smith,CH,398,87.7,89.9,0.824,True,2376,97.4,97.7,0.893,True
681343,Shane Smith,CU,346,78.8,83.5,0.779,True,2376,97.4,97.7,0.893,True
681343,Shane Smith,FF,1073,111.3,109.2,0.815,True,2376,97.4,97.7,0.893,True
681343,Shane Smith,SI,300,100.1,100.1,0.631,True,2376,97.4,97.7,0.893,True
681343,Shane Smith,SL,256,92.7,95.0,0.68,True,2376,97.4,97.7,0.893,True
681343,Shane Smith,ST,3,145.7,,0.025,False,2376,97.4,97.7,0.893,True
681347,Mike Burrows,CH,365,107.7,106.2,0.811,True,1537,106.7,105.6,0.843,True
681347,Mike Burrows,CU,183,99.9,99.9,0.65,True,1537,106.7,105.6,0.843,True
681347,Mike Burrows,FF,602,101.8,101.3,0.712,True,1537,106.7,105.6,0.843,True
681347,Mike Burrows,SI,87,108.1,102.7,0.332,False,1537,106.7,105.6,0.843,True
681347,Mike Burrows,SL,300,104.1,102.9,0.713,True,1537,106.7,105.6,0.843,True
681517,Kyle Leahy,CH,126,106.2,103.7,0.598,True,1328,102.9,102.4,0.823,True
681517,Kyle Leahy,CU,240,87.4,91.1,0.709,True,1328,102.9,102.4,0.823,True
681517,Kyle Leahy,FF,399,98.2,98.9,0.621,True,1328,102.9,102.4,0.823,True
681517,Kyle Leahy,SI,101,105.3,101.9,0.366,True,1328,102.9,102.4,0.823,True
681517,Kyle Leahy,SL,278,111.7,108.2,0.698,True,1328,102.9,102.4,0.823,True
681517,Kyle Leahy,ST,184,103.4,102.1,0.607,True,1328,102.9,102.4,0.823,True
681676,Ryan Fernandez,CH,42,100.5,100.2,0.331,False,493,99.0,99.4,0.633,False
681676,Ryan Fernandez,FC,33,75.3,95.5,0.183,False,493,99.0,99.4,0.633,False
681676,Ryan Fernandez,FF,184,88.7,95.1,0.43,True,493,99.0,99.4,0.633,False
681676,Ryan Fernandez,SL,234,108.1,105.3,0.66,True,493,99.0,99.4,0.633,False
681751,Lazaro Estrada,CU,13,105.2,,0.117,False,112,107.1,102.0,0.281,False
681751,Lazaro Estrada,FF,58,95.6,99.2,0.192,False,112,107.1,102.0,0.281,False
681751,Lazaro Estrada,SL,41,113.5,103.4,0.254,False,112,107.1,102.0,0.281,False
681799,Ethan Roberts,FC,52,105.1,101.3,0.261,False,141,104.3,101.4,0.33,False
681799,Ethan Roberts,SI,9,106.2,,0.049,False,141,104.3,101.4,0.33,False
681799,Ethan Roberts,ST,80,102.8,101.1,0.402,False,141,104.3,101.4,0.33,False
681810,Austin Warren,CH,6,67.9,,0.066,False,146,76.9,92.2,0.338,False
681810,Austin Warren,CU,1,88.1,,0.01,False,146,76.9,92.2,0.338,False
681810,Austin Warren,FC,25,83.4,97.6,0.145,False,146,76.9,92.2,0.338,False
681810,Austin Warren,FF,20,48.9,96.1,0.076,False,146,76.9,92.2,0.338,False
681810,Austin Warren,SI,52,110.2,102.3,0.229,False,146,76.9,92.2,0.338,False
681810,Austin Warren,ST,42,80.9,95.0,0.261,False,146,76.9,92.2,0.338,False
681857,Reese Olson,CH,265,100.5,100.4,0.757,True,982,105.7,104.4,0.774,True
681857,Reese Olson,CU,53,58.3,85.4,0.35,False,982,105.7,104.4,0.774,True
681857,Reese Olson,FF,181,113.2,105.6,0.426,True,982,105.7,104.4,0.774,True
681857,Reese Olson,SI,271,107.3,104.4,0.607,True,982,105.7,104.4,0.774,True
681857,Reese Olson,SL,207,106.4,104.0,0.632,True,982,105.7,104.4,0.774,True
681857,Reese Olson,ST,5,-16.4,,0.04,False,982,105.7,104.4,0.774,True
681867,Cooper Criswell,CH,80,120.0,109.7,0.485,False,266,118.1,108.7,0.482,False
681867,Cooper Criswell,FC,80,121.6,107.6,0.352,False,266,118.1,108.7,0.482,False
681867,Cooper Criswell,SI,76,100.0,100.0,0.303,False,266,118.1,108.7,0.482,False
681867,Cooper Criswell,ST,30,95.9,99.2,0.201,False,266,118.1,108.7,0.482,False
681869,Shawn Dubin,CH,80,105.8,102.8,0.485,False,551,95.7,97.2,0.658,True
681869,Shawn Dubin,CU,80,106.6,103.0,0.448,False,551,95.7,97.2,0.658,True
681869,Shawn Dubin,FC,20,96.3,99.6,0.119,False,551,95.7,97.2,0.658,True
681869,Shawn Dubin,FF,193,95.8,98.1,0.442,True,551,95.7,97.2,0.658,True
681869,Shawn Dubin,SI,82,93.2,97.8,0.319,False,551,95.7,97.2,0.658,True
681869,Shawn Dubin,ST,96,95.0,97.8,0.447,False,551,95.7,97.2,0.658,True
681870,Erik Sabrowski,CU,76,69.7,86.8,0.436,False,508,77.6,85.7,0.64,True
681870,Erik Sabrowski,FF,344,90.9,94.7,0.585,True,508,77.6,85.7,0.64,True
681870,Erik Sabrowski,SL,88,79.2,91.2,0.422,False,508,77.6,85.7,0.64,True
681882,Colin Selby,FF,32,79.7,97.6,0.116,False,214,88.6,95.1,0.428,False
681882,Colin Selby,KC,56,98.8,99.6,0.326,False,214,88.6,95.1,0.428,False
681882,Colin Selby,SI,90,95.4,98.4,0.339,False,214,88.6,95.1,0.428,False
681882,Colin Selby,SL,36,90.2,97.7,0.23,False,214,88.6,95.1,0.428,False
681892,Kody Funderburk,CH,87,101.7,100.9,0.506,False,725,94.5,96.1,0.717,True
681892,Kody Funderburk,FC,179,108.5,104.7,0.548,True,725,94.5,96.1,0.717,True
681892,Kody Funderburk,SI,237,99.1,99.5,0.575,True,725,94.5,96.1,0.717,True
681892,Kody Funderburk,SL,78,98.1,99.3,0.393,False,725,94.5,96.1,0.717,True
681892,Kody Funderburk,ST,144,77.2,87.5,0.548,True,725,94.5,96.1,0.717,True
681895,Evan Sisk,CU,34,87.3,96.7,0.257,False,329,55.6,76.3,0.535,False
681895,Evan Sisk,FC,34,62.0,92.9,0.187,False,329,55.6,76.3,0.535,False
681895,Evan Sisk,FF,66,90.4,98.0,0.213,False,329,55.6,76.3,0.535,False
681895,Evan Sisk,SI,103,66.4,87.6,0.37,True,329,55.6,76.3,0.535,False
681895,Evan Sisk,SL,4,42.8,,0.032,False,329,55.6,76.3,0.535,False
681895,Evan Sisk,ST,88,77.8,90.6,0.425,False,329,55.6,76.3,0.535,False
681911,Alex Vesia,CH,63,91.8,96.5,0.426,False,969,108.0,106.2,0.772,True
681911,Alex Vesia,FF,555,104.5,103.1,0.695,True,969,108.0,106.2,0.772,True
681911,Alex Vesia,SL,351,104.5,103.3,0.744,True,969,108.0,106.2,0.772,True
681916,Dylan Smith,FF,82,98.2,99.5,0.252,False,157,84.3,94.4,0.354,False
681916,Dylan Smith,FS,7,71.9,,0.08,False,157,84.3,94.4,0.354,False
681916,Dylan Smith,SI,12,75.2,,0.064,False,157,84.3,94.4,0.354,False
681916,Dylan Smith,ST,56,84.8,95.1,0.32,False,157,84.3,94.4,0.354,False
681982,Grant Anderson,CH,38,100.5,100.2,0.309,False,1110,97.9,98.3,0.795,True
681982,Grant Anderson,FF,377,99.0,99.4,0.607,True,1110,97.9,98.3,0.795,True
681982,Grant Anderson,SI,271,102.0,101.2,0.607,True,1110,97.9,98.3,0.795,True
681982,Grant Anderson,ST,424,95.6,96.6,0.781,True,1110,97.9,98.3,0.795,True
682052,Jacob Lopez,CH,224,94.0,95.6,0.725,True,1666,85.5,87.6,0.853,True
682052,Jacob Lopez,FC,243,96.5,97.8,0.622,True,1666,85.5,87.6,0.853,True
682052,Jacob Lopez,FF,587,72.2,80.4,0.706,True,1666,85.5,87.6,0.853,True
682052,Jacob Lopez,SI,103,97.7,99.1,0.37,True,1666,85.5,87.6,0.853,True
682052,Jacob Lopez,SL,509,107.8,106.3,0.809,True,1666,85.5,87.6,0.853,True
682120,Tim Herrin,CU,292,85.9,89.5,0.748,True,733,78.1,84.2,0.719,True
682120,Tim Herrin,FF,185,92.3,96.7,0.431,True,733,78.1,84.2,0.719,True
682120,Tim Herrin,SI,126,75.7,89.8,0.418,True,733,78.1,84.2,0.719,True
682120,Tim Herrin,SL,130,92.9,96.3,0.519,True,733,78.1,84.2,0.719,True
682171,Penn Murfee,CH,2,50.3,,0.023,False,201,96.9,98.7,0.413,False
682171,Penn Murfee,FF,69,106.5,101.4,0.22,False,201,96.9,98.7,0.413,False
682171,Penn Murfee,SI,33,99.0,99.8,0.158,False,201,96.9,98.7,0.413,False
682171,Penn Murfee,ST,97,91.5,96.2,0.449,False,201,96.9,98.7,0.413,False
682243,Bryce Miller,FC,11,29.6,,0.069,False,1275,100.1,100.1,0.817,True
682243,Bryce Miller,FF,617,103.8,102.7,0.717,True,1275,100.1,100.1,0.817,True
682243,Bryce Miller,FS,101,109.7,105.4,0.555,True,1275,100.1,100.1,0.817,True
682243,Bryce Miller,KC,148,104.7,102.6,0.561,True,1275,100.1,100.1,0.817,True
682243,Bryce Miller,SI,228,99.5,99.7,0.565,True,1275,100.1,100.1,0.817,True
682243,Bryce Miller,SL,106,84.3,92.7,0.468,True,1275,100.1,100.1,0.817,True
682243,Bryce Miller,ST,64,90.4,96.6,0.35,False,1275,100.1,100.1,0.817,True
682254,Mason Montgomery,FF,561,83.6,88.6,0.697,True,847,81.2,85.9,0.748,True
682254,Mason Montgomery,SL,286,92.5,94.7,0.704,True,847,81.2,85.9,0.748,True
682274,Yaramil Hiraldo,FF,119,102.5,100.8,0.328,True,314,102.4,101.3,0.523,False
682274,Yaramil Hiraldo,FS,111,98.1,98.9,0.578,True,314,102.4,101.3,0.523,False
682274,Yaramil Hiraldo,SI,2,23.0,,0.011,False,314,102.4,101.3,0.523,False
682274,Yaramil Hiraldo,SL,82,105.8,102.3,0.405,False,314,102.4,101.3,0.523,False
682610,Roddery Muñoz,CH,7,97.7,,0.076,False,229,81.7,91.9,0.445,False
682610,Roddery Muñoz,FC,64,71.6,91.4,0.303,False,229,81.7,91.9,0.445,False
682610,Roddery Muñoz,FF,38,108.0,101.1,0.135,False,229,81.7,91.9,0.445,False
682610,Roddery Muñoz,SI,50,101.7,100.4,0.222,False,229,81.7,91.9,0.445,False
682610,Roddery Muñoz,SL,70,91.2,96.8,0.367,False,229,81.7,91.9,0.445,False
682790,Wikelman González,CH,57,79.9,91.9,0.402,False,368,84.2,91.1,0.563,False
682790,Wikelman González,FF,206,100.6,100.3,0.458,True,368,84.2,91.1,0.563,False
682790,Wikelman González,SL,19,79.8,97.2,0.136,False,368,84.2,91.1,0.563,False
682790,Wikelman González,SV,86,72.9,93.7,0.231,False,368,84.2,91.1,0.563,False
682825,Luis Mey,FF,8,104.0,,0.032,False,414,58.6,75.5,0.591,False
682825,Luis Mey,SI,302,74.9,84.1,0.633,True,414,58.6,75.5,0.591,False
682825,Luis Mey,SL,104,79.0,90.3,0.463,True,414,58.6,75.5,0.591,False
682842,Abner Uribe,FF,25,88.5,98.9,0.093,False,1164,89.7,91.7,0.803,True
682842,Abner Uribe,SI,603,90.4,92.6,0.775,True,1164,89.7,91.7,0.803,True
682842,Abner Uribe,SL,536,94.0,95.1,0.816,True,1164,89.7,91.7,0.803,True
682847,Luis Ortiz,CH,184,97.7,98.4,0.684,True,1410,92.9,94.1,0.831,True
682847,Luis Ortiz,FC,166,96.3,98.0,0.53,True,1410,92.9,94.1,0.831,True
682847,Luis Ortiz,FF,410,91.4,94.6,0.627,True,1410,92.9,94.1,0.831,True
682847,Luis Ortiz,SI,283,104.9,103.0,0.618,True,1410,92.9,94.1,0.831,True
682847,Luis Ortiz,SL,367,90.9,93.1,0.753,True,1410,92.9,94.1,0.831,True
682989,Victor Mederos,CH,12,74.5,,0.124,False,309,59.4,78.9,0.519,False
682989,Victor Mederos,FC,80,88.6,96.0,0.352,False,309,59.4,78.9,0.519,False
682989,Victor Mederos,SI,153,86.5,93.7,0.466,True,309,59.4,78.9,0.519,False
682989,Victor Mederos,SL,1,-519.3,,0.008,False,309,59.4,78.9,0.519,False
682989,Victor Mederos,ST,63,55.6,84.6,0.346,False,309,59.4,78.9,0.519,False
682990,Quinn Priester,CH,37,80.4,94.0,0.304,False,2468,99.1,99.2,0.896,True
682990,Quinn Priester,CU,230,108.1,105.7,0.7,True,2468,99.1,99.2,0.896,True
682990,Quinn Priester,FC,508,101.4,101.1,0.775,True,2468,99.1,99.2,0.896,True
682990,Quinn Priester,SI,1029,95.5,96.2,0.855,True,2468,99.1,99.2,0.896,True
682990,Quinn Priester,SL,664,106.3,105.3,0.846,True,2468,99.1,99.2,0.896,True
683004,Jack Leiter,CH,411,83.6,86.4,0.829,True,2470,91.2,92.1,0.896,True
683004,Jack Leiter,CU,233,88.9,92.2,0.703,True,2470,91.2,92.1,0.896,True
683004,Jack Leiter,FF,965,96.3,97.0,0.798,True,2470,91.2,92.1,0.896,True
683004,Jack Leiter,SI,280,92.9,95.6,0.615,True,2470,91.2,92.1,0.896,True
683004,Jack Leiter,SL,581,102.1,101.7,0.828,True,2470,91.2,92.1,0.896,True
683155,Joey Estes,CH,10,103.5,,0.105,False,101,104.1,101.1,0.261,False
683155,Joey Estes,FF,53,97.7,99.6,0.178,False,101,104.1,101.1,0.261,False
683155,Joey Estes,SI,4,110.5,,0.022,False,101,104.1,101.1,0.261,False
683155,Joey Estes,SL,20,98.4,99.8,0.142,False,101,104.1,101.1,0.261,False
683155,Joey Estes,ST,14,118.9,,0.105,False,101,104.1,101.1,0.261,False
683175,Connor Phillips,CU,19,91.6,98.6,0.162,False,400,75.6,85.8,0.583,False
683175,Connor Phillips,FF,198,70.5,86.8,0.448,True,400,75.6,85.8,0.583,False
683175,Connor Phillips,ST,183,98.1,98.8,0.606,True,400,75.6,85.8,0.583,False
683232,Nick Mears,CU,35,106.6,101.7,0.262,False,845,112.5,109.3,0.747,True
683232,Nick Mears,FF,452,105.7,103.7,0.649,True,845,112.5,109.3,0.747,True
683232,Nick Mears,SL,358,106.6,104.9,0.748,True,845,112.5,109.3,0.747,True
683409,Angel Chivilli,CH,359,108.4,106.8,0.809,True,989,99.7,99.8,0.776,True
683409,Angel Chivilli,FF,453,92.9,95.4,0.65,True,989,99.7,99.8,0.776,True
683409,Angel Chivilli,SL,177,97.1,98.3,0.595,True,989,99.7,99.8,0.776,True
683618,Edgardo Henriquez,CU,30,120.0,104.7,0.234,False,276,91.8,96.0,0.491,False
683618,Edgardo Henriquez,FC,53,79.2,94.5,0.264,False,276,91.8,96.0,0.491,False
683618,Edgardo Henriquez,FF,75,100.6,100.1,0.235,False,276,91.8,96.0,0.491,False
683618,Edgardo Henriquez,SI,85,97.7,99.2,0.327,False,276,91.8,96.0,0.491,False
683618,Edgardo Henriquez,SL,33,101.1,100.2,0.215,False,276,91.8,96.0,0.491,False
683627,Anthony Molina,CH,110,91.7,95.3,0.564,True,608,102.7,101.8,0.68,True
683627,Anthony Molina,CU,91,102.2,101.1,0.48,False,608,102.7,101.8,0.68,True
683627,Anthony Molina,FC,21,80.3,97.5,0.125,False,608,102.7,101.8,0.68,True
683627,Anthony Molina,FF,270,114.7,107.7,0.525,True,608,102.7,101.8,0.68,True
683627,Anthony Molina,SI,29,62.1,94.6,0.142,False,608,102.7,101.8,0.68,True
683627,Anthony Molina,SL,87,100.4,100.2,0.419,False,608,102.7,101.8,0.68,True
683769,Hunter Gaddis,CH,137,73.7,83.8,0.617,True,1022,111.4,108.9,0.781,True
683769,Hunter Gaddis,FF,341,107.9,104.6,0.583,True,1022,111.4,108.9,0.781,True
683769,Hunter Gaddis,SL,544,111.3,109.3,0.819,True,1022,111.4,108.9,0.781,True
684007,Shota Imanaga,CU,31,101.6,100.4,0.24,False,2011,114.0,112.3,0.875,True
684007,Shota Imanaga,FF,980,111.7,109.4,0.801,True,2011,114.0,112.3,0.875,True
684007,Shota Imanaga,FS,621,109.9,108.8,0.885,True,2011,114.0,112.3,0.875,True
684007,Shota Imanaga,SI,25,113.9,101.7,0.125,False,2011,114.0,112.3,0.875,True
684007,Shota Imanaga,SL,11,70.9,,0.084,False,2011,114.0,112.3,0.875,True
684007,Shota Imanaga,ST,343,101.2,100.9,0.743,True,2011,114.0,112.3,0.875,True
684320,Yariel Rodríguez,FF,444,86.5,91.3,0.645,True,1106,93.0,94.4,0.794,True
684320,Yariel Rodríguez,FS,135,92.4,95.2,0.625,True,1106,93.0,94.4,0.794,True
684320,Yariel Rodríguez,SI,67,82.5,95.2,0.277,False,1106,93.0,94.4,0.794,True
684320,Yariel Rodríguez,SL,460,103.8,103.0,0.792,True,1106,93.0,94.4,0.794,True
684974,Craig Yoho,CH,81,106.3,103.1,0.488,False,176,80.5,92.6,0.381,False
684974,Craig Yoho,FC,12,51.0,,0.075,False,176,80.5,92.6,0.381,False
684974,Craig Yoho,FF,67,79.8,95.6,0.215,False,176,80.5,92.6,0.381,False
684974,Craig Yoho,ST,16,73.4,96.8,0.119,False,176,80.5,92.6,0.381,False
685107,Anthony Veneziano,CH,31,75.3,93.4,0.268,False,452,108.1,105.0,0.612,False
685107,Anthony Veneziano,FF,134,120.2,107.2,0.355,True,452,108.1,105.0,0.612,False
685107,Anthony Veneziano,SI,56,105.8,101.4,0.242,False,452,108.1,105.0,0.612,False
685107,Anthony Veneziano,SL,108,93.3,96.8,0.473,True,452,108.1,105.0,0.612,False
685107,Anthony Veneziano,ST,123,100.0,100.0,0.508,True,452,108.1,105.0,0.612,False
685126,Brandon Eisert,CH,352,98.7,99.0,0.806,True,1195,108.3,106.7,0.807,True
685126,Brandon Eisert,FF,383,97.0,98.2,0.611,True,1195,108.3,106.7,0.807,True
685126,Brandon Eisert,SI,39,61.0,92.9,0.182,False,1195,108.3,106.7,0.807,True
685126,Brandon Eisert,SL,421,120.5,115.9,0.777,True,1195,108.3,106.7,0.807,True
685299,Tanner Gordon,CH,263,116.8,112.7,0.756,True,1244,115.1,112.3,0.813,True
685299,Tanner Gordon,CU,5,103.7,,0.048,False,1244,115.1,112.3,0.813,True
685299,Tanner Gordon,FF,657,105.8,104.2,0.729,True,1244,115.1,112.3,0.813,True
685299,Tanner Gordon,SL,319,107.5,105.4,0.726,True,1244,115.1,112.3,0.813,True
685314,Andrew Saalfrank,CU,191,101.5,101.0,0.66,True,427,91.6,95.0,0.599,False
685314,Andrew Saalfrank,FF,41,100.4,100.1,0.144,False,427,91.6,95.0,0.599,False
685314,Andrew Saalfrank,SI,195,91.6,95.6,0.527,True,427,91.6,95.0,0.599,False
685326,Mccade Brown,CH,28,81.3,95.4,0.248,False,501,73.1,82.9,0.637,True
685326,Mccade Brown,FF,286,84.6,91.7,0.54,True,501,73.1,82.9,0.637,True
685326,Mccade Brown,KC,90,59.1,82.1,0.437,False,501,73.1,82.9,0.637,True
685326,Mccade Brown,SL,97,97.6,98.9,0.446,False,501,73.1,82.9,0.637,True
685801,Hunter Bigge,CU,10,90.0,,0.092,False,192,88.1,95.2,0.402,False
685801,Hunter Bigge,FF,87,107.6,102.0,0.263,False,192,88.1,95.2,0.402,False
685801,Hunter Bigge,SI,6,34.7,,0.033,False,192,88.1,95.2,0.402,False
685801,Hunter Bigge,SL,89,75.3,89.5,0.425,False,192,88.1,95.2,0.402,False
686218,Emmet Sheehan,CH,168,96.2,97.5,0.664,True,1122,104.2,103.3,0.797,True
686218,Emmet Sheehan,CU,70,81.0,92.1,0.416,False,1122,104.2,103.3,0.797,True
686218,Emmet Sheehan,FF,536,107.7,105.3,0.687,True,1122,104.2,103.3,0.797,True
686218,Emmet Sheehan,SL,348,98.9,99.2,0.743,True,1122,104.2,103.3,0.797,True
686228,Juan Burgos,CH,5,82.5,,0.056,False,220,52.7,79.4,0.435,False
686228,Juan Burgos,FC,73,52.2,84.2,0.331,False,220,52.7,79.4,0.435,False
686228,Juan Burgos,SI,72,84.9,95.6,0.291,False,220,52.7,79.4,0.435,False
686228,Juan Burgos,ST,70,96.4,98.7,0.371,False,220,52.7,79.4,0.435,False
686563,Jonathan Cannon,CH,368,106.7,105.4,0.813,True,1708,101.1,100.9,0.857,True
686563,Jonathan Cannon,FC,395,105.7,104.2,0.728,True,1708,101.1,100.9,0.857,True
686563,Jonathan Cannon,FF,310,100.3,100.2,0.56,True,1708,101.1,100.9,0.857,True
686563,Jonathan Cannon,SI,374,97.0,98.0,0.681,True,1708,101.1,100.9,0.857,True
686563,Jonathan Cannon,SL,5,142.8,,0.04,False,1708,101.1,100.9,0.857,True
686563,Jonathan Cannon,ST,256,103.3,102.3,0.683,True,1708,101.1,100.9,0.857,True
686580,Justin Slaten,CU,88,95.9,98.1,0.472,False,471,104.9,103.0,0.622,False
686580,Justin Slaten,FC,156,114.5,107.5,0.514,True,471,104.9,103.0,0.622,False
686580,Justin Slaten,FF,172,100.2,100.1,0.413,True,471,104.9,103.0,0.622,False
686580,Justin Slaten,ST,55,108.7,102.8,0.316,False,471,104.9,103.0,0.622,False
686613,Hunter Brown,CH,334,94.7,95.8,0.797,True,2866,97.4,97.6,0.909,True
686613,Hunter Brown,FC,35,118.5,103.5,0.192,False,2866,97.4,97.6,0.909,True
686613,Hunter Brown,FF,1087,97.1,97.6,0.817,True,2866,97.4,97.6,0.909,True
686613,Hunter Brown,KC,511,95.2,96.1,0.815,True,2866,97.4,97.6,0.909,True
686613,Hunter Brown,SI,656,102.9,102.3,0.789,True,2866,97.4,97.6,0.909,True
686613,Hunter Brown,SL,243,109.8,106.6,0.668,True,2866,97.4,97.6,0.909,True
686642,Fraser Ellard,CH,23,56.2,90.7,0.213,False,317,74.8,86.8,0.526,False
686642,Fraser Ellard,FC,3,97.8,,0.02,False,317,74.8,86.8,0.526,False
686642,Fraser Ellard,FF,161,99.8,99.9,0.398,True,317,74.8,86.8,0.526,False
686642,Fraser Ellard,SI,49,75.0,94.5,0.219,False,317,74.8,86.8,0.526,False
686642,Fraser Ellard,SL,81,65.0,85.9,0.402,False,317,74.8,86.8,0.526,False
686701,Ryan Bergert,CH,99,86.9,92.9,0.538,False,1312,105.0,104.1,0.821,True
686701,Ryan Bergert,CU,10,76.9,,0.092,False,1312,105.0,104.1,0.821,True
686701,Ryan Bergert,FF,558,101.6,101.1,0.696,True,1312,105.0,104.1,0.821,True
686701,Ryan Bergert,SI,86,91.1,97.1,0.329,False,1312,105.0,104.1,0.821,True
686701,Ryan Bergert,SL,325,107.7,105.6,0.729,True,1312,105.0,104.1,0.821,True
686701,Ryan Bergert,ST,234,108.2,105.4,0.663,True,1312,105.0,104.1,0.821,True
686730,Carson Spiers,CH,55,78.1,91.4,0.393,False,245,91.7,96.2,0.461,False
686730,Carson Spiers,FC,46,94.9,98.8,0.238,False,245,91.7,96.2,0.461,False
686730,Carson Spiers,FF,35,107.0,100.9,0.125,False,245,91.7,96.2,0.461,False
686730,Carson Spiers,SI,53,110.7,102.5,0.232,False,245,91.7,96.2,0.461,False
686730,Carson Spiers,ST,56,98.1,99.4,0.32,False,245,91.7,96.2,0.461,False
686747,Joe La Sorsa,CH,14,58.5,,0.142,False,100,105.9,101.5,0.259,False
686747,Joe La Sorsa,FF,25,120.0,101.9,0.093,False,100,105.9,101.5,0.259,False
686747,Joe La Sorsa,SI,39,112.4,102.3,0.182,False,100,105.9,101.5,0.259,False
686747,Joe La Sorsa,ST,22,101.3,100.2,0.156,False,100,105.9,101.5,0.259,False
686751,Seth Johnson,CU,15,104.2,100.6,0.132,False,214,99.7,99.9,0.428,False
686751,Seth Johnson,FF,110,86.4,95.8,0.311,True,214,99.7,99.9,0.428,False
686751,Seth Johnson,FS,16,118.5,103.1,0.165,False,214,99.7,99.9,0.428,False
686751,Seth Johnson,SL,73,111.0,104.1,0.377,False,214,99.7,99.9,0.428,False
686752,Ryan Pepiot,CH,634,110.6,109.3,0.882,True,2519,103.8,103.4,0.898,True
686752,Ryan Pepiot,CU,82,71.0,86.8,0.455,False,2519,103.8,103.4,0.898,True
686752,Ryan Pepiot,FC,141,101.7,100.8,0.489,True,2519,103.8,103.4,0.898,True
686752,Ryan Pepiot,FF,1151,99.8,99.8,0.825,True,2519,103.8,103.4,0.898,True
686752,Ryan Pepiot,SI,58,90.1,97.5,0.249,False,2519,103.8,103.4,0.898,True
686752,Ryan Pepiot,SL,453,105.7,104.5,0.79,True,2519,103.8,103.4,0.898,True
686790,Trevor Mcdonald,CH,12,84.7,,0.124,False,212,114.3,106.1,0.426,False
686790,Trevor Mcdonald,FC,11,86.2,,0.069,False,212,114.3,106.1,0.426,False
686790,Trevor Mcdonald,SI,82,109.9,103.2,0.319,False,212,114.3,106.1,0.426,False
686790,Trevor Mcdonald,SL,107,108.8,104.1,0.47,True,212,114.3,106.1,0.426,False
686799,Jack Kochanowicz,CH,261,93.0,94.7,0.755,True,1794,72.7,76.5,0.862,True
686799,Jack Kochanowicz,FF,322,83.5,90.6,0.569,True,1794,72.7,76.5,0.862,True
686799,Jack Kochanowicz,SI,846,83.9,86.7,0.828,True,1794,72.7,76.5,0.862,True
686799,Jack Kochanowicz,SL,263,89.7,92.9,0.686,True,1794,72.7,76.5,0.862,True
686799,Jack Kochanowicz,ST,102,52.5,78.1,0.462,True,1794,72.7,76.5,0.862,True
686826,Bryce Jarvis,CH,80,74.7,87.7,0.485,False,357,96.8,98.2,0.555,False
686826,Bryce Jarvis,CU,19,57.8,93.2,0.162,False,357,96.8,98.2,0.555,False
686826,Bryce Jarvis,FC,12,100.2,,0.075,False,357,96.8,98.2,0.555,False
686826,Bryce Jarvis,FF,145,117.5,106.5,0.373,True,357,96.8,98.2,0.555,False
686826,Bryce Jarvis,SI,30,101.4,100.2,0.146,False,357,96.8,98.2,0.555,False
686826,Bryce Jarvis,SL,71,97.2,99.0,0.371,False,357,96.8,98.2,0.555,False
686930,Mason Barnett,CH,40,109.2,102.9,0.32,False,427,100.9,100.5,0.599,False
686930,Mason Barnett,CU,65,89.1,95.7,0.398,False,427,100.9,100.5,0.599,False
686930,Mason Barnett,FF,230,105.1,102.5,0.485,True,427,100.9,100.5,0.599,False
686930,Mason Barnett,ST,92,95.9,98.2,0.436,False,427,100.9,100.5,0.599,False
686973,Louis Varland,CH,46,85.6,94.9,0.352,False,1031,105.7,104.5,0.783,True
686973,Louis Varland,FF,468,102.5,101.6,0.657,True,1031,105.7,104.5,0.783,True
686973,Louis Varland,KC,393,108.2,106.3,0.772,True,1031,105.7,104.5,0.783,True
686973,Louis Varland,SI,53,102.5,100.6,0.232,False,1031,105.7,104.5,0.783,True
686973,Louis Varland,SL,71,113.6,105.0,0.371,False,1031,105.7,104.5,0.783,True
686993,Justin Sterner,FC,341,84.0,88.8,0.698,True,1054,86.2,89.1,0.787,True
686993,Justin Sterner,FF,548,104.4,103.0,0.692,True,1054,86.2,89.1,0.787,True
686993,Justin Sterner,ST,165,90.5,94.5,0.581,True,1054,86.2,89.1,0.787,True
687003,Brian Van Belle,CH,56,122.5,108.9,0.398,False,129,119.3,106.0,0.311,False
687003,Brian Van Belle,FF,10,77.6,,0.039,False,129,119.3,106.0,0.311,False
687003,Brian Van Belle,SI,33,107.5,101.2,0.158,False,129,119.3,106.0,0.311,False
687003,Brian Van Belle,SL,11,108.7,,0.084,False,129,119.3,106.0,0.311,False
687003,Brian Van Belle,ST,19,101.0,100.1,0.138,False,129,119.3,106.0,0.311,False
687064,Brandon Young,CH,43,91.2,97.0,0.336,False,939,98.1,98.5,0.766,True
687064,Brandon Young,CU,148,102.7,101.6,0.601,True,939,98.1,98.5,0.766,True
687064,Brandon Young,FC,86,68.3,88.3,0.368,False,939,98.1,98.5,0.766,True
687064,Brandon Young,FF,411,106.9,104.3,0.628,True,939,98.1,98.5,0.766,True
687064,Brandon Young,FS,167,100.6,100.4,0.674,True,939,98.1,98.5,0.766,True
687064,Brandon Young,SL,84,108.1,103.3,0.411,False,939,98.1,98.5,0.766,True
687075,Brandon Sproat,CH,41,89.8,96.7,0.326,False,290,78.0,88.9,0.503,False
687075,Brandon Sproat,CU,43,112.3,103.7,0.304,False,290,78.0,88.9,0.503,False
687075,Brandon Sproat,FF,40,67.3,95.4,0.141,False,290,78.0,88.9,0.503,False
687075,Brandon Sproat,SI,101,87.3,95.4,0.366,True,290,78.0,88.9,0.503,False
687075,Brandon Sproat,SL,10,59.3,,0.077,False,290,78.0,88.9,0.503,False
687075,Brandon Sproat,ST,55,85.1,95.3,0.316,False,290,78.0,88.9,0.503,False
687134,Bradley Blalock,CU,128,91.4,95.1,0.565,True,1005,97.3,97.9,0.778,True
687134,Bradley Blalock,FC,101,95.3,98.1,0.407,True,1005,97.3,97.9,0.778,True
687134,Bradley Blalock,FF,466,99.8,99.9,0.656,True,1005,97.3,97.9,0.778,True
687134,Bradley Blalock,FS,153,98.9,99.3,0.654,True,1005,97.3,97.9,0.778,True
687134,Bradley Blalock,SL,157,108.5,104.8,0.566,True,1005,97.3,97.9,0.778,True
687209,Zach Maxwell,FC,40,120.5,104.4,0.213,False,165,90.6,96.6,0.366,False
687209,Zach Maxwell,FF,94,86.6,96.3,0.278,False,165,90.6,96.6,0.366,False
687209,Zach Maxwell,ST,31,87.8,97.5,0.207,False,165,90.6,96.6,0.366,False
687223,Carson Palmquist,CH,25,81.6,95.8,0.228,False,705,82.9,87.8,0.711,True
687223,Carson Palmquist,FC,88,86.3,94.9,0.374,False,705,82.9,87.8,0.711,True
687223,Carson Palmquist,FF,370,93.5,96.1,0.603,True,705,82.9,87.8,0.711,True
687223,Carson Palmquist,ST,222,88.3,92.4,0.651,True,705,82.9,87.8,0.711,True
687330,Kevin Kelly,FC,70,87.9,96.1,0.322,False,548,100.5,100.3,0.657,True
687330,Kevin Kelly,FF,47,97.2,99.5,0.162,False,548,100.5,100.3,0.657,True
687330,Kevin Kelly,SI,326,109.0,105.9,0.65,True,548,100.5,100.3,0.657,True
687330,Kevin Kelly,ST,105,88.7,94.7,0.469,True,548,100.5,100.3,0.657,True
687362,Connor Gillispie,CH,63,93.2,97.1,0.426,False,385,86.7,92.4,0.574,False
687362,Connor Gillispie,CU,5,5.6,,0.048,False,385,86.7,92.4,0.574,False
687362,Connor Gillispie,FC,100,103.6,101.5,0.404,True,385,86.7,92.4,0.574,False
687362,Connor Gillispie,FF,106,81.6,94.4,0.303,True,385,86.7,92.4,0.574,False
687362,Connor Gillispie,ST,111,99.9,100.0,0.483,True,385,86.7,92.4,0.574,False
687377,Orlando Ribalta,CH,93,82.9,91.1,0.523,False,452,86.5,91.7,0.612,False
687377,Orlando Ribalta,FF,168,99.3,99.7,0.408,True,452,86.5,91.7,0.612,False
687377,Orlando Ribalta,SI,86,74.4,91.6,0.329,False,452,86.5,91.7,0.612,False
687377,Orlando Ribalta,SL,105,104.8,102.2,0.466,True,452,86.5,91.7,0.612,False
687396,Brent Headrick,FF,222,95.5,97.9,0.476,True,340,96.2,97.9,0.543,False
687396,Brent Headrick,FS,27,93.3,98.3,0.25,False,340,96.2,97.9,0.543,False
687396,Brent Headrick,SL,91,102.0,100.9,0.43,False,340,96.2,97.9,0.543,False
687424,Anthony Maldonado,FF,62,97.4,99.5,0.203,False,129,85.6,95.5,0.311,False
687424,Anthony Maldonado,SL,67,77.2,91.9,0.357,False,129,85.6,95.5,0.311,False
687473,Ryan Gusto,CH,165,95.0,96.7,0.66,True,1734,100.3,100.3,0.858,True
687473,Ryan Gusto,CU,261,98.9,99.2,0.726,True,1734,100.3,100.3,0.858,True
687473,Ryan Gusto,FC,190,108.8,105.0,0.563,True,1734,100.3,100.3,0.858,True
687473,Ryan Gusto,FF,756,100.5,100.4,0.756,True,1734,100.3,100.3,0.858,True
687473,Ryan Gusto,SI,186,100.7,100.4,0.515,True,1734,100.3,100.3,0.858,True
687473,Ryan Gusto,ST,176,112.4,107.4,0.597,True,1734,100.3,100.3,0.858,True
687606,Paxton Schultz,CH,87,93.3,96.6,0.506,False,448,91.2,94.6,0.61,False
687606,Paxton Schultz,FC,129,96.2,98.2,0.467,True,448,91.2,94.6,0.61,False
687606,Paxton Schultz,FF,166,100.5,100.2,0.405,True,448,91.2,94.6,0.61,False
687606,Paxton Schultz,SL,66,94.5,98.1,0.354,False,448,91.2,94.6,0.61,False
687765,Mitch Spence,CH,17,59.5,93.2,0.167,False,1288,103.9,103.2,0.818,True
687765,Mitch Spence,CU,227,110.5,107.3,0.698,True,1288,103.9,103.2,0.818,True
687765,Mitch Spence,FC,565,104.9,103.9,0.793,True,1288,103.9,103.2,0.818,True
687765,Mitch Spence,SI,125,84.0,93.3,0.416,True,1288,103.9,103.2,0.818,True
687765,Mitch Spence,SL,354,109.4,107.0,0.746,True,1288,103.9,103.2,0.818,True
687830,Sawyer Gipson-Long,CH,85,77.4,88.7,0.5,False,450,109.6,105.9,0.611,False
687830,Sawyer Gipson-Long,FC,50,120.1,105.1,0.253,False,450,109.6,105.9,0.611,False
687830,Sawyer Gipson-Long,FF,131,107.5,102.6,0.349,True,450,109.6,105.9,0.611,False
687830,Sawyer Gipson-Long,SI,85,107.6,102.5,0.327,False,450,109.6,105.9,0.611,False
687830,Sawyer Gipson-Long,SL,99,122.8,110.3,0.451,False,450,109.6,105.9,0.611,False
687849,Zak Kent,CU,77,83.8,92.9,0.439,False,308,78.4,88.8,0.518,False
687849,Zak Kent,FF,93,86.6,96.3,0.276,False,308,78.4,88.8,0.518,False
687849,Zak Kent,SI,17,76.2,97.9,0.088,False,308,78.4,88.8,0.518,False
687849,Zak Kent,SL,118,83.3,91.7,0.495,True,308,78.4,88.8,0.518,False
687849,Zak Kent,ST,3,111.3,,0.025,False,308,78.4,88.8,0.518,False
687863,Porter Hodge,FF,287,83.7,91.2,0.541,True,566,90.9,94.0,0.664,True
687863,Porter Hodge,SL,105,95.1,97.7,0.466,True,566,90.9,94.0,0.664,True
687863,Porter Hodge,ST,174,106.8,104.0,0.594,True,566,90.9,94.0,0.664,True
687888,Brandon Walter,CH,149,96.4,97.7,0.637,True,814,101.0,100.7,0.74,True
687888,Brandon Walter,FC,223,111.1,106.7,0.602,True,814,101.0,100.7,0.74,True
687888,Brandon Walter,FF,157,97.7,99.1,0.392,True,814,101.0,100.7,0.74,True
687888,Brandon Walter,SI,102,111.5,104.2,0.368,True,814,101.0,100.7,0.74,True
687888,Brandon Walter,ST,183,93.8,96.2,0.606,True,814,101.0,100.7,0.74,True
687911,Bryan King,CH,16,112.3,102.0,0.159,False,1028,107.6,105.9,0.782,True
687911,Bryan King,CU,2,124.4,,0.02,False,1028,107.6,105.9,0.782,True
687911,Bryan King,FF,644,110.6,107.7,0.725,True,1028,107.6,105.9,0.782,True
687911,Bryan King,SI,54,100.3,100.1,0.236,False,1028,107.6,105.9,0.782,True
687911,Bryan King,ST,312,93.9,95.6,0.724,True,1028,107.6,105.9,0.782,True
687922,Easton Lucas,CH,92,92.5,96.1,0.52,False,438,95.3,97.2,0.605,False
687922,Easton Lucas,FC,32,61.9,93.2,0.178,False,438,95.3,97.2,0.605,False
687922,Easton Lucas,FF,218,109.8,104.6,0.472,True,438,95.3,97.2,0.605,False
687922,Easton Lucas,SL,53,85.0,95.4,0.305,False,438,95.3,97.2,0.605,False
687922,Easton Lucas,ST,43,96.0,98.9,0.266,False,438,95.3,97.2,0.605,False
687931,Carson Whisenhunt,CH,152,109.1,105.8,0.642,True,408,84.5,90.9,0.588,False
687931,Carson Whisenhunt,CU,4,72.8,,0.039,False,408,84.5,90.9,0.588,False
687931,Carson Whisenhunt,FF,195,77.1,89.8,0.444,True,408,84.5,90.9,0.588,False
687931,Carson Whisenhunt,SL,57,83.1,94.6,0.321,False,408,84.5,90.9,0.588,False
688107,Robert Gasser,CH,11,78.4,,0.115,False,102,65.8,91.0,0.263,False
688107,Robert Gasser,FC,3,44.0,,0.02,False,102,65.8,91.0,0.263,False
688107,Robert Gasser,FF,27,69.0,96.9,0.1,False,102,65.8,91.0,0.263,False
688107,Robert Gasser,SI,27,82.3,97.6,0.134,False,102,65.8,91.0,0.263,False
688107,Robert Gasser,ST,34,91.1,98.0,0.222,False,102,65.8,91.0,0.263,False
688138,Logan Evans,CH,163,99.0,99.3,0.658,True,1336,97.4,97.9,0.824,True
688138,Logan Evans,CU,131,103.4,101.9,0.571,True,1336,97.4,97.9,0.824,True
688138,Logan Evans,FC,356,97.5,98.2,0.707,True,1336,97.4,97.9,0.824,True
688138,Logan Evans,FF,147,103.3,101.2,0.376,True,1336,97.4,97.9,0.824,True
688138,Logan Evans,SI,226,101.5,100.8,0.563,True,1336,97.4,97.9,0.824,True
688138,Logan Evans,ST,313,102.9,102.1,0.725,True,1336,97.4,97.9,0.824,True
688158,David Morgan,CH,1,113.8,,0.012,False,765,80.8,86.0,0.728,True
688158,David Morgan,CU,179,96.3,97.6,0.645,True,765,80.8,86.0,0.728,True
688158,David Morgan,FF,281,78.2,88.3,0.535,True,765,80.8,86.0,0.728,True
688158,David Morgan,SI,164,98.2,99.1,0.483,True,765,80.8,86.0,0.728,True
688158,David Morgan,SL,140,82.9,90.8,0.537,True,765,80.8,86.0,0.728,True
688297,Chris Roycroft,FC,87,69.5,88.7,0.371,False,378,68.8,82.2,0.569,False
688297,Chris Roycroft,FF,109,85.4,95.5,0.309,True,378,68.8,82.2,0.569,False
688297,Chris Roycroft,SI,182,94.1,97.0,0.51,True,378,68.8,82.2,0.569,False
688497,Taylor Rashi,CU,28,114.2,103.1,0.222,False,316,97.0,98.4,0.525,False
688497,Taylor Rashi,FF,178,104.7,102.0,0.422,True,316,97.0,98.4,0.525,False
688497,Taylor Rashi,FS,75,81.4,91.1,0.481,False,316,97.0,98.4,0.525,False
688497,Taylor Rashi,SL,35,102.2,100.5,0.225,False,316,97.0,98.4,0.525,False
688642,Zach Agnos,CU,2,105.4,,0.02,False,527,77.6,85.5,0.648,True
688642,Zach Agnos,FC,176,95.6,97.6,0.544,True,527,77.6,85.5,0.648,True
688642,Zach Agnos,FF,155,84.9,94.1,0.389,True,527,77.6,85.5,0.648,True
688642,Zach Agnos,FS,108,94.5,96.9,0.572,True,527,77.6,85.5,0.648,True
688642,Zach Agnos,ST,86,77.9,90.7,0.42,False,527,77.6,85.5,0.648,True
689017,Landon Knack,CH,193,96.1,97.3,0.695,True,742,100.6,100.4,0.722,True
689017,Landon Knack,FF,361,102.4,101.4,0.597,True,742,100.6,100.4,0.722,True
689017,Landon Knack,KC,97,105.1,102.3,0.456,False,742,100.6,100.4,0.722,True
689017,Landon Knack,SL,91,100.4,100.2,0.43,False,742,100.6,100.4,0.722,True
689147,Orion Kerkering,FF,351,102.1,101.2,0.59,True,1048,106.8,105.3,0.786,True
689147,Orion Kerkering,SI,198,99.7,99.8,0.531,True,1048,106.8,105.3,0.786,True
689147,Orion Kerkering,ST,499,107.3,105.9,0.808,True,1048,106.8,105.3,0.786,True
689225,Beau Brieske,CH,89,109.1,104.7,0.512,False,372,99.1,99.5,0.565,False
689225,Beau Brieske,FF,182,101.7,100.7,0.427,True,372,99.1,99.5,0.565,False
689225,Beau Brieske,SI,64,92.2,97.9,0.268,False,372,99.1,99.5,0.565,False
689225,Beau Brieske,SL,37,83.0,96.0,0.235,False,372,99.1,99.5,0.565,False
689254,Mason Fluharty,FC,500,101.9,101.5,0.772,True,859,99.7,99.8,0.75,True
689254,Mason Fluharty,SI,1,65.2,,0.006,False,859,99.7,99.8,0.75,True
689254,Mason Fluharty,ST,358,105.3,104.0,0.751,True,859,99.7,99.8,0.75,True
689266,Dylan Dodd,CH,13,84.2,,0.133,False,536,84.8,90.1,0.652,True
689266,Dylan Dodd,FC,289,89.1,92.8,0.662,True,536,84.8,90.1,0.652,True
689266,Dylan Dodd,SI,189,114.2,107.4,0.519,True,536,84.8,90.1,0.652,True
689266,Dylan Dodd,SL,45,58.6,88.7,0.272,False,536,84.8,90.1,0.652,True
689690,Alek Jacob,CH,166,89.6,93.1,0.662,True,517,80.0,87.1,0.644,True
689690,Alek Jacob,FF,217,85.8,93.3,0.471,True,517,80.0,87.1,0.644,True
689690,Alek Jacob,SI,80,97.4,99.2,0.313,False,517,80.0,87.1,0.644,True
689690,Alek Jacob,ST,54,86.3,95.7,0.312,False,517,80.0,87.1,0.644,True
690382,Michael Darrell-Hicks,FC,53,86.5,96.4,0.264,False,158,67.2,88.3,0.356,False
690382,Michael Darrell-Hicks,FF,7,112.1,,0.028,False,158,67.2,88.3,0.356,False
690382,Michael Darrell-Hicks,SI,68,84.2,95.6,0.28,False,158,67.2,88.3,0.356,False
690382,Michael Darrell-Hicks,ST,30,75.6,95.1,0.201,False,158,67.2,88.3,0.356,False
690544,Bailey Horn,FC,34,58.6,92.2,0.187,False,224,80.8,91.6,0.439,False
690544,Bailey Horn,FF,73,110.9,102.5,0.23,False,224,80.8,91.6,0.439,False
690544,Bailey Horn,SI,44,77.6,95.5,0.201,False,224,80.8,91.6,0.439,False
690544,Bailey Horn,ST,73,95.8,98.4,0.38,False,224,80.8,91.6,0.439,False
690916,Richard Fitts,CH,16,61.2,93.8,0.159,False,664,109.3,106.5,0.699,True
690916,Richard Fitts,CU,76,113.1,105.7,0.436,False,664,109.3,106.5,0.699,True
690916,Richard Fitts,FF,266,105.7,103.0,0.522,True,664,109.3,106.5,0.699,True
690916,Richard Fitts,SI,62,84.9,96.1,0.261,False,664,109.3,106.5,0.699,True
690916,Richard Fitts,SL,186,112.8,107.8,0.607,True,664,109.3,106.5,0.699,True
690916,Richard Fitts,ST,58,102.7,100.9,0.328,False,664,109.3,106.5,0.699,True
690925,Clayton Beeter,FF,251,86.7,93.3,0.507,True,465,83.8,90.0,0.619,False
690925,Clayton Beeter,SL,214,87.0,91.7,0.64,True,465,83.8,90.0,0.619,False
690928,Hunter Dobbins,CU,112,108.7,104.6,0.532,True,929,108.3,106.3,0.765,True
690928,Hunter Dobbins,FF,377,105.8,103.5,0.607,True,929,108.3,106.3,0.765,True
690928,Hunter Dobbins,FS,79,95.5,97.8,0.494,False,929,108.3,106.3,0.765,True
690928,Hunter Dobbins,SI,13,74.1,,0.069,False,929,108.3,106.3,0.765,True
690928,Hunter Dobbins,SL,252,106.2,104.2,0.676,True,929,108.3,106.3,0.765,True
690928,Hunter Dobbins,ST,96,99.3,99.7,0.447,False,929,108.3,106.3,0.765,True
690953,Mick Abel,CH,63,88.6,95.1,0.426,False,720,97.9,98.5,0.716,True
690953,Mick Abel,CU,154,98.6,99.1,0.61,True,720,97.9,98.5,0.716,True
690953,Mick Abel,FF,303,97.7,98.7,0.554,True,720,97.9,98.5,0.716,True
690953,Mick Abel,SI,95,112.7,104.5,0.352,False,720,97.9,98.5,0.716,True
690953,Mick Abel,SL,83,100.8,100.3,0.408,False,720,97.9,98.5,0.716,True
690953,Mick Abel,ST,22,78.0,96.6,0.156,False,720,97.9,98.5,0.716,True
690986,Kyle Harrison,CH,47,121.8,107.8,0.356,False,587,108.3,105.6,0.672,True
690986,Kyle Harrison,FC,22,58.3,94.6,0.13,False,587,108.3,105.6,0.672,True
690986,Kyle Harrison,FF,345,111.1,106.5,0.586,True,587,108.3,105.6,0.672,True
690986,Kyle Harrison,SI,12,100.6,,0.064,False,587,108.3,105.6,0.672,True
690986,Kyle Harrison,SV,161,102.1,100.8,0.36,True,587,108.3,105.6,0.672,True
690990,Cade Horton,CH,228,93.5,95.3,0.729,True,1788,100.2,100.2,0.862,True
690990,Cade Horton,CU,174,101.4,100.9,0.639,True,1788,100.2,100.2,0.862,True
690990,Cade Horton,FF,899,103.6,102.8,0.787,True,1788,100.2,100.2,0.862,True
690990,Cade Horton,SI,98,87.3,95.4,0.359,False,1788,100.2,100.2,0.862,True
690990,Cade Horton,SL,2,6.5,,0.016,False,1788,100.2,100.2,0.862,True
690990,Cade Horton,ST,387,103.0,102.3,0.765,True,1788,100.2,100.2,0.862,True
690997,Nolan Mclean,CH,64,85.9,93.9,0.43,False,738,95.1,96.5,0.721,True
690997,Nolan Mclean,CU,117,85.6,92.2,0.543,True,738,95.1,96.5,0.721,True
690997,Nolan Mclean,FC,63,116.2,104.9,0.299,False,738,95.1,96.5,0.721,True
690997,Nolan Mclean,FF,98,85.3,95.8,0.287,False,738,95.1,96.5,0.721,True
690997,Nolan Mclean,SI,206,104.7,102.5,0.54,True,738,95.1,96.5,0.721,True
690997,Nolan Mclean,ST,190,101.3,100.8,0.615,True,738,95.1,96.5,0.721,True
691172,Yosver Zulueta,CH,9,119.4,,0.096,False,140,92.5,97.5,0.329,False
691172,Yosver Zulueta,FF,26,130.5,102.9,0.096,False,140,92.5,97.5,0.329,False
691172,Yosver Zulueta,SI,57,81.6,95.5,0.245,False,140,92.5,97.5,0.329,False
691172,Yosver Zulueta,SL,48,86.8,96.2,0.285,False,140,92.5,97.5,0.329,False
691251,Andry Lara,FF,116,94.6,98.3,0.322,True,253,89.3,95.0,0.469,False
691251,Andry Lara,FS,13,93.1,,0.138,False,253,89.3,95.0,0.469,False
691251,Andry Lara,SI,41,101.4,100.3,0.19,False,253,89.3,95.0,0.469,False
691251,Andry Lara,SL,83,82.2,92.7,0.408,False,253,89.3,95.0,0.469,False
691441,Cristian Mena,CH,15,100.2,100.0,0.15,False,100,86.4,96.5,0.259,False
691441,Cristian Mena,CU,33,107.1,101.8,0.251,False,100,86.4,96.5,0.259,False
691441,Cristian Mena,FF,29,82.3,98.1,0.106,False,100,86.4,96.5,0.259,False
691441,Cristian Mena,SI,12,61.6,,0.064,False,100,86.4,96.5,0.259,False
691441,Cristian Mena,ST,11,104.5,,0.085,False,100,86.4,96.5,0.259,False
691587,Eury Pérez,CH,131,85.7,91.3,0.607,True,1673,96.9,97.4,0.854,True
691587,Eury Pérez,CU,154,105.2,103.2,0.61,True,1673,96.9,97.4,0.854,True
691587,Eury Pérez,FC,16,88.8,98.9,0.098,False,1673,96.9,97.4,0.854,True
691587,Eury Pérez,FF,859,101.5,101.2,0.779,True,1673,96.9,97.4,0.854,True
691587,Eury Pérez,SI,17,60.9,96.5,0.088,False,1673,96.9,97.4,0.854,True
691587,Eury Pérez,SL,366,90.9,93.2,0.752,True,1673,96.9,97.4,0.854,True
691587,Eury Pérez,ST,130,97.4,98.6,0.522,True,1673,96.9,97.4,0.854,True
691799,Grant Taylor,CU,132,121.3,112.2,0.573,True,610,104.8,103.3,0.681,True
691799,Grant Taylor,FC,102,108.9,103.6,0.409,True,610,104.8,103.3,0.681,True
691799,Grant Taylor,FF,338,97.8,98.7,0.581,True,610,104.8,103.3,0.681,True
691799,Grant Taylor,SL,38,93.4,98.4,0.24,False,610,104.8,103.3,0.681,True
691951,Sam Aldegheri,CH,72,90.1,95.5,0.459,False,303,71.3,85.2,0.514,False
691951,Sam Aldegheri,CU,35,78.5,94.4,0.262,False,303,71.3,85.2,0.514,False
691951,Sam Aldegheri,FF,143,79.1,92.3,0.37,True,303,71.3,85.2,0.514,False
691951,Sam Aldegheri,SL,53,80.3,94.0,0.305,False,303,71.3,85.2,0.514,False
692230,Carlos Rodriguez,CH,46,72.7,90.4,0.352,False,208,82.0,92.4,0.421,False
692230,Carlos Rodriguez,CU,14,118.7,,0.125,False,208,82.0,92.4,0.421,False
692230,Carlos Rodriguez,FC,43,82.7,96.1,0.226,False,208,82.0,92.4,0.421,False
692230,Carlos Rodriguez,FF,54,102.1,100.4,0.181,False,208,82.0,92.4,0.421,False
692230,Carlos Rodriguez,SI,12,48.5,,0.064,False,208,82.0,92.4,0.421,False
692230,Carlos Rodriguez,ST,39,120.5,105.1,0.247,False,208,82.0,92.4,0.421,False
692285,Luis Guerrero,CH,14,101.3,,0.142,False,288,80.4,90.2,0.502,False
692285,Luis Guerrero,FF,107,81.6,94.4,0.305,True,288,80.4,90.2,0.502,False
692285,Luis Guerrero,SL,124,84.2,92.0,0.507,True,288,80.4,90.2,0.502,False
692285,Luis Guerrero,ST,43,84.3,95.8,0.266,False,288,80.4,90.2,0.502,False
693312,Kyle Nicolas,CH,1,-136.5,,0.012,False,649,83.1,88.3,0.694,True
693312,Kyle Nicolas,CU,145,87.0,92.3,0.596,True,649,83.1,88.3,0.694,True
693312,Kyle Nicolas,FF,330,91.5,95.1,0.575,True,649,83.1,88.3,0.694,True
693312,Kyle Nicolas,SI,2,131.5,,0.011,False,649,83.1,88.3,0.694,True
693312,Kyle Nicolas,SL,171,83.9,90.6,0.587,True,649,83.1,88.3,0.694,True
693313,Carson Seymour,CU,29,56.2,90.0,0.228,False,621,87.2,91.2,0.685,True
693313,Carson Seymour,FC,62,90.9,97.3,0.296,False,621,87.2,91.2,0.685,True
693313,Carson Seymour,FF,136,100.8,100.3,0.358,True,621,87.2,91.2,0.685,True
693313,Carson Seymour,SI,263,101.4,100.8,0.6,True,621,87.2,91.2,0.685,True
693313,Carson Seymour,SL,131,73.2,86.0,0.521,True,621,87.2,91.2,0.685,True
693433,Bryan Woo,CH,185,101.5,101.0,0.686,True,2611,114.6,113.2,0.901,True
693433,Bryan Woo,FF,1230,113.5,111.3,0.834,True,2611,114.6,113.2,0.901,True
693433,Bryan Woo,SI,662,111.5,109.1,0.791,True,2611,114.6,113.2,0.901,True
693433,Bryan Woo,SL,294,108.6,106.1,0.709,True,2611,114.6,113.2,0.901,True
693433,Bryan Woo,ST,240,84.7,89.8,0.669,True,2611,114.6,113.2,0.901,True
693645,Cam Schlittler,CU,186,106.1,104.0,0.654,True,1253,92.0,93.5,0.814,True
693645,Cam Schlittler,FC,247,98.0,98.7,0.626,True,1253,92.0,93.5,0.814,True
693645,Cam Schlittler,FF,700,94.6,96.0,0.742,True,1253,92.0,93.5,0.814,True
693645,Cam Schlittler,SI,76,97.5,99.2,0.303,False,1253,92.0,93.5,0.814,True
693645,Cam Schlittler,SL,15,101.8,100.2,0.111,False,1253,92.0,93.5,0.814,True
693645,Cam Schlittler,ST,29,115.7,103.1,0.196,False,1253,92.0,93.5,0.814,True
693821,Bryce Elder,CH,263,101.0,100.8,0.756,True,2514,104.1,103.7,0.898,True
693821,Bryce Elder,FF,309,100.2,100.1,0.559,True,2514,104.1,103.7,0.898,True
693821,Bryce Elder,SI,1059,95.3,96.0,0.858,True,2514,104.1,103.7,0.898,True
693821,Bryce Elder,SL,883,110.7,109.4,0.88,True,2514,104.1,103.7,0.898,True
693855,Ian Seymour,CH,314,105.8,104.6,0.787,True,995,101.8,101.4,0.777,True
693855,Ian Seymour,CU,16,110.5,101.5,0.14,False,995,101.8,101.4,0.777,True
693855,Ian Seymour,FC,214,102.9,101.7,0.592,True,995,101.8,101.4,0.777,True
693855,Ian Seymour,FF,317,100.4,100.2,0.565,True,995,101.8,101.4,0.777,True
693855,Ian Seymour,SI,54,87.0,96.9,0.236,False,995,101.8,101.4,0.777,True
693855,Ian Seymour,SL,26,117.4,103.1,0.177,False,995,101.8,101.4,0.777,True
693855,Ian Seymour,ST,54,116.1,105.0,0.312,False,995,101.8,101.4,0.777,True
694037,Daniel Palencia,CU,3,148.2,,0.03,False,847,101.7,101.3,0.748,True
694037,Daniel Palencia,FF,615,100.2,100.1,0.716,True,847,101.7,101.3,0.748,True
694037,Daniel Palencia,FS,28,107.7,102.0,0.257,False,847,101.7,101.3,0.748,True
694037,Daniel Palencia,SI,3,127.2,,0.017,False,847,101.7,101.3,0.748,True
694037,Daniel Palencia,SL,198,99.7,99.8,0.622,True,847,101.7,101.3,0.748,True
694297,Brandon Pfaadt,CH,441,110.8,109.1,0.839,True,2833,108.5,107.7,0.908,True
694297,Brandon Pfaadt,CU,273,99.2,99.4,0.735,True,2833,108.5,107.7,0.908,True
694297,Brandon Pfaadt,FC,267,104.9,103.2,0.644,True,2833,108.5,107.7,0.908,True
694297,Brandon Pfaadt,FF,659,104.0,102.9,0.73,True,2833,108.5,107.7,0.908,True
694297,Brandon Pfaadt,SI,670,110.8,108.6,0.793,True,2833,108.5,107.7,0.908,True
694297,Brandon Pfaadt,ST,523,102.7,102.2,0.815,True,2833,108.5,107.7,0.908,True
694335,Matt Svanson,FC,156,88.6,94.1,0.514,True,956,100.1,100.1,0.77,True
694335,Matt Svanson,FF,13,130.3,,0.051,False,956,100.1,100.1,0.77,True
694335,Matt Svanson,SI,453,101.4,101.0,0.721,True,956,100.1,100.1,0.77,True
694335,Matt Svanson,ST,334,107.7,105.7,0.737,True,956,100.1,100.1,0.77,True
694350,Zach Brzykcy,CH,102,99.7,99.8,0.546,True,459,84.8,90.6,0.616,False
694350,Zach Brzykcy,CU,112,103.4,101.8,0.532,True,459,84.8,90.6,0.616,False
694350,Zach Brzykcy,FF,245,83.1,91.5,0.501,True,459,84.8,90.6,0.616,False
694361,Will Klein,CU,67,106.6,102.7,0.405,False,305,78.1,88.7,0.516,False
694361,Will Klein,FC,49,84.7,96.2,0.249,False,305,78.1,88.7,0.516,False
694361,Will Klein,FF,175,85.8,94.1,0.418,True,305,78.1,88.7,0.516,False
694361,Will Klein,ST,14,58.9,,0.105,False,305,78.1,88.7,0.516,False
694363,Jared Shuster,CH,102,100.6,100.3,0.546,True,280,106.8,103.4,0.495,False
694363,Jared Shuster,FF,91,102.8,100.8,0.272,False,280,106.8,103.4,0.495,False
694363,Jared Shuster,SI,11,12.0,,0.059,False,280,106.8,103.4,0.495,False
694363,Jared Shuster,SL,74,128.1,110.7,0.38,False,280,106.8,103.4,0.495,False
694363,Jared Shuster,ST,2,48.7,,0.017,False,280,106.8,103.4,0.495,False
694462,Hurston Waldrep,CU,111,96.5,98.1,0.53,True,577,97.4,98.3,0.669,True
694462,Hurston Waldrep,FC,182,102.4,101.3,0.553,True,577,97.4,98.3,0.669,True
694462,Hurston Waldrep,FF,23,100.5,100.0,0.086,False,577,97.4,98.3,0.669,True
694462,Hurston Waldrep,FS,2,57.6,,0.024,False,577,97.4,98.3,0.669,True
694462,Hurston Waldrep,SI,159,98.3,99.2,0.476,True,577,97.4,98.3,0.669,True
694462,Hurston Waldrep,SL,100,106.2,102.8,0.453,True,577,97.4,98.3,0.669,True
694477,Chad Patrick,CH,133,84.7,90.7,0.61,True,1988,92.5,93.4,0.874,True
694477,Chad Patrick,FC,819,99.8,99.8,0.847,True,1988,92.5,93.4,0.874,True
694477,Chad Patrick,FF,439,96.9,98.0,0.643,True,1988,92.5,93.4,0.874,True
694477,Chad Patrick,SI,460,106.2,104.5,0.724,True,1988,92.5,93.4,0.874,True
694477,Chad Patrick,SL,105,105.4,102.5,0.466,True,1988,92.5,93.4,0.874,True
694477,Chad Patrick,SV,32,31.1,93.1,0.101,False,1988,92.5,93.4,0.874,True
694646,Chayce Mcdermott,CU,2,86.4,,0.02,False,194,52.2,80.7,0.404,False
694646,Chayce Mcdermott,FC,21,86.0,98.3,0.125,False,194,52.2,80.7,0.404,False
694646,Chayce Mcdermott,FF,105,58.2,87.4,0.301,True,194,52.2,80.7,0.404,False
694646,Chayce Mcdermott,FS,9,123.5,,0.1,False,194,52.2,80.7,0.404,False
694646,Chayce Mcdermott,SL,52,72.5,91.7,0.301,False,194,52.2,80.7,0.404,False
694646,Chayce Mcdermott,ST,5,87.7,,0.04,False,194,52.2,80.7,0.404,False
694738,Landen Roupp,CH,315,105.0,103.9,0.788,True,1847,107.5,106.5,0.866,True
694738,Landen Roupp,CU,659,109.1,107.9,0.87,True,1847,107.5,106.5,0.866,True
694738,Landen Roupp,FC,124,109.0,104.1,0.457,True,1847,107.5,106.5,0.866,True
694738,Landen Roupp,FF,13,133.0,,0.051,False,1847,107.5,106.5,0.866,True
694738,Landen Roupp,SI,736,102.9,102.3,0.808,True,1847,107.5,106.5,0.866,True
694819,Jacob Misiorowski,CH,69,96.7,98.5,0.448,False,1164,103.0,102.4,0.803,True
694819,Jacob Misiorowski,CU,170,102.2,101.4,0.633,True,1164,103.0,102.4,0.803,True
694819,Jacob Misiorowski,FF,642,97.7,98.3,0.725,True,1164,103.0,102.4,0.803,True
694819,Jacob Misiorowski,SL,283,110.9,107.6,0.701,True,1164,103.0,102.4,0.803,True
694851,Andrew Hoffmann,CH,31,73.4,92.9,0.268,False,159,84.1,94.3,0.357,False
694851,Andrew Hoffmann,CU,6,149.4,,0.057,False,159,84.1,94.3,0.357,False
694851,Andrew Hoffmann,FF,102,92.0,97.6,0.295,True,159,84.1,94.3,0.357,False
694851,Andrew Hoffmann,SL,20,94.9,99.3,0.142,False,159,84.1,94.3,0.357,False
694918,Blade Tidwell,CH,10,81.1,,0.105,False,309,94.6,97.2,0.519,False
694918,Blade Tidwell,CU,1,131.7,,0.01,False,309,94.6,97.2,0.519,False
694918,Blade Tidwell,FF,120,109.2,103.0,0.33,True,309,94.6,97.2,0.519,False
694918,Blade Tidwell,SI,58,101.7,100.4,0.249,False,309,94.6,97.2,0.519,False
694918,Blade Tidwell,SL,53,54.0,86.0,0.305,False,309,94.6,97.2,0.519,False
694918,Blade Tidwell,ST,67,98.3,99.4,0.36,False,309,94.6,97.2,0.519,False
694973,Paul Skenes,CH,316,104.7,103.7,0.788,True,2903,112.8,111.7,0.91,True
694973,Paul Skenes,CU,144,103.9,102.3,0.594,True,2903,112.8,111.7,0.91,True
694973,Paul Skenes,FF,1132,110.7,108.8,0.823,True,2903,112.8,111.7,0.91,True
694973,Paul Skenes,FS,366,118.2,114.9,0.819,True,2903,112.8,111.7,0.91,True
694973,Paul Skenes,SI,310,100.6,100.4,0.639,True,2903,112.8,111.7,0.91,True
694973,Paul Skenes,SL,162,93.1,96.0,0.573,True,2903,112.8,111.7,0.91,True
694973,Paul Skenes,ST,473,106.8,105.4,0.799,True,2903,112.8,111.7,0.91,True
695243,Mason Miller,CH,22,75.5,95.0,0.206,False,967,86.1,89.3,0.772,True
695243,Mason Miller,FF,504,89.2,92.7,0.674,True,967,86.1,89.3,0.772,True
695243,Mason Miller,SL,441,88.2,90.7,0.785,True,967,86.1,89.3,0.772,True
695418,Brad Lord,CH,274,102.4,101.8,0.764,True,2105,104.7,104.1,0.88,True
695418,Brad Lord,FF,1021,107.9,106.4,0.807,True,2105,104.7,104.1,0.88,True
695418,Brad Lord,SI,377,101.9,101.3,0.683,True,2105,104.7,104.1,0.88,True
695418,Brad Lord,SL,430,93.0,94.5,0.781,True,2105,104.7,104.1,0.88,True
695418,Brad Lord,ST,3,-226.6,,0.025,False,2105,104.7,104.1,0.88,True
695445,Chase Lee,CH,35,124.8,107.2,0.292,False,576,104.7,103.1,0.668,True
695445,Chase Lee,FF,123,90.9,96.9,0.335,True,576,104.7,103.1,0.668,True
695445,Chase Lee,SI,223,110.6,105.9,0.56,True,576,104.7,103.1,0.668,True
695445,Chase Lee,ST,195,95.5,97.2,0.621,True,576,104.7,103.1,0.668,True
695505,Chase Burns,CH,43,103.0,101.0,0.336,False,764,112.6,109.2,0.728,True
695505,Chase Burns,CU,13,80.8,,0.117,False,764,112.6,109.2,0.728,True
695505,Chase Burns,FF,442,109.0,105.8,0.644,True,764,112.6,109.2,0.728,True
695505,Chase Burns,SI,8,83.4,,0.044,False,764,112.6,109.2,0.728,True
695505,Chase Burns,SL,258,105.7,103.9,0.682,True,764,112.6,109.2,0.728,True
695534,Chase Petty,CH,20,113.4,102.6,0.191,False,169,76.7,91.3,0.371,False
695534,Chase Petty,FF,37,49.8,93.4,0.132,False,169,76.7,91.3,0.371,False
695534,Chase Petty,SI,39,85.6,97.4,0.182,False,169,76.7,91.3,0.371,False
695534,Chase Petty,SL,54,90.4,97.0,0.309,False,169,76.7,91.3,0.371,False
695534,Chase Petty,ST,19,95.6,99.4,0.138,False,169,76.7,91.3,0.371,False
695549,Jackson Jobe,CH,135,101.4,100.9,0.614,True,798,98.7,99.0,0.736,True
695549,Jackson Jobe,CU,62,100.3,100.1,0.387,False,798,98.7,99.0,0.736,True
695549,Jackson Jobe,FF,242,95.6,97.8,0.498,True,798,98.7,99.0,0.736,True
695549,Jackson Jobe,SI,110,86.3,94.7,0.386,True,798,98.7,99.0,0.736,True
695549,Jackson Jobe,SL,245,105.1,103.4,0.67,True,798,98.7,99.0,0.736,True
695549,Jackson Jobe,ST,4,78.1,,0.033,False,798,98.7,99.0,0.736,True
696136,Jordan Wicks,CH,53,87.9,95.3,0.384,False,217,111.1,104.8,0.431,False
696136,Jordan Wicks,CU,2,72.8,,0.02,False,217,111.1,104.8,0.431,False
696136,Jordan Wicks,FF,86,124.2,106.3,0.261,False,217,111.1,104.8,0.431,False
696136,Jordan Wicks,SI,22,78.4,97.6,0.112,False,217,111.1,104.8,0.431,False
696136,Jordan Wicks,SL,28,122.6,104.3,0.189,False,217,111.1,104.8,0.431,False
696136,Jordan Wicks,ST,26,107.7,101.4,0.179,False,217,111.1,104.8,0.431,False
696147,Sam Bachman,CH,29,96.5,99.1,0.255,False,334,94.5,97.0,0.539,False
696147,Sam Bachman,FF,6,-40.1,,0.024,False,334,94.5,97.0,0.539,False
696147,Sam Bachman,SI,114,93.8,97.6,0.394,True,334,94.5,97.0,0.539,False
696147,Sam Bachman,SL,185,97.6,98.5,0.606,True,334,94.5,97.0,0.539,False
696149,Bubba Chandler,CH,94,105.3,102.8,0.526,False,395,105.9,103.4,0.58,False
696149,Bubba Chandler,CU,25,100.1,100.0,0.203,False,395,105.9,103.4,0.58,False
696149,Bubba Chandler,FF,212,99.9,100.0,0.465,True,395,105.9,103.4,0.58,False
696149,Bubba Chandler,SL,64,116.5,105.7,0.347,False,395,105.9,103.4,0.58,False
696270,Ryan Johnson,FC,97,107.4,102.9,0.397,False,217,110.1,104.4,0.431,False
696270,Ryan Johnson,FS,8,91.8,,0.09,False,217,110.1,104.4,0.431,False
696270,Ryan Johnson,SI,41,102.7,100.5,0.19,False,217,110.1,104.4,0.431,False
696270,Ryan Johnson,SL,13,112.5,,0.097,False,217,110.1,104.4,0.431,False
696270,Ryan Johnson,ST,58,116.8,105.5,0.328,False,217,110.1,104.4,0.431,False
697812,Joe Rock,CH,10,88.1,,0.105,False,145,89.3,96.4,0.336,False
697812,Joe Rock,FF,33,94.8,99.4,0.119,False,145,89.3,96.4,0.336,False
697812,Joe Rock,SI,64,87.8,96.7,0.268,False,145,89.3,96.4,0.336,False
697812,Joe Rock,SL,38,105.2,101.2,0.24,False,145,89.3,96.4,0.336,False
699134,Bradgley Rodriguez,CH,30,92.7,98.1,0.261,False,127,59.3,87.5,0.307,False
699134,Bradgley Rodriguez,FC,13,89.8,,0.081,False,127,59.3,87.5,0.307,False
699134,Bradgley Rodriguez,FF,52,91.3,98.5,0.176,False,127,59.3,87.5,0.307,False
699134,Bradgley Rodriguez,SI,32,44.5,91.4,0.154,False,127,59.3,87.5,0.307,False
699911,Dugan Darnell,FF,98,82.9,95.1,0.287,False,173,82.1,93.3,0.377,False
699911,Dugan Darnell,FS,37,83.3,94.8,0.314,False,173,82.1,93.3,0.377,False
699911,Dugan Darnell,SL,38,111.9,102.9,0.24,False,173,82.1,93.3,0.377,False
700187,Troy Taylor,CH,2,74.5,,0.023,False,136,99.5,99.8,0.322,False
700187,Troy Taylor,FF,64,92.1,98.4,0.208,False,136,99.5,99.8,0.322,False
700187,Troy Taylor,SI,19,94.4,99.5,0.098,False,136,99.5,99.8,0.322,False
700187,Troy Taylor,ST,51,113.4,104.0,0.3,False,136,99.5,99.8,0.322,False
700241,Michael Mcgreevy,CH,147,98.1,98.8,0.634,True,1465,115.0,112.5,0.837,True
700241,Michael Mcgreevy,CU,177,97.4,98.3,0.643,True,1465,115.0,112.5,0.837,True
700241,Michael Mcgreevy,FC,144,128.8,114.2,0.494,True,1465,115.0,112.5,0.837,True
700241,Michael Mcgreevy,FF,373,102.1,101.3,0.605,True,1465,115.0,112.5,0.837,True
700241,Michael Mcgreevy,SI,325,120.1,113.1,0.65,True,1465,115.0,112.5,0.837,True
700241,Michael Mcgreevy,SL,3,76.5,,0.024,False,1465,115.0,112.5,0.837,True
700241,Michael Mcgreevy,ST,296,110.4,107.4,0.713,True,1465,115.0,112.5,0.837,True
700249,Cade Povich,CH,216,76.4,83.1,0.718,True,1797,97.5,97.8,0.863,True
700249,Cade Povich,CU,410,108.7,107.0,0.806,True,1797,97.5,97.8,0.863,True
700249,Cade Povich,FC,33,93.1,98.7,0.183,False,1797,97.5,97.8,0.863,True
700249,Cade Povich,FF,690,100.0,100.0,0.739,True,1797,97.5,97.8,0.863,True
700249,Cade Povich,SI,235,106.7,103.8,0.573,True,1797,97.5,97.8,0.863,True
700249,Cade Povich,SL,25,100.3,100.1,0.172,False,1797,97.5,97.8,0.863,True
700249,Cade Povich,ST,188,96.9,98.1,0.613,True,1797,97.5,97.8,0.863,True
700363,Aj Smith-Shawver,CU,90,89.9,95.2,0.478,False,555,91.5,94.4,0.66,True
700363,Aj Smith-Shawver,FF,310,100.4,100.2,0.56,True,555,91.5,94.4,0.66,True
700363,Aj Smith-Shawver,FS,135,94.9,96.8,0.625,True,555,91.5,94.4,0.66,True
700363,Aj Smith-Shawver,SL,20,64.7,95.0,0.142,False,555,91.5,94.4,0.66,True
700669,Gordon Graceffo,CH,20,129.1,105.5,0.191,False,756,97.4,98.1,0.725,True
700669,Gordon Graceffo,CU,195,95.3,96.9,0.665,True,756,97.4,98.1,0.725,True
700669,Gordon Graceffo,FC,171,93.6,96.6,0.537,True,756,97.4,98.1,0.725,True
700669,Gordon Graceffo,FF,329,108.1,104.7,0.574,True,756,97.4,98.1,0.725,True
700669,Gordon Graceffo,SI,11,80.7,,0.059,False,756,97.4,98.1,0.725,True
700669,Gordon Graceffo,SL,30,101.1,100.2,0.199,False,756,97.4,98.1,0.725,True
701121,Logan Vanwey,CH,22,118.9,103.9,0.206,False,182,107.5,102.9,0.389,False
701121,Logan Vanwey,FC,6,110.7,,0.039,False,182,107.5,102.9,0.389,False
701121,Logan Vanwey,FF,96,103.9,101.1,0.282,False,182,107.5,102.9,0.389,False
701121,Logan Vanwey,SI,15,106.0,100.5,0.079,False,182,107.5,102.9,0.389,False
701121,Logan Vanwey,ST,43,99.5,99.9,0.266,False,182,107.5,102.9,0.389,False
701487,Pierson Ohl,CH,205,126.2,118.5,0.707,True,539,112.6,108.2,0.653,True
701487,Pierson Ohl,CU,32,95.6,98.9,0.245,False,539,112.6,108.2,0.653,True
701487,Pierson Ohl,FC,64,71.6,91.4,0.303,False,539,112.6,108.2,0.653,True
701487,Pierson Ohl,FF,238,108.0,104.0,0.494,True,539,112.6,108.2,0.653,True
701519,Travis Adams,CH,111,92.9,96.0,0.567,True,663,94.9,96.4,0.699,True
701519,Travis Adams,CU,27,98.8,99.7,0.215,False,663,94.9,96.4,0.699,True
701519,Travis Adams,FC,123,99.1,99.6,0.455,True,663,94.9,96.4,0.699,True
701519,Travis Adams,FF,195,97.9,99.1,0.444,True,663,94.9,96.4,0.699,True
701519,Travis Adams,SI,74,115.3,104.5,0.297,False,663,94.9,96.4,0.699,True
701519,Travis Adams,SL,133,89.0,94.2,0.525,True,663,94.9,96.4,0.699,True
701542,Will Warren,CH,275,92.8,94.5,0.764,True,2798,95.4,95.8,0.907,True
701542,Will Warren,CU,196,88.4,92.3,0.666,True,2798,95.4,95.8,0.907,True
701542,Will Warren,FF,1165,99.3,99.4,0.827,True,2798,95.4,95.8,0.907,True
701542,Will Warren,SI,588,99.9,99.9,0.77,True,2798,95.4,95.8,0.907,True
701542,Will Warren,ST,574,98.8,99.0,0.828,True,2798,95.4,95.8,0.907,True
701552,Andre Granillo,CH,20,98.8,99.8,0.191,False,361,104.6,102.6,0.558,False
701552,Andre Granillo,FF,102,96.4,98.9,0.295,True,361,104.6,102.6,0.558,False
701552,Andre Granillo,SI,4,177.7,,0.022,False,361,104.6,102.6,0.558,False
701552,Andre Granillo,SL,235,98.2,98.8,0.661,True,361,104.6,102.6,0.558,False
701581,David Festa,CH,256,109.1,106.8,0.751,True,882,108.8,106.6,0.755,True
701581,David Festa,FF,278,104.5,102.4,0.533,True,882,108.8,106.6,0.755,True
701581,David Festa,SI,112,94.0,97.7,0.39,True,882,108.8,106.6,0.755,True
701581,David Festa,SL,236,105.3,103.5,0.662,True,882,108.8,106.6,0.755,True
701656,Logan Henderson,CH,164,108.4,105.5,0.659,True,410,118.9,111.1,0.589,False
701656,Logan Henderson,FC,32,125.8,104.6,0.178,False,410,118.9,111.1,0.589,False
701656,Logan Henderson,FF,200,114.0,106.3,0.45,True,410,118.9,111.1,0.589,False
701656,Logan Henderson,SL,14,117.2,,0.104,False,410,118.9,111.1,0.589,False
702056,Trey Yesavage,FF,108,94.7,98.4,0.307,True,238,97.2,98.7,0.454,False
702056,Trey Yesavage,FS,62,96.7,98.6,0.434,False,238,97.2,98.7,0.454,False
702056,Trey Yesavage,SL,68,103.4,101.2,0.361,False,238,97.2,98.7,0.454,False
702070,Noah Cameron,CH,402,97.7,98.1,0.826,True,2164,101.8,101.6,0.883,True
702070,Noah Cameron,CU,417,107.0,105.7,0.809,True,2164,101.8,101.6,0.883,True
702070,Noah Cameron,FC,468,101.4,101.1,0.76,True,2164,101.8,101.6,0.883,True
702070,Noah Cameron,FF,571,101.4,101.0,0.701,True,2164,101.8,101.6,0.883,True
702070,Noah Cameron,SL,306,108.7,106.2,0.717,True,2164,101.8,101.6,0.883,True
702352,Spencer Bivens,CH,192,92.6,94.9,0.693,True,1254,99.4,99.5,0.814,True
702352,Spencer Bivens,FC,338,95.6,96.9,0.696,True,1254,99.4,99.5,0.814,True
702352,Spencer Bivens,FF,81,95.3,98.8,0.249,False,1254,99.4,99.5,0.814,True
702352,Spencer Bivens,SI,471,109.8,107.1,0.729,True,1254,99.4,99.5,0.814,True
702352,Spencer Bivens,ST,103,107.0,103.2,0.464,True,1254,99.4,99.5,0.814,True
702352,Spencer Bivens,SV,69,119.8,103.8,0.194,False,1254,99.4,99.5,0.814,True
702674,Caden Dana,CH,109,98.3,99.0,0.562,True,562,84.3,89.6,0.663,True
702674,Caden Dana,CU,45,78.2,93.2,0.314,False,562,84.3,89.6,0.663,True
702674,Caden Dana,FF,253,78.5,89.1,0.509,True,562,84.3,89.6,0.663,True
702674,Caden Dana,SL,155,104.0,102.3,0.563,True,562,84.3,89.6,0.663,True
702795,Ryan Loutos,CH,39,81.5,94.2,0.315,False,231,105.1,102.3,0.447,False
702795,Ryan Loutos,FF,107,105.8,101.8,0.305,True,231,105.1,102.3,0.447,False
702795,Ryan Loutos,SI,12,106.6,,0.064,False,231,105.1,102.3,0.447,False
702795,Ryan Loutos,SL,52,108.4,102.5,0.301,False,231,105.1,102.3,0.447,False
702795,Ryan Loutos,ST,21,113.6,102.0,0.15,False,231,105.1,102.3,0.447,False
800048,Parker Messick,CH,146,101.0,100.6,0.632,True,625,116.3,111.2,0.686,True
800048,Parker Messick,CU,79,102.8,101.2,0.445,False,625,116.3,111.2,0.686,True
800048,Parker Messick,FF,225,114.8,107.1,0.48,True,625,116.3,111.2,0.686,True
800048,Parker Messick,SI,84,120.8,106.7,0.324,False,625,116.3,111.2,0.686,True
800048,Parker Messick,SL,91,109.5,104.1,0.43,False,625,116.3,111.2,0.686,True
800049,Adam Mazur,CH,41,91.5,97.2,0.326,False,489,101.1,100.7,0.631,False
800049,Adam Mazur,CU,53,97.8,99.2,0.35,False,489,101.1,100.7,0.631,False
800049,Adam Mazur,FF,117,95.1,98.4,0.324,True,489,101.1,100.7,0.631,False
800049,Adam Mazur,SI,78,105.2,101.6,0.308,False,489,101.1,100.7,0.631,False
800049,Adam Mazur,SL,140,103.4,101.8,0.537,True,489,101.1,100.7,0.631,False
800049,Adam Mazur,ST,60,96.7,98.9,0.335,False,489,101.1,100.7,0.631,False
800311,Didier Fuentes,CU,35,81.3,95.1,0.262,False,293,101.4,100.7,0.506,False
800311,Didier Fuentes,FF,169,108.0,103.3,0.409,True,293,101.4,100.7,0.506,False
800311,Didier Fuentes,FS,9,136.3,,0.1,False,293,101.4,100.7,0.506,False
800311,Didier Fuentes,ST,80,90.8,96.3,0.402,False,293,101.4,100.7,0.506,False
801139,Payton Tolle,CH,14,65.2,,0.142,False,298,84.3,92.0,0.51,False
801139,Payton Tolle,CU,18,39.9,90.7,0.155,False,298,84.3,92.0,0.51,False
801139,Payton Tolle,FC,42,85.2,96.7,0.222,False,298,84.3,92.0,0.51,False
801139,Payton Tolle,FF,195,100.3,100.1,0.444,True,298,84.3,92.0,0.51,False
801139,Payton Tolle,SL,29,97.5,99.5,0.194,False,298,84.3,92.0,0.51,False
801403,Chase Dollander,CH,138,86.2,91.5,0.619,True,1778,89.5,91.0,0.861,True
801403,Chase Dollander,CU,379,87.0,89.7,0.794,True,1778,89.5,91.0,0.861,True
801403,Chase Dollander,FF,867,98.2,98.6,0.78,True,1778,89.5,91.0,0.861,True
801403,Chase Dollander,SI,175,97.0,98.5,0.5,True,1778,89.5,91.0,0.861,True
801403,Chase Dollander,SL,219,91.9,94.8,0.645,True,1778,89.5,91.0,0.861,True
801434,Paul Gervase,FC,16,73.7,97.4,0.098,False,136,84.2,94.9,0.322,False
801434,Paul Gervase,FF,80,88.3,97.1,0.247,False,136,84.2,94.9,0.322,False
801434,Paul Gervase,SL,40,102.2,100.5,0.249,False,136,84.2,94.9,0.322,False
802419,Tom Harrington,FC,20,107.3,100.9,0.119,False,173,111.3,104.3,0.377,False
802419,Tom Harrington,FF,81,116.0,104.0,0.249,False,173,111.3,104.3,0.377,False
802419,Tom Harrington,FS,20,115.6,103.1,0.198,False,173,111.3,104.3,0.377,False
802419,Tom Harrington,SI,13,101.2,,0.069,False,173,111.3,104.3,0.377,False
802419,Tom Harrington,ST,39,89.3,97.4,0.247,False,173,111.3,104.3,0.377,False
804636,Jonah Tong,CH,102,77.7,87.8,0.546,True,371,85.6,91.9,0.565,False
804636,Jonah Tong,CU,46,104.6,101.5,0.319,False,371,85.6,91.9,0.565,False
804636,Jonah Tong,FF,213,98.2,99.2,0.466,True,371,85.6,91.9,0.565,False
804636,Jonah Tong,SL,10,76.7,,0.077,False,371,85.6,91.9,0.565,False
805123,Aj Blubaugh,CH,98,117.1,109.2,0.536,False,507,103.5,102.2,0.639,True
805123,Aj Blubaugh,CU,17,89.6,98.5,0.147,False,507,103.5,102.2,0.639,True
805123,Aj Blubaugh,FC,6,66.2,,0.039,False,507,103.5,102.2,0.639,True
805123,Aj Blubaugh,FF,278,97.0,98.4,0.533,True,507,103.5,102.2,0.639,True
805123,Aj Blubaugh,ST,108,108.4,104.0,0.476,True,507,103.5,102.2,0.639,True
805299,Brandyn Garcia,CH,6,55.0,,0.066,False,277,76.5,88.4,0.492,False
805299,Brandyn Garcia,SI,145,97.0,98.6,0.453,True,277,76.5,88.4,0.492,False
805299,Brandyn Garcia,SL,42,77.7,94.2,0.258,False,277,76.5,88.4,0.492,False
805299,Brandyn Garcia,ST,84,66.1,86.0,0.414,False,277,76.5,88.4,0.492,False
805673,Zebby Matthews,CH,143,100.8,100.5,0.628,True,1353,115.6,112.9,0.825,True
805673,Zebby Matthews,CU,78,99.0,99.6,0.442,False,1353,115.6,112.9,0.825,True
805673,Zebby Matthews,FC,175,93.5,96.5,0.543,True,1353,115.6,112.9,0.825,True
805673,Zebby Matthews,FF,557,117.3,112.0,0.695,True,1353,115.6,112.9,0.825,True
805673,Zebby Matthews,SI,58,116.8,104.2,0.249,False,1353,115.6,112.9,0.825,True
805673,Zebby Matthews,SL,342,113.6,110.1,0.739,True,1353,115.6,112.9,0.825,True
806185,Hayden Birdsong,CH,198,82.4,87.7,0.7,True,1191,80.4,84.2,0.806,True
806185,Hayden Birdsong,CU,155,81.5,88.7,0.612,True,1191,80.4,84.2,0.806,True
806185,Hayden Birdsong,FF,527,89.3,92.7,0.684,True,1191,80.4,84.2,0.806,True
806185,Hayden Birdsong,SL,291,89.4,92.5,0.707,True,1191,80.4,84.2,0.806,True
806185,Hayden Birdsong,SV,20,85.4,99.0,0.065,False,1191,80.4,84.2,0.806,True
806188,Cade Gibson,CH,132,108.9,105.4,0.609,True,908,100.4,100.3,0.76,True
806188,Cade Gibson,CU,259,93.2,95.1,0.725,True,908,100.4,100.3,0.76,True
806188,Cade Gibson,FF,86,85.0,96.1,0.261,False,908,100.4,100.3,0.76,True
806188,Cade Gibson,SI,215,103.2,101.8,0.551,True,908,100.4,100.3,0.76,True
806188,Cade Gibson,SL,87,123.0,109.6,0.419,False,908,100.4,100.3,0.76,True
806188,Cade Gibson,ST,129,95.3,97.6,0.52,True,908,100.4,100.3,0.76,True
806960,Luis Morales,CH,107,105.5,103.1,0.558,True,819,104.6,103.4,0.741,True
806960,Luis Morales,FF,423,103.3,102.1,0.634,True,819,104.6,103.4,0.741,True
806960,Luis Morales,SI,7,127.1,,0.038,False,819,104.6,103.4,0.741,True
806960,Luis Morales,SL,64,115.8,105.5,0.347,False,819,104.6,103.4,0.741,True
806960,Luis Morales,ST,218,95.0,96.8,0.647,True,819,104.6,103.4,0.741,True
808963,Roki Sasaki,FF,240,108.1,104.0,0.496,True,325,105.0,102.7,0.532,False
808963,Roki Sasaki,SI,2,116.7,,0.011,False,325,105.0,102.7,0.532,False
808963,Roki Sasaki,ST,83,89.8,95.8,0.411,False,325,105.0,102.7,0.532,False
808967,Yoshinobu Yamamoto,CU,467,107.3,106.0,0.826,True,2620,111.7,110.5,0.902,True
808967,Yoshinobu Yamamoto,FC,303,108.2,105.5,0.673,True,2620,111.7,110.5,0.902,True
808967,Yoshinobu Yamamoto,FF,918,113.8,110.9,0.79,True,2620,111.7,110.5,0.902,True
808967,Yoshinobu Yamamoto,FS,646,107.6,106.8,0.889,True,2620,111.7,110.5,0.902,True
808967,Yoshinobu Yamamoto,SI,209,94.9,97.2,0.544,True,2620,111.7,110.5,0.902,True
808967,Yoshinobu Yamamoto,SL,76,110.8,104.2,0.387,False,2620,111.7,110.5,0.902,True
808967,Yoshinobu Yamamoto,ST,1,142.3,,0.008,False,2620,111.7,110.5,0.902,True
813349,Connelly Early,CH,63,104.7,102.0,0.426,False,323,103.1,101.6,0.53,False
813349,Connelly Early,CU,67,90.8,96.3,0.405,False,323,103.1,101.6,0.53,False
813349,Connelly Early,FF,94,102.2,100.6,0.278,False,323,103.1,101.6,0.53,False
813349,Connelly Early,SI,42,97.6,99.5,0.193,False,323,103.1,101.6,0.53,False
813349,Connelly Early,SL,37,119.7,104.6,0.235,False,323,103.1,101.6,0.53,False
813349,Connelly Early,ST,20,113.4,101.9,0.144,False,323,103.1,101.6,0.53,False
815083,Mitch Farris,CH,108,68.6,82.4,0.56,True,405,85.2,91.3,0.586,False
815083,Mitch Farris,FF,202,92.8,96.7,0.453,True,405,85.2,91.3,0.586,False
815083,Mitch Farris,SL,95,114.8,106.5,0.441,False,405,85.2,91.3,0.586,False
820862,José Fermin,CH,2,68.2,,0.023,False,645,100.5,100.3,0.693,True
820862,José Fermin,FF,304,109.4,105.2,0.555,True,645,100.5,100.3,0.693,True
820862,José Fermin,SI,22,115.6,101.7,0.112,False,645,100.5,100.3,0.693,True
820862,José Fermin,SL,317,83.8,88.3,0.725,True,645,100.5,100.3,0.693,True
829272,Shinnosuke Ogasawara,CH,150,106.8,104.3,0.639,True,674,103.4,102.4,0.702,True
829272,Shinnosuke Ogasawara,FF,261,104.9,102.5,0.517,True,674,103.4,102.4,0.702,True
829272,Shinnosuke Ogasawara,KC,129,90.4,94.9,0.527,True,674,103.4,102.4,0.702,True
829272,Shinnosuke Ogasawara,SI,6,69.6,,0.033,False,674,103.4,102.4,0.702,True
829272,Shinnosuke Ogasawara,SL,125,103.6,101.8,0.509,True,674,103.4,102.4,0.702,True
829272,Shinnosuke Ogasawara,ST,3,35.9,,0.025,False,674,103.4,102.4,0.702,True
