PitcherId,Pitcher,Team,StuffPlus,StuffPlus_Scaled,LocationPlus,CommandProxyLegacy,EdgePct,MeatballPct,BBPct,VolatilityPath,VolatilityPercentile,TotalDaysMissed,ArmILStints,InjuryRiskScore,RiskAdjWAR,ContractStatus,Salary_M,YearsControl,ControlYearsUsed,ControlSource,SurplusActual_M,MultiYearSurplus_M,SurplusPerControlYear_M,AsymmetricUpsideIndex,PitchMixInefficient,MostUsedPitch,BestPitch,Qualified,Pitches,PA,Appearances,StuffPlus_v1,StuffPlus_Scaled_v1,StuffPlus_Scaled_Reg,StuffPlus_Reliability,LocationPlus_Reg,LocationPlus_Reliability,EdgePct_Reg,MeatballPct_Reg,BBPct_Reg,BBPct_Reliability,CommandProxyLegacy_Reg,VolatilityScore,VolatilityScore_Reg,VolatilityReliability,VolatilityPercentile_Reg,AsymmetricUpsideIndex_Reg,SalarySource,ContractEstimated,ContractValued,ValueNote,ProjectedRole,ProjectedIP,ProjectedFIPR9,LegacyProjectedWAR,ActualWAR,ActualIP,RemainingControl,FreeAgentAfterSeason,WARModel
694973,Paul Skenes,PIT,102.1,100.2,112.8,2.44,0.251,0.078,0.056,starter,43.4,0,0,0.0,3.34,pre-arb,0.88,5,4.0,hand,64.11,70.75,17.69,-1.26,True,FF,FS,True,2903,713,31,102.2,100.9,100.2,1.0,111.7,0.91,0.243,0.08,0.063,0.747,1.51,-0.48,-0.39,0.811,45.4,-1.15,salaries.csv,False,True,,starter,141.9,3.71,3.78,6.84,187.7,4,False,calibrated
702070,Noah Cameron,KC,93.5,97.0,101.8,-0.06,0.231,0.082,0.076,starter,32.2,0,0,0.0,1.5,pre-arb,0.76,7,6.0,hand,17.4,57.74,9.62,-0.48,True,FF,CU,True,2164,555,24,100.2,99.4,97.0,1.0,101.6,0.883,0.237,0.083,0.078,0.697,0.21,-0.76,-0.59,0.768,40.5,-0.46,salaries.csv,False,True,,starter,108.8,4.53,1.79,1.91,138.3,6,False,calibrated
693433,Bryan Woo,SEA,105.9,101.6,114.6,1.54,0.256,0.097,0.048,starter,36.1,77,1,0.46,2.67,pre-arb,0.78,5,4.0,hand,38.54,56.4,14.1,-1.3,False,FF,FF,True,2611,704,29,110.0,106.7,101.6,1.0,113.2,0.901,0.245,0.094,0.057,0.745,0.68,-0.68,-0.54,0.8,41.5,-1.16,salaries.csv,False,True,,starter,141.1,4.09,4.22,4.14,186.7,4,False,calibrated
701542,Will Warren,NYY,99.2,99.1,95.4,-0.18,0.231,0.076,0.091,starter,55.6,0,0,0.0,1.84,pre-arb,0.77,6,5.0,hand,22.49,55.05,11.01,0.37,True,FF,CU,True,2798,712,33,100.8,99.8,99.1,1.0,95.8,0.907,0.237,0.079,0.089,0.747,0.11,-0.08,-0.07,0.82,56.6,0.33,salaries.csv,False,True,,starter,121.6,4.42,1.23,2.45,162.3,5,False,calibrated
694819,Jacob Misiorowski,MIL,148.4,117.3,103.0,-0.37,0.26,0.094,0.11,starter,10.2,15,0,0.04,1.37,pre-arb,0.76,7,6.0,hand,11.53,52.64,8.77,1.43,True,FF,CU,True,1164,272,14,119.0,113.3,117.3,0.999,102.4,0.803,0.243,0.09,0.097,0.53,-0.72,-1.68,-1.11,0.659,23.4,1.49,salaries.csv,False,True,,starter,70.9,4.0,4.95,1.29,66.0,6,False,calibrated
690990,Cade Horton,CHC,99.0,99.0,100.2,-0.22,0.244,0.099,0.069,starter,41.0,3,0,0.01,1.58,pre-arb,0.76,7,6.0,hand,21.97,49.71,8.28,-0.12,True,FF,SI,True,1788,480,22,94.6,95.2,99.0,1.0,100.2,0.862,0.241,0.094,0.073,0.666,-0.28,-0.58,-0.43,0.752,44.4,-0.12,salaries.csv,False,True,,starter,99.2,4.32,1.88,2.39,118.0,6,False,calibrated
676979,Garrett Crochet,BOS,103.9,100.9,94.4,0.56,0.243,0.095,0.054,starter,75.6,323,3,1.0,3.4,FA-eligible,3.8,7,6.0,hand,53.85,49.63,8.27,0.65,False,FF,FF,True,3138,815,32,112.5,108.5,100.9,1.0,94.9,0.916,0.241,0.093,0.06,0.772,0.34,0.87,0.71,0.815,71.7,0.6,salaries.csv,False,True,,starter,151.1,3.8,1.37,6.07,205.3,6,False,calibrated
683004,Jack Leiter,TEX,110.5,103.3,91.2,-1.67,0.242,0.096,0.107,starter,95.6,25,0,0.07,1.65,pre-arb,0.76,6,5.0,hand,19.56,49.32,9.86,1.21,False,FF,FF,True,2470,615,28,110.7,107.2,103.3,1.0,92.1,0.896,0.24,0.093,0.1,0.718,-1.28,2.95,2.34,0.794,93.2,1.12,salaries.csv,False,True,,starter,110.2,4.43,1.31,2.14,151.7,5,False,calibrated
681343,Shane Smith,CWS,94.2,97.3,97.4,-2.08,0.236,0.102,0.095,starter,81.5,16,0,0.04,1.61,pre-arb,0.76,6,5.0,hand,19.67,47.93,9.59,-0.01,True,FF,CH,True,2376,602,29,93.0,94.1,97.3,1.0,97.7,0.893,0.239,0.098,0.091,0.714,-1.39,1.14,0.92,0.8,75.6,-0.04,salaries.csv,False,True,,starter,110.7,4.47,1.25,2.15,146.3,5,False,calibrated
694477,Chad Patrick,MIL,94.4,97.4,92.5,1.43,0.249,0.079,0.076,starter,42.4,0,0,0.0,1.51,pre-arb,0.76,7,6.0,hand,21.84,47.67,7.94,0.49,True,FC,FF,True,1988,498,23,100.8,99.8,97.4,1.0,93.4,0.874,0.242,0.081,0.078,0.674,0.69,-0.5,-0.38,0.761,45.9,0.4,salaries.csv,False,True,,starter,95.7,4.23,0.62,2.38,119.7,6,False,calibrated
694297,Brandon Pfaadt,AZ,98.1,98.7,108.5,1.8,0.248,0.088,0.046,starter,92.7,0,0,0.0,1.75,FA-eligible,0.8,7,6.0,hand,21.63,47.31,7.89,-0.98,True,SI,ST,True,2833,738,32,95.6,96.0,98.7,1.0,107.7,0.908,0.242,0.088,0.055,0.754,1.11,2.18,1.78,0.815,89.3,-0.9,salaries.csv,False,True,,starter,124.1,4.51,2.96,2.36,176.7,6,False,calibrated
693645,Cam Schlittler,NYY,108.6,102.6,92.0,-1.2,0.243,0.094,0.101,starter,27.8,0,0,0.0,1.23,pre-arb,0.76,7,6.0,hand,12.34,46.97,7.83,1.06,True,FF,FC,True,1253,306,14,106.9,104.4,102.6,0.999,93.5,0.814,0.24,0.091,0.093,0.559,-0.78,-0.94,-0.62,0.659,39.5,0.91,salaries.csv,False,True,,starter,71.9,4.24,1.41,1.38,73.0,6,False,calibrated
690997,Nolan Mclean,NYM,131.8,111.2,95.1,1.82,0.259,0.077,0.086,starter,17.1,0,0,0.0,1.23,pre-arb,0.76,7,6.0,hand,12.2,46.72,7.79,1.61,True,SI,CU,True,738,186,8,111.5,107.8,111.2,0.999,96.5,0.721,0.242,0.082,0.084,0.435,0.37,-1.5,-0.79,0.525,31.7,1.47,salaries.csv,False,True,,starter,58.0,3.91,3.15,1.36,48.0,6,False,calibrated
671096,Andrew Abbott,CIN,87.2,94.7,106.1,2.78,0.256,0.074,0.063,starter,17.6,57,2,0.66,2.08,pre-arb,0.77,5,4.0,hand,30.59,43.68,10.92,-1.14,True,FF,CH,True,2674,683,29,95.9,96.2,94.7,1.0,105.5,0.903,0.245,0.077,0.068,0.739,1.58,-1.46,-1.17,0.8,22.0,-1.08,salaries.csv,False,True,,starter,130.8,4.35,2.03,3.3,166.3,4,False,calibrated
680885,Spencer Schwellenbach,ATL,111.3,103.6,113.3,-0.16,0.242,0.111,0.039,starter,82.4,91,1,0.5,1.8,pre-arb,0.77,6,5.0,hand,25.37,40.93,8.19,-0.97,True,FF,SL,True,1482,413,16,112.2,108.3,103.6,0.999,111.1,0.838,0.24,0.101,0.055,0.631,-0.14,1.16,0.8,0.688,73.7,-0.75,salaries.csv,False,True,,starter,92.5,4.05,4.2,2.75,110.7,5,False,calibrated
695505,Chase Burns,CIN,126.7,109.3,112.6,0.91,0.254,0.085,0.085,starter,26.3,30,1,0.33,1.07,pre-arb,0.76,7,6.0,hand,10.8,40.68,6.78,-0.33,False,FF,FF,True,764,189,7,126.7,119.0,109.3,0.999,109.2,0.728,0.241,0.085,0.083,0.439,0.09,-1.01,-0.5,0.491,42.4,0.01,salaries.csv,False,True,,starter,58.4,3.81,4.77,1.22,43.3,6,False,calibrated
694462,Hurston Waldrep,ATL,92.4,96.6,97.4,-0.1,0.253,0.087,0.105,starter,39.0,105,1,0.54,1.04,pre-arb,0.76,7,6.0,hand,12.28,39.39,6.57,-0.08,True,FC,CU,True,577,133,9,96.4,96.6,96.6,0.998,98.3,0.669,0.241,0.086,0.09,0.355,-0.28,-0.64,-0.36,0.554,45.9,-0.17,salaries.csv,False,True,,starter,65.8,4.27,1.23,1.37,56.3,6,False,calibrated
676083,Janson Junk,MIA,100.1,99.5,123.2,0.84,0.244,0.105,0.029,starter,45.9,15,0,0.04,1.31,pre-arb,0.77,6,5.0,hand,24.01,38.76,7.75,-2.37,True,FF,CU,True,1621,447,16,96.9,96.9,99.5,0.999,119.7,0.85,0.241,0.098,0.048,0.65,0.43,-0.38,-0.26,0.688,47.8,-2.02,salaries.csv,False,True,,starter,86.2,4.21,4.88,2.61,110.0,5,False,calibrated
663568,Stephen Kolek,SD,92.6,96.7,101.7,0.31,0.242,0.092,0.065,starter,71.2,61,0,0.17,1.27,pre-arb,0.76,6,5.0,hand,18.45,37.55,7.51,-0.5,True,FF,SL,True,1689,461,19,90.8,92.4,96.7,0.999,101.5,0.855,0.24,0.09,0.071,0.657,0.15,0.7,0.5,0.724,67.3,-0.48,salaries.csv,False,True,,starter,88.2,4.48,1.73,2.02,112.7,5,False,calibrated
656550,Grant Holmes,ATL,101.7,100.0,101.6,0.13,0.236,0.07,0.104,starter,19.0,63,1,0.42,1.25,pre-arb,0.77,6,5.0,hand,11.13,36.84,7.37,-0.16,False,SL,SL,True,1866,470,20,101.7,100.5,100.0,1.0,101.4,0.867,0.239,0.075,0.097,0.661,0.18,-1.34,-0.98,0.734,26.3,-0.14,salaries.csv,False,True,,starter,93.6,4.54,2.21,1.25,115.0,5,False,calibrated
668909,Gavin Williams,CLE,105.8,101.6,92.9,-0.41,0.244,0.076,0.118,starter,69.3,94,1,0.51,1.75,pre-arb,0.78,5,4.0,hand,17.33,36.71,9.18,0.87,True,FF,ST,True,2930,706,31,105.7,103.5,101.6,1.0,93.5,0.911,0.241,0.079,0.108,0.745,-0.41,0.6,0.48,0.811,66.8,0.81,salaries.csv,False,True,,starter,126.4,4.53,1.26,1.91,167.7,4,False,calibrated
694738,Landen Roupp,SF,90.5,95.9,107.5,0.81,0.238,0.069,0.092,starter,91.2,61,1,0.42,1.21,pre-arb,0.76,6,5.0,hand,16.29,35.86,7.17,-1.16,True,SI,CH,True,1847,477,22,93.3,94.3,95.9,1.0,106.5,0.866,0.239,0.075,0.089,0.664,0.58,1.98,1.49,0.752,87.3,-1.06,salaries.csv,False,True,,starter,85.3,4.5,2.36,1.8,106.7,5,False,calibrated
700249,Cade Povich,BAL,86.4,94.4,97.5,-0.99,0.234,0.093,0.082,starter,85.9,49,0,0.14,1.19,pre-arb,0.77,6,5.0,hand,13.0,35.19,7.04,-0.31,True,FF,CH,True,1797,451,19,93.5,94.4,94.4,1.0,97.8,0.863,0.238,0.09,0.082,0.652,-0.48,1.42,1.03,0.724,79.0,-0.34,salaries.csv,False,True,,starter,90.5,4.51,0.83,1.45,112.3,5,False,calibrated
691587,Eury Pérez,MIA,114.3,104.7,96.9,-1.59,0.231,0.098,0.083,starter,44.9,271,2,1.0,1.68,pre-arb,0.77,5,4.0,hand,17.05,35.18,8.79,0.78,False,FF,FF,True,1673,387,20,111.9,108.1,104.7,0.999,97.4,0.854,0.238,0.094,0.082,0.616,-0.79,-0.39,-0.29,0.734,46.8,0.73,salaries.csv,False,True,,starter,93.3,4.17,2.31,1.88,95.3,4,False,calibrated
800048,Parker Messick,CLE,91.9,96.4,116.3,3.04,0.253,0.082,0.036,starter,6.3,0,0,0.0,0.93,pre-arb,0.76,7,6.0,hand,9.86,34.79,5.8,-1.99,True,FF,CH,True,625,165,7,93.0,94.1,96.4,0.999,111.2,0.686,0.241,0.084,0.063,0.406,0.96,-1.94,-0.95,0.491,27.3,-1.48,salaries.csv,False,True,,starter,52.4,4.2,3.14,1.12,39.7,6,False,calibrated
701656,Logan Henderson,MIL,96.1,98.0,118.9,4.31,0.273,0.061,0.081,starter,0.0,55,1,0.4,0.92,pre-arb,0.76,7,6.0,hand,5.9,34.6,5.77,-2.09,False,FF,FF,False,410,99,5,98.6,98.2,98.0,0.998,111.1,0.589,0.242,0.078,0.081,0.291,0.77,-3.86,-1.58,0.408,14.6,-1.31,salaries.csv,False,True,,starter,49.8,4.13,3.36,0.7,25.3,6,False,calibrated
671737,Taj Bradley,TB,104.1,100.9,90.2,0.16,0.245,0.081,0.097,starter,20.5,41,0,0.11,1.59,pre-arb,0.77,5,4.0,hand,15.33,33.29,8.32,1.07,True,FF,SI,True,2193,568,26,102.0,100.7,100.9,1.0,91.3,0.885,0.241,0.082,0.092,0.702,-0.04,-1.26,-0.98,0.782,26.3,0.96,salaries.csv,False,True,,starter,115.5,4.54,0.83,1.7,142.7,4,False,calibrated
676440,Tanner Bibee,CLE,95.4,97.7,97.5,0.34,0.241,0.089,0.069,starter,64.9,14,0,0.04,1.81,FA-eligible,3.4,6,5.0,hand,17.41,32.89,6.58,0.02,True,FF,FC,True,2885,742,30,98.4,98.1,97.7,1.0,97.7,0.91,0.24,0.088,0.072,0.755,0.23,0.41,0.33,0.806,63.4,0.0,salaries.csv,False,True,,starter,132.3,4.54,1.31,2.19,182.3,5,False,calibrated
682052,Jacob Lopez,ATH,91.6,96.3,85.5,-2.71,0.205,0.085,0.092,starter,56.6,34,1,0.34,1.06,pre-arb,0.77,7,6.0,hand,8.91,32.88,5.48,1.08,True,FF,FC,True,1666,401,17,102.2,100.9,96.3,0.999,87.6,0.853,0.232,0.085,0.088,0.624,-0.76,-0.08,-0.05,0.701,56.6,0.87,salaries.csv,False,True,,starter,80.0,4.42,-0.42,1.02,92.7,6,False,calibrated
686613,Hunter Brown,HOU,105.4,101.4,97.4,1.46,0.243,0.074,0.075,starter,46.8,0,0,0.0,2.73,pre-arb,0.81,4,3.0,hand,45.36,32.04,10.68,0.4,True,FF,KC,True,2866,706,30,100.3,99.5,101.4,1.0,97.6,0.909,0.241,0.077,0.077,0.745,1.01,-0.33,-0.27,0.806,47.3,0.38,salaries.csv,False,True,,starter,134.8,3.98,1.85,4.86,185.3,3,False,calibrated
693821,Bryce Elder,ATL,94.0,97.2,104.1,1.39,0.239,0.072,0.074,starter,38.0,0,0,0.0,1.46,pre-arb,0.78,5,4.0,hand,13.57,30.38,7.6,-0.69,True,SI,SL,True,2514,678,28,90.4,92.1,97.2,1.0,103.7,0.898,0.239,0.076,0.076,0.738,1.03,-0.65,-0.52,0.794,41.5,-0.65,salaries.csv,False,True,,starter,119.1,4.67,2.13,1.51,156.3,4,False,calibrated
686218,Emmet Sheehan,LAD,102.8,100.5,104.2,2.1,0.235,0.06,0.074,starter,24.4,269,2,1.0,1.39,pre-arb,0.78,5,4.0,hand,17.84,29.04,7.26,-0.37,False,FF,FF,True,1122,283,12,102.9,101.4,100.5,0.999,103.3,0.797,0.239,0.071,0.078,0.54,1.26,-1.06,-0.66,0.624,36.6,-0.28,salaries.csv,False,True,,starter,76.3,3.98,2.57,1.96,73.3,4,False,calibrated
677944,Slade Cecconi,CLE,93.1,96.9,112.2,-0.05,0.238,0.097,0.057,starter,50.2,51,0,0.14,1.28,pre-arb,0.76,6,5.0,hand,10.07,28.83,5.77,-1.53,True,FF,SL,True,2063,544,23,91.9,93.2,96.9,1.0,110.7,0.878,0.239,0.093,0.065,0.693,0.03,-0.2,-0.15,0.761,53.2,-1.38,salaries.csv,False,True,,starter,104.5,4.68,3.14,1.14,132.0,5,False,calibrated
650911,Cristopher Sánchez,PHI,106.4,101.8,102.6,1.15,0.245,0.09,0.053,starter,27.3,23,0,0.06,3.28,FA-eligible,2.5,2,1.0,hand,62.79,28.69,28.69,-0.08,True,SI,CH,True,2801,787,31,119.1,113.4,101.8,1.0,102.4,0.907,0.241,0.089,0.06,0.765,0.72,-0.95,-0.77,0.811,31.7,-0.06,salaries.csv,False,True,,starter,144.2,3.78,2.63,6.87,202.0,1,False,calibrated
686701,Ryan Bergert,KC,98.9,99.0,105.0,-0.76,0.239,0.083,0.106,starter,33.7,26,2,0.57,0.93,pre-arb,0.76,7,6.0,hand,9.19,28.6,4.77,-0.6,False,FF,FF,True,1312,322,15,96.2,96.4,99.0,0.999,104.1,0.821,0.24,0.084,0.095,0.572,-0.42,-0.73,-0.49,0.674,42.4,-0.51,salaries.csv,False,True,,starter,75.6,4.49,2.46,1.05,76.3,6,False,calibrated
813349,Connelly Early,BOS,97.2,98.4,103.1,3.09,0.257,0.077,0.051,starter,1.0,0,0,0.0,0.97,pre-arb,0.76,6,5.0,estimate,9.64,28.39,5.68,-0.47,False,FF,FF,False,323,79,4,102.5,101.1,98.4,0.997,101.6,0.53,0.24,0.084,0.074,0.247,0.54,-2.3,-0.82,0.356,30.7,-0.32,Pre-arb: league minimum (debut-date estimate),False,True,,starter,41.9,3.73,2.0,1.1,19.3,5,False,calibrated
671106,Logan Allen,CLE,87.2,94.7,92.9,0.59,0.249,0.075,0.103,starter,89.3,9,1,0.28,1.36,pre-arb,0.78,5,4.0,hand,15.99,28.29,7.07,0.18,True,FF,FC,True,2309,552,28,91.4,92.9,94.7,1.0,93.7,0.89,0.242,0.078,0.097,0.696,0.17,1.59,1.26,0.794,83.4,0.1,salaries.csv,False,True,,starter,115.0,4.68,0.26,1.76,156.7,4,False,calibrated
681347,Mike Burrows,PIT,97.1,98.3,106.7,0.33,0.238,0.084,0.075,starter,100.0,0,0,0.0,0.96,pre-arb,0.76,6,5.0,hand,12.09,28.15,5.63,-0.84,True,FF,CU,True,1537,402,19,94.6,95.2,98.3,0.999,105.6,0.843,0.239,0.085,0.077,0.625,0.25,5.42,3.92,0.724,97.6,-0.73,salaries.csv,False,True,,starter,71.3,4.41,2.58,1.35,96.0,5,False,calibrated
657277,Logan Webb,SF,103.6,100.7,117.4,2.56,0.25,0.077,0.051,starter,64.4,0,0,0.0,3.16,FA-eligible,12.0,4,3.0,hand,53.37,27.04,9.01,-1.67,True,SI,ST,True,3204,835,33,100.4,99.5,100.7,1.0,116.0,0.918,0.243,0.079,0.058,0.776,1.7,0.4,0.33,0.82,63.4,-1.53,salaries.csv,False,True,,starter,143.6,3.84,4.5,6.88,207.0,3,False,calibrated
696149,Bubba Chandler,PIT,114.3,104.7,105.9,6.97,0.266,0.043,0.038,starter,74.6,0,0,0.0,0.73,pre-arb,0.76,7,6.0,hand,7.53,27.0,4.5,-0.12,False,FF,FF,False,395,106,4,117.5,112.2,104.7,0.998,103.4,0.58,0.241,0.073,0.068,0.305,1.67,0.84,0.3,0.356,62.0,0.13,salaries.csv,False,True,,starter,46.6,4.0,3.21,0.87,31.3,6,False,calibrated
666142,Cole Ragans,KC,100.8,99.7,101.0,-1.01,0.232,0.094,0.077,starter,47.3,137,1,0.63,1.44,FA-eligible,1.08,4,3.0,hand,18.95,26.56,8.85,-0.13,False,FF,FF,True,996,235,12,113.7,109.4,99.7,0.999,100.8,0.777,0.238,0.09,0.079,0.493,-0.34,-0.29,-0.18,0.624,51.2,-0.11,salaries.csv,False,True,,starter,63.1,3.76,2.07,2.11,61.7,3,False,calibrated
677952,Braxton Ashcraft,PIT,104.0,100.9,101.9,-0.84,0.248,0.104,0.079,starter,0.5,0,0,0.0,0.7,pre-arb,0.76,7,6.0,hand,14.67,25.89,4.32,-0.1,True,SL,SI,True,1102,291,8,104.3,102.4,100.9,0.999,101.5,0.794,0.241,0.096,0.08,0.547,-0.66,-2.47,-1.3,0.525,19.5,-0.06,salaries.csv,False,True,,reliever,53.8,4.0,2.36,1.62,69.7,6,False,calibrated
676282,Joey Cantillo,CLE,100.6,99.6,92.5,-0.46,0.257,0.095,0.104,starter,86.3,0,0,0.0,0.84,pre-arb,0.76,7,6.0,hand,12.65,25.75,4.29,0.71,True,FF,CH,True,1600,394,13,108.6,105.6,99.6,0.999,93.6,0.848,0.243,0.092,0.096,0.62,-0.77,1.42,0.91,0.642,75.6,0.6,salaries.csv,False,True,,reliever,71.0,4.17,0.98,1.41,95.3,6,False,calibrated
680573,Simeon Woods Richardson,MIN,84.3,93.6,101.6,-2.74,0.225,0.099,0.099,starter,60.0,26,0,0.07,1.09,pre-arb,0.77,6,5.0,hand,9.33,24.53,4.91,-0.8,True,FF,FS,True,1797,443,22,84.5,87.8,93.6,1.0,101.4,0.863,0.236,0.094,0.093,0.647,-1.39,0.21,0.16,0.752,58.5,-0.78,salaries.csv,False,True,,starter,92.6,4.67,1.25,1.06,111.3,5,False,calibrated
656876,Drew Rasmussen,TB,104.0,100.9,103.7,1.54,0.256,0.09,0.063,starter,6.3,295,2,1.0,1.91,FA-eligible,2.25,3,2.0,hand,22.92,24.42,12.21,-0.28,True,FF,ST,True,2235,569,30,106.3,103.9,100.9,1.0,103.3,0.887,0.244,0.089,0.069,0.702,0.6,-1.94,-1.57,0.806,14.6,-0.24,salaries.csv,False,True,,starter,118.7,4.33,2.63,2.65,150.0,2,False,calibrated
678394,Brayan Bello,BOS,101.7,100.0,90.0,0.65,0.241,0.078,0.083,starter,13.7,85,3,0.74,1.76,FA-eligible,2.67,6,5.0,hand,18.39,24.33,4.87,1.0,True,SI,ST,True,2641,687,28,98.7,98.3,100.0,1.0,91.0,0.902,0.24,0.08,0.083,0.74,0.43,-1.6,-1.27,0.794,20.0,0.9,salaries.csv,False,True,,starter,131.7,4.54,0.65,2.22,166.7,5,False,calibrated
667755,José Soriano,LAA,107.6,102.2,79.8,-1.18,0.237,0.085,0.108,starter,49.8,69,1,0.44,2.06,pre-arb,0.79,4,3.0,hand,29.64,24.22,8.07,2.24,True,SI,SL,True,2710,702,30,115.5,110.7,102.2,1.0,81.7,0.905,0.239,0.085,0.101,0.744,-0.81,-0.2,-0.16,0.806,53.2,2.05,salaries.csv,False,True,,starter,127.5,4.33,-0.42,3.2,169.0,3,False,calibrated
805673,Zebby Matthews,MIN,99.4,99.2,115.6,0.39,0.252,0.098,0.068,starter,88.3,44,1,0.37,1.17,pre-arb,0.76,5,4.0,estimate,13.01,24.17,6.04,-1.64,False,FF,FF,True,1353,354,16,98.9,98.4,99.2,0.999,112.9,0.825,0.242,0.093,0.073,0.595,-0.11,1.56,1.08,0.688,79.5,-1.37,Pre-arb: league minimum (debut-date estimate),False,True,,starter,72.1,4.33,3.81,1.45,79.3,4,False,calibrated
681857,Reese Olson,DET,88.4,95.1,105.7,1.22,0.227,0.06,0.082,starter,6.8,166,2,0.96,1.16,pre-arb,0.79,5,4.0,hand,13.4,24.13,6.03,-1.06,True,SI,CH,True,982,245,11,94.3,95.0,95.1,0.999,104.4,0.774,0.238,0.073,0.082,0.504,0.94,-1.85,-1.11,0.603,23.4,-0.93,salaries.csv,False,True,,starter,74.1,4.37,1.92,1.49,68.7,4,False,calibrated
682847,Luis Ortiz,CLE,105.1,101.3,92.9,-0.5,0.241,0.081,0.107,starter,36.6,0,0,0.0,1.16,pre-arb,0.78,5,4.0,hand,10.78,24.04,6.01,0.84,True,FF,SL,True,1410,356,15,107.3,104.7,101.3,0.999,94.1,0.831,0.24,0.083,0.097,0.596,-0.34,-0.68,-0.46,0.674,43.9,0.72,salaries.csv,False,True,,starter,77.9,4.44,1.31,1.22,88.7,4,False,calibrated
700363,Aj Smith-Shawver,ATL,104.2,101.0,91.5,-1.66,0.241,0.094,0.11,starter,96.1,168,1,0.72,0.82,pre-arb,0.77,6,5.0,hand,6.37,23.81,4.76,0.95,True,FF,FS,True,555,145,8,102.5,101.1,101.0,0.998,94.4,0.66,0.24,0.089,0.092,0.375,-0.66,2.96,1.55,0.525,87.8,0.66,salaries.csv,False,True,,starter,55.4,4.44,1.31,0.75,44.3,5,False,calibrated
702056,Trey Yesavage,TOR,85.5,94.1,97.2,-3.13,0.231,0.109,0.098,starter,17.1,0,0,0.0,0.63,pre-arb,0.76,7,6.0,hand,4.05,23.11,3.85,-0.31,False,FF,FF,False,238,61,3,116.4,111.4,94.1,0.996,98.7,0.454,0.239,0.09,0.085,0.202,-0.54,-1.47,-0.43,0.293,44.4,-0.46,salaries.csv,False,True,,starter,39.5,4.34,0.92,0.51,14.0,6,False,calibrated
688138,Logan Evans,SEA,98.7,98.9,97.4,0.64,0.243,0.079,0.086,starter,19.5,43,1,0.37,0.79,pre-arb,0.76,6,5.0,estimate,2.02,22.95,4.59,0.15,False,FC,FC,True,1336,348,15,91.8,93.2,98.9,0.999,97.9,0.824,0.24,0.082,0.084,0.591,0.28,-1.33,-0.9,0.674,29.3,0.1,Pre-arb: league minimum (debut-date estimate),False,True,,starter,80.3,4.83,1.52,0.29,81.3,5,False,calibrated
669461,Matthew Liberatore,STL,94.4,97.4,97.5,1.12,0.244,0.085,0.062,starter,61.0,16,0,0.04,1.67,pre-arb,0.78,5,4.0,hand,21.62,22.67,5.67,-0.01,True,FF,CH,True,2386,648,29,99.5,98.9,97.4,1.0,97.8,0.893,0.241,0.085,0.067,0.729,0.7,0.26,0.2,0.8,59.5,-0.04,salaries.csv,False,True,,starter,115.3,4.48,1.28,2.36,151.7,4,False,calibrated
801403,Chase Dollander,COL,105.7,101.5,89.5,-1.63,0.232,0.085,0.111,starter,90.2,33,1,0.34,0.78,pre-arb,0.76,6,5.0,estimate,-1.5,22.55,4.51,1.2,False,FF,FF,True,1778,442,21,104.5,102.6,101.5,1.0,91.0,0.861,0.238,0.085,0.101,0.647,-0.84,1.85,1.38,0.744,85.4,1.05,Pre-arb: league minimum (debut-date estimate),False,True,,starter,84.4,4.94,0.87,-0.08,98.0,5,False,calibrated
690928,Hunter Dobbins,BOS,91.8,96.4,108.3,-0.19,0.239,0.097,0.063,starter,78.5,98,1,0.52,0.78,pre-arb,0.76,6,5.0,estimate,8.37,22.52,4.5,-1.19,True,FF,SL,True,929,254,11,91.0,92.6,96.4,0.999,106.3,0.765,0.239,0.091,0.072,0.513,-0.07,1.0,0.6,0.603,69.3,-0.99,Pre-arb: league minimum (debut-date estimate),False,True,,starter,62.3,4.51,2.4,0.96,61.0,5,False,calibrated
687473,Ryan Gusto,HOU,100.0,99.4,100.3,-0.81,0.244,0.1,0.081,starter,86.8,31,1,0.34,0.77,pre-arb,0.76,6,5.0,hand,4.31,22.22,4.44,-0.09,False,FF,FF,True,1734,444,17,98.0,97.8,99.4,0.999,100.3,0.858,0.241,0.095,0.081,0.648,-0.65,1.46,1.03,0.701,79.0,-0.09,salaries.csv,False,True,,starter,83.8,4.61,1.95,0.53,101.7,5,False,calibrated
695418,Brad Lord,WSH,92.2,96.5,104.7,0.48,0.254,0.095,0.076,starter,63.9,0,0,0.0,0.75,pre-arb,0.76,6,5.0,hand,8.14,21.64,4.33,-0.82,True,FF,SL,True,2105,541,19,89.5,91.5,96.5,1.0,104.1,0.88,0.243,0.092,0.078,0.692,-0.09,0.38,0.28,0.724,61.0,-0.76,salaries.csv,False,True,,reliever,93.5,4.51,2.09,0.94,130.7,5,False,calibrated
680730,Mitchell Parker,WSH,87.1,94.7,98.7,0.15,0.251,0.092,0.085,starter,51.7,0,0,0.0,1.03,pre-arb,0.77,5,4.0,hand,5.5,21.29,5.32,-0.4,True,FF,SL,True,2447,655,29,89.5,91.5,94.7,1.0,98.8,0.895,0.243,0.09,0.084,0.731,-0.23,-0.18,-0.14,0.8,53.7,-0.41,salaries.csv,False,True,,starter,123.6,4.94,1.02,0.66,164.7,4,False,calibrated
676962,Ben Brown,CHC,87.5,94.8,99.1,0.27,0.237,0.09,0.062,starter,25.9,113,0,0.31,1.03,pre-arb,0.76,5,4.0,estimate,10.31,21.18,5.3,-0.43,False,FF,FF,True,1617,434,14,98.8,98.4,94.8,0.999,99.2,0.85,0.239,0.089,0.069,0.643,0.24,-1.02,-0.67,0.659,36.6,-0.44,Pre-arb: league minimum (debut-date estimate),False,True,,starter,91.8,4.41,1.1,1.17,106.3,4,False,calibrated
700241,Michael Mcgreevy,STL,88.2,95.1,115.0,0.74,0.236,0.089,0.05,starter,2.4,0,0,0.0,1.02,pre-arb,0.76,5,4.0,estimate,10.25,21.04,5.26,-1.99,True,FF,ST,True,1465,400,16,86.9,89.5,95.1,0.999,112.5,0.837,0.239,0.088,0.062,0.624,0.56,-2.27,-1.56,0.688,14.6,-1.74,Pre-arb: league minimum (debut-date estimate),False,True,,starter,87.3,4.67,3.14,1.16,95.7,4,False,calibrated
686752,Ryan Pepiot,TB,104.8,101.2,103.8,-0.31,0.246,0.091,0.09,starter,49.3,169,0,0.47,1.79,pre-arb,0.77,4,3.0,hand,17.98,21.02,7.01,-0.26,False,FF,FF,True,2519,631,29,100.6,99.7,101.2,1.0,103.4,0.898,0.242,0.09,0.088,0.723,-0.42,-0.22,-0.17,0.8,52.2,-0.22,salaries.csv,False,True,,starter,125.3,4.49,2.69,1.97,167.7,3,False,calibrated
691799,Grant Taylor,CWS,136.0,112.7,104.8,-1.12,0.252,0.107,0.09,reliever,40.9,0,0,0.0,0.58,pre-arb,0.76,7,6.0,hand,11.95,20.8,3.47,0.79,True,FF,CU,True,610,156,30,129.8,121.3,112.7,0.999,103.3,0.681,0.241,0.094,0.085,0.393,-0.71,-0.53,-0.42,0.796,43.2,0.94,salaries.csv,False,True,,reliever,35.8,3.51,4.4,1.34,36.7,6,False,calibrated
668881,Hunter Greene,CIN,113.2,104.3,108.8,0.45,0.241,0.09,0.065,starter,66.3,243,2,1.0,1.92,FA-eligible,6.33,5,4.0,hand,18.74,20.45,5.11,-0.45,False,FF,FF,True,1727,418,19,112.8,108.7,104.3,0.999,107.5,0.858,0.24,0.088,0.071,0.634,0.24,0.44,0.32,0.724,62.4,-0.32,salaries.csv,False,True,,starter,93.8,3.96,3.77,2.64,107.7,4,False,calibrated
680732,Sean Burke,CWS,102.4,100.3,100.8,-1.73,0.238,0.093,0.108,starter,60.5,0,0,0.0,0.98,pre-arb,0.76,5,4.0,estimate,3.66,20.15,5.04,-0.05,False,FF,FF,True,2302,574,21,98.2,97.9,100.3,1.0,100.7,0.889,0.239,0.091,0.1,0.704,-1.18,0.25,0.18,0.744,59.5,-0.04,Pre-arb: league minimum (debut-date estimate),False,True,,starter,104.8,4.74,2.15,0.46,134.3,4,False,calibrated
682842,Abner Uribe,MIL,111.3,103.6,89.7,0.15,0.253,0.094,0.084,reliever,62.8,0,0,0.0,0.7,pre-arb,0.76,6,5.0,hand,13.71,19.91,3.98,1.39,False,SI,SI,True,1164,297,64,111.6,107.8,103.6,0.999,91.7,0.803,0.242,0.09,0.083,0.552,-0.26,0.28,0.25,0.893,62.2,1.19,salaries.csv,False,True,,reliever,58.6,3.83,1.29,1.52,75.3,5,False,calibrated
806960,Luis Morales,ATH,102.3,100.3,104.6,1.12,0.248,0.074,0.09,starter,58.5,0,0,0.0,0.69,pre-arb,0.76,6,5.0,estimate,2.59,19.71,3.94,-0.43,False,FF,FF,True,819,199,9,100.8,99.8,100.3,0.999,103.4,0.741,0.241,0.08,0.086,0.452,0.34,0.13,0.07,0.554,58.0,-0.31,Pre-arb: league minimum (debut-date estimate),False,True,,starter,57.7,4.61,2.55,0.35,48.7,5,False,calibrated
695549,Jackson Jobe,DET,101.9,100.1,98.7,0.45,0.242,0.065,0.116,starter,37.1,122,1,0.59,0.64,pre-arb,0.76,6,5.0,hand,0.6,18.3,3.66,0.14,True,SL,FF,True,798,199,9,101.6,100.4,100.1,0.999,99.0,0.736,0.24,0.076,0.097,0.452,0.17,-0.66,-0.37,0.554,45.9,0.11,salaries.csv,False,True,,starter,62.3,4.85,1.86,0.14,49.0,5,False,calibrated
804636,Jonah Tong,NYM,110.2,103.2,85.6,-4.25,0.218,0.111,0.102,starter,23.4,0,0,0.0,0.64,pre-arb,0.76,6,5.0,estimate,1.41,18.27,3.65,1.76,False,FF,FF,False,371,88,5,115.9,111.0,103.2,0.998,91.9,0.565,0.238,0.093,0.087,0.267,-0.87,-1.11,-0.45,0.408,43.9,1.13,Pre-arb: league minimum (debut-date estimate),False,True,,starter,42.2,4.41,1.26,0.23,18.7,5,False,calibrated
678692,Ronny Henriquez,MIA,115.8,105.3,101.7,-0.82,0.219,0.078,0.082,reliever,30.7,43,1,0.37,0.64,pre-arb,0.78,6,5.0,hand,10.04,18.24,3.65,0.36,False,FF,FF,True,1122,291,58,117.7,112.4,105.3,0.999,101.4,0.797,0.236,0.082,0.082,0.547,0.08,-0.8,-0.71,0.883,34.1,0.39,salaries.csv,False,True,,reliever,57.7,3.9,3.0,1.14,73.0,5,False,calibrated
671922,Cade Smith,CLE,112.4,104.0,103.1,1.95,0.257,0.086,0.062,reliever,71.3,0,0,0.0,0.88,pre-arb,0.79,5,4.0,hand,19.89,18.0,4.5,0.09,False,FF,FF,True,940,224,57,116.4,111.4,104.0,0.999,102.4,0.767,0.242,0.086,0.072,0.482,0.52,0.6,0.53,0.881,67.9,0.16,salaries.csv,False,True,,reliever,56.4,3.51,2.96,2.18,73.7,4,False,calibrated
669194,Ryne Nelson,AZ,102.9,100.5,112.8,-1.62,0.226,0.103,0.066,starter,65.4,45,3,0.62,1.53,pre-arb,0.82,4,3.0,hand,22.45,18.0,6.0,-1.23,False,FF,FF,True,2416,607,23,106.0,103.7,100.5,1.0,111.4,0.894,0.236,0.098,0.07,0.716,-0.79,0.42,0.32,0.761,62.4,-1.09,salaries.csv,False,True,,starter,117.2,4.33,3.78,2.45,154.0,3,False,calibrated
669372,J. T. Ginn,ATH,100.5,99.6,97.7,1.07,0.226,0.063,0.077,starter,43.9,51,1,0.39,0.88,pre-arb,0.76,5,4.0,estimate,4.24,17.98,4.5,0.19,True,SI,SL,True,1575,391,16,111.0,107.4,99.6,0.999,98.1,0.846,0.237,0.072,0.079,0.618,1.05,-0.47,-0.33,0.688,46.8,0.15,Pre-arb: league minimum (debut-date estimate),False,True,,starter,81.3,4.53,1.65,0.53,90.3,4,False,calibrated
694335,Matt Svanson,STL,100.9,99.8,100.1,-0.66,0.237,0.09,0.086,reliever,4.7,0,0,0.0,0.5,pre-arb,0.76,7,6.0,hand,11.09,17.95,2.99,-0.03,True,SI,ST,True,956,232,39,103.7,102.0,99.8,0.999,100.1,0.77,0.239,0.088,0.084,0.49,-0.28,-1.89,-1.58,0.836,10.5,-0.03,salaries.csv,False,True,,reliever,47.0,3.93,1.98,1.25,60.3,6,False,calibrated
682990,Quinn Priester,MIL,89.6,95.6,99.1,0.12,0.245,0.091,0.077,starter,66.8,36,1,0.35,1.51,pre-arb,0.76,4,3.0,estimate,20.11,17.79,5.93,-0.35,True,SI,SL,True,2468,653,24,89.6,91.5,95.6,1.0,99.2,0.896,0.241,0.09,0.078,0.73,-0.06,0.48,0.37,0.768,63.4,-0.36,Pre-arb: league minimum (debut-date estimate),False,True,,starter,121.2,4.5,1.22,2.2,157.3,3,False,calibrated
676263,Jack Dreyer,LAD,99.4,99.2,95.9,-0.54,0.235,0.097,0.065,reliever,76.4,0,0,0.0,0.62,pre-arb,0.76,6,5.0,hand,13.87,17.45,3.49,0.33,False,SL,SL,True,1115,292,53,102.8,101.3,99.2,0.999,96.7,0.796,0.239,0.092,0.073,0.548,-0.17,0.78,0.68,0.873,73.3,0.25,salaries.csv,False,True,,reliever,58.0,4.0,1.38,1.54,76.3,5,False,calibrated
669387,Carmen Mlodzinski,PIT,95.9,97.9,106.9,0.25,0.225,0.08,0.061,starter,97.1,100,2,0.78,0.85,pre-arb,0.78,5,4.0,hand,15.4,17.38,4.35,-0.9,True,FF,CU,True,1531,393,10,95.3,95.8,97.9,0.999,105.8,0.843,0.236,0.082,0.069,0.62,0.57,3.71,2.15,0.58,91.7,-0.79,salaries.csv,False,True,,reliever,74.6,4.18,2.55,1.7,99.0,4,False,calibrated
687064,Brandon Young,BAL,100.4,99.6,98.1,0.92,0.252,0.083,0.086,starter,73.7,37,0,0.1,0.59,pre-arb,0.76,6,5.0,estimate,-0.18,16.8,3.36,0.15,True,FF,FS,True,939,256,12,92.5,93.7,99.6,0.999,98.5,0.766,0.241,0.084,0.084,0.515,0.14,0.79,0.49,0.624,67.3,0.11,Pre-arb: league minimum (debut-date estimate),False,True,,starter,56.7,4.83,1.71,0.06,57.7,5,False,calibrated
687075,Brandon Sproat,NYM,90.4,95.9,78.0,-1.96,0.245,0.114,0.083,starter,82.9,0,0,0.0,0.59,pre-arb,0.76,6,5.0,estimate,5.23,16.71,3.34,1.79,True,SI,ST,False,290,84,4,91.8,93.2,95.9,0.997,88.9,0.503,0.24,0.092,0.082,0.258,-0.54,1.23,0.44,0.356,65.4,0.7,Pre-arb: league minimum (debut-date estimate),False,True,,starter,37.0,4.34,-0.28,0.63,20.7,5,False,calibrated
690953,Mick Abel,PHI,110.5,103.3,97.9,-0.68,0.246,0.094,0.092,starter,10.7,0,0,0.0,0.57,pre-arb,0.76,6,5.0,estimate,-0.19,16.08,3.22,0.54,True,FF,SL,True,720,174,8,105.4,103.2,103.3,0.999,98.5,0.716,0.24,0.09,0.086,0.419,-0.43,-1.67,-0.88,0.525,29.3,0.48,Pre-arb: league minimum (debut-date estimate),False,True,,starter,52.9,4.62,2.27,0.06,39.0,5,False,calibrated
674841,Andrew Alvarez,WSH,94.9,97.5,108.5,-0.76,0.237,0.082,0.103,starter,55.1,0,0,0.0,0.56,pre-arb,0.76,6,5.0,estimate,4.34,15.65,3.13,-1.1,True,FF,SL,False,414,97,5,106.2,103.8,97.5,0.998,105.0,0.591,0.239,0.085,0.088,0.287,-0.17,-0.1,-0.04,0.408,57.1,-0.75,Pre-arb: league minimum (debut-date estimate),False,True,,starter,38.1,4.46,2.37,0.54,23.3,5,False,calibrated
685299,Tanner Gordon,COL,83.1,93.2,115.1,0.57,0.251,0.104,0.05,starter,1.0,31,0,0.09,0.76,pre-arb,0.76,5,4.0,estimate,2.31,15.46,3.86,-2.19,True,FF,CH,True,1244,337,15,75.7,81.2,93.2,0.999,112.3,0.813,0.242,0.096,0.064,0.583,0.04,-2.37,-1.6,0.674,13.2,-1.91,Pre-arb: league minimum (debut-date estimate),False,True,,starter,71.8,4.82,2.82,0.32,75.3,4,False,calibrated
642547,Freddy Peralta,MIL,118.1,106.1,103.5,0.29,0.228,0.067,0.092,starter,84.4,88,2,0.74,2.35,FA-eligible,8.0,2,1.0,hand,25.57,15.41,15.41,0.26,False,FF,FF,True,2993,703,32,109.5,106.3,106.1,1.0,103.2,0.911,0.236,0.072,0.09,0.745,0.55,1.31,1.07,0.815,79.5,0.29,salaries.csv,False,True,,starter,127.1,4.13,3.39,3.53,176.7,1,False,calibrated
677958,Kumar Rocker,TEX,95.3,97.7,88.6,-0.5,0.237,0.093,0.077,starter,88.8,41,1,0.36,0.75,pre-arb,0.76,5,4.0,estimate,2.96,15.21,3.8,0.91,True,SI,SL,True,1016,261,13,97.2,97.2,97.7,0.999,91.1,0.78,0.239,0.089,0.079,0.52,-0.2,1.58,1.02,0.642,79.0,0.66,Pre-arb: league minimum (debut-date estimate),False,True,,starter,62.5,4.7,0.32,0.39,64.3,4,False,calibrated
665795,Edward Cabrera,MIA,119.5,106.6,99.8,-0.62,0.232,0.087,0.082,starter,65.9,204,5,1.0,1.93,arb,1.95,4,3.0,hand,21.41,15.04,5.01,0.68,False,CH,CH,True,2252,583,26,108.5,105.5,106.6,1.0,99.8,0.887,0.237,0.086,0.082,0.707,-0.22,0.44,0.35,0.782,63.4,0.68,salaries.csv,False,True,,starter,109.8,4.21,2.96,2.46,137.7,3,False,calibrated
676974,Max Meyer,MIA,122.2,107.6,110.4,-0.27,0.244,0.097,0.073,starter,2.0,402,3,1.0,1.1,pre-arb,0.77,5,4.0,hand,5.73,14.91,3.73,-0.28,False,SL,SL,True,932,259,11,119.9,114.0,107.6,0.999,108.0,0.765,0.24,0.091,0.077,0.518,-0.23,-2.29,-1.38,0.603,18.5,-0.04,salaries.csv,False,True,,starter,72.1,4.41,4.34,0.68,64.7,4,False,calibrated
669923,George Kirby,SEA,106.0,101.6,113.7,1.12,0.237,0.082,0.056,starter,53.2,56,1,0.41,1.88,arb,4.3,4,3.0,hand,23.69,14.73,4.91,-1.21,True,FF,ST,True,2044,517,23,98.8,98.4,101.6,1.0,112.0,0.877,0.239,0.083,0.064,0.682,0.84,-0.16,-0.12,0.761,53.7,-1.04,salaries.csv,False,True,,starter,100.4,4.11,4.04,2.95,126.0,3,False,calibrated
815083,Mitch Farris,LAA,86.5,94.4,85.2,-0.85,0.22,0.069,0.103,starter,32.2,0,0,0.0,0.53,pre-arb,0.76,6,5.0,estimate,0.89,14.67,2.93,0.92,True,FF,CH,False,405,107,5,89.3,91.3,94.4,0.998,91.3,0.586,0.238,0.081,0.088,0.307,0.06,-0.76,-0.31,0.408,46.8,0.31,Pre-arb: league minimum (debut-date estimate),False,True,,starter,41.9,4.65,-0.15,0.17,24.3,5,False,calibrated
676467,Colton Gordon,HOU,89.8,95.7,109.2,0.34,0.24,0.1,0.045,starter,67.8,0,0,0.0,0.52,pre-arb,0.76,6,5.0,estimate,-2.51,14.54,2.91,-1.35,True,FF,ST,True,1451,377,14,90.0,91.8,95.7,0.999,107.7,0.835,0.24,0.094,0.059,0.61,0.2,0.55,0.36,0.659,63.4,-1.2,Pre-arb: league minimum (debut-date estimate),False,True,,starter,73.9,4.87,2.51,-0.18,86.0,5,False,calibrated
686563,Jonathan Cannon,CWS,89.8,95.7,101.1,-1.65,0.228,0.099,0.076,starter,9.8,26,0,0.07,0.71,pre-arb,0.76,5,4.0,estimate,0.32,14.36,3.59,-0.54,True,FC,CH,True,1708,445,16,88.8,90.9,95.7,0.999,100.9,0.857,0.237,0.094,0.078,0.648,-0.73,-1.68,-1.16,0.688,22.4,-0.52,Pre-arb: league minimum (debut-date estimate),False,True,,starter,91.4,4.87,1.49,0.11,103.7,4,False,calibrated
669358,Shane Baz,TB,103.2,100.6,96.6,-0.89,0.243,0.095,0.09,starter,74.1,391,4,1.0,1.84,arb,1.45,4,3.0,hand,16.98,14.34,4.78,0.4,False,FF,FF,True,2702,708,31,101.7,100.5,100.6,1.0,96.9,0.904,0.241,0.093,0.088,0.746,-0.76,0.8,0.65,0.811,69.3,0.37,salaries.csv,False,True,,starter,127.9,4.49,1.62,1.94,166.3,3,False,calibrated
701581,David Festa,MIN,99.7,99.3,108.8,-0.46,0.238,0.09,0.083,starter,45.4,68,1,0.44,0.71,pre-arb,0.76,5,4.0,estimate,1.85,14.33,3.58,-0.95,False,FF,FF,True,882,229,10,102.9,101.4,99.3,0.999,106.6,0.755,0.239,0.088,0.082,0.487,-0.19,-0.39,-0.23,0.58,48.3,-0.73,Pre-arb: league minimum (debut-date estimate),False,True,,starter,60.3,4.64,2.88,0.27,53.3,4,False,calibrated
678495,Randy Rodríguez,SF,134.2,112.0,106.9,1.12,0.238,0.083,0.057,reliever,86.1,80,2,0.72,0.64,pre-arb,0.77,6,5.0,hand,10.91,14.05,2.81,0.51,False,FF,FF,True,772,192,38,131.2,122.4,112.0,0.999,105.0,0.73,0.239,0.084,0.071,0.443,0.53,1.35,1.12,0.832,81.8,0.7,salaries.csv,False,True,,reliever,44.0,3.6,4.55,1.23,50.7,5,False,calibrated
693855,Ian Seymour,TB,88.7,95.2,101.8,-1.37,0.229,0.097,0.075,reliever,47.3,0,0,0.0,0.49,pre-arb,0.76,6,5.0,estimate,8.97,13.65,2.73,-0.66,True,FF,CH,True,995,241,19,94.4,95.1,95.2,0.999,101.4,0.777,0.238,0.092,0.078,0.5,-0.45,-0.28,-0.2,0.712,50.7,-0.62,Pre-arb: league minimum (debut-date estimate),False,True,,reliever,45.1,4.14,1.49,1.02,57.0,5,False,calibrated
669022,Mackenzie Gore,WSH,108.2,102.4,89.2,-0.79,0.234,0.084,0.095,starter,3.9,114,2,0.82,2.26,arb,2.89,3,2.0,hand,25.68,13.42,6.71,1.32,True,FF,SL,True,2725,663,29,112.0,108.1,102.4,1.0,90.2,0.905,0.238,0.085,0.091,0.733,-0.43,-2.15,-1.72,0.8,9.3,1.22,salaries.csv,False,True,,starter,128.9,4.21,0.89,3.01,159.7,2,False,calibrated
657746,Joe Ryan,MIN,109.7,103.0,114.0,0.86,0.252,0.097,0.058,starter,56.1,96,1,0.52,2.24,arb,3.0,3,2.0,hand,27.18,13.26,6.63,-1.1,True,FF,FS,True,2709,671,29,106.8,104.3,103.0,1.0,112.7,0.904,0.243,0.094,0.064,0.736,0.28,-0.08,-0.06,0.8,56.6,-0.97,salaries.csv,False,True,,starter,125.5,4.16,4.35,3.18,171.0,2,False,calibrated
686973,Louis Varland,MIN,137.7,113.3,105.7,-2.45,0.213,0.1,0.07,reliever,42.9,0,0,0.0,0.6,pre-arb,0.79,6,5.0,hand,10.18,13.22,2.64,0.76,True,FF,KC,True,1031,286,58,119.1,113.4,113.3,0.999,104.5,0.783,0.236,0.093,0.075,0.542,-0.61,-0.46,-0.41,0.883,43.9,0.88,salaries.csv,False,True,,reliever,54.0,3.9,4.67,1.15,72.7,5,False,calibrated
681517,Kyle Leahy,STL,110.3,103.2,102.9,-1.37,0.227,0.097,0.072,reliever,9.1,0,0,0.0,0.6,pre-arb,0.77,6,5.0,hand,13.46,13.14,2.63,0.03,True,FF,ST,True,1328,359,56,106.1,103.8,103.2,0.999,102.4,0.823,0.237,0.092,0.076,0.598,-0.47,-1.62,-1.42,0.879,13.9,0.08,salaries.csv,False,True,,reliever,62.9,4.05,2.84,1.5,88.0,5,False,calibrated
676508,Ben Casparius,LAD,103.7,100.8,108.1,1.68,0.244,0.078,0.062,reliever,25.3,0,0,0.0,0.46,pre-arb,0.76,6,5.0,hand,7.64,12.81,2.56,-0.73,True,ST,CU,True,1213,322,36,102.8,101.3,100.8,0.999,106.6,0.809,0.24,0.082,0.071,0.572,0.84,-1.06,-0.87,0.824,29.7,-0.58,salaries.csv,False,True,,reliever,58.3,4.23,3.11,0.88,77.7,5,False,calibrated
686930,Mason Barnett,ATH,90.8,96.0,100.9,-1.01,0.23,0.077,0.107,starter,20.0,0,0,0.0,0.46,pre-arb,0.76,6,5.0,estimate,0.52,12.73,2.55,-0.49,True,FF,ST,False,427,103,5,89.0,91.1,96.0,0.998,100.5,0.599,0.239,0.083,0.089,0.299,-0.13,-1.28,-0.52,0.408,41.5,-0.45,Pre-arb: league minimum (debut-date estimate),False,True,,starter,40.9,4.76,1.47,0.13,22.3,5,False,calibrated
678906,Kai-Wei Teng,SF,97.2,98.4,78.6,-5.33,0.209,0.106,0.122,starter,9.3,0,0,0.0,0.63,pre-arb,0.76,5,4.0,estimate,3.97,12.72,3.18,1.98,True,ST,CU,True,573,139,7,102.0,100.7,98.4,0.998,85.7,0.667,0.237,0.094,0.097,0.366,-1.41,-1.68,-0.83,0.491,30.7,1.27,Pre-arb: league minimum (debut-date estimate),False,True,,starter,43.4,4.36,-0.39,0.5,29.7,4,False,calibrated
669854,Ronel Blanco,HOU,86.2,94.3,107.8,-0.08,0.231,0.073,0.096,starter,77.1,131,1,0.61,0.63,pre-arb,0.8,5,4.0,hand,5.04,12.68,3.17,-1.35,True,FF,CH,True,701,178,8,84.3,87.6,94.3,0.999,105.5,0.71,0.239,0.08,0.088,0.425,0.15,0.95,0.5,0.525,67.3,-1.12,salaries.csv,False,True,,starter,47.0,4.57,1.97,0.61,48.3,4,False,calibrated
608379,Michael Wacha,KC,95.3,97.7,113.8,0.81,0.244,0.091,0.059,starter,11.7,128,2,0.86,1.91,FA-eligible,18.0,4,3.0,hand,14.58,12.58,4.19,-1.61,True,FF,CH,True,2578,698,30,89.1,91.2,97.7,1.0,112.4,0.9,0.241,0.09,0.065,0.743,0.46,-1.65,-1.33,0.806,19.0,-1.47,salaries.csv,False,True,,starter,125.0,4.41,3.51,3.43,172.7,3,False,calibrated
686799,Jack Kochanowicz,LAA,104.3,101.0,72.7,-1.38,0.234,0.084,0.11,starter,74.6,0,0,0.0,0.62,pre-arb,0.76,5,4.0,estimate,-7.06,12.39,3.1,2.83,True,SI,SL,True,1794,490,22,101.5,100.4,101.0,1.0,76.5,0.862,0.238,0.084,0.101,0.67,-0.75,0.8,0.6,0.752,69.3,2.45,Pre-arb: league minimum (debut-date estimate),False,True,,starter,91.1,5.17,-1.38,-0.66,111.0,4,False,calibrated
680755,Braydon Fisher,TOR,102.5,100.3,102.4,-0.06,0.242,0.085,0.089,reliever,52.4,0,0,0.0,0.43,pre-arb,0.76,7,6.0,hand,7.47,12.35,2.06,-0.21,True,SL,CU,True,833,202,43,93.1,94.1,100.3,0.999,101.8,0.744,0.24,0.085,0.085,0.456,-0.09,-0.12,-0.11,0.849,53.7,-0.15,salaries.csv,False,True,,reliever,42.5,4.01,2.31,0.87,50.0,6,False,calibrated
676664,Jp Sears,ATH,91.6,96.3,100.8,0.72,0.241,0.087,0.064,starter,55.1,0,0,0.0,1.04,pre-arb,0.77,4,3.0,hand,2.5,12.27,4.09,-0.45,True,FF,SL,True,2275,561,26,87.2,89.8,96.3,1.0,100.7,0.888,0.24,0.086,0.069,0.699,0.47,-0.11,-0.09,0.782,55.1,-0.44,salaries.csv,False,True,,starter,101.0,4.84,1.55,0.34,135.7,3,False,calibrated
669302,Logan Gilbert,SEA,112.9,104.2,116.5,-1.1,0.246,0.108,0.076,starter,78.0,51,1,0.39,2.05,arb,7.62,3,2.0,hand,21.7,12.13,6.07,-1.23,True,FF,ST,True,1637,370,24,99.9,99.2,104.2,0.999,114.0,0.851,0.241,0.1,0.078,0.605,-0.88,0.99,0.76,0.768,73.2,-0.98,salaries.csv,False,True,,starter,99.8,3.96,4.73,3.09,131.0,2,False,calibrated
663623,Jake Irvin,WSH,87.2,94.7,104.5,0.87,0.266,0.099,0.078,starter,87.3,10,0,0.03,0.89,pre-arb,0.77,5,4.0,hand,-3.67,12.12,3.03,-0.98,True,FF,FC,True,2861,766,32,87.2,89.8,94.7,1.0,104.1,0.909,0.248,0.096,0.079,0.761,-0.12,1.47,1.2,0.815,82.9,-0.94,salaries.csv,False,True,,starter,125.6,5.14,1.82,-0.3,180.0,4,False,calibrated
666157,Nick Lodolo,CIN,97.3,98.4,103.5,0.18,0.226,0.088,0.049,starter,20.0,317,0,0.5,2.0,arb,1.98,3,2.0,hand,24.34,11.84,5.92,-0.51,True,CU,CH,True,2392,617,27,106.2,103.8,98.4,1.0,103.1,0.893,0.236,0.088,0.058,0.719,0.53,-1.28,-1.01,0.788,26.3,-0.47,salaries.csv,False,True,,starter,121.8,4.28,2.22,2.77,156.7,2,False,calibrated
663893,Brendon Little,TOR,117.8,106.0,61.8,-4.15,0.18,0.056,0.144,reliever,27.4,0,0,0.0,0.54,pre-arb,0.77,6,5.0,hand,11.09,11.83,2.37,4.42,False,KC,KC,True,1200,284,63,163.8,146.5,106.0,0.999,69.2,0.807,0.229,0.069,0.116,0.541,-0.7,-0.99,-0.89,0.891,29.1,3.68,salaries.csv,False,True,,reliever,49.6,3.91,-1.72,1.25,68.3,5,False,calibrated
680736,Justin Wrobleski,LAD,99.9,99.4,107.5,-1.16,0.248,0.119,0.057,reliever,37.5,0,0,0.0,0.59,pre-arb,0.76,5,4.0,estimate,11.46,11.78,2.94,-0.81,False,FF,FF,True,1088,279,21,101.5,100.4,99.4,0.999,105.9,0.792,0.241,0.104,0.069,0.536,-0.85,-0.61,-0.45,0.732,42.9,-0.65,Pre-arb: league minimum (debut-date estimate),False,True,,reliever,53.0,3.98,2.79,1.29,66.7,4,False,calibrated
682243,Bryce Miller,SEA,111.6,103.7,100.1,-0.37,0.24,0.082,0.1,starter,92.2,109,2,0.8,0.86,pre-arb,0.8,5,4.0,hand,1.75,11.72,2.93,0.36,False,FF,FF,True,1275,310,17,107.0,104.4,103.7,0.999,100.1,0.817,0.24,0.083,0.092,0.562,-0.21,2.18,1.53,0.701,87.8,0.36,salaries.csv,False,True,,starter,77.5,4.77,2.57,0.27,90.3,4,False,calibrated
686790,Trevor Mcdonald,SF,126.1,109.1,114.3,7.66,0.278,0.047,0.033,starter,8.3,0,0,0.0,0.58,pre-arb,0.76,5,4.0,estimate,3.59,11.58,2.9,-0.52,False,SL,SL,False,212,60,2,126.1,118.6,109.1,0.996,106.1,0.426,0.241,0.079,0.072,0.199,1.05,-1.83,-0.4,0.216,44.4,0.3,Pre-arb: league minimum (debut-date estimate),False,True,,starter,36.5,4.07,4.28,0.46,15.0,4,False,calibrated
669093,Jeremiah Estrada,SD,107.8,102.3,97.0,1.85,0.261,0.08,0.082,reliever,81.8,0,0,0.0,0.57,pre-arb,0.78,5,4.0,hand,6.86,11.43,2.86,0.53,False,FF,FF,True,1193,293,67,128.9,120.6,102.3,0.999,97.6,0.807,0.243,0.083,0.082,0.548,0.48,1.09,0.98,0.897,80.4,0.47,salaries.csv,False,True,,reliever,55.6,3.97,1.98,0.8,73.0,4,False,calibrated
687931,Carson Whisenhunt,SF,93.2,96.9,84.5,-2.4,0.225,0.086,0.118,starter,0.0,31,0,0.09,0.34,pre-arb,0.76,7,6.0,hand,-3.9,11.21,1.87,1.24,True,FF,CH,False,408,102,5,97.0,97.0,96.9,0.998,90.9,0.588,0.239,0.086,0.092,0.297,-0.49,-2.49,-1.02,0.408,25.4,0.6,salaries.csv,False,True,,starter,43.3,5.08,0.17,-0.33,23.3,6,False,calibrated
695243,Mason Miller,ATH,129.8,110.4,86.1,-3.25,0.216,0.091,0.113,reliever,81.4,136,1,0.63,0.82,pre-arb,0.76,5,4.0,hand,14.67,11.12,2.78,2.43,False,FF,FF,True,967,231,53,146.9,134.0,110.4,0.999,89.3,0.772,0.236,0.088,0.097,0.489,-1.05,1.03,0.9,0.873,79.1,2.11,salaries.csv,False,True,,reliever,49.6,3.43,1.95,1.63,61.7,4,False,calibrated
678606,José Ferrer,WSH,99.9,99.4,97.8,-0.44,0.229,0.101,0.045,reliever,40.2,0,0,0.0,0.55,pre-arb,0.77,5,4.0,hand,11.54,11.0,2.75,0.16,True,SI,SL,True,1168,313,60,110.4,106.9,99.4,0.999,98.2,0.803,0.238,0.094,0.061,0.565,0.03,-0.54,-0.48,0.887,41.6,0.12,salaries.csv,False,True,,reliever,58.7,4.05,1.64,1.3,76.3,4,False,calibrated
672456,Keider Montero,DET,91.7,96.4,107.2,0.86,0.246,0.082,0.078,starter,39.5,0,0,0.0,0.55,pre-arb,0.76,5,4.0,estimate,0.5,10.96,2.74,-1.08,True,FF,SL,True,1461,385,12,85.1,88.2,96.4,0.999,106.0,0.836,0.241,0.084,0.079,0.615,0.35,-0.63,-0.39,0.624,45.4,-0.96,Pre-arb: league minimum (debut-date estimate),False,True,,starter,81.0,4.8,2.36,0.13,90.7,4,False,calibrated
687888,Brandon Walter,HOU,91.1,96.1,101.0,0.51,0.232,0.104,0.019,starter,12.7,66,1,0.43,0.93,pre-arb,0.76,4,3.0,estimate,7.25,10.95,3.65,-0.49,True,FC,CH,True,814,212,9,94.1,94.9,96.1,0.999,100.7,0.74,0.239,0.094,0.052,0.468,0.41,-1.64,-0.91,0.554,28.3,-0.46,Pre-arb: league minimum (debut-date estimate),False,True,,starter,57.4,4.32,1.52,0.84,53.7,3,False,calibrated
601713,Nick Pivetta,SD,100.4,99.6,106.9,1.01,0.251,0.089,0.068,starter,71.7,32,1,0.34,2.25,FA-eligible,2.5,3,2.0,hand,35.2,10.84,5.42,-0.73,False,FF,FF,True,2854,718,31,94.5,95.2,99.6,1.0,106.3,0.909,0.243,0.088,0.072,0.749,0.44,0.71,0.57,0.811,68.3,-0.67,salaries.csv,False,True,,starter,124.4,4.16,2.88,3.97,181.7,2,False,calibrated
676917,Cade Cavalli,WSH,105.3,101.4,94.6,0.88,0.242,0.084,0.068,starter,44.4,455,4,1.0,0.79,pre-arb,0.76,5,4.0,hand,3.78,10.67,2.67,0.68,False,KC,KC,True,788,219,10,99.9,99.2,101.4,0.999,96.0,0.734,0.24,0.085,0.075,0.476,0.35,-0.45,-0.26,0.58,47.8,0.54,salaries.csv,False,True,,starter,58.6,4.57,1.61,0.48,48.7,4,False,calibrated
681190,Randy Vásquez,SD,88.7,95.2,101.0,-1.21,0.251,0.108,0.086,starter,76.1,0,0,0.0,0.89,pre-arb,0.76,4,3.0,estimate,6.45,10.5,3.5,-0.58,True,FC,CH,True,2055,547,25,87.0,89.6,95.2,1.0,100.9,0.878,0.242,0.101,0.085,0.694,-1.15,0.93,0.72,0.775,72.2,-0.57,Pre-arb: league minimum (debut-date estimate),False,True,,starter,101.4,4.92,1.41,0.76,133.7,3,False,calibrated
676428,Brant Hurter,DET,91.1,96.1,73.6,-2.38,0.21,0.085,0.092,reliever,16.2,0,0,0.0,0.39,pre-arb,0.77,6,5.0,hand,5.94,10.37,2.07,2.25,True,SI,CH,True,971,251,36,110.3,106.9,96.1,0.999,79.6,0.772,0.235,0.086,0.087,0.51,-0.48,-1.32,-1.09,0.824,24.7,1.65,salaries.csv,False,True,,reliever,48.4,4.25,-1.65,0.71,63.0,5,False,calibrated
669467,Andre Pallante,STL,89.0,95.4,93.6,-2.26,0.21,0.087,0.086,starter,15.1,0,0,0.0,1.33,arb,2.1,4,3.0,hand,10.54,10.36,3.45,0.18,True,FF,SI,True,2642,696,30,89.0,91.1,95.4,1.0,94.2,0.902,0.23,0.087,0.085,0.743,-0.83,-1.56,-1.26,0.806,20.5,0.12,salaries.csv,False,True,,starter,124.0,4.81,0.44,1.33,162.7,3,False,calibrated
680684,Gunnar Hoglund,ATH,96.1,98.0,108.0,-0.03,0.223,0.073,0.08,starter,53.7,119,0,0.33,0.36,pre-arb,0.76,7,6.0,hand,-4.55,10.34,1.72,-1.0,True,FF,CH,True,547,138,6,91.8,93.2,98.0,0.998,105.3,0.657,0.238,0.081,0.081,0.364,0.31,-0.13,-0.06,0.453,56.6,-0.73,salaries.csv,False,True,,starter,46.2,5.07,2.49,-0.4,32.3,6,False,calibrated
665152,Dean Kremer,BAL,87.9,95.0,97.4,0.03,0.231,0.085,0.068,starter,52.7,101,0,0.28,1.73,arb,2.95,3,2.0,hand,22.42,10.26,5.13,-0.24,True,FF,FC,True,2502,635,28,93.0,94.1,95.0,1.0,97.7,0.897,0.237,0.085,0.072,0.725,0.28,-0.17,-0.14,0.794,53.7,-0.27,salaries.csv,False,True,,starter,124.2,4.47,0.9,2.67,171.7,2,False,calibrated
694037,Daniel Palencia,CHC,114.1,104.6,101.7,0.4,0.241,0.089,0.068,reliever,38.9,128,2,0.86,0.47,pre-arb,0.76,6,5.0,hand,7.44,10.09,2.02,0.29,False,FF,FF,True,847,220,49,114.3,109.8,104.6,0.999,101.3,0.748,0.24,0.087,0.075,0.477,0.16,-0.58,-0.5,0.865,41.2,0.33,salaries.csv,False,True,,reliever,45.5,3.97,2.88,0.86,52.7,5,False,calibrated
800311,Didier Fuentes,ATL,115.4,105.1,101.4,-0.11,0.256,0.099,0.086,starter,0.0,0,0,0.0,0.37,pre-arb,0.76,6,5.0,estimate,-5.17,10.03,2.01,0.37,False,FF,FF,False,293,70,4,112.1,108.2,105.1,0.997,100.7,0.506,0.24,0.089,0.083,0.225,-0.24,-2.97,-1.06,0.356,24.9,0.44,Pre-arb: league minimum (debut-date estimate),False,True,,starter,43.3,4.99,2.87,-0.46,13.0,5,False,calibrated
800049,Adam Mazur,MIA,99.6,99.3,101.1,-0.18,0.249,0.094,0.086,starter,58.5,0,0,0.0,0.5,pre-arb,0.76,5,4.0,estimate,0.9,9.83,2.46,-0.18,True,SL,FF,False,489,139,6,97.7,97.5,99.3,0.998,100.7,0.631,0.24,0.089,0.083,0.366,-0.25,0.16,0.07,0.453,58.0,-0.14,Pre-arb: league minimum (debut-date estimate),False,True,,starter,44.4,4.77,2.0,0.17,30.0,4,False,calibrated
687911,Bryan King,HOU,86.9,94.6,107.6,1.96,0.264,0.102,0.041,reliever,55.7,0,0,0.0,0.37,pre-arb,0.77,6,5.0,hand,5.36,9.77,1.95,-1.3,False,FF,FF,True,1028,271,61,88.5,90.7,94.6,0.999,105.9,0.782,0.243,0.094,0.06,0.529,0.42,-0.09,-0.08,0.888,55.7,-1.13,salaries.csv,False,True,,reliever,49.9,4.22,2.07,0.65,68.0,5,False,calibrated
681293,Spencer Arrighetti,HOU,106.9,102.0,87.1,-2.77,0.24,0.095,0.134,starter,96.1,149,1,0.66,0.49,pre-arb,0.79,5,4.0,hand,-1.07,9.76,2.44,1.49,True,FF,CU,True,529,134,6,111.6,107.8,102.0,0.998,91.6,0.649,0.24,0.089,0.101,0.357,-1.0,3.06,1.39,0.453,85.4,1.04,salaries.csv,False,True,,starter,46.0,4.81,1.04,-0.03,35.3,4,False,calibrated
690916,Richard Fitts,BOS,103.8,100.8,109.3,0.44,0.242,0.077,0.094,starter,69.8,77,0,0.21,0.49,pre-arb,0.76,5,4.0,estimate,-2.71,9.6,2.4,-0.85,True,FF,ST,True,664,171,9,104.7,102.7,100.8,0.999,106.5,0.699,0.24,0.082,0.087,0.415,0.12,0.66,0.37,0.554,63.4,-0.57,Pre-arb: league minimum (debut-date estimate),False,True,,starter,52.0,4.85,3.09,-0.21,45.0,4,False,calibrated
661563,Luis Gil,NYY,110.6,103.3,88.9,-0.6,0.249,0.075,0.135,starter,1.5,368,2,1.0,0.78,pre-arb,0.8,4,3.0,hand,3.96,9.19,3.06,1.44,False,FF,FF,True,970,245,11,104.4,102.5,103.3,0.999,91.4,0.772,0.241,0.08,0.108,0.504,-0.54,-2.29,-1.38,0.603,18.0,1.19,salaries.csv,False,True,,starter,66.4,4.71,1.2,0.5,57.0,3,False,calibrated
675848,Juan Mejia,COL,87.2,94.7,86.5,0.35,0.242,0.078,0.092,reliever,96.6,0,0,0.0,0.34,pre-arb,0.76,6,5.0,estimate,4.59,8.85,1.77,0.82,True,FF,ST,True,1074,260,53,91.8,93.2,94.7,0.999,89.3,0.79,0.24,0.082,0.087,0.519,0.13,2.99,2.61,0.873,93.6,0.54,Pre-arb: league minimum (debut-date estimate),False,True,,reliever,50.5,4.28,-0.4,0.56,61.3,5,False,calibrated
668933,Graham Ashcraft,CIN,190.9,133.0,88.9,0.09,0.231,0.074,0.087,reliever,14.5,199,2,1.0,0.74,pre-arb,0.78,4,3.0,hand,11.98,8.74,2.91,4.41,False,FC,FC,True,1048,286,51,109.0,105.9,133.0,0.999,91.3,0.786,0.238,0.08,0.085,0.542,0.27,-1.39,-1.21,0.869,19.6,4.17,salaries.csv,False,True,,reliever,51.5,3.61,5.64,1.34,65.3,3,False,calibrated
688158,David Morgan,SD,107.5,102.2,80.8,-2.28,0.227,0.088,0.115,reliever,86.5,15,1,0.29,0.31,pre-arb,0.76,7,6.0,hand,3.59,8.7,1.45,2.14,False,FF,FF,True,765,192,34,107.8,105.0,102.2,0.999,86.0,0.728,0.238,0.087,0.096,0.443,-0.75,1.35,1.1,0.816,81.8,1.62,salaries.csv,False,True,,reliever,41.0,4.24,0.23,0.46,47.3,6,False,calibrated
608331,Max Fried,NYY,96.6,98.2,90.4,0.79,0.24,0.084,0.065,starter,79.0,140,2,0.89,2.66,FA-eligible,14.5,7,6.0,hand,35.88,8.5,1.42,0.78,True,FC,CU,True,3117,797,32,99.7,99.0,98.2,1.0,91.2,0.916,0.24,0.085,0.069,0.768,0.6,1.01,0.82,0.815,74.6,0.7,salaries.csv,False,True,,starter,136.4,4.04,0.41,5.3,195.3,6,False,calibrated
677960,Ryan Weathers,MIA,106.9,102.0,102.2,-3.04,0.215,0.107,0.072,starter,87.8,244,2,1.0,0.72,pre-arb,0.78,4,3.0,hand,2.55,8.5,2.83,-0.02,False,FF,FF,True,642,166,8,117.1,111.9,102.0,0.999,101.5,0.692,0.237,0.095,0.078,0.408,-0.73,1.52,0.8,0.525,73.7,0.05,salaries.csv,False,True,,starter,51.4,4.51,2.52,0.35,38.3,3,False,calibrated
808963,Roki Sasaki,LAD,100.8,99.7,105.0,-7.1,0.212,0.126,0.132,starter,97.6,134,1,0.62,0.32,pre-arb,0.76,6,5.0,hand,-2.76,8.49,1.7,-0.53,False,FF,FF,False,325,91,6,88.8,90.9,99.7,0.997,102.7,0.532,0.238,0.096,0.095,0.274,-1.49,4.08,1.85,0.453,89.8,-0.3,salaries.csv,False,True,,starter,47.7,4.98,2.36,-0.21,36.3,5,False,calibrated
685326,Mccade Brown,COL,95.2,97.6,73.1,-1.06,0.244,0.076,0.135,starter,53.7,0,0,0.0,0.32,pre-arb,0.76,6,5.0,estimate,-4.47,8.44,1.69,2.45,False,FF,FF,True,501,126,7,85.0,88.1,97.6,0.998,82.9,0.637,0.24,0.082,0.1,0.343,-0.43,-0.14,-0.07,0.491,56.6,1.47,Pre-arb: league minimum (debut-date estimate),False,True,,starter,41.3,5.07,-0.93,-0.39,25.7,5,False,calibrated
687362,Connor Gillispie,MIA,93.7,97.1,86.7,-1.13,0.213,0.083,0.07,starter,17.1,0,0,0.0,0.42,pre-arb,0.76,5,4.0,estimate,-1.52,8.1,2.03,1.04,True,ST,FF,False,385,100,5,93.7,94.6,97.1,0.998,92.4,0.574,0.238,0.085,0.078,0.293,0.09,-1.46,-0.6,0.408,40.0,0.47,Pre-arb: league minimum (debut-date estimate),False,True,,starter,39.0,4.82,0.42,-0.08,26.0,4,False,calibrated
806185,Hayden Birdsong,SF,103.6,100.7,80.4,-3.52,0.21,0.083,0.125,starter,96.6,0,0,0.0,0.41,pre-arb,0.76,5,4.0,estimate,-0.87,8.02,2.01,2.03,False,FF,FF,True,1191,297,10,101.4,100.3,100.7,0.999,84.2,0.806,0.234,0.084,0.105,0.552,-1.17,3.32,1.93,0.58,90.2,1.65,Pre-arb: league minimum (debut-date estimate),False,True,,reliever,54.3,4.62,-0.27,-0.01,65.7,4,False,calibrated
675512,Troy Melton,DET,103.2,100.6,99.2,-4.42,0.208,0.113,0.083,reliever,24.7,0,0,0.0,0.26,pre-arb,0.76,7,6.0,hand,-0.1,8.01,1.34,0.14,True,FF,SL,True,655,180,15,101.7,100.5,100.6,0.999,99.4,0.696,0.236,0.097,0.082,0.427,-1.15,-1.09,-0.72,0.661,33.1,0.12,salaries.csv,False,True,,reliever,39.9,4.53,2.0,0.07,45.7,6,False,calibrated
669713,Hayden Wesneski,HOU,91.7,96.4,116.3,-0.83,0.23,0.106,0.045,starter,92.7,206,2,1.0,0.58,pre-arb,0.78,5,4.0,hand,1.25,7.93,1.98,-1.99,True,FF,ST,True,508,132,6,88.8,90.9,96.4,0.998,110.4,0.64,0.239,0.093,0.069,0.354,-0.12,2.19,0.99,0.453,77.6,-1.4,salaries.csv,False,True,,starter,44.2,4.59,3.02,0.21,32.0,4,False,calibrated
680694,Kyle Bradish,BAL,104.5,101.1,107.4,-0.5,0.235,0.089,0.079,starter,18.5,347,4,1.0,1.01,arb,2.35,4,3.0,hand,8.32,7.9,2.63,-0.63,True,SI,SL,False,494,126,6,107.6,104.9,101.1,0.998,104.7,0.633,0.239,0.087,0.081,0.343,-0.09,-1.34,-0.61,0.453,40.0,-0.36,salaries.csv,False,True,,starter,46.8,3.87,2.87,1.12,32.0,3,False,calibrated
678022,Jack Perkins,ATH,102.7,100.4,91.0,-3.41,0.204,0.083,0.112,reliever,2.7,37,1,0.35,0.3,pre-arb,0.76,6,5.0,estimate,2.11,7.74,1.55,0.94,True,FF,ST,True,637,161,8,103.6,101.9,100.4,0.999,93.8,0.69,0.236,0.085,0.094,0.4,-0.64,-2.03,-1.04,0.51,25.7,0.66,Pre-arb: league minimum (debut-date estimate),False,True,,reliever,35.1,4.41,1.13,0.3,38.7,5,False,calibrated
808967,Yoshinobu Yamamoto,LAD,103.7,100.8,111.7,2.39,0.259,0.07,0.086,starter,51.2,86,0,0.24,2.65,FA-eligible,14.17,5,4.0,hand,33.29,7.68,1.92,-1.09,True,FF,CU,True,2620,642,28,105.5,103.3,100.8,1.0,110.5,0.902,0.246,0.074,0.085,0.727,1.21,-0.19,-0.15,0.794,53.2,-0.97,salaries.csv,False,True,,starter,128.8,3.95,3.69,5.0,173.7,4,False,calibrated
660825,Eduard Bazardo,SEA,90.8,96.0,113.4,0.07,0.278,0.119,0.078,reliever,88.2,41,1,0.36,0.39,pre-arb,0.89,5,4.0,hand,6.5,7.55,1.89,-1.74,True,ST,FF,True,1095,281,57,88.0,90.4,96.0,0.999,110.6,0.793,0.246,0.104,0.08,0.538,-0.95,1.63,1.44,0.881,87.2,-1.46,salaries.csv,False,True,,reliever,56.7,4.27,2.99,0.78,78.7,4,False,calibrated
670955,Edwin Uceta,TB,118.2,106.1,100.4,2.74,0.257,0.07,0.074,reliever,4.4,201,0,0.5,0.55,pre-arb,0.82,5,4.0,hand,5.97,7.52,1.88,0.57,False,FF,FF,True,1178,312,62,129.7,121.2,106.1,0.999,100.3,0.805,0.243,0.077,0.077,0.564,1.07,-1.91,-1.7,0.89,7.4,0.58,salaries.csv,False,True,,reliever,57.0,4.02,2.96,0.71,76.0,4,False,calibrated
657649,Jared Koenig,MIL,96.2,98.0,97.5,0.04,0.251,0.101,0.069,reliever,80.7,22,1,0.31,0.39,pre-arb,0.78,5,4.0,hand,7.56,7.49,1.87,0.05,False,SI,SI,True,1015,261,58,108.5,105.5,98.0,0.999,98.0,0.78,0.241,0.094,0.075,0.52,-0.28,1.0,0.88,0.883,78.4,0.0,salaries.csv,False,True,,reliever,46.6,4.14,1.4,0.88,66.0,4,False,calibrated
683769,Hunter Gaddis,CLE,89.3,95.5,111.4,1.52,0.237,0.075,0.06,reliever,97.0,0,0,0.0,0.38,pre-arb,0.78,5,4.0,hand,6.57,7.44,1.86,-1.59,True,SL,CH,True,1022,267,51,91.3,92.8,95.5,0.999,108.9,0.781,0.239,0.08,0.07,0.525,0.87,3.23,2.81,0.869,95.3,-1.34,salaries.csv,False,True,,reliever,51.5,4.21,2.66,0.77,66.7,4,False,calibrated
669724,Brenan Hanifee,DET,88.6,95.2,103.4,-1.05,0.23,0.107,0.048,reliever,3.0,0,0,0.0,0.29,pre-arb,0.77,6,5.0,hand,7.45,7.39,1.48,-0.82,True,SI,FF,True,906,250,46,87.4,89.9,95.2,0.999,102.6,0.76,0.238,0.096,0.065,0.509,-0.25,-1.97,-1.69,0.857,7.8,-0.74,salaries.csv,False,True,,reliever,46.0,4.32,1.67,0.86,60.0,5,False,calibrated
671212,Joe Boyle,TB,102.6,100.4,89.5,-2.31,0.237,0.093,0.12,starter,77.6,30,0,0.08,0.63,pre-arb,0.76,4,3.0,estimate,4.45,7.38,2.46,1.09,True,FF,SL,True,932,225,9,103.4,101.8,100.4,0.999,92.0,0.765,0.239,0.09,0.1,0.483,-1.07,0.97,0.54,0.554,67.3,0.84,Pre-arb: league minimum (debut-date estimate),False,True,,starter,54.5,4.46,0.86,0.55,52.0,3,False,calibrated
656731,Tylor Megill,NYM,111.0,103.5,91.8,-2.14,0.227,0.087,0.112,starter,29.3,277,3,1.0,1.23,arb,1.98,3,2.0,hand,12.69,7.29,3.65,1.17,True,FF,SL,True,1153,285,13,109.7,106.4,103.5,0.999,93.4,0.801,0.238,0.086,0.098,0.542,-0.85,-0.91,-0.58,0.642,40.5,1.01,salaries.csv,False,True,,starter,67.0,4.14,1.53,1.54,68.3,2,False,calibrated
688107,Robert Gasser,MIL,88.2,95.1,65.8,-4.61,0.196,0.078,0.138,starter,0.0,276,2,1.0,0.37,pre-arb,0.76,5,4.0,estimate,-1.55,7.24,1.81,2.93,,,,False,102,29,2,,,95.1,0.992,91.0,0.263,0.239,0.085,0.088,0.107,-0.23,-4.78,-1.03,0.216,24.9,0.41,Pre-arb: league minimum (debut-date estimate),False,True,,starter,36.1,4.84,-0.09,-0.08,5.7,4,False,calibrated
641927,Bailey Ober,MIN,89.7,95.6,118.1,2.87,0.259,0.084,0.046,starter,34.1,162,0,0.45,1.21,arb,3.55,3,2.0,hand,4.63,7.2,3.6,-2.25,True,FF,CH,True,2276,606,26,87.7,90.1,95.6,1.0,116.1,0.888,0.245,0.084,0.056,0.715,1.49,-0.72,-0.57,0.782,41.5,-2.05,salaries.csv,False,True,,starter,110.4,4.79,3.75,0.86,146.3,2,False,calibrated
690986,Kyle Harrison,SF,128.1,109.8,108.3,0.02,0.239,0.083,0.084,starter,90.2,49,1,0.39,0.61,pre-arb,0.76,4,3.0,estimate,4.14,7.14,2.38,0.15,True,FF,SV,True,587,155,6,103.3,101.7,109.8,0.999,105.6,0.672,0.239,0.085,0.083,0.391,0.03,1.91,0.87,0.453,74.6,0.42,Pre-arb: league minimum (debut-date estimate),False,True,,starter,48.4,4.25,4.31,0.52,35.7,3,False,calibrated
676395,Robert Garcia,TEX,111.0,103.5,94.9,-1.44,0.218,0.092,0.068,reliever,16.6,16,0,0.04,0.37,pre-arb,0.77,5,4.0,hand,4.76,7.11,1.78,0.86,False,FF,FF,True,900,251,52,109.5,106.3,103.5,0.999,96.1,0.759,0.237,0.089,0.075,0.51,-0.17,-1.31,-1.14,0.871,22.3,0.74,salaries.csv,False,True,,reliever,46.7,4.18,1.94,0.58,64.0,4,False,calibrated
678024,Mike Vasil,CWS,91.4,96.2,88.3,-0.76,0.233,0.073,0.115,reliever,56.4,0,0,0.0,0.28,pre-arb,0.76,6,5.0,estimate,1.91,7.04,1.41,0.79,True,SI,FC,True,1611,407,45,92.1,93.4,96.2,0.999,90.1,0.849,0.238,0.078,0.103,0.628,-0.3,-0.03,-0.03,0.854,56.4,0.61,Pre-arb: league minimum (debut-date estimate),False,True,,reliever,74.6,4.6,-0.06,0.28,101.0,5,False,calibrated
670102,Bowden Francis,TOR,95.6,97.8,97.5,-0.26,0.248,0.093,0.087,starter,83.9,145,2,0.9,0.36,pre-arb,0.78,5,4.0,hand,-9.12,7.0,1.75,0.03,True,FF,FS,True,931,229,13,92.7,93.8,97.8,0.999,98.1,0.765,0.241,0.09,0.084,0.487,-0.34,1.31,0.84,0.642,74.6,-0.03,salaries.csv,False,True,,starter,60.9,5.24,1.38,-0.88,64.0,4,False,calibrated
669373,Tarik Skubal,DET,102.9,100.5,107.8,1.06,0.238,0.089,0.046,starter,24.9,160,0,0.44,3.48,arb,10.15,2,1.0,hand,55.57,6.94,6.94,-0.73,True,CH,FF,True,2873,754,31,117.9,112.5,100.5,1.0,107.1,0.909,0.239,0.088,0.055,0.758,0.84,-1.06,-0.86,0.811,29.3,-0.66,salaries.csv,False,True,,starter,142.5,3.65,3.14,6.92,195.3,1,False,calibrated
663559,Bailey Falter,PIT,95.1,97.6,103.7,-0.29,0.258,0.096,0.099,starter,82.0,66,0,0.18,0.87,arb,2.22,4,3.0,hand,3.32,6.84,2.28,-0.61,True,FF,SI,True,1757,465,23,93.7,94.6,97.6,1.0,103.2,0.86,0.244,0.093,0.093,0.658,-0.71,1.16,0.88,0.761,75.6,-0.56,salaries.csv,False,True,,starter,94.8,4.88,2.12,0.58,125.3,3,False,calibrated
805123,Aj Blubaugh,HOU,104.1,100.9,103.5,1.89,0.258,0.071,0.096,reliever,28.7,0,0,0.0,0.27,pre-arb,0.76,6,5.0,estimate,0.4,6.83,1.37,-0.26,False,FF,FF,True,507,125,8,104.0,102.2,100.9,0.998,102.2,0.639,0.241,0.081,0.087,0.341,0.33,-0.92,-0.47,0.51,42.2,-0.13,Pre-arb: league minimum (debut-date estimate),False,True,,reliever,30.8,4.34,2.46,0.12,32.0,5,False,calibrated
668964,Tobias Myers,MIL,103.1,100.6,100.1,1.99,0.271,0.094,0.068,reliever,35.8,28,0,0.08,0.33,pre-arb,0.78,6,5.0,hand,3.75,6.82,1.36,0.05,True,FF,FS,True,826,220,22,99.9,99.2,100.6,0.999,100.1,0.743,0.244,0.09,0.075,0.477,0.2,-0.67,-0.49,0.741,41.2,0.05,salaries.csv,False,True,,reliever,40.8,4.4,2.1,0.48,50.7,5,False,calibrated
689017,Landon Knack,LAD,96.0,97.9,100.6,-0.56,0.247,0.086,0.107,starter,23.4,0,0,0.0,0.35,pre-arb,0.76,5,4.0,estimate,-3.05,6.79,1.7,-0.27,True,FF,CH,True,742,178,7,94.1,94.9,97.9,0.999,100.4,0.722,0.24,0.086,0.092,0.425,-0.39,-1.1,-0.54,0.491,41.5,-0.25,Pre-arb: league minimum (debut-date estimate),False,True,,starter,48.2,4.84,1.74,-0.24,42.3,4,False,calibrated
657376,Clarke Schmidt,NYY,90.3,95.8,93.0,-1.98,0.221,0.088,0.095,starter,2.9,209,3,1.0,1.12,arb,3.6,3,2.0,hand,8.68,6.66,3.33,0.28,True,FC,SL,True,1226,316,14,94.5,95.2,95.8,0.999,94.3,0.811,0.236,0.087,0.089,0.567,-0.63,-2.24,-1.47,0.659,17.1,0.15,salaries.csv,False,True,,starter,76.4,4.46,0.51,1.29,78.7,2,False,calibrated
666214,Joey Wentz,ATL,91.7,96.4,101.0,-0.09,0.242,0.084,0.092,starter,50.7,0,0,0.0,0.55,pre-arb,0.78,4,3.0,hand,7.07,6.47,2.16,-0.46,True,FF,CH,True,1759,426,13,96.7,96.8,96.4,1.0,100.9,0.86,0.24,0.085,0.088,0.638,-0.13,-0.19,-0.12,0.642,53.7,-0.45,salaries.csv,False,True,,reliever,70.0,4.47,1.59,0.83,98.0,3,False,calibrated
689254,Mason Fluharty,TOR,95.1,97.6,99.7,1.64,0.239,0.058,0.094,reliever,43.2,0,0,0.0,0.26,pre-arb,0.76,6,5.0,estimate,2.32,6.45,1.29,-0.21,True,FC,ST,True,859,212,46,110.3,106.9,97.6,0.999,99.8,0.75,0.239,0.072,0.088,0.468,0.82,-0.45,-0.38,0.857,44.3,-0.22,Pre-arb: league minimum (debut-date estimate),False,True,,reliever,45.2,4.37,1.61,0.32,52.7,5,False,calibrated
682254,Mason Montgomery,TB,129.0,110.1,81.2,-1.92,0.247,0.091,0.132,reliever,52.0,0,0,0.0,0.34,pre-arb,0.76,5,4.0,estimate,2.19,6.42,1.6,2.89,False,FF,FF,True,847,205,42,135.2,125.3,110.1,0.999,85.9,0.748,0.24,0.088,0.105,0.459,-1.05,-0.14,-0.12,0.845,52.7,2.42,Pre-arb: league minimum (debut-date estimate),False,True,,reliever,39.8,4.13,1.4,0.31,46.0,4,False,calibrated
676617,Riley O'Brien,STL,111.9,103.8,88.9,0.4,0.24,0.074,0.096,reliever,58.4,135,1,0.62,0.26,pre-arb,0.78,6,5.0,hand,3.89,6.38,1.28,1.49,True,SI,ST,True,758,197,36,106.9,104.4,103.8,0.999,91.9,0.726,0.24,0.08,0.088,0.45,0.17,0.1,0.08,0.824,57.4,1.19,salaries.csv,False,True,,reliever,36.7,4.26,1.35,0.49,48.0,5,False,calibrated
676106,Emerson Hancock,SEA,90.6,95.9,92.8,0.24,0.242,0.086,0.079,starter,97.6,42,1,0.37,0.54,pre-arb,0.76,4,3.0,estimate,0.22,6.35,2.12,0.31,False,SI,SI,True,1384,378,15,87.4,89.9,95.9,0.999,94.0,0.829,0.24,0.086,0.08,0.61,0.08,3.86,2.6,0.674,94.6,0.19,Pre-arb: league minimum (debut-date estimate),False,True,,starter,72.9,4.86,0.48,0.1,90.0,3,False,calibrated
689147,Orion Kerkering,PHI,107.9,102.3,106.8,2.13,0.274,0.084,0.09,reliever,60.1,17,1,0.3,0.33,pre-arb,0.77,5,4.0,hand,3.73,6.3,1.57,-0.45,True,ST,FF,True,1048,255,56,107.9,105.1,102.3,0.999,105.3,0.786,0.245,0.085,0.086,0.514,0.26,0.15,0.13,0.879,59.1,-0.3,salaries.csv,False,True,,reliever,50.3,4.29,3.14,0.47,60.0,4,False,calibrated
700669,Gordon Graceffo,STL,111.1,103.5,97.4,-1.0,0.237,0.103,0.067,reliever,7.4,0,0,0.0,0.33,pre-arb,0.76,5,4.0,estimate,6.71,6.29,1.57,0.61,True,FF,CU,True,756,194,25,101.9,100.7,103.5,0.999,98.1,0.725,0.239,0.094,0.075,0.446,-0.39,-1.73,-1.32,0.765,16.2,0.54,Pre-arb: league minimum (debut-date estimate),False,True,,reliever,37.2,4.09,2.24,0.79,43.0,4,False,calibrated
665871,Javier Assad,CHC,84.7,93.8,94.4,1.59,0.245,0.072,0.078,starter,29.8,157,1,0.69,0.53,pre-arb,0.79,4,3.0,hand,3.36,6.26,2.09,-0.06,True,SI,ST,True,567,153,7,85.3,88.4,93.8,0.998,96.3,0.665,0.24,0.081,0.08,0.388,0.49,-0.85,-0.42,0.491,44.4,-0.25,salaries.csv,False,True,,starter,48.7,4.68,0.51,0.44,37.0,3,False,calibrated
673929,Jordan Leasure,CWS,113.5,104.4,90.1,-3.18,0.214,0.09,0.109,reliever,53.0,66,1,0.43,0.33,pre-arb,0.76,5,4.0,estimate,-0.49,6.2,1.55,1.43,False,FF,FF,True,1080,256,57,115.0,110.4,104.4,0.999,92.2,0.791,0.236,0.088,0.096,0.515,-1.02,-0.11,-0.1,0.881,54.4,1.22,Pre-arb: league minimum (debut-date estimate),False,True,,reliever,50.5,4.31,1.49,0.03,64.3,4,False,calibrated
702674,Caden Dana,LAA,90.5,95.9,84.3,-1.12,0.226,0.066,0.127,starter,0.5,0,0,0.0,0.32,pre-arb,0.76,5,4.0,estimate,-4.75,6.01,1.5,1.16,True,FF,CH,True,562,142,5,86.6,89.3,95.9,0.998,89.6,0.663,0.238,0.078,0.098,0.371,-0.15,-2.39,-0.97,0.408,26.3,0.63,Pre-arb: league minimum (debut-date estimate),False,True,,starter,52.5,4.97,-0.18,-0.42,32.3,4,False,calibrated
676130,José Buttó,NYM,99.6,99.3,89.6,0.26,0.231,0.065,0.102,reliever,33.1,22,0,0.06,0.29,pre-arb,0.78,6,5.0,hand,5.09,6.0,1.2,0.97,False,FF,FF,True,1067,274,46,98.2,97.9,99.3,0.999,91.8,0.789,0.238,0.074,0.093,0.532,0.37,-0.73,-0.62,0.857,37.2,0.75,salaries.csv,False,True,,reliever,50.7,4.36,0.66,0.62,67.0,5,False,calibrated
686993,Justin Sterner,ATH,105.4,101.4,86.2,-0.83,0.214,0.083,0.066,reliever,2.0,0,0,0.0,0.31,pre-arb,0.76,5,4.0,estimate,1.02,5.92,1.48,1.52,False,FF,FF,True,1054,257,51,107.3,104.7,101.4,0.999,89.1,0.787,0.236,0.084,0.074,0.516,0.19,-2.12,-1.84,0.869,5.4,1.23,Pre-arb: league minimum (debut-date estimate),False,True,,reliever,47.3,4.3,0.57,0.19,65.0,4,False,calibrated
669199,Lake Bachar,MIA,112.0,103.8,97.7,1.36,0.249,0.071,0.093,reliever,83.8,0,0,0.0,0.31,pre-arb,0.76,5,4.0,estimate,1.39,5.88,1.47,0.61,True,FF,ST,True,1086,280,46,106.7,104.2,103.8,0.999,98.2,0.791,0.241,0.078,0.088,0.537,0.5,1.23,1.05,0.857,81.4,0.56,Pre-arb: league minimum (debut-date estimate),False,True,,reliever,50.6,4.35,2.3,0.23,71.0,4,False,calibrated
666200,Jesús Luzardo,PHI,99.9,99.4,108.8,0.02,0.239,0.088,0.075,starter,16.6,202,2,1.0,2.92,arb,6.22,2,1.0,hand,44.93,5.83,5.83,-0.94,True,FF,SL,True,2917,737,31,112.4,108.4,99.4,1.0,108.0,0.911,0.239,0.088,0.076,0.753,0.03,-1.5,-1.22,0.811,22.0,-0.86,salaries.csv,False,True,,starter,141.0,3.94,3.11,5.38,183.7,1,False,calibrated
702352,Spencer Bivens,SF,87.8,94.9,99.4,0.21,0.244,0.092,0.072,reliever,67.2,0,0,0.0,0.3,pre-arb,0.76,5,4.0,estimate,6.34,5.57,1.39,-0.45,True,SI,CH,True,1254,333,48,89.6,91.5,94.9,0.999,99.5,0.814,0.24,0.089,0.076,0.58,0.0,0.46,0.4,0.862,66.6,-0.46,Pre-arb: league minimum (debut-date estimate),False,True,,reliever,55.8,4.4,1.16,0.75,81.0,4,False,calibrated
681870,Erik Sabrowski,CLE,111.0,103.5,77.6,-2.65,0.254,0.087,0.171,reliever,94.9,92,1,0.51,0.23,pre-arb,0.76,6,5.0,hand,2.09,5.43,1.09,2.59,False,FF,FF,True,508,123,30,125.9,118.4,103.5,0.998,85.7,0.64,0.241,0.086,0.112,0.338,-1.15,2.67,2.12,0.796,92.6,1.78,salaries.csv,False,True,,reliever,28.1,4.17,0.38,0.3,29.3,5,False,calibrated
676755,Isaac Mattson,PIT,97.6,98.5,92.3,0.23,0.255,0.092,0.09,reliever,21.6,0,0,0.0,0.22,pre-arb,0.76,6,5.0,hand,3.64,5.4,1.08,0.62,False,FF,FF,True,754,189,39,94.1,94.9,98.5,0.999,94.4,0.725,0.241,0.088,0.085,0.439,-0.23,-1.15,-0.96,0.836,27.7,0.41,salaries.csv,False,True,,reliever,35.2,4.31,0.93,0.46,47.7,5,False,calibrated
669711,Greg Weissert,BOS,93.6,97.1,102.4,2.31,0.249,0.07,0.072,reliever,59.1,0,0,0.0,0.29,pre-arb,0.77,5,4.0,hand,5.31,5.4,1.35,-0.53,False,FF,FF,True,1021,264,54,92.6,93.8,97.1,0.999,101.9,0.781,0.241,0.077,0.077,0.523,0.98,0.13,0.11,0.876,58.4,-0.48,salaries.csv,False,True,,reliever,47.4,4.33,1.85,0.64,67.0,4,False,calibrated
668390,Cole Winn,TEX,108.6,102.6,87.1,-1.81,0.215,0.081,0.095,reliever,29.7,115,1,0.57,0.22,pre-arb,0.78,6,5.0,hand,1.96,5.37,1.07,1.55,True,FF,SL,True,581,147,30,109.1,106.0,102.6,0.999,91.4,0.67,0.237,0.084,0.087,0.379,-0.21,-0.88,-0.7,0.796,34.1,1.12,salaries.csv,False,True,,reliever,37.5,4.35,1.1,0.29,41.7,5,False,calibrated
683618,Edgardo Henriquez,LAD,117.6,105.9,91.8,4.56,0.293,0.083,0.064,reliever,99.0,94,0,0.26,0.21,pre-arb,0.76,7,6.0,hand,1.53,5.34,0.89,1.41,False,SI,SI,False,276,78,15,117.2,112.0,105.9,0.997,96.0,0.491,0.242,0.085,0.077,0.244,0.38,4.29,2.83,0.661,95.3,0.99,salaries.csv,False,True,,reliever,26.3,4.17,2.28,0.24,19.0,6,False,calibrated
656986,Bennett Sousa,HOU,84.6,93.7,100.1,-1.43,0.242,0.109,0.075,reliever,46.6,285,3,1.0,0.39,pre-arb,0.78,5,4.0,hand,9.13,5.29,1.32,-0.64,True,SL,FF,True,728,199,35,101.7,100.5,93.7,0.999,100.1,0.718,0.24,0.096,0.079,0.452,-0.67,-0.29,-0.24,0.82,49.3,-0.64,salaries.csv,False,True,,reliever,39.4,4.0,1.07,1.04,50.7,4,False,calibrated
676254,Ryan Walker,SF,106.9,102.0,92.1,-2.28,0.216,0.105,0.059,reliever,84.5,0,0,0.0,0.39,pre-arb,0.78,5,4.0,hand,7.3,5.25,1.31,0.99,True,SI,SL,True,987,255,53,112.4,108.4,102.0,0.999,93.9,0.775,0.236,0.096,0.07,0.514,-0.58,1.25,1.09,0.873,81.8,0.81,salaries.csv,False,True,,reliever,45.0,4.11,1.38,0.85,61.3,4,False,calibrated
680767,Victor Vodnik,COL,113.4,104.4,92.8,-0.28,0.241,0.074,0.116,reliever,81.1,60,1,0.42,0.28,pre-arb,0.76,5,4.0,hand,3.32,5.19,1.3,1.16,False,FF,FF,True,895,207,47,110.0,106.7,104.4,0.999,94.5,0.758,0.24,0.08,0.098,0.462,-0.14,1.01,0.87,0.86,78.4,0.99,salaries.csv,False,True,,reliever,43.3,4.3,1.83,0.43,50.7,4,False,calibrated
806188,Cade Gibson,MIA,90.0,95.7,100.4,-0.37,0.224,0.078,0.079,reliever,15.2,0,0,0.0,0.22,pre-arb,0.76,6,5.0,estimate,3.82,5.17,1.03,-0.47,True,CU,CH,True,908,228,42,102.6,101.2,95.7,0.999,100.3,0.76,0.237,0.082,0.08,0.486,0.2,-1.36,-1.15,0.845,21.6,-0.46,Pre-arb: league minimum (debut-date estimate),False,True,,reliever,42.5,4.44,1.4,0.48,54.7,5,False,calibrated
665660,Elvis Alvarado,ATH,110.3,103.2,83.5,-3.07,0.205,0.078,0.115,reliever,13.5,0,0,0.0,0.22,pre-arb,0.76,6,5.0,estimate,0.14,5.13,1.03,1.97,False,FF,FF,True,765,183,35,115.9,111.0,103.2,0.999,88.0,0.728,0.236,0.082,0.096,0.431,-0.58,-1.43,-1.18,0.82,20.3,1.52,Pre-arb: league minimum (debut-date estimate),False,True,,reliever,35.7,4.34,0.68,0.09,42.3,5,False,calibrated
682790,Wikelman González,CWS,115.2,105.0,84.2,-4.02,0.231,0.101,0.138,reliever,39.5,7,1,0.27,0.21,pre-arb,0.76,6,5.0,estimate,2.4,5.01,1.0,2.08,True,FF,SV,False,368,87,16,119.7,113.8,105.0,0.998,91.1,0.563,0.239,0.09,0.097,0.265,-0.97,-0.57,-0.38,0.676,44.3,1.39,Pre-arb: league minimum (debut-date estimate),False,True,,reliever,25.9,4.15,1.41,0.33,20.3,5,False,calibrated
666374,Matt Brash,SEA,113.9,104.5,95.2,-1.45,0.208,0.077,0.083,reliever,75.7,223,2,1.0,0.42,pre-arb,0.78,4,3.0,hand,6.74,4.89,1.63,0.93,False,SL,SL,True,806,193,48,114.0,109.6,104.5,0.999,96.5,0.738,0.236,0.082,0.082,0.444,0.05,0.77,0.66,0.862,73.0,0.8,salaries.csv,False,True,,reliever,40.9,3.98,2.15,0.79,47.3,3,False,calibrated
642585,Félix Bautista,BAL,249.5,154.6,77.5,-2.04,0.245,0.072,0.17,reliever,82.8,296,3,1.0,0.49,FA-eligible,1.0,3,2.0,hand,3.31,4.78,2.39,7.71,False,SI,SI,True,503,106,26,208.6,179.7,154.5,0.998,85.7,0.637,0.24,0.081,0.109,0.305,-0.65,1.16,0.89,0.772,79.1,6.88,salaries.csv,False,True,,reliever,29.8,3.44,8.03,0.45,34.7,2,False,calibrated
663574,Tony Santillan,CIN,108.9,102.7,100.0,-1.23,0.234,0.088,0.098,reliever,42.2,211,0,0.5,0.4,pre-arb,1.0,4,3.0,hand,5.32,4.75,1.58,0.27,True,FF,SV,True,1206,295,67,108.8,105.8,102.7,0.999,100.0,0.808,0.239,0.087,0.091,0.55,-0.53,-0.48,-0.43,0.897,43.2,0.27,salaries.csv,False,True,,reliever,55.1,4.22,2.4,0.67,73.7,3,False,calibrated
687765,Mitch Spence,ATH,100.2,99.5,103.9,-1.02,0.217,0.088,0.064,starter,83.4,0,0,0.0,0.26,pre-arb,0.76,5,4.0,estimate,-3.91,4.71,1.18,-0.44,True,FC,SI,True,1288,359,8,99.5,98.9,99.5,0.999,103.2,0.818,0.235,0.087,0.071,0.598,0.04,1.25,0.66,0.525,69.3,-0.37,Pre-arb: league minimum (debut-date estimate),False,True,,reliever,62.4,4.73,2.4,-0.33,84.7,4,False,calibrated
693312,Kyle Nicolas,PIT,116.4,105.5,83.1,-1.22,0.223,0.074,0.108,reliever,64.9,13,0,0.04,0.2,pre-arb,0.76,6,5.0,hand,1.54,4.67,0.93,2.24,True,FF,CU,True,649,166,28,112.2,108.3,105.5,0.999,88.3,0.694,0.238,0.081,0.093,0.408,-0.16,0.37,0.29,0.785,62.8,1.72,salaries.csv,False,True,,reliever,33.5,4.34,1.07,0.24,38.0,5,False,calibrated
663969,Tyler Phillips,MIA,100.0,99.4,101.3,-1.07,0.215,0.081,0.077,reliever,34.1,0,0,0.0,0.25,pre-arb,0.76,5,4.0,estimate,2.5,4.63,1.16,-0.19,True,SI,CU,True,1088,300,45,102.5,101.1,99.4,0.999,101.0,0.792,0.236,0.083,0.079,0.554,0.06,-0.72,-0.61,0.854,37.2,-0.16,Pre-arb: league minimum (debut-date estimate),False,True,,reliever,57.0,4.5,2.06,0.34,77.7,4,False,calibrated
666661,Juan Morillo,AZ,110.1,103.1,88.8,-4.56,0.209,0.092,0.131,reliever,51.0,0,0,0.0,0.2,pre-arb,0.76,6,5.0,estimate,2.52,4.6,0.92,1.43,False,FF,FF,True,617,153,34,110.1,106.7,103.1,0.999,92.3,0.683,0.237,0.088,0.101,0.388,-1.17,-0.19,-0.15,0.816,51.7,1.08,Pre-arb: league minimum (debut-date estimate),False,True,,reliever,31.0,4.31,1.31,0.34,34.3,5,False,calibrated
663485,Cole Sands,MIN,93.5,97.0,108.5,2.56,0.25,0.074,0.058,reliever,16.9,49,2,0.64,0.39,pre-arb,0.78,4,3.0,hand,6.79,4.56,1.52,-1.15,True,FF,FS,True,1129,294,59,90.8,92.4,97.0,0.999,106.8,0.798,0.241,0.08,0.069,0.549,1.14,-1.3,-1.15,0.885,21.6,-0.98,salaries.csv,False,True,,reliever,54.4,4.28,2.57,0.8,72.0,3,False,calibrated
641329,Bryan Baker,BAL,97.8,98.6,99.2,-1.05,0.243,0.111,0.064,reliever,61.8,0,0,0.0,0.39,pre-arb,0.77,4,3.0,hand,3.61,4.55,1.52,-0.06,False,FF,FF,True,1057,266,57,101.9,100.7,98.6,0.999,99.4,0.787,0.24,0.099,0.072,0.524,-0.66,0.22,0.2,0.881,60.8,-0.08,salaries.csv,False,True,,reliever,48.3,4.17,1.7,0.46,68.7,3,False,calibrated
663671,Nic Enright,CLE,97.4,98.5,96.1,-1.39,0.227,0.086,0.094,reliever,18.2,396,1,0.75,0.17,pre-arb,0.76,7,6.0,hand,1.58,4.46,0.74,0.24,True,FF,SL,True,532,127,25,97.3,97.2,98.5,0.998,97.5,0.65,0.239,0.086,0.086,0.345,-0.27,-1.24,-0.95,0.765,27.7,0.1,salaries.csv,False,True,,reliever,28.0,4.35,1.4,0.25,31.0,6,False,calibrated
701487,Pierson Ohl,MIN,88.6,95.2,112.6,2.19,0.252,0.083,0.053,reliever,0.3,0,0,0.0,0.19,pre-arb,0.76,6,5.0,estimate,0.86,4.39,0.88,-1.74,True,FF,CH,True,539,132,10,90.8,92.4,95.2,0.998,108.2,0.653,0.241,0.085,0.072,0.354,0.54,-2.62,-1.48,0.566,12.5,-1.3,Pre-arb: league minimum (debut-date estimate),False,True,,reliever,28.3,4.46,2.51,0.17,30.0,5,False,calibrated
695445,Chase Lee,DET,112.4,104.0,104.7,1.78,0.248,0.083,0.057,reliever,7.8,0,0,0.0,0.19,pre-arb,0.76,6,5.0,estimate,-0.82,4.34,0.87,-0.07,True,SI,FF,True,576,141,28,100.3,99.5,104.0,0.998,103.1,0.668,0.24,0.085,0.073,0.369,0.49,-1.69,-1.33,0.785,15.9,0.09,Pre-arb: league minimum (debut-date estimate),False,True,,reliever,31.9,4.35,3.06,-0.01,37.3,5,False,calibrated
674444,Steven Cruz,KC,98.9,99.0,83.8,-3.55,0.218,0.107,0.09,reliever,27.0,47,1,0.38,0.19,pre-arb,0.76,6,5.0,hand,1.06,4.32,0.86,1.52,False,FF,FF,True,642,188,31,97.4,97.3,99.0,0.999,88.8,0.692,0.237,0.095,0.086,0.438,-1.01,-1.0,-0.8,0.802,30.4,1.02,salaries.csv,False,True,,reliever,39.2,4.44,0.17,0.19,45.7,5,False,calibrated
663372,Ryan Feltner,COL,90.1,95.8,95.9,0.91,0.246,0.073,0.096,starter,79.5,232,2,1.0,0.54,arb,2.28,4,3.0,hand,1.02,4.26,1.42,-0.01,True,FF,SI,False,439,115,5,87.9,90.3,95.8,0.998,97.5,0.605,0.24,0.082,0.086,0.323,0.18,1.06,0.43,0.408,65.4,-0.17,salaries.csv,False,True,,starter,42.9,4.63,0.99,0.35,30.3,3,False,calibrated
657585,Reed Garrett,NYM,99.8,99.3,87.6,-2.14,0.196,0.067,0.099,reliever,10.5,88,2,0.74,0.31,pre-arb,0.95,5,4.0,hand,5.45,4.22,1.05,1.17,True,FC,ST,True,961,232,50,101.3,100.2,99.3,0.999,90.4,0.771,0.233,0.076,0.09,0.49,0.01,-1.58,-1.37,0.867,14.9,0.89,salaries.csv,False,True,,reliever,39.0,4.18,0.45,0.67,55.3,4,False,calibrated
668674,Lucas Erceg,KC,101.1,99.8,102.2,-0.14,0.239,0.097,0.062,reliever,68.2,41,2,0.61,0.31,pre-arb,0.78,5,4.0,hand,5.99,4.17,1.04,-0.24,True,FF,SL,True,941,241,48,99.0,98.5,99.8,0.999,101.7,0.767,0.239,0.091,0.072,0.5,-0.06,0.53,0.46,0.862,66.9,-0.19,salaries.csv,False,True,,reliever,45.6,4.28,2.22,0.71,61.3,4,False,calibrated
801139,Payton Tolle,BOS,114.1,104.6,84.3,-5.64,0.238,0.141,0.11,reliever,0.0,0,0,0.0,0.18,pre-arb,0.76,6,5.0,estimate,-3.03,4.13,0.83,2.03,False,FF,FF,False,298,73,4,129.4,121.0,104.6,0.997,92.0,0.51,0.239,0.099,0.088,0.232,-1.34,-3.06,-1.05,0.343,25.3,1.26,Pre-arb: league minimum (debut-date estimate),False,True,,reliever,23.2,4.55,1.49,-0.24,16.3,5,False,calibrated
656849,David Peterson,NYM,92.0,96.5,94.8,1.8,0.252,0.071,0.086,starter,4.4,62,1,0.42,2.07,arb,4.62,2,1.0,hand,30.51,4.12,4.12,0.17,True,SI,CH,True,2607,697,29,95.4,95.8,96.5,1.0,95.3,0.901,0.243,0.075,0.085,0.743,0.98,-2.13,-1.7,0.8,9.3,0.12,salaries.csv,False,True,,starter,127.0,4.32,0.77,3.7,168.7,1,False,calibrated
681982,Grant Anderson,MIL,101.9,100.1,97.9,-0.77,0.235,0.088,0.088,reliever,91.6,40,0,0.11,0.35,pre-arb,0.76,4,3.0,estimate,4.31,4.06,1.35,0.22,True,ST,FF,True,1110,283,54,117.6,112.3,100.1,0.999,98.3,0.795,0.239,0.087,0.085,0.54,-0.3,2.05,1.8,0.876,89.9,0.18,Pre-arb: league minimum (debut-date estimate),False,True,,reliever,52.5,4.29,1.76,0.53,69.7,3,False,calibrated
670912,Johan Oviedo,PIT,101.1,99.8,91.4,-2.59,0.227,0.081,0.135,starter,12.2,316,2,1.0,0.68,arb,0.85,3,2.0,hand,1.3,4.02,2.01,0.84,False,FF,FF,True,665,171,9,105.6,103.4,99.8,0.999,94.0,0.699,0.238,0.084,0.104,0.415,-0.81,-1.65,-0.91,0.554,28.3,0.58,salaries.csv,False,True,,starter,54.8,4.66,1.07,0.23,40.3,2,False,calibrated
571510,Matt Boyd,CHC,95.2,97.6,105.1,1.15,0.249,0.092,0.056,starter,23.4,244,2,1.0,2.11,FA-eligible,10.0,2,1.0,hand,24.1,4.01,4.01,-0.75,True,FF,SL,True,2712,714,31,93.1,94.1,97.6,1.0,104.6,0.905,0.242,0.09,0.063,0.747,0.6,-1.12,-0.91,0.811,28.8,-0.7,salaries.csv,False,True,,starter,128.3,4.31,2.33,3.59,179.7,1,False,calibrated
594902,Ben Lively,CLE,91.9,96.4,102.2,-2.07,0.227,0.095,0.094,starter,80.0,214,1,0.75,0.51,arb,2.25,4,3.0,hand,1.65,3.97,1.32,-0.58,True,FF,SI,True,651,160,8,82.7,86.4,96.4,0.999,101.5,0.695,0.238,0.09,0.087,0.399,-0.59,1.09,0.57,0.525,68.3,-0.51,salaries.csv,False,True,,starter,43.3,4.72,1.68,0.41,44.7,3,False,calibrated
685126,Brandon Eisert,CWS,89.3,95.5,108.3,2.38,0.235,0.063,0.061,reliever,4.1,0,0,0.0,0.22,pre-arb,0.76,5,4.0,estimate,-0.7,3.97,0.99,-1.28,True,SL,FF,True,1195,296,61,106.5,104.1,95.5,0.999,106.7,0.807,0.239,0.073,0.07,0.551,1.45,-1.95,-1.73,0.888,7.1,-1.12,Pre-arb: league minimum (debut-date estimate),False,True,,reliever,51.8,4.53,2.33,0.01,69.7,4,False,calibrated
663460,Kris Bubic,KC,100.7,99.7,98.1,0.63,0.239,0.079,0.079,starter,4.9,332,3,1.0,1.97,arb,3.0,2,1.0,hand,29.43,3.93,3.93,0.16,True,FF,SL,True,1700,453,19,105.7,103.5,99.7,0.999,98.4,0.856,0.24,0.081,0.08,0.653,0.41,-2.03,-1.47,0.724,17.1,0.13,salaries.csv,False,True,,starter,101.1,4.05,1.71,3.41,116.3,1,False,calibrated
687922,Easton Lucas,TOR,91.3,96.2,95.3,-0.15,0.24,0.073,0.111,starter,58.0,0,0,0.0,0.33,pre-arb,0.76,4,3.0,estimate,-1.02,3.89,1.3,0.09,True,FF,CH,False,438,108,5,95.9,96.2,96.2,0.998,97.2,0.605,0.24,0.082,0.091,0.309,-0.04,0.06,0.02,0.408,57.6,-0.1,Pre-arb: league minimum (debut-date estimate),False,True,,starter,34.7,4.77,1.01,-0.03,24.3,3,False,calibrated
679883,Luinder Avila,KC,103.6,100.7,109.8,-0.67,0.23,0.074,0.107,reliever,5.7,0,0,0.0,0.18,pre-arb,0.76,6,5.0,estimate,2.89,3.88,0.78,-0.91,False,CU,CU,False,217,56,12,98.8,98.4,100.7,0.996,104.2,0.431,0.239,0.083,0.087,0.188,-0.03,-1.78,-1.09,0.61,25.0,-0.35,Pre-arb: league minimum (debut-date estimate),False,True,,reliever,20.4,4.11,2.73,0.38,14.0,5,False,calibrated
669084,Dl Hall,MIL,99.5,99.2,91.1,-3.78,0.24,0.119,0.11,reliever,8.4,215,1,0.75,0.22,pre-arb,0.77,5,4.0,hand,3.06,3.87,0.97,0.81,True,FF,SL,True,588,155,20,96.8,96.9,99.2,0.999,94.0,0.673,0.24,0.099,0.093,0.391,-1.47,-1.67,-1.21,0.723,19.3,0.52,salaries.csv,False,True,,reliever,34.6,4.45,0.98,0.4,38.7,4,False,calibrated
518585,Fernando Cruz,NYY,98.7,98.9,69.8,-5.73,0.216,0.082,0.193,reliever,82.8,109,2,0.8,0.33,pre-arb,0.78,4,3.0,hand,6.18,3.86,1.29,2.91,True,FF,FS,False,380,88,13,96.5,96.7,98.9,0.998,82.8,0.57,0.238,0.084,0.112,0.267,-1.19,1.16,0.73,0.629,74.7,1.61,salaries.csv,False,True,,reliever,32.1,3.97,-0.75,0.73,48.0,3,False,calibrated
672582,Angel Zerpa,KC,101.2,99.9,106.1,0.71,0.263,0.096,0.083,reliever,75.3,195,1,0.75,0.33,pre-arb,0.78,4,3.0,hand,3.94,3.84,1.28,-0.62,True,SI,SL,True,1059,264,57,102.9,101.4,99.9,0.999,104.8,0.787,0.243,0.091,0.083,0.523,-0.24,0.76,0.67,0.881,73.3,-0.49,salaries.csv,False,True,,reliever,52.9,4.35,2.7,0.5,64.7,3,False,calibrated
663795,Justin Hagenman,NYM,93.5,97.0,110.0,2.95,0.235,0.076,0.02,reliever,5.7,0,0,0.0,0.17,pre-arb,0.76,6,5.0,estimate,1.4,3.8,0.76,-1.3,True,FC,FF,False,383,99,8,97.7,97.5,97.0,0.998,105.7,0.572,0.239,0.083,0.064,0.291,0.93,-1.77,-0.9,0.51,29.1,-0.87,Pre-arb: league minimum (debut-date estimate),False,True,,reliever,21.3,4.25,2.4,0.23,23.7,5,False,calibrated
643377,Griffin Jax,MIN,114.0,104.6,111.7,-0.59,0.219,0.086,0.062,reliever,13.2,0,0,0.0,0.63,arb,2.37,3,2.0,hand,12.2,3.75,1.87,-0.71,False,ST,ST,True,1072,276,58,128.9,120.6,104.6,0.999,109.2,0.789,0.236,0.086,0.071,0.534,0.21,-1.46,-1.29,0.883,17.2,-0.46,salaries.csv,False,True,,reliever,46.1,3.69,4.07,1.53,66.0,2,False,calibrated
663903,Brady Singer,CIN,94.3,97.3,103.6,0.64,0.242,0.079,0.084,starter,7.3,13,0,0.04,1.88,arb,8.75,2,1.0,hand,17.18,3.74,3.74,-0.63,True,SI,SL,True,2758,692,31,93.7,94.6,97.3,1.0,103.3,0.906,0.24,0.08,0.083,0.742,0.41,-1.84,-1.5,0.811,17.1,-0.6,salaries.csv,False,True,,starter,126.1,4.44,2.09,2.73,169.7,1,False,calibrated
672282,Reid Detmers,LAA,99.1,99.1,118.6,1.93,0.261,0.083,0.074,reliever,90.5,17,1,0.3,0.47,arb,1.82,4,3.0,hand,7.82,3.7,1.23,-1.95,False,FF,FF,True,1043,256,55,112.2,108.3,99.1,0.999,114.6,0.785,0.243,0.084,0.078,0.515,0.47,1.89,1.66,0.878,88.5,-1.55,salaries.csv,False,True,,reliever,51.3,4.06,4.05,1.01,63.7,3,False,calibrated
676534,Calvin Faucher,MIA,113.7,104.5,87.0,-0.71,0.222,0.078,0.085,reliever,56.8,77,2,0.71,0.27,pre-arb,0.78,5,4.0,hand,0.96,3.69,0.92,1.75,True,FC,CU,True,1007,247,50,108.5,105.5,104.5,0.999,89.9,0.779,0.237,0.082,0.083,0.506,0.06,-0.01,-0.0,0.867,56.8,1.46,salaries.csv,False,True,,reliever,45.5,4.34,1.16,0.18,60.3,4,False,calibrated
687606,Paxton Schultz,TOR,86.7,94.5,91.2,0.38,0.21,0.06,0.073,reliever,0.0,30,0,0.08,0.17,pre-arb,0.76,6,5.0,estimate,0.78,3.68,0.74,0.33,False,FF,FF,False,448,110,11,87.7,90.1,94.5,0.998,94.6,0.61,0.237,0.077,0.079,0.313,0.63,-3.12,-1.84,0.589,5.4,-0.01,Pre-arb: league minimum (debut-date estimate),False,True,,reliever,23.2,4.36,0.36,0.16,24.7,5,False,calibrated
669438,Mason Englert,TB,93.0,96.8,104.1,-0.51,0.223,0.088,0.062,reliever,12.2,71,0,0.2,0.31,pre-arb,0.76,4,3.0,estimate,5.95,3.68,1.23,-0.73,True,CH,FC,True,694,176,24,95.6,96.0,96.8,0.999,102.9,0.708,0.238,0.087,0.074,0.422,0.13,-1.5,-1.13,0.758,22.3,-0.61,Pre-arb: league minimum (debut-date estimate),False,True,,reliever,38.4,4.15,1.95,0.71,44.7,3,False,calibrated
669432,Trevor Rogers,BAL,92.9,96.8,100.2,2.29,0.268,0.088,0.069,starter,22.4,275,1,0.75,1.84,arb,2.6,2,1.0,hand,29.09,3.67,3.67,-0.34,True,FF,CH,True,1626,423,18,98.3,98.0,96.8,0.999,100.2,0.85,0.246,0.087,0.073,0.637,0.65,-1.17,-0.83,0.713,30.7,-0.34,salaries.csv,False,True,,starter,94.3,4.04,1.55,3.34,109.7,1,False,calibrated
686580,Justin Slaten,BOS,120.9,107.1,104.9,1.15,0.251,0.093,0.056,reliever,58.1,139,2,0.89,0.21,pre-arb,0.78,5,4.0,hand,2.23,3.67,0.92,0.22,True,FF,CU,False,471,125,28,122.8,116.1,107.1,0.998,103.0,0.622,0.24,0.088,0.073,0.341,0.2,0.08,0.07,0.785,57.1,0.41,salaries.csv,False,True,,reliever,31.2,4.28,3.51,0.32,34.0,4,False,calibrated
663554,Casey Mize,DET,96.8,98.2,115.1,0.61,0.238,0.09,0.056,starter,23.9,432,3,1.0,1.84,arb,2.34,2,1.0,hand,21.93,3.67,3.67,-1.69,True,FF,SV,True,2353,628,28,93.3,94.3,98.2,1.0,113.5,0.892,0.239,0.089,0.063,0.723,0.48,-1.08,-0.86,0.794,29.3,-1.53,salaries.csv,False,True,,starter,118.6,4.39,3.75,2.55,149.0,1,False,calibrated
679358,Eric Orze,TB,118.8,106.4,101.1,-0.37,0.247,0.09,0.094,reliever,26.7,0,0,0.0,0.2,pre-arb,0.76,5,4.0,estimate,1.33,3.6,0.9,0.53,False,FS,FS,True,653,171,30,104.4,102.5,106.4,0.999,100.8,0.695,0.24,0.088,0.087,0.415,-0.3,-1.01,-0.8,0.796,30.4,0.56,Pre-arb: league minimum (debut-date estimate),False,True,,reliever,33.8,4.34,3.08,0.22,41.7,4,False,calibrated
642100,Gabe Speier,SEA,92.1,96.5,113.3,1.38,0.257,0.102,0.043,reliever,84.8,68,1,0.44,0.6,arb,0.84,3,2.0,hand,14.04,3.53,1.77,-1.68,False,FF,FF,True,880,232,49,103.7,102.0,96.5,0.999,110.0,0.755,0.242,0.094,0.063,0.49,0.26,1.26,1.09,0.865,81.4,-1.35,salaries.csv,False,True,,reliever,45.7,3.73,2.97,1.57,62.0,2,False,calibrated
607536,Kyle Freeland,COL,90.4,95.9,105.1,1.97,0.256,0.089,0.053,starter,40.5,115,2,0.82,1.6,FA-eligible,16.0,3,2.0,hand,5.28,3.5,1.75,-0.92,True,FF,ST,True,2410,685,29,94.7,95.3,95.9,1.0,104.6,0.894,0.244,0.088,0.06,0.74,0.98,-0.59,-0.47,0.8,43.9,-0.87,salaries.csv,False,True,,starter,119.1,4.57,2.07,2.24,162.7,2,False,calibrated
672782,Yoendrys Gómez,CWS,95.5,97.8,85.2,-1.28,0.235,0.089,0.099,starter,52.2,0,0,0.0,0.3,pre-arb,0.76,4,3.0,estimate,-3.05,3.49,1.16,1.26,True,FF,ST,True,1083,272,9,95.6,96.0,97.8,0.999,88.3,0.791,0.239,0.087,0.091,0.53,-0.55,-0.17,-0.1,0.554,55.1,0.95,Pre-arb: league minimum (debut-date estimate),False,True,,reliever,49.7,4.72,-0.09,-0.24,62.7,3,False,calibrated
669330,Tyler Wells,BAL,87.4,94.8,117.6,-0.44,0.24,0.12,0.024,starter,0.0,385,3,1.0,0.58,arb,2.08,3,2.0,hand,0.83,3.46,1.73,-2.28,True,FF,CH,False,342,82,4,84.0,87.4,94.8,0.997,109.6,0.544,0.24,0.095,0.067,0.254,-0.16,-3.51,-1.25,0.356,20.5,-1.48,salaries.csv,False,True,,starter,39.5,4.45,2.66,0.31,21.7,2,False,calibrated
621383,Tanner Banks,PHI,82.7,93.0,114.4,0.15,0.235,0.1,0.042,reliever,29.4,0,0,0.0,0.29,pre-arb,0.79,4,3.0,hand,5.66,3.42,1.14,-2.14,True,SL,CH,True,1055,259,54,86.5,89.2,93.0,0.999,111.3,0.787,0.239,0.093,0.061,0.518,0.17,-0.88,-0.77,0.876,31.8,-1.83,salaries.csv,False,True,,reliever,43.8,4.3,2.64,0.68,67.3,3,False,calibrated
669704,Kade Strowd,BAL,106.1,101.7,69.1,-3.03,0.229,0.094,0.124,reliever,19.9,0,0,0.0,0.16,pre-arb,0.76,6,5.0,estimate,2.41,3.4,0.68,3.26,True,FC,CU,False,406,105,21,107.0,104.4,101.7,0.998,81.9,0.587,0.239,0.088,0.095,0.303,-0.75,-1.2,-0.88,0.732,29.7,1.98,Pre-arb: league minimum (debut-date estimate),False,True,,reliever,24.0,4.28,-0.46,0.33,26.3,5,False,calibrated
677955,Jaden Hill,COL,96.0,97.9,86.4,0.28,0.246,0.082,0.093,reliever,38.2,0,0,0.0,0.2,pre-arb,0.76,5,4.0,estimate,2.64,3.39,0.85,1.15,False,SI,SI,False,488,129,22,97.5,97.4,97.9,0.998,91.4,0.63,0.24,0.084,0.086,0.348,-0.02,-0.6,-0.44,0.741,43.2,0.65,Pre-arb: league minimum (debut-date estimate),False,True,,reliever,28.5,4.27,0.39,0.36,29.3,4,False,calibrated
676272,Bobby Miller,LAD,109.8,103.0,103.6,3.24,0.252,0.078,0.037,reliever,9.8,70,1,0.44,0.28,pre-arb,0.76,4,3.0,estimate,-1.94,3.27,1.09,-0.06,,,,False,115,27,2,,,103.0,0.992,101.0,0.287,0.24,0.085,0.077,0.101,0.26,-1.59,-0.33,0.207,45.6,0.2,Pre-arb: league minimum (debut-date estimate),False,True,,starter,30.3,4.5,2.6,-0.12,5.0,3,False,calibrated
699134,Bradgley Rodriguez,SD,111.0,103.5,59.3,4.1,0.236,0.039,0.067,reliever,92.6,0,0,0.0,0.16,pre-arb,0.76,6,5.0,estimate,0.39,3.25,0.65,4.42,,,,False,127,30,7,,,103.5,0.993,87.5,0.307,0.239,0.08,0.08,0.111,0.51,2.17,1.04,0.477,81.4,1.6,Pre-arb: league minimum (debut-date estimate),False,True,,reliever,19.4,4.16,0.65,0.12,7.7,5,False,calibrated
676684,Will Vest,DET,116.1,105.4,111.2,1.28,0.234,0.068,0.075,reliever,19.3,56,0,0.16,0.54,arb,1.4,3,2.0,hand,12.08,3.23,1.61,-0.58,True,FF,SL,True,1117,279,56,111.9,108.1,105.4,0.999,108.9,0.796,0.239,0.076,0.078,0.536,0.85,-1.21,-1.07,0.879,25.0,-0.35,salaries.csv,False,True,,reliever,48.9,3.89,4.14,1.42,68.7,2,False,calibrated
663687,Hogan Harris,ATH,94.1,97.2,107.8,-1.54,0.245,0.099,0.104,reliever,85.8,0,0,0.0,0.27,pre-arb,0.76,4,3.0,estimate,4.87,3.17,1.06,-1.06,True,FF,CU,True,1113,270,42,98.5,98.1,97.2,0.999,106.2,0.796,0.24,0.093,0.093,0.528,-0.97,1.29,1.09,0.845,81.8,-0.9,Pre-arb: league minimum (debut-date estimate),False,True,,reliever,48.3,4.38,2.51,0.59,64.7,3,False,calibrated
656234,Jake Bird,COL,94.8,97.5,102.0,-1.8,0.242,0.109,0.084,reliever,50.3,256,1,0.75,0.26,pre-arb,0.77,4,3.0,hand,2.82,3.08,1.03,-0.45,True,ST,SI,True,925,238,43,97.9,97.7,97.5,0.999,101.5,0.764,0.24,0.097,0.083,0.497,-0.96,-0.2,-0.17,0.849,51.0,-0.4,salaries.csv,False,True,,reliever,42.5,4.33,1.85,0.38,55.3,3,False,calibrated
655889,Manuel Rodríguez,TB,104.5,101.1,100.3,-0.19,0.211,0.078,0.052,reliever,31.8,196,3,1.0,0.23,pre-arb,0.77,5,4.0,hand,4.1,3.06,0.77,0.08,True,SL,FF,False,408,115,19,106.3,103.9,101.1,0.998,100.2,0.588,0.238,0.083,0.072,0.323,0.43,-0.78,-0.55,0.712,39.5,0.09,salaries.csv,False,True,,reliever,27.8,4.16,2.19,0.51,30.3,4,False,calibrated
657514,Brennan Bernardino,BOS,91.1,96.1,83.2,-1.53,0.229,0.086,0.102,reliever,55.4,44,2,0.62,0.22,pre-arb,0.77,5,4.0,hand,5.69,3.04,0.76,1.29,True,SI,CH,True,817,216,41,93.0,94.1,96.1,0.999,87.6,0.741,0.238,0.086,0.091,0.472,-0.47,-0.09,-0.08,0.842,55.7,0.85,salaries.csv,False,True,,reliever,35.7,4.37,-0.45,0.68,51.7,4,False,calibrated
686730,Carson Spiers,CIN,90.8,96.0,91.7,-2.84,0.18,0.053,0.117,starter,1.0,177,2,0.99,0.26,pre-arb,0.76,4,3.0,estimate,-2.15,3.01,1.0,0.43,True,ST,SI,False,245,60,2,79.6,84.1,96.0,0.996,96.2,0.461,0.237,0.079,0.089,0.199,0.1,-2.31,-0.5,0.216,42.4,-0.02,Pre-arb: league minimum (debut-date estimate),False,True,,starter,36.9,4.85,0.83,-0.15,13.3,3,False,calibrated
623211,Huascar Brazobán,NYM,95.6,97.8,89.4,1.06,0.246,0.067,0.102,reliever,2.7,43,0,0.12,0.22,pre-arb,0.78,5,4.0,hand,2.78,2.97,0.74,0.84,True,CH,FF,True,949,245,44,99.5,98.9,97.8,0.999,91.9,0.768,0.24,0.076,0.092,0.504,0.39,-2.06,-1.76,0.851,6.4,0.59,salaries.csv,False,True,,reliever,38.8,4.42,0.45,0.37,63.0,4,False,calibrated
694361,Will Klein,LAD,123.1,107.9,78.1,-0.01,0.236,0.052,0.143,reliever,42.2,0,0,0.0,0.18,pre-arb,0.76,5,4.0,estimate,2.2,2.93,0.73,2.98,True,FF,CU,False,305,70,13,113.9,109.5,107.9,0.997,88.7,0.516,0.239,0.077,0.096,0.225,0.1,-0.48,-0.3,0.629,45.6,1.92,Pre-arb: league minimum (debut-date estimate),False,True,,reliever,19.6,4.08,1.49,0.31,15.3,4,False,calibrated
663947,Tyler Holton,DET,91.2,96.2,103.0,1.65,0.232,0.076,0.047,reliever,19.6,0,0,0.0,0.25,pre-arb,0.8,4,3.0,hand,-1.19,2.89,0.96,-0.68,False,FC,FC,True,1104,299,55,93.2,94.2,96.2,0.999,102.4,0.794,0.238,0.08,0.062,0.553,1.11,-1.21,-1.06,0.878,25.3,-0.62,salaries.csv,False,True,,reliever,56.0,4.56,1.79,-0.04,78.7,3,False,calibrated
690925,Clayton Beeter,WSH,124.6,108.5,83.8,-1.47,0.252,0.069,0.173,reliever,7.1,50,1,0.39,0.17,pre-arb,0.76,5,4.0,estimate,0.09,2.88,0.72,2.47,True,FF,SL,False,465,104,23,128.1,120.1,108.5,0.998,90.0,0.619,0.24,0.08,0.109,0.301,-0.59,-1.73,-1.3,0.75,16.6,1.85,Pre-arb: league minimum (debut-date estimate),False,True,,reliever,25.3,4.27,1.77,0.09,25.3,4,False,calibrated
621053,Tyler Ferguson,ATH,97.7,98.6,83.2,-4.18,0.203,0.085,0.126,reliever,37.2,0,0,0.0,0.17,pre-arb,0.76,5,4.0,estimate,1.6,2.87,0.72,1.54,True,FF,FC,True,956,238,49,89.4,91.4,98.6,0.999,87.1,0.77,0.234,0.085,0.104,0.497,-1.19,-0.64,-0.56,0.865,39.5,1.15,Pre-arb: league minimum (debut-date estimate),False,True,,reliever,40.0,4.49,-0.15,0.25,58.0,4,False,calibrated
623474,Jimmy Herget,COL,97.8,98.6,89.7,-2.44,0.216,0.102,0.07,reliever,5.1,90,2,0.75,0.48,arb,0.85,3,2.0,hand,10.0,2.87,1.43,0.89,True,ST,SL,True,1264,343,53,89.3,91.3,98.6,0.999,91.6,0.815,0.235,0.095,0.075,0.587,-0.77,-1.87,-1.63,0.873,8.8,0.7,salaries.csv,False,True,,reliever,57.5,4.13,0.53,1.14,83.3,2,False,calibrated
689266,Dylan Dodd,ATL,113.6,104.4,84.8,0.73,0.224,0.086,0.036,reliever,3.4,0,0,0.0,0.24,pre-arb,0.76,4,3.0,estimate,1.97,2.83,0.94,1.96,True,FC,SI,True,536,137,21,130.2,121.6,104.4,0.998,90.1,0.652,0.238,0.086,0.065,0.362,0.56,-1.95,-1.43,0.732,13.5,1.43,Pre-arb: league minimum (debut-date estimate),False,True,,reliever,30.2,4.17,1.17,0.29,35.0,3,False,calibrated
680951,Doug Nikhazy,CLE,96.0,97.9,83.2,-10.95,0.215,0.112,0.261,reliever,2.7,0,0,0.0,0.14,pre-arb,0.76,6,5.0,estimate,-0.83,2.79,0.56,1.47,,,,False,107,23,2,,,97.9,0.992,95.4,0.272,0.239,0.088,0.097,0.087,-0.87,-2.04,-0.42,0.207,43.2,0.25,Pre-arb: league minimum (debut-date estimate),False,True,,starter,27.8,4.86,0.99,-0.01,4.0,5,False,calibrated
669721,Davis Daniel,ATL,79.9,92.0,98.0,-10.14,0.231,0.133,0.226,starter,4.4,154,1,0.68,0.24,pre-arb,0.76,4,3.0,estimate,-0.67,2.79,0.93,-0.6,False,FF,FF,False,143,31,2,72.0,78.5,92.0,0.994,99.3,0.333,0.239,0.092,0.098,0.114,-1.17,-2.04,-0.44,0.216,44.4,-0.73,Pre-arb: league minimum (debut-date estimate),False,True,,starter,32.4,4.81,0.69,0.01,10.0,3,False,calibrated
661395,Jhoan Durán,MIN,78.0,91.3,105.5,1.42,0.235,0.082,0.047,reliever,79.1,33,0,0.09,0.58,arb,4.12,3,2.0,hand,12.43,2.73,1.36,-1.42,True,FS,FF,True,1049,279,57,103.2,101.6,91.3,0.999,104.3,0.786,0.239,0.084,0.063,0.536,0.87,0.89,0.79,0.881,77.0,-1.3,salaries.csv,False,True,,reliever,52.9,3.92,1.34,1.74,70.0,2,False,calibrated
668984,Casey Legumina,SEA,117.4,105.8,100.6,-0.91,0.251,0.092,0.111,reliever,51.4,75,1,0.46,0.23,pre-arb,0.76,4,3.0,estimate,0.03,2.71,0.9,0.52,False,FF,FF,True,812,207,38,116.5,111.5,105.8,0.999,100.4,0.739,0.241,0.089,0.095,0.462,-0.69,-0.16,-0.14,0.832,51.7,0.54,Pre-arb: league minimum (debut-date estimate),False,True,,reliever,39.9,4.38,2.93,0.08,49.7,3,False,calibrated
669276,Dylan Lee,ATL,93.6,97.1,121.3,0.89,0.243,0.093,0.05,reliever,24.0,122,2,0.84,0.34,arb,1.02,4,3.0,hand,2.76,2.69,0.9,-2.42,True,SL,FF,True,1081,258,62,102.6,101.2,97.1,0.999,116.8,0.791,0.24,0.09,0.066,0.517,0.35,-1.11,-0.99,0.89,27.4,-1.97,salaries.csv,False,True,,reliever,49.3,4.26,4.08,0.4,68.3,3,False,calibrated
688497,Taylor Rashi,AZ,89.5,95.5,97.0,-0.91,0.231,0.076,0.11,reliever,1.4,0,0,0.0,0.14,pre-arb,0.76,6,5.0,estimate,3.96,2.68,0.54,-0.15,True,FF,FS,False,316,73,10,77.6,82.7,95.5,0.997,98.4,0.525,0.239,0.083,0.088,0.232,-0.09,-2.19,-1.24,0.566,17.9,-0.29,Pre-arb: league minimum (debut-date estimate),False,True,,reliever,15.7,4.09,1.08,0.5,16.3,5,False,calibrated
681895,Evan Sisk,PIT,86.0,94.3,55.6,0.31,0.24,0.061,0.125,reliever,49.0,0,0,0.0,0.14,pre-arb,0.76,6,5.0,hand,1.99,2.68,0.54,3.87,True,SI,FF,False,329,80,15,105.5,103.3,94.3,0.997,76.3,0.535,0.24,0.079,0.093,0.249,0.09,-0.25,-0.16,0.661,51.4,1.8,salaries.csv,False,True,,reliever,18.3,4.2,-2.41,0.29,17.7,5,False,calibrated
656730,Trevor Megill,MIL,130.8,110.8,111.1,0.21,0.244,0.091,0.074,reliever,69.3,101,2,0.78,0.45,arb,1.94,3,2.0,hand,8.4,2.65,1.33,-0.03,False,FF,FF,True,749,188,39,134.5,124.8,110.8,0.999,108.0,0.724,0.24,0.088,0.079,0.438,-0.02,0.58,0.49,0.836,67.2,0.28,salaries.csv,False,True,,reliever,35.3,3.76,4.82,1.09,47.0,2,False,calibrated
680742,Jonathan Bowlan,KC,103.3,100.6,109.6,1.45,0.237,0.059,0.094,reliever,22.0,0,0,0.0,0.22,pre-arb,0.76,4,3.0,estimate,1.96,2.64,0.88,-0.9,True,FF,CH,True,727,181,32,103.7,102.0,100.6,0.999,106.9,0.718,0.239,0.074,0.087,0.429,0.7,-1.15,-0.93,0.807,28.4,-0.63,Pre-arb: league minimum (debut-date estimate),False,True,,reliever,34.6,4.33,3.12,0.29,44.3,3,False,calibrated
695534,Chase Petty,CIN,109.1,102.8,76.7,-5.12,0.195,0.053,0.2,starter,0.0,0,0,0.0,0.14,pre-arb,0.76,6,5.0,estimate,-4.53,2.64,0.53,2.61,,,,False,169,40,2,,,102.8,0.995,91.3,0.371,0.238,0.081,0.099,0.142,-0.36,-4.44,-0.96,0.216,26.8,1.15,Pre-arb: league minimum (debut-date estimate),False,True,,starter,35.7,5.12,1.11,-0.4,6.0,5,False,calibrated
681892,Kody Funderburk,MIN,97.0,98.3,94.5,-2.75,0.221,0.098,0.094,reliever,75.0,71,0,0.2,0.22,pre-arb,0.76,4,3.0,estimate,4.39,2.62,0.87,0.38,True,SI,CH,True,725,181,34,104.3,102.4,98.3,0.999,96.1,0.717,0.237,0.091,0.087,0.429,-0.78,0.76,0.62,0.816,72.3,0.22,Pre-arb: league minimum (debut-date estimate),False,True,,reliever,33.4,4.28,1.16,0.54,41.0,3,False,calibrated
683175,Connor Phillips,CIN,105.8,101.6,75.6,-3.0,0.208,0.075,0.124,reliever,87.5,0,0,0.0,0.22,pre-arb,0.76,4,3.0,estimate,1.12,2.58,0.86,2.6,False,FF,FF,False,400,105,22,105.5,103.3,101.6,0.998,85.8,0.583,0.237,0.082,0.095,0.303,-0.39,1.47,1.09,0.741,81.8,1.58,Pre-arb: league minimum (debut-date estimate),False,True,,reliever,27.7,4.17,0.11,0.2,25.0,3,False,calibrated
664991,Grant Wolfram,BAL,93.7,97.1,96.2,-2.01,0.225,0.087,0.106,reliever,62.2,0,0,0.0,0.13,pre-arb,0.76,6,5.0,estimate,1.92,2.47,0.49,0.09,True,SI,CU,True,519,132,21,109.1,106.0,97.1,0.998,97.6,0.645,0.238,0.086,0.09,0.354,-0.45,0.23,0.17,0.732,60.5,-0.05,Pre-arb: league minimum (debut-date estimate),False,True,,reliever,23.7,4.37,1.2,0.28,26.7,5,False,calibrated
664076,Garrett Cleavinger,TB,96.9,98.3,94.0,-1.27,0.234,0.102,0.072,reliever,66.2,147,0,0.41,0.41,arb,1.2,3,2.0,hand,4.91,2.46,1.23,0.43,True,SL,FF,True,846,236,54,111.3,107.6,98.3,0.999,95.5,0.747,0.239,0.093,0.077,0.495,-0.47,0.39,0.34,0.876,63.9,0.28,salaries.csv,False,True,,reliever,44.0,4.04,1.07,0.64,61.3,2,False,calibrated
678368,Valente Bellozo,MIA,92.6,96.7,99.0,-0.74,0.232,0.098,0.063,reliever,17.9,0,0,0.0,0.16,pre-arb,0.76,5,4.0,estimate,-5.16,2.45,0.61,-0.23,True,FC,CH,True,1251,331,30,86.4,89.2,96.7,0.999,99.2,0.814,0.238,0.092,0.071,0.578,-0.22,-1.25,-1.0,0.796,27.0,-0.25,Pre-arb: league minimum (debut-date estimate),False,True,,reliever,61.6,4.81,1.38,-0.46,81.3,4,False,calibrated
663941,Tristan Beck,SF,96.4,98.1,99.8,1.18,0.259,0.094,0.069,reliever,74.0,157,0,0.44,0.2,pre-arb,0.76,4,3.0,estimate,1.04,2.3,0.77,-0.17,True,FF,ST,True,817,232,27,95.6,96.0,98.1,0.999,99.9,0.741,0.242,0.09,0.075,0.49,0.1,0.68,0.53,0.779,67.9,-0.18,Pre-arb: league minimum (debut-date estimate),False,True,,reliever,43.5,4.5,1.7,0.19,56.7,3,False,calibrated
656605,Mitch Keller,PIT,94.5,97.4,102.4,-1.66,0.227,0.102,0.069,starter,31.2,0,0,0.0,1.85,FA-eligible,15.41,4,3.0,hand,10.73,2.27,0.76,-0.5,True,FF,SL,True,2781,727,31,92.2,93.5,97.4,1.0,102.2,0.907,0.235,0.098,0.072,0.751,-0.87,-0.81,-0.66,0.811,36.6,-0.48,salaries.csv,False,True,,starter,127.1,4.47,1.94,2.75,176.3,3,False,calibrated
605280,Clay Holmes,NYM,107.4,102.2,95.1,0.49,0.236,0.072,0.09,starter,75.1,15,0,0.04,1.53,FA-eligible,13.0,2,1.0,hand,9.03,2.24,2.24,0.71,True,SI,FC,True,2569,665,30,104.8,102.8,102.2,1.0,95.6,0.9,0.238,0.076,0.088,0.734,0.47,0.87,0.7,0.806,71.2,0.66,salaries.csv,False,True,,starter,112.9,4.51,1.67,2.32,165.7,1,False,calibrated
672841,Carlos Vargas,SEA,101.5,100.0,96.6,3.32,0.268,0.081,0.057,reliever,91.9,102,0,0.28,0.19,pre-arb,0.76,4,3.0,estimate,-1.39,2.23,0.74,0.34,False,SI,SI,True,1014,298,56,102.6,101.2,100.0,0.999,97.3,0.78,0.244,0.083,0.068,0.553,1.04,2.08,1.83,0.879,89.9,0.27,Pre-arb: league minimum (debut-date estimate),False,True,,reliever,60.1,4.59,1.59,-0.07,77.0,3,False,calibrated
687396,Brent Headrick,NYY,95.0,97.6,96.2,-1.93,0.224,0.103,0.068,reliever,67.6,43,1,0.37,0.19,pre-arb,0.76,4,3.0,estimate,0.93,2.17,0.72,0.14,False,FF,FF,False,340,88,14,105.8,103.5,97.6,0.997,97.9,0.543,0.239,0.09,0.078,0.267,-0.29,0.52,0.33,0.646,63.9,-0.03,Pre-arb: league minimum (debut-date estimate),False,True,,reliever,23.4,4.17,1.32,0.18,23.0,3,False,calibrated
697812,Joe Rock,TB,97.4,98.5,89.3,1.81,0.248,0.083,0.057,reliever,0.0,0,0,0.0,0.13,pre-arb,0.76,6,5.0,estimate,0.06,2.16,0.43,0.92,,,,False,145,35,3,,,98.5,0.994,96.4,0.336,0.24,0.085,0.079,0.127,0.17,-2.99,-0.84,0.281,29.7,0.21,Pre-arb: league minimum (debut-date estimate),False,True,,reliever,15.2,4.15,1.23,0.09,7.7,5,False,calibrated
691441,Cristian Mena,AZ,120.4,106.9,86.4,0.75,0.24,0.06,0.115,reliever,29.1,113,1,0.56,0.14,pre-arb,0.76,5,4.0,estimate,-0.42,2.1,0.53,2.05,,,,False,100,26,3,,,106.8,0.991,96.5,0.259,0.24,0.083,0.085,0.097,0.07,-0.9,-0.25,0.281,48.0,1.03,Pre-arb: league minimum (debut-date estimate),False,True,,reliever,18.7,4.2,2.49,0.04,6.7,4,False,calibrated
687830,Sawyer Gipson-Long,DET,94.5,97.4,109.6,2.1,0.264,0.098,0.047,reliever,45.6,316,1,0.75,0.18,pre-arb,0.76,4,3.0,estimate,-2.98,2.02,0.67,-1.22,True,FF,SL,False,450,127,5,93.2,94.2,97.4,0.998,105.9,0.611,0.241,0.09,0.07,0.345,0.28,-0.34,-0.14,0.394,52.0,-0.85,Pre-arb: league minimum (debut-date estimate),False,True,,reliever,29.4,4.67,2.49,-0.23,31.3,3,False,calibrated
666974,Yennier Cano,BAL,96.2,98.0,99.7,-0.19,0.234,0.079,0.091,reliever,39.9,0,0,0.0,0.17,pre-arb,0.77,4,3.0,hand,0.72,1.95,0.65,-0.17,True,SI,FS,True,955,243,51,109.0,105.9,98.0,0.999,99.8,0.769,0.239,0.082,0.086,0.502,0.06,-0.55,-0.48,0.869,41.9,-0.18,salaries.csv,False,True,,reliever,40.5,4.49,1.67,0.16,58.0,3,False,calibrated
687209,Zach Maxwell,CIN,125.8,108.9,90.6,-3.48,0.194,0.085,0.093,reliever,5.7,0,0,0.0,0.12,pre-arb,0.76,6,5.0,estimate,-1.95,1.91,0.38,1.83,False,FF,FF,False,165,43,7,153.5,138.9,108.9,0.995,96.6,0.366,0.238,0.086,0.083,0.151,-0.14,-1.77,-0.84,0.477,29.7,1.23,Pre-arb: league minimum (debut-date estimate),False,True,,reliever,17.3,4.27,2.82,-0.13,10.0,5,False,calibrated
666711,Joel Peguero,SF,108.7,102.6,94.3,0.05,0.244,0.089,0.082,reliever,29.1,0,0,0.0,0.12,pre-arb,0.76,6,5.0,estimate,0.84,1.91,0.38,0.83,False,SI,SI,False,315,85,13,95.9,96.2,102.6,0.997,97.0,0.524,0.24,0.087,0.082,0.261,-0.05,-0.89,-0.56,0.629,39.5,0.56,Pre-arb: league minimum (debut-date estimate),False,True,,reliever,21.2,4.38,1.94,0.17,22.3,5,False,calibrated
682989,Victor Mederos,LAA,95.5,97.8,59.4,-4.82,0.223,0.097,0.152,starter,46.8,35,1,0.35,0.17,pre-arb,0.76,4,3.0,estimate,-4.26,1.91,0.64,3.84,False,SI,SI,False,309,79,3,99.7,99.0,97.8,0.997,78.9,0.519,0.239,0.089,0.099,0.247,-0.98,-0.33,-0.1,0.293,55.1,1.89,Pre-arb: league minimum (debut-date estimate),False,True,,starter,39.3,5.03,-1.5,-0.37,17.0,3,False,calibrated
676961,Caleb Boushley,TEX,86.4,94.4,110.3,1.91,0.243,0.071,0.068,reliever,31.1,0,0,0.0,0.17,pre-arb,0.76,4,3.0,estimate,2.51,1.9,0.63,-1.59,True,SI,FF,True,742,192,24,86.3,89.1,94.4,0.999,107.4,0.722,0.24,0.079,0.076,0.443,0.78,-0.78,-0.59,0.758,38.2,-1.3,Pre-arb: league minimum (debut-date estimate),False,True,,reliever,30.7,4.42,2.27,0.34,43.3,3,False,calibrated
666171,Ryan Zeferjahn,LAA,101.8,100.1,95.4,-0.31,0.246,0.074,0.124,reliever,98.0,17,0,0.05,0.12,pre-arb,0.77,6,5.0,hand,-5.85,1.84,0.37,0.47,False,FF,FF,True,1016,249,52,103.7,102.0,100.1,0.999,96.4,0.78,0.241,0.079,0.103,0.508,-0.3,3.58,3.12,0.871,96.6,0.37,salaries.csv,False,True,,reliever,45.4,4.66,1.47,-0.54,57.0,5,False,calibrated
605488,Jeffrey Springs,ATH,80.6,92.3,99.9,1.09,0.243,0.078,0.076,starter,21.0,406,3,1.0,1.33,FA-eligible,10.5,3,2.0,hand,2.38,1.84,0.92,-0.76,True,FF,CH,True,2764,693,29,91.1,92.7,92.3,1.0,99.9,0.906,0.241,0.08,0.078,0.742,0.71,-1.25,-1.0,0.8,26.3,-0.76,salaries.csv,False,True,,starter,125.7,4.76,0.83,1.36,171.0,2,False,calibrated
641778,Eric Lauer,TOR,80.2,92.1,105.0,2.09,0.27,0.097,0.059,starter,31.7,39,2,0.61,0.91,arb,1.8,2,1.0,hand,11.02,1.81,1.81,-1.29,True,FF,FC,True,1575,407,15,83.0,86.7,92.1,0.999,104.2,0.846,0.246,0.093,0.067,0.628,0.44,-0.8,-0.54,0.674,41.5,-1.21,salaries.csv,False,True,,starter,86.1,4.41,1.44,1.35,104.7,1,False,calibrated
805299,Brandyn Garcia,AZ,99.9,99.4,76.5,-1.25,0.245,0.087,0.121,reliever,62.5,0,0,0.0,0.12,pre-arb,0.76,6,5.0,estimate,1.5,1.81,0.36,2.29,False,SI,SI,False,277,66,13,123.2,116.4,99.4,0.997,88.4,0.492,0.24,0.086,0.09,0.215,-0.34,0.27,0.17,0.629,60.5,1.1,Pre-arb: league minimum (debut-date estimate),False,True,,reliever,19.6,4.35,0.17,0.24,14.3,5,False,calibrated
683232,Nick Mears,MIL,113.4,104.4,112.5,1.43,0.253,0.091,0.058,reliever,36.5,482,2,1.0,0.3,arb,0.96,3,2.0,hand,3.04,1.8,0.9,-0.81,True,FF,SL,True,845,223,45,106.8,104.3,104.4,0.999,109.3,0.747,0.241,0.088,0.07,0.48,0.36,-0.65,-0.56,0.854,39.5,-0.49,salaries.csv,False,True,,reliever,44.8,4.27,4.05,0.42,56.7,2,False,calibrated
668820,Max Kranick,NYM,89.2,95.4,110.9,1.22,0.258,0.103,0.047,reliever,57.8,466,2,1.0,0.16,pre-arb,0.77,4,3.0,hand,1.49,1.8,0.6,-1.55,False,FF,FF,True,524,149,22,90.2,92.0,95.4,0.998,107.1,0.647,0.241,0.092,0.068,0.382,0.13,0.08,0.06,0.741,57.1,-1.17,salaries.csv,False,True,,reliever,33.3,4.44,2.37,0.24,37.0,3,False,calibrated
676571,Pj Poulin,WSH,86.8,94.5,97.5,-2.62,0.234,0.095,0.118,reliever,78.0,0,0,0.0,0.11,pre-arb,0.76,6,5.0,estimate,1.07,1.6,0.32,-0.3,True,FF,ST,False,419,110,24,84.7,87.9,94.5,0.998,98.5,0.594,0.239,0.089,0.093,0.313,-0.73,0.83,0.63,0.758,72.3,-0.4,Pre-arb: league minimum (debut-date estimate),False,True,,reliever,22.2,4.43,0.95,0.19,24.7,5,False,calibrated
687134,Bradley Blalock,COL,95.5,97.8,97.3,0.89,0.248,0.082,0.082,starter,70.7,0,0,0.0,0.12,pre-arb,0.76,5,4.0,estimate,-11.7,1.58,0.39,0.05,True,FF,CU,True,1005,269,12,88.9,91.0,97.8,0.999,97.9,0.778,0.241,0.084,0.082,0.527,0.25,0.69,0.43,0.624,65.4,-0.01,Pre-arb: league minimum (debut-date estimate),False,True,,starter,60.2,5.48,1.35,-1.15,58.7,4,False,calibrated
687849,Zak Kent,CLE,101.7,100.0,78.4,-2.67,0.224,0.094,0.105,reliever,7.8,0,0,0.0,0.11,pre-arb,0.76,6,5.0,estimate,1.01,1.55,0.31,2.16,False,SL,SL,False,308,76,11,89.4,91.4,100.0,0.997,88.8,0.518,0.239,0.088,0.087,0.24,-0.45,-1.69,-1.0,0.589,27.0,1.12,Pre-arb: league minimum (debut-date estimate),False,True,,reliever,18.9,4.37,0.32,0.19,17.7,5,False,calibrated
519242,Chris Sale,ATL,100.2,99.5,104.4,0.95,0.253,0.095,0.063,starter,59.0,316,1,0.75,1.96,FA-eligible,22.0,2,1.0,hand,15.97,1.51,1.51,-0.49,True,SL,FF,True,1944,492,19,105.6,103.4,99.5,1.0,103.8,0.872,0.243,0.092,0.069,0.671,0.25,0.16,0.11,0.724,58.0,-0.43,salaries.csv,False,True,,starter,89.0,3.8,2.49,4.0,125.7,1,False,calibrated
641656,Ian Hamilton,NYY,99.2,99.1,87.2,-2.25,0.228,0.081,0.127,reliever,12.5,161,2,0.95,0.16,pre-arb,0.94,4,3.0,hand,-0.29,1.51,0.5,1.19,True,SI,FF,True,641,165,30,106.2,103.8,99.1,0.999,91.2,0.691,0.238,0.084,0.1,0.406,-0.67,-1.49,-1.19,0.796,19.9,0.79,salaries.csv,False,True,,reliever,32.4,4.47,0.54,0.07,40.0,3,False,calibrated
686751,Seth Johnson,PHI,102.7,100.4,99.7,0.23,0.248,0.093,0.074,reliever,27.7,0,0,0.0,0.12,pre-arb,0.76,5,4.0,estimate,-0.71,1.51,0.38,0.07,False,FF,FF,False,214,54,10,101.9,100.7,100.4,0.996,99.9,0.428,0.24,0.087,0.08,0.183,-0.04,-0.96,-0.54,0.566,39.9,0.05,Pre-arb: league minimum (debut-date estimate),False,True,,reliever,16.5,4.24,2.04,0.01,12.7,4,False,calibrated
650556,Bryan Abreu,HOU,122.1,107.6,96.4,-1.36,0.218,0.079,0.094,reliever,72.0,0,0,0.0,0.74,arb,3.45,2,1.0,hand,13.04,1.48,1.48,1.12,False,FF,FF,True,1145,287,61,132.2,123.1,107.6,0.999,97.1,0.8,0.236,0.082,0.088,0.543,-0.19,0.61,0.54,0.888,68.2,1.05,salaries.csv,False,True,,reliever,52.5,3.63,2.7,1.74,71.0,1,False,calibrated
592779,Brock Stewart,MIN,107.1,102.0,101.2,-0.64,0.225,0.087,0.07,reliever,3.7,307,4,1.0,0.24,arb,0.87,3,2.0,hand,4.54,1.43,0.71,0.08,False,FF,FF,True,610,157,35,108.4,105.5,102.0,0.999,100.8,0.681,0.238,0.086,0.077,0.394,0.05,-1.95,-1.6,0.82,9.8,0.12,salaries.csv,False,True,,reliever,26.9,4.08,2.42,0.57,37.7,2,False,calibrated
681151,Jayden Murray,HOU,98.0,98.7,102.2,-0.92,0.222,0.091,0.064,reliever,63.9,0,0,0.0,0.11,pre-arb,0.76,6,5.0,estimate,1.89,1.43,0.29,-0.35,False,FF,FF,False,176,47,6,99.8,99.1,98.7,0.995,100.8,0.381,0.239,0.087,0.079,0.163,0.01,0.33,0.14,0.439,59.8,-0.21,Pre-arb: league minimum (debut-date estimate),False,True,,reliever,14.5,4.33,1.92,0.28,11.7,5,False,calibrated
664294,Dauri Moreta,PIT,110.7,103.4,85.7,-0.55,0.254,0.099,0.092,reliever,45.6,287,2,1.0,0.14,pre-arb,0.78,4,3.0,hand,0.72,1.43,0.48,1.77,False,SL,SL,False,272,65,13,100.9,99.9,103.4,0.997,93.0,0.487,0.24,0.089,0.084,0.212,-0.29,-0.3,-0.19,0.629,50.7,1.04,salaries.csv,False,True,,reliever,18.8,4.21,1.46,0.16,16.7,3,False,calibrated
664875,Justin Lawrence,PIT,97.3,98.4,69.7,-2.18,0.212,0.079,0.103,reliever,85.8,164,2,0.96,0.18,arb,0.98,4,3.0,hand,3.44,1.4,0.47,2.87,True,ST,SI,False,240,58,14,105.0,102.9,98.4,0.996,86.2,0.456,0.238,0.084,0.086,0.194,-0.13,1.33,0.86,0.646,78.4,1.22,salaries.csv,False,True,,reliever,18.2,4.0,-0.31,0.47,17.7,3,False,calibrated
669622,Anthony Bender,MIA,103.8,100.8,100.6,-2.62,0.22,0.097,0.092,reliever,41.6,377,2,1.0,0.24,arb,1.42,3,2.0,hand,3.44,1.39,0.69,0.02,True,ST,SI,True,763,196,40,97.0,97.0,100.8,0.999,100.4,0.727,0.237,0.091,0.086,0.448,-0.74,-0.49,-0.41,0.839,43.9,0.04,salaries.csv,False,True,,reliever,38.7,4.33,2.18,0.51,50.0,2,False,calibrated
670970,Adrián Morejón,SD,103.5,100.7,107.4,-1.81,0.235,0.124,0.044,reliever,35.5,246,3,1.0,0.69,arb,2.0,2,1.0,hand,16.0,1.38,1.38,-0.67,False,SI,SI,True,947,272,52,120.6,114.5,100.7,0.999,105.7,0.768,0.239,0.105,0.062,0.53,-0.78,-0.68,-0.59,0.871,38.2,-0.5,salaries.csv,False,True,,reliever,58.2,3.83,2.96,1.89,73.7,1,False,calibrated
694363,Jared Shuster,CWS,97.7,98.6,106.8,1.35,0.225,0.079,0.038,reliever,0.7,115,0,0.32,0.13,pre-arb,0.76,4,3.0,estimate,2.17,1.36,0.45,-0.82,True,CH,SL,False,280,80,8,94.2,94.9,98.6,0.997,103.4,0.495,0.239,0.084,0.071,0.249,0.53,-2.46,-1.26,0.51,17.6,-0.48,Pre-arb: league minimum (debut-date estimate),False,True,,reliever,18.8,4.39,2.3,0.31,15.7,3,False,calibrated
672391,Kaleb Ort,HOU,110.0,103.1,83.6,-3.57,0.207,0.076,0.135,reliever,84.1,143,2,0.9,0.11,pre-arb,0.77,5,4.0,hand,-3.3,1.34,0.33,1.95,False,FF,FF,True,788,193,42,109.8,106.5,103.1,0.999,88.0,0.734,0.236,0.081,0.105,0.444,-0.86,1.23,1.04,0.845,81.4,1.51,salaries.csv,False,True,,reliever,33.1,4.57,0.66,-0.27,46.0,4,False,calibrated
687223,Carson Palmquist,COL,99.4,99.2,82.9,-2.61,0.24,0.088,0.143,starter,94.6,0,0,0.0,0.1,pre-arb,0.76,6,5.0,estimate,-8.97,1.32,0.26,1.63,True,FF,FC,True,705,175,7,88.1,90.4,99.2,0.999,87.8,0.711,0.24,0.087,0.107,0.42,-1.1,2.86,1.4,0.491,85.4,1.14,Pre-arb: league minimum (debut-date estimate),False,True,,starter,42.7,5.36,0.05,-0.86,34.3,5,False,calibrated
696147,Sam Bachman,LAA,103.8,100.8,94.5,-1.89,0.228,0.087,0.106,reliever,70.3,214,2,1.0,0.13,pre-arb,0.76,4,3.0,estimate,1.19,1.31,0.44,0.63,False,SL,SL,False,334,94,17,108.6,105.6,100.8,0.997,97.0,0.539,0.239,0.086,0.089,0.28,-0.34,0.6,0.41,0.689,66.6,0.38,Pre-arb: league minimum (debut-date estimate),False,True,,reliever,25.1,4.41,1.67,0.21,20.3,3,False,calibrated
669062,Erik Miller,SF,109.1,102.8,80.3,-2.59,0.206,0.063,0.136,reliever,93.2,87,2,0.74,0.11,pre-arb,0.78,5,4.0,hand,0.98,1.3,0.33,2.25,True,FF,SL,False,461,118,28,114.2,109.8,102.8,0.998,87.8,0.617,0.237,0.078,0.099,0.329,-0.27,2.28,1.79,0.785,89.5,1.5,salaries.csv,False,True,,reliever,29.3,4.53,0.59,0.19,30.0,4,False,calibrated
621051,Steven Wilson,CWS,98.7,98.9,117.1,3.12,0.269,0.071,0.084,reliever,47.6,142,0,0.39,0.17,arb,0.95,4,3.0,hand,0.37,1.3,0.43,-1.82,True,ST,FF,True,974,239,52,97.1,97.1,98.9,0.999,113.2,0.773,0.244,0.078,0.083,0.498,0.86,-0.28,-0.24,0.871,49.3,-1.43,salaries.csv,False,True,,reliever,40.3,4.51,3.81,0.14,55.3,3,False,calibrated
685314,Andrew Saalfrank,AZ,86.2,94.3,91.6,0.53,0.237,0.077,0.08,reliever,43.6,0,0,0.0,0.13,pre-arb,0.76,4,3.0,estimate,3.03,1.29,0.43,0.27,False,SI,SI,False,427,112,21,88.7,90.9,94.3,0.998,95.0,0.599,0.239,0.083,0.081,0.317,0.22,-0.42,-0.31,0.732,45.6,-0.07,Pre-arb: league minimum (debut-date estimate),False,True,,reliever,25.8,4.43,0.39,0.4,29.0,3,False,calibrated
696136,Jordan Wicks,CHC,91.1,96.1,111.1,1.59,0.226,0.088,0.015,reliever,17.2,130,1,0.61,0.13,pre-arb,0.76,4,3.0,estimate,1.06,1.29,0.43,-1.5,True,FF,CH,False,217,67,6,97.3,97.2,96.1,0.996,104.8,0.431,0.239,0.086,0.067,0.217,0.52,-1.27,-0.56,0.439,39.5,-0.87,Pre-arb: league minimum (debut-date estimate),False,True,,reliever,20.0,4.3,2.13,0.19,14.3,3,False,calibrated
680880,Grant Holman,ATH,100.1,99.5,86.7,-3.56,0.191,0.083,0.095,reliever,9.8,104,1,0.54,0.11,pre-arb,0.76,5,4.0,estimate,-0.92,1.24,0.31,1.28,True,FF,FS,False,350,95,18,90.8,92.4,99.5,0.998,92.7,0.55,0.237,0.085,0.085,0.283,-0.27,-1.6,-1.12,0.701,23.0,0.68,Pre-arb: league minimum (debut-date estimate),False,True,,reliever,26.0,4.58,0.83,-0.02,23.0,4,False,calibrated
691951,Sam Aldegheri,LAA,82.9,93.1,71.3,-0.33,0.224,0.05,0.137,reliever,13.5,16,0,0.04,0.11,pre-arb,0.76,5,4.0,estimate,-3.84,1.24,0.31,2.18,True,FF,CH,False,303,73,2,89.8,91.7,93.1,0.997,85.2,0.514,0.239,0.077,0.095,0.232,0.15,-1.43,-0.3,0.207,45.6,0.79,Pre-arb: league minimum (debut-date estimate),False,True,,starter,36.5,5.05,-1.26,-0.32,13.7,4,False,calibrated
679775,Kyle Backhus,AZ,86.6,94.5,99.9,-4.27,0.214,0.123,0.07,reliever,77.0,0,0,0.0,0.1,pre-arb,0.76,6,5.0,estimate,-0.02,1.15,0.23,-0.54,True,SI,ST,False,430,115,24,96.5,96.7,94.5,0.998,99.9,0.6,0.238,0.098,0.078,0.323,-0.92,0.78,0.59,0.758,69.9,-0.54,Pre-arb: league minimum (debut-date estimate),False,True,,reliever,24.3,4.51,1.16,0.08,25.3,5,False,calibrated
607455,Anthony Banda,LAD,106.3,101.7,83.2,-3.14,0.221,0.092,0.115,reliever,98.3,26,0,0.07,0.19,arb,1.0,3,2.0,hand,-0.96,1.15,0.57,1.85,False,SL,SL,True,1028,252,58,110.6,107.1,101.7,0.999,86.9,0.782,0.237,0.089,0.099,0.511,-1.16,3.75,3.32,0.883,97.3,1.48,salaries.csv,False,True,,reliever,45.7,4.51,0.29,0.0,65.0,2,False,calibrated
681882,Colin Selby,BAL,92.0,96.5,88.6,1.86,0.248,0.093,0.033,reliever,56.1,56,0,0.16,0.12,pre-arb,0.76,4,3.0,estimate,0.9,1.14,0.38,0.79,False,SI,SI,False,214,60,11,96.9,96.9,96.5,0.996,95.1,0.428,0.24,0.087,0.072,0.199,0.29,-0.04,-0.02,0.589,56.4,0.14,Pre-arb: league minimum (debut-date estimate),False,True,,reliever,16.9,4.24,0.74,0.17,14.0,3,False,calibrated
669422,Matt Sauer,LAD,93.7,97.1,89.2,1.33,0.262,0.098,0.062,reliever,37.5,0,0,0.0,0.11,pre-arb,0.76,5,4.0,estimate,-2.47,1.13,0.28,0.79,False,FC,FC,True,512,129,8,91.9,93.2,97.1,0.998,93.1,0.642,0.241,0.09,0.075,0.348,0.06,-0.61,-0.31,0.51,45.6,0.4,Pre-arb: league minimum (debut-date estimate),False,True,,reliever,27.8,4.62,0.53,-0.18,29.7,4,False,calibrated
694918,Blade Tidwell,NYM,99.8,99.3,94.6,-3.53,0.217,0.087,0.128,reliever,0.0,0,0,0.0,0.1,pre-arb,0.76,6,5.0,estimate,-4.32,1.13,0.23,0.47,True,FF,ST,False,309,78,2,97.7,97.5,99.3,0.997,97.2,0.519,0.238,0.086,0.093,0.244,-0.57,-3.3,-0.68,0.207,34.8,0.21,Pre-arb: league minimum (debut-date estimate),False,True,,starter,37.7,5.09,1.47,-0.38,15.0,5,False,calibrated
674370,Osvaldo Bido,ATH,95.0,97.6,98.3,-2.57,0.231,0.109,0.086,starter,13.2,22,1,0.31,0.12,pre-arb,0.76,4,3.0,estimate,-10.49,1.11,0.37,-0.07,False,FF,FF,True,1298,339,9,93.0,94.1,97.6,0.999,98.6,0.819,0.238,0.099,0.084,0.584,-1.27,-1.62,-0.9,0.554,29.3,-0.1,Pre-arb: league minimum (debut-date estimate),False,True,,reliever,56.7,5.03,1.43,-1.02,79.7,3,False,calibrated
595345,Steven Okert,HOU,90.5,95.9,103.3,1.58,0.269,0.098,0.066,reliever,41.9,192,0,0.5,0.52,arb,1.2,2,1.0,hand,12.61,1.05,1.05,-0.74,True,SL,FF,True,1039,271,59,105.3,103.2,95.9,0.999,102.6,0.784,0.244,0.092,0.074,0.529,0.1,-0.48,-0.43,0.885,43.2,-0.67,salaries.csv,False,True,,reliever,47.5,3.91,1.77,1.45,71.7,1,False,calibrated
623437,Justin Topa,MIN,91.0,96.1,107.2,0.08,0.237,0.098,0.051,reliever,32.1,330,1,0.75,0.3,FA-eligible,1.0,2,1.0,hand,8.75,0.99,0.99,-1.11,True,SI,CH,True,935,257,46,87.6,90.1,96.1,0.999,105.5,0.766,0.239,0.092,0.066,0.516,0.11,-0.77,-0.66,0.857,35.8,-0.94,salaries.csv,False,True,,reliever,40.2,4.23,2.24,1.03,60.0,1,False,calibrated
677651,Luis García,HOU,89.7,95.6,92.1,-2.57,0.142,0.075,0.0,starter,0.0,515,4,1.0,0.49,arb,1.88,2,1.0,hand,-1.91,0.97,0.97,0.35,False,FF,FF,False,106,27,2,77.0,82.2,95.6,0.992,97.9,0.27,0.238,0.085,0.074,0.101,0.29,-4.2,-0.91,0.216,28.8,-0.23,salaries.csv,False,True,,starter,33.4,4.46,1.02,-0.0,7.7,1,False,calibrated
681168,Luis Curvelo,TEX,95.8,97.9,83.9,-0.08,0.24,0.074,0.108,reliever,27.0,0,0,0.0,0.09,pre-arb,0.76,6,5.0,estimate,-1.06,0.95,0.19,1.4,True,SL,SI,False,325,83,14,95.6,96.0,97.9,0.997,91.4,0.532,0.24,0.083,0.089,0.256,-0.02,-1.0,-0.64,0.646,37.2,0.65,Pre-arb: league minimum (debut-date estimate),False,True,,reliever,22.8,4.51,0.39,-0.03,19.0,5,False,calibrated
681751,Lazaro Estrada,TOR,95.5,97.8,107.1,11.26,0.348,0.062,0.031,reliever,1.4,0,0,0.0,0.09,pre-arb,0.76,6,5.0,estimate,-1.26,0.94,0.19,-0.93,False,FF,FF,False,112,32,2,91.9,93.2,97.8,0.992,102.0,0.281,0.242,0.083,0.076,0.117,0.58,-2.19,-0.45,0.207,42.9,-0.42,Pre-arb: league minimum (debut-date estimate),False,True,,reliever,13.8,4.28,1.97,-0.05,7.3,5,False,calibrated
680689,Lyon Richardson,CIN,88.6,95.2,89.2,-2.66,0.212,0.086,0.101,reliever,77.7,0,0,0.0,0.11,pre-arb,0.76,4,3.0,estimate,1.06,0.93,0.31,0.6,True,CH,FF,True,674,168,29,92.6,93.8,95.2,0.999,92.4,0.702,0.237,0.086,0.09,0.411,-0.53,0.8,0.63,0.791,72.3,0.28,Pre-arb: league minimum (debut-date estimate),False,True,,reliever,34.3,4.58,0.14,0.19,37.7,3,False,calibrated
683155,Joey Estes,ATH,83.7,93.4,104.1,-6.14,0.178,0.119,0.065,reliever,0.0,34,0,0.09,0.11,pre-arb,0.76,4,3.0,estimate,-4.35,0.9,0.3,-1.07,False,FF,FF,False,101,31,2,83.7,87.2,93.5,0.991,101.1,0.261,0.238,0.089,0.08,0.114,-0.25,-2.81,-0.58,0.207,38.5,-0.76,Pre-arb: league minimum (debut-date estimate),False,True,,starter,36.1,5.2,1.19,-0.38,11.0,3,False,calibrated
642701,Dennis Santana,PIT,92.6,96.7,107.7,-0.39,0.237,0.102,0.054,reliever,8.1,30,0,0.08,0.4,arb,1.4,2,1.0,hand,8.58,0.8,0.8,-1.1,True,SL,CH,True,957,260,56,90.7,92.4,96.7,0.999,105.9,0.77,0.239,0.094,0.067,0.519,-0.13,-1.68,-1.48,0.879,12.5,-0.92,salaries.csv,False,True,,reliever,50.6,4.17,2.39,1.05,70.3,1,False,calibrated
663738,Daniel Lynch,KC,93.4,97.0,96.7,0.11,0.242,0.084,0.087,reliever,42.6,195,3,1.0,0.11,pre-arb,0.78,4,3.0,hand,-2.35,0.8,0.27,0.03,False,SL,SL,True,1037,276,46,95.5,95.9,97.0,0.999,97.4,0.784,0.24,0.085,0.085,0.534,-0.01,-0.47,-0.4,0.857,43.9,-0.04,salaries.csv,False,True,,reliever,51.9,4.72,1.16,-0.16,67.7,3,False,calibrated
676775,Keaton Winn,SF,91.8,96.4,109.8,1.55,0.248,0.091,0.048,reliever,27.7,136,2,0.88,0.1,pre-arb,0.76,4,3.0,estimate,0.63,0.7,0.23,-1.34,False,FS,FS,False,165,42,7,93.9,94.7,96.4,0.995,103.6,0.366,0.24,0.086,0.077,0.148,0.16,-0.95,-0.45,0.477,42.9,-0.72,Pre-arb: league minimum (debut-date estimate),False,True,,reliever,16.2,4.33,2.0,0.15,10.0,3,False,calibrated
687863,Porter Hodge,CHC,113.1,104.3,90.9,-1.58,0.242,0.088,0.12,reliever,80.4,58,1,0.41,0.09,pre-arb,0.76,5,4.0,estimate,-5.6,0.67,0.17,1.34,True,FF,ST,True,566,133,30,109.5,106.3,104.3,0.998,94.0,0.664,0.24,0.087,0.095,0.355,-0.61,0.96,0.77,0.796,75.3,1.03,Pre-arb: league minimum (debut-date estimate),False,True,,reliever,33.4,4.63,1.74,-0.51,33.0,4,False,calibrated
663767,Chase Shugart,PIT,93.3,96.9,95.3,-1.91,0.214,0.087,0.084,reliever,73.3,34,0,0.09,0.09,pre-arb,0.76,6,5.0,hand,-1.61,0.63,0.13,0.16,True,ST,FC,True,692,179,29,93.1,94.1,96.9,0.999,96.7,0.707,0.237,0.086,0.083,0.426,-0.26,0.67,0.53,0.791,67.9,0.02,salaries.csv,False,True,,reliever,35.6,4.66,1.04,-0.09,45.0,5,False,calibrated
673380,Dedniel Núñez,NYM,122.5,107.7,81.0,-7.38,0.197,0.109,0.146,reliever,12.5,152,3,0.92,0.09,pre-arb,0.76,5,4.0,estimate,-0.29,0.61,0.15,2.67,True,FF,SL,False,183,41,10,115.1,110.4,107.7,0.995,92.6,0.39,0.238,0.09,0.091,0.145,-0.78,-1.49,-0.84,0.566,29.7,1.51,Pre-arb: league minimum (debut-date estimate),False,True,,reliever,14.1,4.31,2.04,0.05,9.7,4,False,calibrated
668941,Jojo Romero,STL,85.7,94.1,105.7,-0.69,0.23,0.082,0.091,reliever,45.6,137,2,0.88,0.29,arb,2.26,2,1.0,hand,5.88,0.57,0.57,-1.16,False,ST,ST,True,957,242,52,102.4,101.0,94.1,0.999,104.4,0.77,0.238,0.084,0.086,0.501,-0.11,-0.36,-0.31,0.871,45.6,-1.03,salaries.csv,False,True,,reliever,47.2,4.34,1.77,0.86,61.0,1,False,calibrated
642121,Cole Sulser,TB,95.2,97.6,115.0,0.08,0.22,0.075,0.067,reliever,2.4,179,2,1.0,0.12,arb,0.9,3,2.0,hand,3.61,0.56,0.28,-1.74,True,FF,FC,False,387,89,17,95.2,95.7,97.6,0.998,108.6,0.575,0.238,0.083,0.078,0.27,0.32,-2.07,-1.42,0.689,13.9,-1.1,salaries.csv,False,True,,reliever,15.7,4.18,2.93,0.47,22.7,2,False,calibrated
660761,José Suarez,ATL,102.6,100.4,89.8,-6.03,0.203,0.12,0.103,reliever,45.3,126,1,0.6,0.13,arb,1.1,3,2.0,hand,0.86,0.51,0.25,1.06,False,FF,FF,False,251,68,5,104.5,102.6,100.4,0.997,95.2,0.467,0.238,0.093,0.086,0.22,-0.87,-0.37,-0.15,0.394,51.7,0.52,salaries.csv,False,True,,reliever,21.5,4.44,1.34,0.21,19.3,2,False,calibrated
656271,Brock Burke,LAA,98.8,99.0,100.8,-1.18,0.247,0.119,0.057,reliever,54.4,60,0,0.17,0.24,arb,1.15,2,1.0,hand,1.3,0.48,0.48,-0.18,True,FF,SL,True,985,246,51,100.8,99.8,99.0,0.999,100.6,0.775,0.241,0.103,0.069,0.505,-0.8,-0.1,-0.09,0.869,55.4,-0.16,salaries.csv,False,True,,reliever,46.0,4.42,1.94,0.26,61.7,1,False,calibrated
657097,Jacob Webb,TEX,104.6,101.1,108.7,0.54,0.227,0.075,0.07,reliever,77.4,65,1,0.43,0.24,arb,1.25,2,1.0,hand,0.25,0.47,0.47,-0.76,False,FF,FF,True,910,244,43,105.5,103.3,101.1,0.999,106.6,0.761,0.238,0.08,0.076,0.503,0.57,0.79,0.67,0.849,73.0,-0.55,salaries.csv,False,True,,reliever,46.4,4.42,3.15,0.16,66.0,1,False,calibrated
701552,Andre Granillo,STL,82.2,92.8,104.6,-3.35,0.211,0.105,0.077,reliever,11.1,0,0,0.0,0.08,pre-arb,0.76,6,5.0,estimate,-0.55,0.46,0.09,-1.18,True,SL,FF,False,361,91,13,83.5,87.0,92.8,0.998,102.6,0.558,0.238,0.091,0.08,0.274,-0.5,-1.54,-0.97,0.629,27.7,-0.98,Pre-arb: league minimum (debut-date estimate),False,True,,reliever,23.5,4.57,1.31,0.02,21.0,5,False,calibrated
696270,Ryan Johnson,LAA,97.7,98.6,110.1,-0.83,0.24,0.111,0.053,reliever,45.6,0,0,0.0,0.08,pre-arb,0.76,6,5.0,estimate,-2.33,0.44,0.09,-1.15,False,FC,FC,False,217,57,11,93.1,94.1,98.6,0.996,104.4,0.431,0.24,0.09,0.076,0.191,-0.16,-0.35,-0.2,0.589,50.0,-0.58,Pre-arb: league minimum (debut-date estimate),False,True,,reliever,22.1,4.55,2.45,-0.17,14.7,5,False,calibrated
669947,Jesse Scholtens,TB,91.3,96.2,118.5,-1.61,0.229,0.098,0.079,reliever,17.6,371,2,1.0,0.09,pre-arb,0.76,4,3.0,estimate,0.75,0.42,0.14,-2.23,True,FF,SL,False,153,38,2,92.2,93.5,96.2,0.994,106.4,0.348,0.239,0.087,0.081,0.136,-0.14,-1.27,-0.26,0.207,48.0,-1.02,Pre-arb: league minimum (debut-date estimate),False,True,,reliever,11.3,4.19,2.39,0.16,8.3,3,False,calibrated
592332,Kevin Gausman,TOR,102.2,100.2,110.2,1.69,0.246,0.08,0.062,starter,33.2,0,0,0.0,2.35,FA-eligible,23.0,2,1.0,hand,18.81,0.41,0.41,-1.0,True,FF,SL,True,2933,752,31,102.0,100.7,100.2,1.0,109.3,0.911,0.242,0.081,0.067,0.757,1.09,-0.73,-0.6,0.811,40.0,-0.91,salaries.csv,False,True,,starter,129.5,4.16,3.42,4.4,193.0,1,False,calibrated
643410,Mark Leiter,NYY,102.6,100.4,104.3,0.74,0.252,0.085,0.085,reliever,78.7,45,1,0.38,0.24,arb,2.05,2,1.0,hand,2.99,0.37,0.37,-0.39,True,SI,CU,True,564,129,30,105.7,103.5,100.4,0.998,102.9,0.663,0.241,0.085,0.083,0.348,0.04,0.89,0.71,0.796,74.3,-0.25,salaries.csv,False,True,,reliever,32.3,4.21,2.49,0.53,48.3,1,False,calibrated
682274,Yaramil Hiraldo,BAL,105.4,101.4,102.4,-3.46,0.204,0.086,0.107,reliever,66.9,0,0,0.0,0.08,pre-arb,0.76,6,5.0,estimate,-1.82,0.35,0.07,-0.1,False,FF,FF,False,314,84,14,110.2,106.8,101.4,0.997,101.3,0.523,0.238,0.086,0.088,0.258,-0.39,0.45,0.29,0.646,62.8,0.01,Pre-arb: league minimum (debut-date estimate),False,True,,reliever,18.3,4.49,2.4,-0.11,19.7,5,False,calibrated
670167,John Schreiber,KC,103.7,100.8,104.6,-0.25,0.222,0.079,0.07,reliever,51.7,91,0,0.25,0.26,arb,2.3,2,1.0,hand,0.09,0.33,0.33,-0.38,False,FF,FF,True,1019,256,52,103.8,102.1,100.8,0.999,103.6,0.781,0.237,0.082,0.076,0.515,0.31,-0.16,-0.14,0.871,51.7,-0.28,salaries.csv,False,True,,reliever,45.0,4.36,2.66,0.25,64.0,1,False,calibrated
686642,Fraser Ellard,CWS,99.5,99.2,74.8,-6.04,0.256,0.082,0.268,reliever,6.8,81,1,0.48,0.08,pre-arb,0.76,5,4.0,estimate,-1.09,0.33,0.08,2.44,False,FF,FF,False,317,71,11,101.9,100.7,99.2,0.997,86.8,0.526,0.24,0.085,0.124,0.227,-1.56,-1.73,-1.02,0.589,26.0,1.24,Pre-arb: league minimum (debut-date estimate),False,True,,reliever,19.3,4.64,-0.1,-0.03,17.0,4,False,calibrated
594580,Sam Moll,CIN,167.5,124.3,85.2,-3.38,0.205,0.086,0.107,reliever,69.6,109,4,0.8,0.12,arb,1.01,3,2.0,hand,-2.37,0.33,0.16,3.91,False,ST,ST,False,303,75,16,127.9,119.9,124.2,0.997,92.4,0.514,0.238,0.086,0.088,0.237,-0.36,0.59,0.4,0.676,66.6,3.18,salaries.csv,False,True,,reliever,15.0,4.19,4.49,-0.14,18.3,2,False,calibrated
686228,Juan Burgos,AZ,102.9,100.5,52.7,-4.04,0.186,0.077,0.109,reliever,93.6,26,1,0.32,0.08,pre-arb,0.76,6,5.0,estimate,-1.47,0.32,0.06,4.78,True,FC,ST,False,220,64,12,102.4,101.0,100.5,0.996,79.4,0.435,0.238,0.084,0.088,0.21,-0.23,2.48,1.51,0.61,87.5,2.11,Pre-arb: league minimum (debut-date estimate),False,True,,reliever,19.7,4.52,-1.02,-0.07,13.3,5,False,calibrated
701519,Travis Adams,MIN,92.6,96.7,94.9,-1.32,0.216,0.069,0.107,reliever,91.2,0,0,0.0,0.08,pre-arb,0.76,6,5.0,estimate,-3.52,0.31,0.06,0.18,True,FF,FC,True,663,159,16,93.0,94.1,96.7,0.999,96.4,0.699,0.237,0.079,0.092,0.397,-0.02,1.99,1.34,0.676,85.8,0.03,Pre-arb: league minimum (debut-date estimate),False,True,,reliever,31.9,4.75,0.96,-0.29,33.7,5,False,calibrated
681869,Shawn Dubin,HOU,94.0,97.2,95.7,4.13,0.269,0.062,0.076,reliever,36.8,83,3,0.73,0.08,pre-arb,0.76,4,3.0,estimate,-2.32,0.28,0.09,0.15,True,FF,CH,True,551,145,27,92.2,93.5,97.2,0.998,97.2,0.658,0.242,0.077,0.08,0.375,0.98,-0.65,-0.5,0.779,41.2,0.0,Pre-arb: league minimum (debut-date estimate),False,True,,reliever,28.3,4.61,1.16,-0.16,33.7,3,False,calibrated
686826,Bryce Jarvis,AZ,88.0,95.0,96.8,0.33,0.249,0.078,0.105,reliever,5.4,61,1,0.42,0.08,pre-arb,0.76,4,3.0,estimate,-0.72,0.22,0.07,-0.18,True,FF,CH,False,357,86,10,88.4,90.7,95.0,0.998,98.2,0.555,0.24,0.084,0.088,0.263,-0.04,-1.84,-1.04,0.566,25.7,-0.32,Pre-arb: league minimum (debut-date estimate),False,True,,reliever,22.5,4.56,0.98,0.0,22.0,3,False,calibrated
681676,Ryan Fernandez,STL,95.4,97.7,99.0,1.47,0.237,0.057,0.099,reliever,11.5,0,0,0.0,0.08,pre-arb,0.76,5,4.0,estimate,-2.81,0.2,0.05,-0.13,False,SL,SL,False,493,131,27,96.0,96.3,97.7,0.998,99.4,0.633,0.239,0.076,0.088,0.352,0.55,-1.53,-1.19,0.779,19.9,-0.17,Pre-arb: league minimum (debut-date estimate),False,True,,reliever,27.3,4.62,1.56,-0.22,30.3,4,False,calibrated
685107,Anthony Veneziano,MIA,87.3,94.7,108.1,-0.97,0.223,0.08,0.091,reliever,69.9,0,0,0.0,0.08,pre-arb,0.76,4,3.0,estimate,-1.37,0.18,0.06,-1.34,True,FF,SL,False,452,110,21,91.4,92.9,94.7,0.998,105.0,0.612,0.238,0.084,0.085,0.313,-0.04,0.59,0.43,0.732,66.9,-1.03,Pre-arb: league minimum (debut-date estimate),False,True,,reliever,23.5,4.61,1.95,-0.06,25.0,3,False,calibrated
656557,Tanner Houck,BOS,91.9,96.4,90.4,-0.13,0.217,0.07,0.078,starter,94.6,264,2,1.0,0.4,arb,3.95,3,2.0,hand,-6.84,0.18,0.09,0.6,False,SI,SI,True,660,179,8,95.2,95.7,96.4,0.999,93.3,0.698,0.237,0.079,0.08,0.426,0.43,2.44,1.28,0.525,83.4,0.31,salaries.csv,False,True,,starter,48.3,5.04,0.45,-0.3,43.7,2,False,calibrated
544150,Albert Suárez,BAL,90.9,96.1,93.8,1.84,0.224,0.075,0.031,reliever,58.1,169,2,0.97,0.08,pre-arb,0.82,4,3.0,hand,2.42,0.15,0.05,0.23,False,FF,FF,False,134,32,3,87.4,89.9,96.1,0.994,98.0,0.319,0.239,0.084,0.076,0.117,0.32,0.09,0.03,0.281,56.8,-0.19,salaries.csv,False,True,,reliever,8.6,4.18,1.11,0.34,11.7,3,False,calibrated
681810,Austin Warren,NYM,95.0,97.6,76.9,-5.41,0.185,0.089,0.118,reliever,58.4,333,2,1.0,0.08,arb,0.78,4,3.0,hand,-0.15,0.1,0.03,2.07,,,,False,146,34,4,,,97.6,0.994,92.2,0.338,0.238,0.086,0.086,0.124,-0.31,0.1,0.04,0.343,56.8,0.54,salaries.csv,False,True,,reliever,14.0,4.38,0.47,0.07,9.3,3,False,calibrated
666659,Sauryn Lao,WSH,92.2,96.5,94.0,1.42,0.205,0.059,0.041,reliever,17.9,0,0,0.0,0.07,pre-arb,0.76,6,5.0,estimate,-0.96,0.1,0.02,0.25,False,SL,SL,False,185,49,7,80.1,84.5,96.5,0.995,97.6,0.393,0.238,0.081,0.075,0.169,0.55,-1.25,-0.6,0.477,38.2,-0.11,Pre-arb: league minimum (debut-date estimate),False,True,,reliever,16.4,4.48,1.11,-0.02,11.0,5,False,calibrated
670174,Josh Winckowski,BOS,97.4,98.5,90.6,-2.66,0.193,0.072,0.096,reliever,2.0,12,0,0.03,0.08,pre-arb,0.78,4,3.0,hand,0.98,0.09,0.03,0.79,True,FF,FC,False,207,52,5,94.2,94.9,98.5,0.996,96.1,0.42,0.238,0.083,0.084,0.177,-0.02,-2.08,-0.82,0.394,29.7,0.24,salaries.csv,False,True,,reliever,15.6,4.43,1.19,0.18,11.7,3,False,calibrated
687330,Kevin Kelly,TB,101.6,100.0,100.5,-2.33,0.224,0.12,0.045,reliever,54.7,65,0,0.18,0.07,pre-arb,0.78,5,4.0,hand,-5.6,0.04,0.01,-0.05,True,SI,FC,True,548,157,31,95.8,96.1,100.0,0.998,100.3,0.657,0.238,0.099,0.067,0.394,-0.54,-0.1,-0.08,0.802,55.7,-0.03,salaries.csv,False,True,,reliever,33.4,4.68,2.04,-0.51,39.7,4,False,calibrated
689690,Alek Jacob,SD,138.2,113.5,80.0,-4.21,0.221,0.112,0.101,reliever,79.4,73,2,0.7,0.07,pre-arb,0.76,4,3.0,estimate,-5.64,-0.02,-0.01,3.35,False,FF,FF,True,517,138,23,91.1,92.7,113.5,0.998,87.1,0.644,0.238,0.095,0.089,0.364,-1.15,0.92,0.69,0.75,74.0,2.64,Pre-arb: league minimum (debut-date estimate),False,True,,reliever,31.4,4.67,2.09,-0.51,33.3,3,False,calibrated
656848,Michael Petersen,MIA,107.4,102.2,105.1,2.63,0.254,0.073,0.065,reliever,45.6,0,0,0.0,0.07,pre-arb,0.76,5,4.0,estimate,-0.89,-0.02,-0.0,-0.29,False,FF,FF,False,327,77,14,109.9,106.6,102.2,0.997,102.7,0.533,0.24,0.082,0.078,0.242,0.47,-0.32,-0.2,0.646,50.0,-0.05,Pre-arb: league minimum (debut-date estimate),False,True,,reliever,15.3,4.45,2.73,-0.01,18.0,4,False,calibrated
693313,Carson Seymour,SF,104.5,101.1,87.2,0.32,0.243,0.084,0.084,reliever,64.2,0,0,0.0,0.07,pre-arb,0.76,6,5.0,estimate,-6.05,-0.03,-0.01,1.39,True,SI,SL,True,621,155,16,103.4,101.8,101.1,0.999,91.2,0.685,0.24,0.085,0.083,0.391,0.05,0.35,0.23,0.676,62.2,0.99,Pre-arb: league minimum (debut-date estimate),False,True,,reliever,31.9,4.84,0.84,-0.56,36.0,5,False,calibrated
678020,Seth Halvorsen,COL,97.6,98.5,85.0,1.25,0.257,0.069,0.114,reliever,65.5,56,1,0.41,0.07,pre-arb,0.76,6,5.0,hand,-3.68,-0.08,-0.02,1.35,True,FF,SL,True,622,167,35,108.3,105.4,98.5,0.999,89.7,0.685,0.241,0.079,0.095,0.409,0.13,0.38,0.31,0.82,63.5,0.88,salaries.csv,False,True,,reliever,36.5,4.7,0.23,-0.31,39.7,5,False,calibrated
676661,Max Lazar,PHI,97.4,98.5,107.4,-0.91,0.235,0.098,0.072,reliever,24.3,0,0,0.0,0.07,pre-arb,0.76,5,4.0,estimate,-2.69,-0.11,-0.03,-0.89,True,FF,FC,True,643,167,26,100.8,99.8,98.5,0.999,105.1,0.692,0.239,0.091,0.078,0.409,-0.27,-1.11,-0.85,0.772,29.7,-0.66,Pre-arb: league minimum (debut-date estimate),False,True,,reliever,35.5,4.7,2.54,-0.2,41.3,4,False,calibrated
681911,Alex Vesia,LAD,90.8,96.0,108.0,1.77,0.25,0.074,0.078,reliever,28.4,17,0,0.05,0.35,FA-eligible,2.25,2,1.0,hand,2.52,-0.18,-0.18,-1.2,True,FF,CH,True,969,219,53,111.2,107.5,96.0,0.999,106.2,0.772,0.241,0.08,0.08,0.476,0.64,-0.93,-0.82,0.873,29.7,-1.02,salaries.csv,False,True,,reliever,43.9,4.17,2.33,0.5,59.7,1,False,calibrated
669684,Chris Murphy,BOS,96.2,98.0,81.5,-2.4,0.228,0.083,0.129,reliever,66.9,279,2,1.0,0.06,pre-arb,0.76,4,3.0,estimate,-2.8,-0.27,-0.09,1.65,True,FF,CU,True,569,147,22,95.6,96.0,98.0,0.998,87.7,0.665,0.239,0.085,0.1,0.379,-0.69,0.41,0.31,0.741,63.5,1.03,Pre-arb: league minimum (debut-date estimate),False,True,,reliever,32.8,4.7,-0.15,-0.21,34.7,3,False,calibrated
671131,Jackson Rutledge,WSH,97.4,98.5,91.3,1.13,0.233,0.069,0.076,reliever,73.6,0,0,0.0,0.06,pre-arb,0.76,4,3.0,estimate,-8.19,-0.27,-0.09,0.72,True,SI,FS,True,1337,331,55,91.9,93.2,98.5,0.999,92.8,0.824,0.238,0.076,0.078,0.578,0.85,0.68,0.6,0.878,70.6,0.57,Pre-arb: league minimum (debut-date estimate),False,True,,reliever,56.1,4.77,0.69,-0.78,73.3,3,False,calibrated
676702,Hunter Stratton,ATL,97.9,98.6,98.7,0.54,0.248,0.087,0.079,reliever,99.3,78,0,0.22,0.06,pre-arb,0.76,4,3.0,estimate,-1.91,-0.35,-0.12,-0.01,True,FF,SL,False,343,89,12,97.4,97.3,98.6,0.997,99.3,0.545,0.24,0.086,0.081,0.27,0.03,5.28,3.22,0.61,96.6,-0.07,salaries.csv,False,True,,reliever,20.2,4.61,1.68,-0.12,19.0,3,False,calibrated
681867,Cooper Criswell,BOS,103.0,100.5,118.1,4.44,0.248,0.045,0.067,reliever,7.4,166,1,0.71,0.06,pre-arb,1.0,5,4.0,hand,-1.98,-0.37,-0.09,-1.76,False,CH,CH,False,266,75,5,97.6,97.5,100.5,0.997,108.7,0.482,0.24,0.077,0.078,0.237,0.89,-1.69,-0.67,0.394,35.5,-0.82,salaries.csv,False,True,,reliever,19.0,4.7,3.38,-0.1,17.7,4,False,calibrated
543859,Michael Tonkin,MIN,103.7,100.8,92.2,-1.02,0.222,0.086,0.077,reliever,28.0,138,2,0.88,0.06,arb,1.0,2,1.0,hand,-1.74,-0.39,-0.39,0.86,True,FF,SL,False,397,104,19,98.7,98.3,100.8,0.998,95.5,0.581,0.238,0.086,0.08,0.301,-0.02,-0.94,-0.67,0.712,35.5,0.53,salaries.csv,False,True,,reliever,16.1,4.54,1.44,-0.08,24.0,1,False,calibrated
669211,Keegan Akin,BAL,94.7,97.5,106.1,-1.03,0.254,0.095,0.113,reliever,48.0,122,1,0.59,0.11,arb,1.48,2,1.0,hand,-4.05,-0.42,-0.42,-0.86,False,FF,FF,True,1021,257,51,102.9,101.4,97.5,0.999,104.8,0.781,0.242,0.091,0.098,0.516,-0.89,-0.27,-0.24,0.869,49.3,-0.73,salaries.csv,False,True,,reliever,46.5,4.71,2.34,-0.27,63.3,1,False,calibrated
688297,Chris Roycroft,STL,112.5,104.0,68.8,-3.01,0.22,0.09,0.115,reliever,60.5,0,0,0.0,0.06,pre-arb,0.76,5,4.0,estimate,-1.46,-0.43,-0.11,3.52,True,SI,FC,False,378,96,17,106.1,103.8,104.0,0.998,82.2,0.569,0.238,0.087,0.091,0.285,-0.56,0.16,0.11,0.689,58.4,2.18,Pre-arb: league minimum (debut-date estimate),False,True,,reliever,20.5,4.6,-0.07,-0.07,20.7,4,False,calibrated
669371,Cole Henry,WSH,102.1,100.2,84.1,-2.55,0.229,0.085,0.129,reliever,65.2,14,0,0.04,0.06,pre-arb,0.76,6,5.0,estimate,-5.4,-0.43,-0.09,1.61,False,FF,FF,True,965,240,51,108.2,105.3,100.2,0.999,87.7,0.771,0.238,0.085,0.105,0.499,-1.02,0.37,0.32,0.869,63.9,1.25,Pre-arb: league minimum (debut-date estimate),False,True,,reliever,43.3,4.74,0.18,-0.49,52.7,5,False,calibrated
820862,José Fermin,LAA,120.7,107.1,100.5,-1.46,0.248,0.082,0.14,reliever,67.6,22,1,0.31,0.06,pre-arb,0.76,6,5.0,estimate,-6.15,-0.45,-0.09,0.66,False,SL,SL,True,645,150,37,115.6,110.8,107.1,0.999,100.3,0.693,0.24,0.084,0.104,0.383,-0.72,0.51,0.43,0.828,66.9,0.68,Pre-arb: league minimum (debut-date estimate),False,True,,reliever,34.8,4.71,3.11,-0.57,34.3,5,False,calibrated
642216,Allan Winans,NYY,91.1,96.1,93.2,-2.74,0.199,0.094,0.065,reliever,0.0,0,0,0.0,0.05,pre-arb,0.76,4,3.0,estimate,-2.1,-0.58,-0.19,0.29,False,CH,CH,False,171,46,2,92.0,93.3,96.1,0.995,97.5,0.374,0.238,0.087,0.079,0.16,-0.07,-4.65,-0.96,0.207,27.7,-0.14,Pre-arb: league minimum (debut-date estimate),False,True,,reliever,10.9,4.74,1.04,-0.14,9.3,3,False,calibrated
687003,Brian Van Belle,TB,92.3,96.6,119.3,1.87,0.209,0.078,0.0,reliever,25.3,22,1,0.31,0.06,pre-arb,0.76,6,5.0,estimate,-1.03,-0.59,-0.12,-2.27,False,CH,CH,False,129,36,4,96.5,96.7,96.6,0.993,106.0,0.311,0.239,0.085,0.071,0.13,0.46,-1.05,-0.36,0.343,45.3,-0.94,Pre-arb: league minimum (debut-date estimate),False,True,,reliever,12.3,4.45,2.39,-0.03,8.3,5,False,calibrated
682120,Tim Herrin,CLE,90.6,95.9,78.1,-3.56,0.221,0.08,0.15,reliever,71.6,0,0,0.0,0.06,pre-arb,0.78,5,4.0,hand,-3.37,-0.62,-0.15,1.78,True,CU,SL,True,733,187,45,98.5,98.1,95.9,0.999,84.2,0.719,0.237,0.083,0.111,0.437,-1.14,0.61,0.52,0.854,67.6,1.17,salaries.csv,False,True,,reliever,33.9,4.72,-0.99,-0.27,42.7,4,False,calibrated
664062,Tony Gonsolin,LAD,96.6,98.2,91.3,-2.07,0.232,0.089,0.114,starter,6.3,442,4,1.0,0.48,arb,5.4,2,1.0,hand,-7.31,-0.63,-0.63,0.69,True,FF,FS,True,609,158,7,88.1,90.4,98.2,0.999,94.1,0.68,0.239,0.087,0.094,0.396,-0.65,-1.87,-0.92,0.491,28.3,0.41,salaries.csv,False,True,,starter,46.8,4.85,0.84,-0.2,36.0,1,False,calibrated
690382,Michael Darrell-Hicks,LAA,95.8,97.9,67.2,-12.66,0.146,0.158,0.093,reliever,62.2,0,0,0.0,0.06,pre-arb,0.76,6,5.0,hand,-0.62,-0.63,-0.13,3.07,False,SI,SI,False,158,43,6,85.4,88.4,97.9,0.995,88.3,0.356,0.237,0.096,0.083,0.151,-1.08,0.24,0.1,0.439,58.4,0.96,salaries.csv,False,True,,reliever,13.9,4.5,-0.07,0.01,9.7,5,False,calibrated
660896,Jorge Alcalá,MIN,116.5,105.5,88.6,-0.71,0.249,0.088,0.11,reliever,95.3,316,2,1.0,0.08,FA-eligible,1.5,2,1.0,hand,-8.33,-0.66,-0.66,1.69,False,FF,FF,True,1046,254,51,109.6,106.4,105.5,0.999,91.0,0.785,0.241,0.087,0.096,0.513,-0.59,2.69,2.33,0.869,93.6,1.45,salaries.csv,False,True,,reliever,43.3,4.7,1.47,-0.72,55.0,1,False,calibrated
671111,Sammy Peralta,LAA,90.3,95.8,111.6,-2.92,0.222,0.118,0.061,reliever,0.0,0,0,0.0,0.05,pre-arb,0.76,4,3.0,estimate,0.62,-0.71,-0.24,-1.58,False,SL,SL,False,153,49,5,98.1,97.8,95.8,0.994,104.0,0.348,0.239,0.09,0.078,0.169,-0.25,-4.16,-1.64,0.394,8.4,-0.82,Pre-arb: league minimum (debut-date estimate),False,True,,reliever,14.5,4.58,1.97,0.15,10.7,3,False,calibrated
690544,Bailey Horn,DET,102.0,100.2,80.8,-2.1,0.237,0.08,0.14,reliever,0.3,0,0,0.0,0.05,pre-arb,0.76,5,4.0,estimate,-0.59,-0.71,-0.18,1.94,False,FF,FF,False,224,50,10,118.5,112.9,100.2,0.996,91.6,0.439,0.239,0.085,0.092,0.172,-0.32,-2.6,-1.47,0.566,12.5,0.86,Pre-arb: league minimum (debut-date estimate),False,True,,reliever,14.6,4.54,0.77,0.02,11.3,4,False,calibrated
669391,Owen White,CWS,88.0,95.0,91.2,4.46,0.286,0.067,0.086,reliever,0.0,32,0,0.09,0.05,pre-arb,0.76,4,3.0,estimate,-0.8,-0.77,-0.26,0.38,,,,False,119,35,3,,,95.0,0.993,97.4,0.294,0.24,0.084,0.082,0.127,0.21,-3.19,-0.9,0.281,29.1,-0.24,Pre-arb: league minimum (debut-date estimate),False,True,,reliever,14.0,4.58,0.86,-0.0,7.0,3,False,calibrated
669308,Sean Reynolds,SD,99.0,99.0,89.8,-1.84,0.249,0.085,0.145,reliever,46.3,41,0,0.11,0.05,pre-arb,0.76,5,4.0,estimate,-3.25,-0.77,-0.19,0.92,True,FF,SL,False,494,117,19,95.3,95.8,99.0,0.998,93.5,0.633,0.24,0.085,0.103,0.327,-0.76,-0.29,-0.21,0.712,49.7,0.55,Pre-arb: league minimum (debut-date estimate),False,True,,reliever,25.6,4.73,0.87,-0.26,27.0,4,False,calibrated
663542,Bryan Hudson,MIL,100.0,99.4,86.1,3.59,0.277,0.057,0.113,reliever,39.5,43,0,0.12,0.05,pre-arb,0.76,4,3.0,estimate,-2.08,-0.78,-0.26,1.33,True,FF,ST,False,264,62,13,100.9,99.9,99.4,0.997,93.3,0.48,0.241,0.079,0.088,0.204,0.37,-0.56,-0.35,0.629,45.6,0.61,Pre-arb: league minimum (debut-date estimate),False,True,,reliever,16.8,4.63,0.9,-0.14,15.0,3,False,calibrated
592094,Jason Adam,SD,106.7,101.9,98.4,-1.0,0.235,0.096,0.078,reliever,55.1,56,0,0.16,0.4,arb,4.8,2,1.0,hand,5.42,-0.8,-0.8,0.35,True,SL,CH,True,1038,257,57,102.7,101.2,101.9,0.999,98.7,0.784,0.239,0.091,0.08,0.516,-0.42,-0.09,-0.08,0.881,55.7,0.32,salaries.csv,False,True,,reliever,42.9,4.05,2.09,1.08,65.3,1,False,calibrated
685801,Hunter Bigge,TB,106.4,101.8,88.1,-4.9,0.193,0.099,0.098,reliever,22.3,149,1,0.66,0.05,pre-arb,0.76,5,4.0,estimate,-3.43,-0.81,-0.2,1.37,False,SL,SL,False,192,51,10,111.0,107.4,101.8,0.995,95.2,0.402,0.238,0.088,0.085,0.175,-0.4,-1.14,-0.64,0.566,37.2,0.66,Pre-arb: league minimum (debut-date estimate),False,True,,reliever,19.2,4.63,1.55,-0.28,15.0,4,False,calibrated
664351,Luis Contreras,HOU,103.4,100.7,56.8,-8.03,0.187,0.104,0.156,reliever,2.7,0,0,0.0,0.05,pre-arb,0.76,5,4.0,estimate,-1.55,-0.82,-0.2,4.39,False,FF,FF,False,182,45,7,99.7,99.0,100.7,0.995,83.2,0.389,0.238,0.089,0.093,0.157,-0.82,-2.04,-0.97,0.477,27.7,1.75,Pre-arb: league minimum (debut-date estimate),False,True,,reliever,13.4,4.53,-0.42,-0.08,12.0,4,False,calibrated
608718,Brent Suter,CIN,117.9,106.0,106.6,-1.1,0.231,0.103,0.06,reliever,41.2,69,0,0.19,0.22,FA-eligible,2.25,2,1.0,hand,-2.25,-0.84,-0.84,-0.06,True,FF,CH,True,1118,284,41,93.5,94.4,106.0,0.999,105.3,0.796,0.238,0.095,0.07,0.541,-0.38,-0.51,-0.43,0.842,43.2,0.07,salaries.csv,False,True,,reliever,42.2,4.47,3.69,0.0,67.7,1,False,calibrated
664123,Scott Effross,NYY,102.4,100.3,91.0,-3.41,0.192,0.109,0.04,reliever,4.7,270,2,1.0,0.05,arb,0.8,4,3.0,hand,-0.29,-0.85,-0.28,0.93,False,SI,SI,False,156,50,8,100.3,99.5,100.3,0.994,96.8,0.353,0.238,0.089,0.075,0.172,-0.07,-1.87,-0.95,0.51,27.7,0.35,salaries.csv,False,True,,reliever,12.3,4.53,1.56,0.05,10.7,3,False,calibrated
663423,Trent Thornton,SEA,104.8,101.2,101.4,-0.4,0.231,0.091,0.067,reliever,90.2,90,0,0.25,0.1,arb,2.0,2,1.0,hand,-3.03,-0.97,-0.97,-0.02,True,FF,CU,True,606,164,26,104.1,102.3,101.2,0.999,101.0,0.679,0.239,0.088,0.076,0.405,0.02,1.86,1.44,0.772,87.2,0.02,salaries.csv,False,True,,reliever,31.2,4.58,2.33,-0.11,42.3,1,False,calibrated
657044,Ryan Thompson,AZ,98.9,99.0,75.0,0.64,0.233,0.08,0.066,reliever,93.9,112,2,0.81,0.2,arb,2.96,2,1.0,hand,0.49,-0.99,-0.99,2.4,True,SI,SL,True,627,166,33,115.1,110.4,99.0,0.999,82.8,0.687,0.239,0.083,0.075,0.408,0.4,2.62,2.12,0.811,92.6,1.62,salaries.csv,False,True,,reliever,30.7,4.3,-0.73,0.36,41.3,1,False,calibrated
656464,Kevin Ginkel,AZ,107.1,102.0,101.0,-0.1,0.224,0.061,0.107,reliever,73.0,89,2,0.75,0.14,arb,2.42,2,1.0,hand,-0.01,-1.02,-1.02,0.1,True,FF,SL,False,491,121,27,100.0,99.2,102.0,0.998,100.6,0.632,0.238,0.077,0.09,0.334,0.26,0.64,0.5,0.779,67.2,0.14,salaries.csv,False,True,,reliever,22.0,4.31,2.39,0.25,25.7,1,False,calibrated
663462,Isaiah Campbell,BOS,96.9,98.3,125.9,6.55,0.312,0.092,0.029,reliever,0.0,78,2,0.72,0.04,pre-arb,0.76,4,3.0,estimate,-1.02,-1.04,-0.35,-2.76,False,SL,SL,False,109,35,4,93.8,94.7,98.3,0.992,107.1,0.276,0.241,0.086,0.075,0.127,0.31,-2.77,-0.95,0.343,27.7,-0.88,Pre-arb: league minimum (debut-date estimate),False,True,,reliever,13.6,4.63,2.81,-0.03,7.7,3,False,calibrated
681006,Josh Simpson,MIA,92.2,96.5,89.9,-2.72,0.245,0.098,0.134,reliever,68.6,272,2,1.0,0.05,pre-arb,0.76,6,5.0,estimate,-3.5,-1.04,-0.21,0.66,True,ST,FF,True,613,149,29,99.1,98.6,96.5,0.999,93.1,0.682,0.24,0.091,0.102,0.382,-1.16,0.57,0.45,0.791,66.9,0.34,Pre-arb: league minimum (debut-date estimate),False,True,,reliever,29.4,4.72,0.44,-0.29,30.7,5,False,calibrated
663773,Bryan Hoeing,SD,82.1,92.8,98.4,4.64,0.274,0.056,0.083,reliever,1.4,176,1,0.74,0.05,pre-arb,0.78,5,4.0,hand,0.52,-1.08,-0.27,-0.56,False,SI,SI,False,124,36,7,68.4,75.8,92.9,0.993,99.5,0.302,0.24,0.082,0.082,0.13,0.32,-2.24,-1.07,0.477,25.0,-0.66,salaries.csv,False,True,,reliever,13.0,4.56,0.86,0.14,8.0,4,False,calibrated
678226,Daysbel Hernández,ATL,101.5,100.0,92.7,-3.25,0.224,0.065,0.178,reliever,37.8,108,3,0.8,0.03,pre-arb,0.76,4,3.0,estimate,-2.69,-1.11,-0.37,0.73,True,SL,FF,True,704,157,33,99.9,99.2,100.0,0.999,94.8,0.711,0.238,0.077,0.12,0.394,-0.93,-0.6,-0.49,0.811,41.6,0.52,Pre-arb: league minimum (debut-date estimate),False,True,,reliever,31.7,4.77,1.22,-0.2,37.0,3,False,calibrated
642048,Tayler Saucedo,SEA,86.5,94.4,92.2,-2.77,0.214,0.11,0.059,reliever,71.6,136,0,0.38,0.03,arb,0.94,3,2.0,hand,-1.43,-1.12,-0.56,0.22,False,SI,SI,False,173,51,7,92.5,93.7,94.4,0.995,97.1,0.377,0.239,0.089,0.078,0.175,-0.19,0.61,0.29,0.477,62.8,-0.27,salaries.csv,False,True,,reliever,12.4,4.62,0.72,-0.05,13.3,2,False,calibrated
657612,Tim Hill,NYY,111.6,103.7,91.4,0.82,0.235,0.088,0.05,reliever,0.3,66,1,0.43,0.18,FA-eligible,2.5,2,1.0,hand,-0.96,-1.16,-1.16,1.23,False,SI,SI,True,867,260,52,105.0,102.9,103.7,0.999,93.5,0.752,0.239,0.087,0.065,0.519,0.54,-2.64,-2.3,0.871,1.0,1.02,salaries.csv,False,True,,reliever,42.3,4.49,1.58,0.16,67.0,1,False,calibrated
682825,Luis Mey,CIN,103.8,100.8,58.6,-4.53,0.234,0.089,0.179,reliever,88.5,0,0,0.0,0.05,pre-arb,0.76,6,5.0,estimate,-3.11,-1.2,-0.24,4.22,False,SI,SI,False,414,95,21,103.7,102.0,100.8,0.998,75.5,0.591,0.239,0.087,0.109,0.283,-1.21,1.66,1.21,0.732,83.4,2.53,Pre-arb: league minimum (debut-date estimate),False,True,,reliever,25.4,4.71,-1.56,-0.25,21.0,5,False,calibrated
671109,Jake Eder,LAA,89.9,95.7,82.7,-2.47,0.228,0.096,0.104,reliever,5.7,0,0,0.0,0.04,pre-arb,0.76,5,4.0,estimate,-2.2,-1.21,-0.3,1.3,True,FF,ST,False,302,77,8,91.2,92.7,95.7,0.997,91.1,0.514,0.239,0.088,0.087,0.242,-0.45,-1.82,-0.93,0.51,28.4,0.46,Pre-arb: league minimum (debut-date estimate),False,True,,reliever,20.1,4.69,0.02,-0.15,18.3,4,False,calibrated
668716,Noah Murdock,ATH,99.6,99.3,72.4,-3.17,0.225,0.071,0.167,reliever,1.0,0,0,0.0,0.04,pre-arb,0.76,6,5.0,estimate,-0.82,-1.25,-0.25,2.69,False,SI,SI,False,311,78,12,104.3,102.4,99.3,0.997,85.6,0.521,0.239,0.082,0.103,0.244,-0.58,-2.32,-1.42,0.61,13.9,1.37,Pre-arb: league minimum (debut-date estimate),False,True,,reliever,18.9,4.66,-0.27,-0.01,17.0,5,False,calibrated
678215,Luarbert Arias,MIA,89.4,95.5,74.4,0.21,0.25,0.077,0.111,reliever,99.3,0,0,0.0,0.04,pre-arb,0.76,6,5.0,estimate,-2.1,-1.27,-0.25,2.11,False,SL,SL,False,168,45,6,81.2,85.3,95.5,0.995,90.5,0.37,0.24,0.084,0.086,0.157,-0.06,4.86,2.13,0.439,92.6,0.5,Pre-arb: league minimum (debut-date estimate),False,True,,reliever,18.3,4.66,-0.1,-0.14,10.3,5,False,calibrated
664139,Ian Gibaut,CIN,96.5,98.1,112.3,-2.26,0.235,0.116,0.07,reliever,45.3,296,3,1.0,0.06,arb,1.3,3,2.0,hand,-1.1,-1.29,-0.64,-1.42,True,FF,SL,False,344,100,20,91.8,93.2,98.1,0.997,106.7,0.546,0.239,0.094,0.078,0.293,-0.54,-0.38,-0.27,0.723,48.0,-0.86,salaries.csv,False,True,,reliever,21.7,4.62,2.72,0.02,25.3,2,False,calibrated
692230,Carlos Rodriguez,MIL,91.1,96.1,82.0,-7.26,0.197,0.091,0.18,reliever,12.5,0,0,0.0,0.04,pre-arb,0.76,5,4.0,estimate,-1.25,-1.3,-0.33,1.41,False,FF,FF,False,208,50,4,89.5,91.5,96.1,0.996,92.4,0.421,0.238,0.087,0.099,0.172,-0.86,-1.48,-0.51,0.343,41.2,0.37,Pre-arb: league minimum (debut-date estimate),False,True,,reliever,18.1,4.68,0.27,-0.05,9.7,4,False,calibrated
642016,Daniel Robert,PHI,94.4,97.4,86.2,-3.28,0.267,0.106,0.169,reliever,6.1,44,1,0.37,0.04,pre-arb,0.76,5,4.0,estimate,-1.63,-1.35,-0.34,1.12,True,ST,FF,False,255,59,13,95.0,95.5,97.4,0.997,93.5,0.471,0.241,0.09,0.099,0.197,-0.96,-1.76,-1.11,0.629,24.3,0.39,Pre-arb: league minimum (debut-date estimate),False,True,,reliever,13.0,4.61,0.63,-0.09,13.0,4,False,calibrated
680704,Nick Sandlin,TOR,109.3,102.9,106.0,0.89,0.25,0.079,0.091,reliever,55.7,160,2,0.94,0.09,arb,1.63,3,2.0,hand,-1.79,-1.38,-0.69,-0.31,True,SL,FS,False,228,55,12,108.9,105.8,102.9,0.996,102.7,0.443,0.24,0.084,0.083,0.186,0.07,-0.06,-0.04,0.61,56.1,0.02,salaries.csv,False,True,,reliever,19.3,4.46,2.84,-0.02,16.3,2,False,calibrated
666168,Mason Thompson,WSH,91.7,96.4,82.9,1.33,0.28,0.059,0.172,reliever,97.6,208,0,0.5,0.0,arb,0.77,3,2.0,hand,-2.08,-1.39,-0.69,1.35,False,SI,SI,False,239,58,13,90.9,92.5,96.4,0.996,92.2,0.455,0.241,0.08,0.099,0.194,-0.15,3.36,2.11,0.629,92.6,0.42,salaries.csv,False,True,,reliever,16.6,4.84,0.29,-0.14,10.7,2,False,calibrated
694350,Zach Brzykcy,WSH,103.2,100.6,84.8,-2.13,0.216,0.078,0.109,reliever,26.4,29,0,0.08,0.04,pre-arb,0.76,5,4.0,estimate,-5.03,-1.39,-0.35,1.58,True,FF,CU,False,459,110,22,102.3,100.9,100.6,0.998,90.6,0.616,0.238,0.083,0.09,0.313,-0.27,-1.01,-0.75,0.741,32.1,1.0,Pre-arb: league minimum (debut-date estimate),False,True,,reliever,24.1,4.74,0.68,-0.45,23.0,4,False,calibrated
660604,Alan Rangel,PHI,100.8,99.7,106.8,0.06,0.236,0.057,0.13,reliever,11.1,0,0,0.0,0.04,pre-arb,0.76,6,5.0,estimate,-0.74,-1.41,-0.28,-0.71,False,FF,FF,False,174,46,4,79.4,84.0,99.7,0.995,102.6,0.378,0.239,0.081,0.09,0.16,0.04,-1.54,-0.53,0.343,40.9,-0.29,Pre-arb: league minimum (debut-date estimate),False,True,,reliever,14.3,4.61,2.34,0.0,11.0,5,False,calibrated
701121,Logan Vanwey,HOU,96.1,98.0,107.5,-1.96,0.214,0.099,0.061,reliever,16.9,0,0,0.0,0.04,pre-arb,0.76,6,5.0,estimate,-1.75,-1.45,-0.29,-0.95,False,FF,FF,False,182,49,8,104.4,102.5,98.0,0.995,102.9,0.389,0.239,0.088,0.078,0.169,-0.09,-1.29,-0.66,0.51,36.1,-0.49,Pre-arb: league minimum (debut-date estimate),False,True,,reliever,15.6,4.64,2.13,-0.1,10.7,5,False,calibrated
691172,Yosver Zulueta,CIN,105.1,101.3,92.5,-2.47,0.229,0.086,0.125,reliever,100.0,0,0,0.0,0.03,pre-arb,0.76,5,4.0,estimate,-1.28,-1.46,-0.36,0.88,True,SI,SL,False,140,32,6,135.0,125.2,101.3,0.994,97.5,0.329,0.239,0.086,0.087,0.117,-0.22,6.15,2.7,0.439,95.3,0.38,Pre-arb: league minimum (debut-date estimate),False,True,,reliever,13.4,4.64,1.82,-0.05,7.3,4,False,calibrated
669620,Brady Basso,ATH,81.7,92.7,101.0,1.28,0.286,0.078,0.145,reliever,0.0,137,1,0.63,0.03,pre-arb,0.76,5,4.0,estimate,-0.11,-1.57,-0.39,-0.83,False,FF,FF,False,206,55,7,75.1,80.8,92.7,0.996,100.4,0.419,0.241,0.084,0.094,0.186,-0.25,-2.86,-1.36,0.477,14.9,-0.77,Pre-arb: league minimum (debut-date estimate),False,True,,reliever,16.0,4.77,0.96,0.07,11.7,4,False,calibrated
681916,Dylan Smith,DET,100.7,99.7,84.3,-5.91,0.21,0.121,0.109,reliever,67.9,0,0,0.0,0.03,pre-arb,0.76,6,5.0,estimate,-0.55,-1.72,-0.34,1.54,True,FF,ST,False,157,46,7,102.0,100.7,99.7,0.994,94.4,0.354,0.239,0.091,0.086,0.16,-0.63,0.53,0.25,0.477,62.5,0.53,Pre-arb: league minimum (debut-date estimate),False,True,,reliever,18.8,4.71,1.11,0.02,13.0,5,False,calibrated
666808,Camilo Doval,SF,98.5,98.9,88.8,-1.01,0.238,0.079,0.119,reliever,62.5,0,0,0.0,0.36,arb,4.53,3,2.0,hand,2.84,-1.72,-0.86,1.01,True,SL,SI,True,1078,269,60,102.6,101.2,98.9,0.999,91.1,0.79,0.239,0.082,0.101,0.527,-0.5,0.25,0.22,0.887,61.5,0.78,salaries.csv,False,True,,reliever,49.0,4.23,0.5,0.78,65.3,2,False,calibrated
663321,Nick Hernandez,HOU,97.4,98.5,68.8,-6.71,0.167,0.072,0.154,reliever,11.5,0,0,0.0,0.01,pre-arb,0.76,4,3.0,estimate,-3.52,-1.78,-0.59,2.97,True,SL,FF,False,221,52,9,89.2,91.2,98.5,0.996,86.4,0.436,0.237,0.083,0.095,0.177,-0.49,-1.53,-0.82,0.54,29.7,1.21,Pre-arb: league minimum (debut-date estimate),False,True,,reliever,11.1,4.78,-0.27,-0.29,10.7,3,False,calibrated
640462,A. J. Puk,AZ,126.4,109.2,98.5,0.93,0.234,0.094,0.033,reliever,30.4,212,3,1.0,0.12,arb,2.95,2,1.0,hand,-2.95,-1.79,-1.79,1.07,False,FF,FF,False,128,30,7,138.3,127.6,109.1,0.993,99.5,0.309,0.239,0.087,0.076,0.111,0.13,-0.8,-0.38,0.477,44.3,0.96,salaries.csv,False,True,,reliever,12.2,4.03,3.29,0.0,8.0,1,False,calibrated
682610,Roddery Muñoz,STL,106.8,101.9,81.7,-6.43,0.192,0.079,0.176,reliever,26.0,0,0,0.0,0.02,pre-arb,0.76,5,4.0,estimate,-4.48,-1.88,-0.47,2.02,False,SL,SL,False,229,51,9,114.4,109.9,101.9,0.996,91.9,0.445,0.238,0.084,0.098,0.175,-0.67,-1.03,-0.56,0.54,39.5,1.0,Pre-arb: league minimum (debut-date estimate),False,True,,reliever,17.1,4.75,1.07,-0.39,11.0,4,False,calibrated
666215,Forrest Whitley,HOU,109.9,103.1,99.2,-3.35,0.246,0.113,0.121,reliever,47.0,50,0,0.14,0.02,pre-arb,0.76,5,4.0,estimate,-3.43,-1.88,-0.47,0.39,True,FF,FC,False,256,66,10,101.9,100.7,103.1,0.997,99.6,0.472,0.24,0.092,0.09,0.215,-0.8,-0.28,-0.16,0.566,51.4,0.35,Pre-arb: league minimum (debut-date estimate),False,True,,reliever,15.4,4.73,2.4,-0.28,12.0,4,False,calibrated
666277,George Soriano,MIA,112.5,104.0,96.3,-0.9,0.246,0.097,0.094,reliever,97.3,0,0,0.0,0.0,pre-arb,0.76,4,3.0,estimate,-8.12,-1.97,-0.66,0.77,True,CH,SL,True,601,149,20,110.4,106.9,104.0,0.999,97.5,0.677,0.24,0.09,0.086,0.382,-0.48,3.31,2.39,0.723,93.6,0.65,Pre-arb: league minimum (debut-date estimate),False,True,,reliever,33.3,4.86,2.22,-0.77,36.7,3,False,calibrated
671305,Michel Otañez,ATH,117.7,106.0,44.9,-7.44,0.174,0.074,0.179,reliever,81.4,47,1,0.38,0.02,pre-arb,0.76,5,4.0,estimate,-3.32,-2.0,-0.5,6.11,,,,False,121,28,6,,,106.0,0.993,83.6,0.297,0.238,0.084,0.092,0.104,-0.39,1.06,0.47,0.439,67.2,2.24,Pre-arb: league minimum (debut-date estimate),False,True,,reliever,11.7,4.71,0.44,-0.27,5.3,4,False,calibrated
680735,Austin Cox,ATL,85.2,94.0,120.5,4.39,0.271,0.06,0.077,reliever,25.3,23,0,0.06,-0.0,pre-arb,0.76,4,3.0,estimate,-7.23,-2.25,-0.75,-2.65,True,FF,SL,False,384,91,12,89.1,91.2,94.0,0.998,111.7,0.573,0.242,0.078,0.08,0.274,0.79,-1.06,-0.65,0.61,36.8,-1.77,Pre-arb: league minimum (debut-date estimate),False,True,,reliever,20.5,4.96,2.85,-0.68,21.3,3,False,calibrated
667463,John King,STL,92.7,96.7,98.8,0.59,0.231,0.08,0.064,reliever,32.4,42,0,0.12,0.04,arb,1.6,3,2.0,hand,-4.11,-2.26,-1.13,-0.21,True,SI,SL,True,776,220,38,101.7,100.5,96.7,0.999,99.1,0.731,0.239,0.083,0.073,0.477,0.49,-0.74,-0.62,0.832,37.2,-0.24,salaries.csv,False,True,,reliever,35.2,4.76,1.37,-0.26,48.3,2,False,calibrated
622253,Dillon Tate,TOR,86.5,94.4,83.8,-4.6,0.194,0.058,0.176,reliever,87.5,186,2,1.0,0.02,arb,1.4,3,2.0,hand,-2.38,-2.32,-1.16,1.06,False,ST,ST,False,139,34,5,84.8,88.0,94.4,0.994,94.7,0.327,0.238,0.082,0.093,0.124,-0.25,1.51,0.6,0.394,70.3,-0.03,salaries.csv,False,True,,reliever,10.3,4.71,0.36,-0.1,6.3,2,False,calibrated
692285,Luis Guerrero,BOS,89.2,95.4,80.4,-7.78,0.205,0.097,0.194,reliever,87.2,92,1,0.51,0.01,pre-arb,0.76,5,4.0,estimate,-0.56,-2.34,-0.59,1.5,True,SL,FF,False,288,72,13,90.2,92.0,95.4,0.997,90.2,0.502,0.238,0.088,0.108,0.23,-1.37,1.41,0.89,0.629,78.4,0.52,Pre-arb: league minimum (debut-date estimate),False,True,,reliever,23.1,4.83,-0.16,0.02,17.3,4,False,calibrated
689225,Beau Brieske,DET,110.1,103.1,99.1,-1.21,0.237,0.081,0.117,reliever,5.4,210,3,1.0,0.02,arb,1.02,4,3.0,hand,-5.02,-2.35,-0.78,0.4,True,FF,SI,False,372,94,17,108.8,105.8,103.1,0.998,99.5,0.565,0.239,0.084,0.092,0.28,-0.29,-1.86,-1.28,0.689,17.2,0.36,salaries.csv,False,True,,reliever,24.0,4.85,2.39,-0.42,22.0,3,False,calibrated
694851,Andrew Hoffmann,KC,95.5,97.8,84.1,-2.85,0.245,0.082,0.171,reliever,1.4,0,0,0.0,0.02,pre-arb,0.76,6,5.0,estimate,-2.4,-2.37,-0.47,1.37,False,FF,FF,False,159,41,6,89.0,91.1,97.8,0.995,94.3,0.357,0.24,0.085,0.095,0.145,-0.46,-2.15,-0.94,0.439,27.7,0.35,Pre-arb: league minimum (debut-date estimate),False,True,,reliever,17.4,4.76,0.81,-0.17,12.0,5,False,calibrated
802419,Tom Harrington,PIT,81.2,92.5,111.3,-6.35,0.214,0.127,0.114,reliever,87.2,0,0,0.0,0.02,pre-arb,0.76,6,5.0,estimate,-3.78,-2.42,-0.48,-1.88,False,FF,FF,False,173,44,2,73.5,79.6,92.5,0.995,104.3,0.377,0.239,0.092,0.087,0.154,-0.77,1.44,0.3,0.207,63.2,-1.18,Pre-arb: league minimum (debut-date estimate),False,True,,reliever,17.3,5.07,1.52,-0.32,8.7,5,False,calibrated
676477,Garrett Whitlock,BOS,110.7,103.4,110.3,1.03,0.248,0.081,0.08,reliever,98.6,301,2,1.0,0.74,FA-eligible,5.5,4,3.0,hand,12.96,-2.47,-0.82,-0.69,True,SI,SL,True,1132,276,52,140.2,129.0,103.4,0.999,108.2,0.798,0.241,0.083,0.081,0.534,0.34,3.86,3.36,0.871,97.6,-0.48,salaries.csv,False,True,,reliever,55.4,3.69,3.74,1.94,72.0,3,False,calibrated
687377,Orlando Ribalta,WSH,108.2,102.4,86.5,-2.02,0.23,0.08,0.128,reliever,53.4,104,0,0.29,0.01,pre-arb,0.76,5,4.0,estimate,-5.86,-2.5,-0.62,1.59,False,FF,FF,False,452,109,18,104.0,102.2,102.4,0.998,91.7,0.612,0.239,0.084,0.096,0.311,-0.47,-0.11,-0.08,0.701,55.7,1.07,Pre-arb: league minimum (debut-date estimate),False,True,,reliever,24.2,4.84,1.11,-0.54,24.3,4,False,calibrated
645261,Sandy Alcántara,MIA,101.7,100.0,100.7,0.75,0.251,0.091,0.073,starter,54.6,214,1,0.75,1.74,FA-eligible,17.3,3,2.0,hand,3.68,-2.52,-1.26,-0.07,True,SI,FC,True,2800,725,30,98.9,98.4,100.0,1.0,100.6,0.907,0.243,0.089,0.075,0.75,0.22,-0.11,-0.09,0.806,55.1,-0.06,salaries.csv,False,True,,starter,128.1,4.55,2.09,2.21,174.7,2,False,calibrated
657006,Justin Steele,CHC,84.0,93.5,101.1,2.24,0.254,0.083,0.057,starter,22.0,261,2,1.0,0.5,arb,6.55,3,2.0,hand,-5.38,-2.68,-1.34,-0.76,False,FF,FF,False,169,53,2,75.4,81.0,93.5,0.995,100.4,0.371,0.24,0.085,0.077,0.18,0.25,-1.21,-0.26,0.216,47.8,-0.69,salaries.csv,False,True,,starter,38.6,4.6,1.08,0.12,22.7,2,False,calibrated
592155,Cam Booser,CWS,90.5,95.9,97.2,-0.82,0.243,0.073,0.134,reliever,94.3,51,2,0.64,0.0,pre-arb,0.76,5,4.0,estimate,-6.53,-2.76,-0.69,-0.13,True,FF,FC,True,534,134,29,102.0,100.7,95.9,0.998,98.2,0.651,0.24,0.081,0.101,0.357,-0.36,2.63,2.08,0.791,91.9,-0.23,Pre-arb: league minimum (debut-date estimate),False,True,,reliever,23.6,4.87,1.11,-0.61,31.0,4,False,calibrated
669674,Sam Long,KC,88.1,95.0,94.8,-2.59,0.227,0.09,0.118,reliever,82.4,108,1,0.55,-0.0,pre-arb,0.95,4,3.0,hand,-5.36,-2.78,-0.93,0.02,True,FF,SL,True,748,178,35,93.0,94.1,95.0,0.999,96.2,0.723,0.238,0.087,0.097,0.425,-0.85,1.12,0.92,0.82,79.4,-0.12,salaries.csv,False,True,,reliever,32.4,4.88,0.68,-0.46,40.3,3,False,calibrated
674285,Eduardo Salazar,WSH,97.9,98.6,84.5,-5.4,0.202,0.103,0.119,reliever,6.8,0,0,0.0,-0.02,pre-arb,0.76,4,3.0,estimate,-6.68,-2.84,-0.95,1.41,True,SI,SL,False,484,135,23,102.7,101.2,98.6,0.998,90.3,0.628,0.237,0.092,0.095,0.359,-1.21,-1.76,-1.32,0.75,16.2,0.83,Pre-arb: league minimum (debut-date estimate),False,True,,reliever,26.3,4.95,0.33,-0.62,29.0,3,False,calibrated
641755,Tyler Kinley,COL,84.7,93.8,109.9,-0.61,0.229,0.079,0.092,reliever,18.9,267,4,1.0,0.27,FA-eligible,3.0,2,1.0,hand,3.5,-2.85,-2.85,-1.61,True,SL,FF,True,1189,293,64,90.1,91.9,93.8,0.999,108.0,0.806,0.238,0.082,0.087,0.548,-0.05,-1.22,-1.09,0.893,25.0,-1.42,salaries.csv,False,True,,reliever,48.6,4.39,2.27,0.68,72.7,1,False,calibrated
684974,Craig Yoho,MIL,120.1,106.8,80.5,-3.17,0.233,0.051,0.22,reliever,99.0,0,0,0.0,0.01,pre-arb,0.76,6,5.0,estimate,-2.56,-2.86,-0.57,2.63,False,CH,CH,False,176,41,8,116.9,111.8,106.8,0.995,92.6,0.381,0.239,0.08,0.102,0.145,-0.37,4.51,2.3,0.51,93.6,1.42,Pre-arb: league minimum (debut-date estimate),False,True,,reliever,16.0,4.81,1.91,-0.19,8.7,5,False,calibrated
687424,Anthony Maldonado,ATH,85.9,94.2,85.6,-4.51,0.171,0.062,0.125,reliever,6.8,0,0,0.0,-0.0,pre-arb,0.76,5,4.0,estimate,-4.02,-2.96,-0.74,0.86,True,SL,FF,False,129,32,4,85.9,88.8,94.2,0.993,95.5,0.311,0.238,0.083,0.087,0.117,-0.07,-1.74,-0.6,0.343,37.8,-0.13,Pre-arb: league minimum (debut-date estimate),False,True,,reliever,11.6,4.9,0.45,-0.34,6.0,4,False,calibrated
670280,David Bednar,PIT,96.6,98.2,110.6,0.66,0.242,0.088,0.065,reliever,80.1,75,0,0.21,0.59,arb,5.9,2,1.0,hand,10.12,-3.08,-3.08,-1.24,False,FF,FF,True,1005,245,52,99.6,98.9,98.2,0.999,108.3,0.778,0.24,0.087,0.073,0.504,0.28,0.95,0.83,0.871,77.7,-1.01,salaries.csv,False,True,,reliever,45.0,3.71,2.97,1.69,62.7,1,False,calibrated
674384,Eduarniel Núñez,ATH,111.1,103.5,77.2,-3.7,0.213,0.068,0.164,reliever,0.0,0,0,0.0,0.01,pre-arb,0.76,6,5.0,estimate,-3.75,-3.11,-0.62,2.63,False,FF,FF,False,249,61,9,111.9,108.1,103.5,0.997,89.4,0.465,0.238,0.082,0.098,0.202,-0.44,-2.76,-1.49,0.54,12.5,1.41,Pre-arb: league minimum (debut-date estimate),False,True,,reliever,17.0,4.84,0.93,-0.31,12.7,5,False,calibrated
593974,Wandy Peralta,SD,91.0,96.1,96.5,0.55,0.234,0.07,0.089,reliever,70.9,82,0,0.23,0.28,FA-eligible,4.25,3,2.0,hand,2.74,-3.11,-1.56,-0.04,True,SI,SL,True,1126,303,56,102.9,101.4,96.1,0.999,97.2,0.797,0.239,0.077,0.086,0.557,0.45,0.6,0.53,0.879,67.9,-0.11,salaries.csv,False,True,,reliever,47.2,4.37,0.99,0.74,71.7,2,False,calibrated
548384,Brooks Raley,NYM,96.8,98.2,90.9,-1.85,0.211,0.095,0.061,reliever,25.7,291,2,1.0,0.16,FA-eligible,1.5,2,1.0,hand,5.21,-3.16,-3.16,0.73,True,ST,FC,False,388,99,24,99.4,98.8,98.2,0.998,94.8,0.576,0.238,0.089,0.076,0.291,-0.1,-1.04,-0.79,0.758,30.7,0.34,salaries.csv,False,True,,reliever,15.9,3.99,0.95,0.71,25.7,1,False,calibrated
700187,Troy Taylor,SEA,105.4,101.4,99.5,-2.33,0.243,0.118,0.081,reliever,10.8,18,1,0.3,-0.01,pre-arb,0.76,5,4.0,estimate,-3.36,-3.17,-0.79,0.19,True,FF,ST,False,136,37,7,107.1,104.5,101.4,0.994,99.8,0.322,0.24,0.09,0.082,0.133,-0.32,-1.57,-0.75,0.477,32.1,0.16,Pre-arb: league minimum (debut-date estimate),False,True,,reliever,16.5,4.92,2.18,-0.27,6.7,4,False,calibrated
691251,Andry Lara,WSH,75.2,90.3,89.3,0.27,0.281,0.107,0.103,reliever,43.2,0,0,0.0,0.0,pre-arb,0.76,6,5.0,estimate,-2.16,-3.19,-0.64,0.1,True,FF,SL,False,253,78,8,72.9,79.2,90.3,0.997,95.0,0.469,0.241,0.09,0.087,0.244,-0.45,-0.43,-0.22,0.51,49.7,-0.47,Pre-arb: league minimum (debut-date estimate),False,True,,reliever,22.3,4.86,-0.21,-0.15,14.3,5,False,calibrated
801434,Paul Gervase,TB,94.0,97.2,84.2,-6.46,0.199,0.096,0.154,reliever,5.7,0,0,0.0,0.0,pre-arb,0.76,6,5.0,estimate,-3.79,-3.25,-0.65,1.3,False,FF,FF,False,136,39,5,92.3,93.5,97.2,0.994,94.9,0.322,0.239,0.087,0.092,0.139,-0.57,-1.79,-0.7,0.394,34.1,0.23,Pre-arb: league minimum (debut-date estimate),False,True,,reliever,15.5,4.86,0.81,-0.32,8.3,5,False,calibrated
686747,Joe La Sorsa,CIN,83.9,93.5,105.9,2.32,0.29,0.11,0.061,reliever,95.6,0,0,0.0,-0.04,pre-arb,0.76,4,3.0,estimate,-5.22,-3.27,-1.09,-1.24,,,,False,100,33,5,,,93.6,0.991,101.5,0.259,0.24,0.088,0.079,0.12,-0.03,2.92,1.15,0.394,82.4,-0.79,Pre-arb: league minimum (debut-date estimate),False,True,,reliever,12.8,5.15,1.26,-0.47,6.7,3,False,calibrated
694646,Chayce Mcdermott,BAL,92.7,96.7,52.2,-7.21,0.216,0.077,0.24,reliever,87.8,43,1,0.37,-0.02,pre-arb,0.76,5,4.0,estimate,-5.2,-3.39,-0.85,4.45,False,FF,FF,False,194,50,3,87.2,89.8,96.7,0.996,80.7,0.404,0.239,0.084,0.109,0.172,-1.02,1.61,0.45,0.281,66.9,1.6,Pre-arb: league minimum (debut-date estimate),False,True,,reliever,15.0,5.19,-1.39,-0.47,8.7,4,False,calibrated
699911,Dugan Darnell,COL,87.4,94.8,82.1,-1.54,0.243,0.064,0.17,reliever,0.0,37,0,0.1,-0.0,pre-arb,0.76,6,5.0,estimate,-1.6,-3.42,-0.68,1.27,False,FF,FF,False,173,47,8,71.7,78.3,94.8,0.995,93.3,0.377,0.24,0.082,0.096,0.163,-0.29,-2.97,-1.52,0.51,11.5,0.15,Pre-arb: league minimum (debut-date estimate),False,True,,reliever,14.5,4.88,0.21,-0.09,11.7,5,False,calibrated
606996,Kyle Hart,SD,87.9,95.0,100.5,1.69,0.254,0.08,0.075,reliever,57.4,0,0,0.0,0.15,FA-eligible,1.0,2,1.0,hand,-2.8,-3.49,-3.49,-0.55,True,ST,CH,True,610,160,17,92.2,93.5,95.0,0.999,100.3,0.681,0.241,0.084,0.079,0.399,0.37,0.07,0.05,0.689,56.8,-0.53,salaries.csv,False,True,,reliever,29.7,4.69,1.29,-0.19,43.0,1,False,calibrated
676742,Cam Sanders,PIT,106.7,101.9,89.1,-7.72,0.184,0.102,0.147,reliever,51.7,0,0,0.0,-0.0,pre-arb,0.76,6,5.0,hand,-3.23,-3.56,-0.71,1.28,False,FF,FF,False,147,34,6,111.3,107.6,101.9,0.994,96.3,0.339,0.238,0.088,0.09,0.124,-0.6,-0.14,-0.06,0.439,55.7,0.56,salaries.csv,False,True,,reliever,10.9,4.91,1.73,-0.26,6.7,5,False,calibrated
666619,Gregory Santos,SEA,105.7,101.5,87.1,-7.63,0.239,0.128,0.185,reliever,72.3,362,2,1.0,-0.06,pre-arb,0.77,4,3.0,hand,-2.29,-3.85,-1.28,1.44,False,SL,SL,False,109,27,6,99.2,98.7,101.5,0.992,96.4,0.276,0.24,0.09,0.092,0.101,-0.78,0.63,0.27,0.439,62.5,0.51,salaries.csv,False,True,,reliever,16.5,5.19,1.68,-0.16,7.0,3,False,calibrated
641540,Dane Dunning,TEX,86.8,94.5,99.9,3.79,0.266,0.07,0.064,reliever,8.8,61,2,0.67,0.06,arb,2.66,3,2.0,hand,-3.88,-3.89,-1.94,-0.54,True,FC,CH,False,372,94,12,88.1,90.4,94.5,0.998,99.9,0.565,0.241,0.081,0.077,0.28,0.67,-1.63,-0.99,0.61,27.0,-0.54,salaries.csv,False,True,,reliever,18.9,4.58,1.16,-0.13,20.7,2,False,calibrated
688642,Zach Agnos,COL,92.0,96.5,77.6,-1.83,0.224,0.078,0.117,reliever,43.9,59,1,0.41,-0.01,pre-arb,0.76,6,5.0,estimate,-4.46,-3.89,-0.78,1.89,True,FC,ST,True,527,137,25,93.4,94.4,96.5,0.998,85.5,0.648,0.238,0.083,0.094,0.362,-0.37,-0.42,-0.32,0.765,45.6,1.1,Pre-arb: league minimum (debut-date estimate),False,True,,reliever,31.5,4.9,-0.7,-0.39,31.3,5,False,calibrated
662253,Andrés Muñoz,SEA,103.6,100.7,91.2,1.32,0.246,0.067,0.096,reliever,97.6,248,0,0.5,0.62,FA-eligible,2.5,4,3.0,hand,11.69,-4.06,-1.35,0.95,True,SL,FF,True,993,240,55,106.2,103.8,100.7,0.999,93.2,0.776,0.24,0.076,0.089,0.499,0.54,3.32,2.91,0.878,95.6,0.75,salaries.csv,False,True,,reliever,50.7,3.81,1.08,1.49,62.3,3,False,calibrated
606303,Joel Payamps,MIL,96.5,98.1,108.1,3.08,0.254,0.068,0.065,reliever,28.7,33,0,0.09,0.08,arb,3.0,3,2.0,hand,-3.07,-4.14,-2.07,-1.0,True,ST,FF,False,414,108,22,96.6,96.7,98.1,0.998,104.8,0.591,0.24,0.08,0.077,0.309,0.72,-0.93,-0.69,0.741,34.8,-0.67,salaries.csv,False,True,,reliever,20.6,4.51,2.43,-0.01,26.3,2,False,calibrated
680729,Garrett Mcdaniels,LAA,95.8,97.9,60.9,-4.98,0.228,0.09,0.178,reliever,6.8,38,0,0.11,-0.02,pre-arb,0.76,6,5.0,estimate,-3.52,-4.2,-0.84,3.7,False,SL,SL,False,167,45,9,113.7,109.4,97.9,0.995,85.6,0.369,0.239,0.086,0.097,0.157,-0.68,-1.74,-0.94,0.54,28.0,1.23,Pre-arb: league minimum (debut-date estimate),False,True,,reliever,16.7,4.96,-0.48,-0.29,10.7,5,False,calibrated
670059,Colin Holderman,PIT,96.5,98.1,69.9,-4.48,0.205,0.098,0.111,reliever,87.2,191,2,1.0,-0.0,arb,1.5,4,3.0,hand,-5.17,-4.25,-1.42,2.82,True,SI,FC,False,419,108,18,100.9,99.9,98.1,0.998,82.1,0.594,0.237,0.089,0.091,0.309,-0.82,1.41,0.99,0.701,80.4,1.6,salaries.csv,False,True,,reliever,24.4,4.88,-0.97,-0.39,25.7,3,False,calibrated
572955,Pierce Johnson,ATL,98.5,98.9,113.3,0.24,0.239,0.087,0.072,reliever,64.5,159,2,0.94,0.25,FA-eligible,7.0,2,1.0,hand,-3.19,-4.49,-4.49,-1.44,True,CU,FF,True,961,236,53,87.3,89.8,98.9,0.999,110.2,0.771,0.24,0.087,0.077,0.495,0.12,0.36,0.31,0.873,63.5,-1.13,salaries.csv,False,True,,reliever,40.5,4.32,3.36,0.4,59.0,1,False,calibrated
683627,Anthony Molina,COL,86.9,94.6,102.7,1.96,0.229,0.074,0.038,reliever,11.8,0,0,0.0,-0.04,pre-arb,0.76,5,4.0,estimate,-9.19,-4.5,-1.12,-0.81,True,FF,CH,True,608,160,17,84.4,87.7,94.6,0.999,101.8,0.68,0.239,0.081,0.064,0.399,1.0,-1.51,-1.04,0.689,25.7,-0.72,Pre-arb: league minimum (debut-date estimate),False,True,,reliever,34.0,5.04,1.46,-0.89,34.7,4,False,calibrated
702795,Ryan Loutos,WSH,93.3,96.9,105.1,2.78,0.277,0.065,0.118,reliever,16.2,0,0,0.0,-0.05,pre-arb,0.76,5,4.0,estimate,-5.89,-4.54,-1.13,-0.82,False,FF,FF,False,231,68,11,70.7,77.5,96.9,0.996,102.3,0.447,0.241,0.082,0.09,0.22,0.11,-1.31,-0.77,0.589,32.1,-0.54,Pre-arb: league minimum (debut-date estimate),False,True,,reliever,16.4,5.12,1.88,-0.54,12.0,4,False,calibrated
642528,Jonathan Loáisiga,NYY,98.9,99.0,85.7,1.6,0.231,0.073,0.053,reliever,65.9,483,5,1.0,0.04,FA-eligible,5.0,2,1.0,hand,-9.15,-4.6,-4.6,1.33,True,SI,CU,False,467,131,25,100.8,99.8,99.0,0.998,91.1,0.62,0.239,0.081,0.072,0.352,0.7,0.38,0.29,0.765,62.8,0.79,salaries.csv,False,True,,reliever,25.7,4.73,0.51,-0.44,29.7,1,False,calibrated
605130,Scott Barlow,CIN,92.0,96.5,90.4,-3.05,0.228,0.086,0.137,reliever,85.5,0,0,0.0,0.13,FA-eligible,1.5,2,1.0,hand,-2.79,-5.22,-5.22,0.61,True,ST,CU,True,1278,299,63,93.8,94.7,96.5,0.999,92.2,0.817,0.237,0.086,0.112,0.553,-1.39,1.27,1.13,0.891,82.4,0.43,salaries.csv,False,True,,reliever,46.3,4.64,0.3,-0.14,68.3,1,False,calibrated
552640,Andrew Kittredge,BAL,102.4,100.3,116.9,3.03,0.252,0.075,0.048,reliever,18.6,331,3,1.0,0.37,FA-eligible,9.0,2,1.0,hand,-0.63,-5.34,-5.34,-1.66,False,SL,SL,True,782,210,42,103.6,101.9,100.3,0.999,112.4,0.732,0.241,0.081,0.066,0.465,1.11,-1.23,-1.04,0.845,25.7,-1.21,salaries.csv,False,True,,reliever,35.1,3.95,3.9,0.88,53.0,1,False,calibrated
592662,Robbie Ray,SF,91.9,96.4,96.4,0.17,0.246,0.082,0.097,starter,84.9,337,2,1.0,1.91,FA-eligible,25.0,2,1.0,hand,3.82,-5.95,-5.95,0.0,False,FF,FF,True,2991,734,31,100.4,99.5,96.4,1.0,96.7,0.913,0.242,0.083,0.093,0.753,-0.06,1.31,1.06,0.811,79.5,-0.03,salaries.csv,False,True,,starter,125.4,4.41,0.96,3.03,182.3,1,False,calibrated
592791,Jameson Taillon,CHC,93.8,97.1,113.1,1.97,0.251,0.084,0.054,starter,14.6,100,0,0.28,1.16,FA-eligible,18.0,2,1.0,hand,-7.52,-6.41,-6.41,-1.6,True,FF,FC,True,1899,498,22,89.4,91.4,97.1,1.0,111.4,0.869,0.242,0.085,0.063,0.674,1.01,-1.58,-1.19,0.752,22.0,-1.43,salaries.csv,False,True,,starter,96.0,4.69,3.27,1.1,129.7,1,False,calibrated
683409,Angel Chivilli,COL,86.4,94.4,99.7,1.66,0.246,0.072,0.079,reliever,12.8,0,0,0.0,-0.1,pre-arb,0.76,5,4.0,estimate,-10.14,-6.45,-1.61,-0.53,True,FF,SL,True,989,267,38,86.2,89.0,94.4,0.999,99.8,0.776,0.24,0.079,0.08,0.525,0.7,-1.46,-1.21,0.832,18.9,-0.54,Pre-arb: league minimum (debut-date estimate),False,True,,reliever,49.8,5.04,1.13,-0.99,58.7,4,False,calibrated
678821,Luis Peralta,COL,107.3,102.1,82.0,-3.75,0.231,0.078,0.177,reliever,66.6,16,0,0.04,-0.1,pre-arb,0.76,5,4.0,estimate,-9.08,-6.48,-1.62,2.01,True,FF,CU,False,411,96,19,104.4,102.5,102.1,0.998,89.4,0.59,0.239,0.083,0.109,0.285,-0.93,0.39,0.28,0.712,62.8,1.27,Pre-arb: league minimum (debut-date estimate),False,True,,reliever,23.4,5.24,0.72,-0.88,19.0,4,False,calibrated
554340,Yimi García,TOR,108.2,102.4,86.0,-2.71,0.222,0.076,0.139,reliever,56.8,212,3,1.0,0.1,FA-eligible,7.5,2,1.0,hand,-6.0,-6.5,-6.5,1.64,False,FF,FF,False,315,79,14,136.1,126.0,102.4,0.997,92.7,0.524,0.239,0.083,0.096,0.247,-0.43,0.03,0.02,0.646,56.8,0.97,salaries.csv,False,True,,reliever,15.5,4.3,1.26,0.16,21.0,1,False,calibrated
621237,José Alvarado,PHI,106.6,101.9,76.0,-1.52,0.219,0.1,0.056,reliever,36.1,94,3,0.76,0.2,FA-eligible,4.52,2,1.0,hand,-1.94,-6.99,-6.99,2.59,False,SI,SI,False,420,107,22,125.6,118.2,101.9,0.998,85.7,0.595,0.238,0.09,0.074,0.307,-0.14,-0.66,-0.49,0.741,41.6,1.62,salaries.csv,False,True,,reliever,23.2,4.11,0.14,0.27,26.0,1,False,calibrated
543243,Sonny Gray,STL,105.1,101.3,109.5,2.95,0.249,0.073,0.049,starter,38.5,74,1,0.46,2.36,FA-eligible,25.0,2,1.0,hand,14.63,-7.49,-7.49,-0.82,True,FF,CU,True,2641,736,31,104.6,102.7,101.3,1.0,108.6,0.902,0.242,0.076,0.057,0.753,1.93,-0.65,-0.53,0.811,41.5,-0.73,salaries.csv,False,True,,starter,122.9,4.07,3.48,4.17,180.7,1,False,calibrated
676879,Aaron Ashby,MIL,104.6,101.1,93.0,0.67,0.251,0.083,0.089,reliever,89.2,289,3,1.0,0.6,FA-eligible,3.45,5,4.0,hand,9.95,-7.84,-1.96,0.81,True,SI,SL,True,1033,270,39,117.0,111.8,101.1,0.999,94.5,0.783,0.241,0.084,0.086,0.528,0.07,1.71,1.43,0.836,87.2,0.66,salaries.csv,False,True,,reliever,53.5,3.91,1.34,1.41,66.7,4,False,calibrated
622491,Luis Castillo,SEA,96.7,98.2,111.7,2.41,0.247,0.074,0.058,starter,30.2,53,0,0.15,1.95,FA-eligible,24.15,4,3.0,hand,5.48,-8.31,-2.77,-1.35,False,FF,FF,True,2849,709,31,104.3,102.4,98.2,1.0,110.6,0.909,0.242,0.077,0.064,0.746,1.6,-0.85,-0.69,0.811,34.6,-1.24,salaries.csv,False,True,,starter,126.0,4.39,3.32,3.12,180.7,3,False,calibrated
664126,Pete Fairbanks,TB,130.7,110.8,109.9,1.5,0.246,0.079,0.069,reliever,72.3,198,3,1.0,0.39,FA-eligible,3.67,2,1.0,hand,2.08,-8.61,-8.61,0.09,True,FF,FC,True,926,231,53,107.2,104.6,110.8,0.999,107.6,0.764,0.24,0.082,0.076,0.489,0.58,0.62,0.54,0.873,68.2,0.32,salaries.csv,False,True,,reliever,44.4,4.1,4.76,0.6,60.3,1,False,calibrated
622663,Luis Severino,ATH,95.2,97.6,100.4,2.13,0.258,0.082,0.066,starter,79.5,171,2,0.98,1.61,FA-eligible,20.0,2,1.0,hand,2.58,-8.95,-8.95,-0.28,False,FF,FF,True,2631,679,28,93.4,94.4,97.6,1.0,100.4,0.902,0.245,0.083,0.07,0.738,1.04,1.04,0.83,0.794,74.6,-0.28,salaries.csv,False,True,,starter,117.5,4.54,1.7,2.38,162.7,1,False,calibrated
669020,Ryan Rolison,COL,88.5,95.2,95.1,-1.02,0.251,0.098,0.104,reliever,17.6,367,2,1.0,-0.12,pre-arb,0.76,6,5.0,estimate,-10.51,-9.12,-1.82,0.01,True,FF,SL,True,676,193,28,88.5,90.7,95.2,0.999,96.6,0.703,0.241,0.091,0.091,0.444,-0.71,-1.27,-0.99,0.785,27.0,-0.14,Pre-arb: league minimum (debut-date estimate),False,True,,reliever,36.3,5.2,0.77,-1.03,42.3,5,False,calibrated
579328,Yusei Kikuchi,LAA,96.4,98.1,104.6,-0.66,0.244,0.091,0.094,starter,91.7,21,0,0.06,1.59,FA-eligible,21.0,3,2.0,hand,1.4,-9.23,-4.62,-0.65,True,SL,FF,True,3007,746,32,97.2,97.2,98.1,1.0,104.2,0.913,0.241,0.09,0.091,0.756,-0.62,2.0,1.63,0.815,89.3,-0.61,salaries.csv,False,True,,starter,115.5,4.54,2.34,2.36,178.3,2,False,calibrated
547973,Aroldis Chapman,BOS,144.3,115.8,94.0,1.11,0.25,0.091,0.062,reliever,85.1,61,0,0.17,0.67,FA-eligible,10.75,3,2.0,hand,7.97,-9.76,-4.88,2.18,True,FF,SI,True,915,225,55,166.5,148.5,115.8,0.999,95.4,0.762,0.241,0.088,0.072,0.483,0.28,1.26,1.1,0.878,81.8,2.04,salaries.csv,False,True,,reliever,37.0,3.29,3.68,1.97,61.3,2,False,calibrated
673513,Yuki Matsui,SD,93.0,96.8,94.5,-0.57,0.24,0.073,0.123,reliever,29.1,0,0,0.0,0.1,FA-eligible,5.5,3,2.0,hand,-7.93,-9.76,-4.88,0.23,False,FF,FF,True,992,252,49,105.5,103.3,96.8,0.999,95.7,0.776,0.24,0.079,0.103,0.511,-0.29,-0.91,-0.78,0.865,30.7,0.11,salaries.csv,False,True,,reliever,45.6,4.67,0.87,-0.26,63.3,2,False,calibrated
607074,Carlos Rodón,NYY,94.8,97.5,89.9,0.94,0.239,0.069,0.092,starter,9.3,115,1,0.57,2.29,FA-eligible,27.83,4,3.0,hand,6.31,-10.76,-3.59,0.76,True,FF,CH,True,3120,768,32,103.3,101.7,97.5,1.0,90.7,0.916,0.24,0.073,0.09,0.761,0.73,-1.77,-1.44,0.815,17.6,0.68,salaries.csv,False,True,,starter,139.3,4.3,0.23,3.59,195.3,3,False,calibrated
596112,Robert Stephenson,LAA,110.9,103.4,69.8,-4.88,0.184,0.116,0.049,reliever,0.0,370,5,1.0,0.08,FA-eligible,11.0,3,2.0,hand,-10.05,-11.82,-5.91,3.36,False,FC,FC,False,147,41,8,160.5,144.1,103.4,0.994,89.7,0.339,0.238,0.09,0.077,0.145,-0.23,-3.81,-1.94,0.51,4.1,1.37,salaries.csv,False,True,,reliever,10.6,4.24,0.96,0.1,10.0,2,False,calibrated
593958,Eduardo Rodríguez,AZ,84.6,93.7,102.0,2.23,0.253,0.07,0.082,starter,28.3,282,2,1.0,1.36,FA-eligible,20.0,3,2.0,hand,-6.24,-11.89,-5.95,-0.83,True,FF,CH,True,2503,672,28,90.2,92.0,93.7,1.0,101.8,0.897,0.244,0.074,0.082,0.736,1.23,-0.93,-0.74,0.794,32.7,-0.81,salaries.csv,False,True,,starter,115.7,4.72,1.32,1.45,154.3,2,False,calibrated
595014,Blake Treinen,LAD,92.5,96.7,99.9,-3.23,0.225,0.096,0.116,reliever,59.5,475,3,1.0,0.06,FA-eligible,8.5,2,1.0,hand,-9.17,-12.89,-12.89,-0.32,True,ST,SI,False,467,112,23,88.6,90.8,96.7,0.998,99.9,0.62,0.238,0.089,0.093,0.317,-0.8,0.14,0.11,0.75,58.4,-0.32,salaries.csv,False,True,,reliever,16.8,4.55,1.49,-0.07,26.7,1,False,calibrated
664747,Alexis Díaz,LAD,124.2,108.4,81.9,-4.92,0.202,0.086,0.141,reliever,20.3,41,0,0.11,-0.02,arb,4.5,4,3.0,hand,-11.84,-13.03,-4.34,2.65,False,FF,FF,False,361,85,17,118.0,112.6,108.4,0.998,89.9,0.558,0.237,0.086,0.097,0.261,-0.77,-1.18,-0.82,0.689,29.7,1.85,salaries.csv,False,True,,reliever,17.7,4.96,1.74,-0.77,17.7,3,False,calibrated
543135,Nathan Eovaldi,TEX,98.3,98.8,114.2,2.5,0.248,0.081,0.043,starter,67.3,206,4,1.0,1.94,FA-eligible,22.0,3,2.0,hand,15.84,-13.05,-6.52,-1.54,False,FS,FS,True,1822,468,21,101.8,100.6,98.8,1.0,112.3,0.864,0.241,0.082,0.056,0.66,1.43,0.49,0.36,0.744,63.4,-1.35,salaries.csv,False,True,,starter,93.6,3.94,3.66,3.98,130.0,2,False,calibrated
679885,Justin Martinez,AZ,117.9,106.0,61.3,-0.32,0.259,0.062,0.171,reliever,63.5,132,2,0.87,0.16,FA-eligible,1.9,7,6.0,hand,-1.13,-16.19,-2.7,4.47,True,SI,FF,False,162,35,7,116.7,111.6,106.0,0.995,86.0,0.362,0.24,0.082,0.093,0.127,-0.13,0.31,0.15,0.477,60.1,2.0,salaries.csv,False,True,,reliever,23.5,4.26,0.8,0.08,15.3,6,False,calibrated
622608,Antonio Senzatela,COL,79.3,91.8,107.3,1.58,0.251,0.08,0.072,starter,93.7,449,1,0.75,0.42,FA-eligible,12.0,3,2.0,hand,-15.28,-16.72,-8.36,-1.55,True,FF,CH,True,2206,596,22,76.8,82.1,91.8,1.0,106.5,0.885,0.243,0.082,0.075,0.712,0.79,2.35,1.76,0.752,89.3,-1.47,salaries.csv,False,True,,starter,95.3,5.17,1.74,-0.34,130.0,2,False,calibrated
608032,Carlos Estévez,KC,96.5,98.1,101.0,0.32,0.245,0.098,0.058,reliever,38.5,8,0,0.02,0.27,FA-eligible,10.1,3,2.0,hand,-4.05,-16.86,-8.43,-0.29,False,FF,FF,True,1013,257,54,94.0,94.8,98.1,0.999,100.8,0.78,0.24,0.092,0.07,0.516,0.03,-0.58,-0.51,0.876,40.9,-0.27,salaries.csv,False,True,,reliever,44.4,4.34,1.83,0.64,66.0,2,False,calibrated
641154,Pablo López,MIN,109.3,102.9,114.6,-1.24,0.221,0.092,0.069,starter,80.5,117,2,0.82,1.24,FA-eligible,21.75,3,2.0,hand,-3.37,-17.48,-8.74,-1.17,True,FF,ST,True,1169,290,13,100.7,99.8,102.9,0.999,111.7,0.803,0.236,0.089,0.075,0.546,-0.2,1.09,0.7,0.642,71.2,-0.88,salaries.csv,False,True,,starter,67.7,4.14,4.19,1.93,75.7,2,False,calibrated
663855,Jordan Hicks,SF,94.5,97.4,90.1,-0.81,0.235,0.082,0.101,starter,99.5,143,4,0.9,0.32,FA-eligible,12.5,3,2.0,hand,-9.65,-17.83,-8.91,0.73,True,SI,ST,True,1079,276,8,95.7,96.1,97.4,0.999,92.2,0.79,0.239,0.084,0.092,0.534,-0.33,5.37,2.82,0.525,94.6,0.52,salaries.csv,False,True,,reliever,52.3,4.57,0.44,0.3,67.3,2,False,calibrated
656546,Jeff Hoffman,TOR,118.4,106.2,91.2,-0.84,0.227,0.08,0.093,reliever,48.3,78,1,0.47,0.26,FA-eligible,7.67,3,2.0,hand,-10.48,-19.31,-9.65,1.5,False,FF,FF,True,1089,280,58,116.9,111.8,106.2,0.999,93.0,0.792,0.238,0.083,0.088,0.537,-0.12,-0.25,-0.22,0.883,49.7,1.32,salaries.csv,False,True,,reliever,46.8,4.38,1.88,-0.3,68.0,2,False,calibrated
621244,José Berríos,TOR,91.2,96.2,100.5,0.53,0.233,0.076,0.077,starter,41.5,3,1,0.26,1.37,FA-eligible,18.71,4,3.0,hand,-5.69,-23.03,-7.68,-0.43,True,SI,SV,True,2493,674,29,88.0,90.4,96.2,1.0,100.4,0.897,0.238,0.079,0.078,0.736,0.57,-0.57,-0.46,0.8,43.9,-0.42,salaries.csv,False,True,,starter,119.2,4.71,1.49,1.37,166.0,3,False,calibrated
594798,Jacob Degrom,TEX,114.9,104.9,114.5,2.14,0.246,0.079,0.054,starter,14.1,442,3,1.0,2.27,FA-eligible,40.0,4,3.0,hand,-7.18,-23.36,-7.79,-0.96,False,FF,FF,True,2541,651,29,114.0,109.6,104.9,1.0,113.0,0.899,0.242,0.081,0.061,0.73,1.37,-1.6,-1.28,0.8,20.0,-0.81,salaries.csv,False,True,,starter,121.4,4.11,4.68,3.45,172.7,3,False,calibrated
607625,Seth Lugo,KC,90.4,95.9,100.9,-0.21,0.242,0.088,0.086,starter,72.7,77,0,0.21,0.99,FA-eligible,15.0,4,3.0,hand,-9.64,-25.48,-8.49,-0.5,True,FF,CU,True,2294,591,25,87.6,90.1,95.9,1.0,100.8,0.884,0.24,0.087,0.085,0.71,-0.22,0.75,0.58,0.775,68.3,-0.49,salaries.csv,False,True,,starter,97.3,4.86,1.5,0.56,145.3,3,False,calibrated
675911,Spencer Strider,ATL,90.6,95.9,95.0,-0.86,0.223,0.076,0.094,starter,72.2,241,2,1.0,1.33,FA-eligible,4.0,5,4.0,hand,7.73,-25.61,-6.4,0.09,True,FF,CH,True,2110,540,23,92.5,93.7,95.9,1.0,95.6,0.881,0.235,0.079,0.091,0.691,-0.12,0.72,0.55,0.761,67.3,0.03,salaries.csv,False,True,,starter,102.7,4.61,0.72,1.23,125.3,4,False,calibrated
669203,Corbin Burnes,AZ,94.9,97.5,84.5,-0.61,0.226,0.075,0.095,starter,42.0,118,1,0.58,0.91,FA-eligible,35.0,2,1.0,hand,-24.92,-25.9,-25.9,1.3,True,FC,SI,True,1009,264,11,99.9,99.2,97.5,0.999,87.9,0.779,0.238,0.08,0.089,0.523,0.03,-0.5,-0.3,0.603,46.8,0.96,salaries.csv,False,True,,starter,60.3,4.42,-0.19,1.06,64.3,1,False,calibrated
664299,Cristian Javier,HOU,89.9,95.7,86.6,0.34,0.241,0.079,0.089,starter,82.9,289,2,1.0,0.7,FA-eligible,10.4,3,2.0,hand,-3.39,-27.35,-13.68,0.91,False,FF,FF,True,617,157,8,91.4,92.9,95.7,0.999,90.8,0.683,0.24,0.083,0.085,0.394,0.1,1.2,0.63,0.525,69.3,0.49,salaries.csv,False,True,,starter,47.2,4.44,-0.03,0.74,37.0,2,False,calibrated
607192,Tyler Glasnow,LAD,126.9,109.3,92.4,-2.33,0.228,0.088,0.116,starter,62.4,370,3,1.0,1.36,FA-eligible,30.0,3,2.0,hand,-13.97,-30.98,-15.49,1.69,True,FF,SL,True,1401,346,16,119.8,113.9,109.3,0.999,93.7,0.83,0.237,0.087,0.102,0.589,-1.06,0.32,0.22,0.688,60.0,1.56,salaries.csv,False,True,,starter,75.2,4.16,2.45,1.69,90.3,2,False,calibrated
623352,Josh Hader,HOU,199.6,136.2,98.8,0.19,0.226,0.079,0.067,reliever,58.8,48,1,0.38,0.62,FA-eligible,19.0,4,3.0,hand,-11.77,-34.77,-11.59,3.74,False,SI,SI,True,798,195,43,198.8,172.4,136.2,0.999,99.1,0.736,0.238,0.083,0.075,0.447,0.4,0.13,0.11,0.849,58.4,3.71,salaries.csv,False,True,,reliever,38.3,3.45,7.29,0.76,52.7,3,False,calibrated
640455,Sean Manaea,NYM,90.9,96.1,97.9,-0.97,0.23,0.108,0.046,starter,90.7,108,0,0.3,0.65,FA-eligible,25.0,3,2.0,hand,-19.57,-35.27,-17.63,-0.18,True,FF,ST,True,1095,263,12,103.7,102.0,96.1,0.999,98.3,0.793,0.238,0.098,0.063,0.522,-0.31,1.98,1.24,0.624,82.9,-0.22,salaries.csv,False,True,,starter,48.3,4.38,1.16,0.57,60.7,2,False,calibrated
554430,Zack Wheeler,PHI,116.5,105.5,110.3,2.96,0.251,0.072,0.055,starter,73.2,72,1,0.45,2.3,FA-eligible,42.0,3,2.0,hand,-2.14,-35.61,-17.8,-0.48,False,FF,FF,True,2294,565,23,120.4,114.4,105.5,1.0,109.2,0.889,0.243,0.076,0.063,0.701,1.76,0.75,0.57,0.761,68.3,-0.37,salaries.csv,False,True,,starter,102.0,3.79,4.2,4.2,149.7,2,False,calibrated
656945,Tanner Scott,LAD,121.0,107.2,104.8,1.54,0.252,0.084,0.068,reliever,44.3,31,1,0.34,0.23,FA-eligible,16.0,4,3.0,hand,-17.12,-44.93,-14.98,0.24,False,FF,FF,True,862,220,49,119.4,113.6,107.2,0.999,103.6,0.751,0.241,0.085,0.075,0.477,0.45,-0.39,-0.34,0.865,45.6,0.36,salaries.csv,False,True,,reliever,41.1,4.37,3.62,-0.12,57.0,3,False,calibrated
605400,Aaron Nola,PHI,92.2,96.5,119.2,5.74,0.274,0.048,0.073,starter,70.2,94,0,0.26,0.94,FA-eligible,24.57,6,5.0,hand,-16.19,-61.61,-12.32,-2.27,True,FF,KC,True,1471,382,16,96.0,96.3,96.5,0.999,116.1,0.837,0.247,0.062,0.077,0.613,2.56,0.69,0.47,0.688,66.3,-1.96,salaries.csv,False,True,,starter,72.3,4.61,3.89,0.88,94.3,5,False,calibrated
605483,Blake Snell,LAD,96.6,98.2,111.3,3.31,0.25,0.052,0.086,starter,76.6,223,1,0.75,1.04,FA-eligible,36.4,5,4.0,hand,-17.81,-90.34,-22.58,-1.31,False,FF,FF,True,1027,257,11,106.9,104.4,98.2,0.999,108.8,0.782,0.241,0.068,0.084,0.516,1.47,0.94,0.57,0.603,68.3,-1.06,salaries.csv,False,True,,starter,54.4,4.07,3.05,1.96,61.3,4,False,calibrated
643511,Tyler Rogers,SF,589.0,279.9,102.5,3.85,0.267,0.093,0.017,reliever,10.1,0,0,0.0,1.75,arb,5.25,1,,hand,8.52,,,17.74,False,SI,SI,True,943,291,56,100.6,99.7,279.7,0.999,101.9,0.767,0.243,0.09,0.046,0.547,1.37,-1.58,-1.39,0.879,14.2,17.78,salaries.csv,False,True,Free agent after 2025: no control value,reliever,49.1,1.8,29.24,1.45,77.3,0,True,calibrated
543056,Danny Coulombe,MIN,170.0,125.3,75.6,-0.44,0.235,0.078,0.099,reliever,6.4,313,3,1.0,0.33,FA-eligible,3.0,1,,hand,2.73,,,4.97,False,FC,FC,True,703,171,40,113.9,109.5,125.3,0.999,82.7,0.711,0.239,0.082,0.089,0.415,-0.07,-1.76,-1.47,0.839,12.5,4.26,salaries.csv,False,True,Free agent after 2025: no control value,reliever,28.2,3.86,3.2,0.6,43.0,0,True,calibrated
656629,Michael Kopech,LAD,128.0,109.8,60.9,-4.27,0.266,0.083,0.24,reliever,13.9,204,3,1.0,0.05,arb,5.2,1,,hand,-5.18,,,4.89,False,FF,FF,False,218,50,12,129.6,121.2,109.8,0.996,83.1,0.432,0.241,0.085,0.109,0.172,-0.97,-1.42,-0.87,0.61,29.7,2.67,salaries.csv,False,True,Free agent after 2025: no control value,reliever,15.1,4.56,0.93,0.0,11.0,0,True,calibrated
661403,Emmanuel Clase,CLE,168.5,124.7,101.2,-0.36,0.254,0.116,0.053,reliever,87.8,0,0,0.0,0.51,FA-eligible,4.9,1,,hand,4.39,,,2.35,False,FC,FC,True,714,189,41,113.2,109.0,124.7,0.999,100.9,0.714,0.241,0.099,0.069,0.439,-0.46,1.56,1.31,0.842,85.8,2.38,salaries.csv,False,True,Free agent after 2025: no control value,reliever,38.6,3.71,5.84,0.98,47.3,0,True,calibrated
608371,Lucas Sims,WSH,103.4,100.7,53.8,-4.02,0.241,0.075,0.206,reliever,99.0,204,1,0.75,-0.02,FA-eligible,3.0,1,,hand,-7.84,,,4.69,False,FF,FF,False,241,63,12,104.0,102.2,100.7,0.996,78.9,0.457,0.24,0.083,0.108,0.207,-0.85,4.5,2.74,0.61,95.3,2.18,salaries.csv,False,True,Free agent after 2025: no control value,reliever,14.3,5.02,-1.06,-0.51,12.3,0,True,calibrated
622554,Seranthony Domínguez,BAL,113.4,104.4,79.7,-2.19,0.235,0.077,0.146,reliever,60.8,63,0,0.18,0.4,FA-eligible,8.0,1,,hand,-0.93,,,2.47,False,FF,FF,True,879,205,52,111.6,107.8,104.4,0.999,84.7,0.754,0.239,0.082,0.111,0.459,-0.9,0.19,0.16,0.871,60.5,1.97,salaries.csv,False,True,Free agent after 2025: no control value,reliever,44.9,4.09,0.36,0.74,62.7,0,True,calibrated
663455,Konnor Pilkington,WSH,106.1,101.7,72.0,-0.8,0.24,0.068,0.138,reliever,48.6,0,0,0.0,0.07,FA,0.76,1,,default (1 yr),-5.11,,,2.97,True,FF,SL,True,500,123,27,101.3,100.2,101.7,0.998,82.2,0.636,0.24,0.08,0.101,0.338,-0.26,-0.25,-0.19,0.779,50.7,1.95,Default: league minimum (not in salaries.csv),True,True,Free agent after 2025: no control value,reliever,25.5,4.64,-0.42,-0.46,28.3,0,True,calibrated
621242,Edwin Díaz,NYM,119.4,106.6,84.7,-1.24,0.222,0.087,0.082,reliever,33.8,203,1,0.75,0.73,FA-eligible,21.5,1,,hand,-5.25,,,2.19,False,FF,FF,True,1052,256,57,136.2,126.1,106.6,0.999,88.0,0.786,0.237,0.086,0.082,0.515,-0.22,-0.72,-0.63,0.881,37.2,1.86,salaries.csv,False,True,Free agent after 2025: no control value,reliever,47.6,3.52,1.19,1.71,66.3,0,True,calibrated
672335,Cionel Pérez,BAL,93.6,97.1,64.3,-5.74,0.234,0.117,0.153,reliever,76.0,44,1,0.37,0.01,FA-eligible,2.2,1,,hand,-5.08,,,3.28,False,SI,SI,False,402,98,15,102.1,100.8,97.1,0.998,79.1,0.584,0.239,0.095,0.102,0.289,-1.6,0.77,0.51,0.661,67.2,1.8,salaries.csv,False,True,Free agent after 2025: no control value,reliever,20.8,4.82,-1.57,-0.3,21.7,0,True,calibrated
669160,Dustin May,LAD,110.0,103.1,84.0,-1.49,0.229,0.091,0.091,starter,18.5,491,2,1.0,1.26,arb,2.13,1,,hand,4.48,,,1.91,False,ST,ST,True,2168,581,23,100.4,99.5,103.1,1.0,85.9,0.883,0.237,0.089,0.088,0.707,-0.75,-1.38,-1.05,0.761,24.9,1.72,salaries.csv,False,True,Free agent after 2025: no control value,starter,109.6,4.67,0.35,0.7,132.3,0,True,calibrated
665625,Elvis Peguero,MIL,127.7,109.6,78.7,-1.96,0.197,0.026,0.179,reliever,4.7,39,1,0.36,0.07,FA,0.76,1,,default (1 yr),-1.2,,,3.09,False,SL,SL,False,117,28,4,136.6,126.4,109.5,0.993,93.8,0.29,0.239,0.079,0.092,0.104,0.08,-1.87,-0.64,0.343,37.2,1.57,Default: league minimum (not in salaries.csv),True,True,Free agent after 2025: no control value,reliever,13.5,4.51,2.49,-0.05,9.3,0,True,calibrated
670990,Yohan Ramírez,PIT,118.8,106.4,88.1,-1.46,0.243,0.099,0.097,reliever,100.0,0,0,0.0,0.23,FA-eligible,0.76,1,,estimate,1.83,,,1.83,False,FF,FF,True,604,154,21,120.4,114.4,106.4,0.999,91.9,0.679,0.24,0.091,0.088,0.39,-0.65,5.4,3.95,0.732,98.6,1.45,salaries.csv,False,True,Free agent after 2025: no control value,reliever,27.4,4.14,1.74,0.27,33.3,0,True,calibrated
450203,Charlie Morton,BAL,108.8,102.7,87.7,-0.13,0.235,0.07,0.109,starter,42.9,9,0,0.02,0.89,FA-eligible,15.0,1,,hand,-10.47,,,1.5,False,CU,CU,True,2468,635,26,108.3,105.4,102.7,1.0,89.0,0.896,0.238,0.074,0.101,0.725,0.05,-0.48,-0.38,0.782,45.9,1.37,salaries.csv,False,True,Free agent after 2025: no control value,starter,88.3,4.7,0.75,0.48,142.0,0,True,calibrated
673540,Kodai Senga,NYM,98.2,98.8,83.1,-2.46,0.218,0.083,0.112,starter,37.6,213,1,0.75,1.27,FA-eligible,15.67,1,,hand,-0.14,,,1.57,True,FF,SL,True,1848,465,22,97.4,97.3,98.8,0.999,85.4,0.866,0.234,0.084,0.102,0.658,-1.0,-0.66,-0.5,0.752,42.4,1.34,salaries.csv,False,True,Free agent after 2025: no control value,starter,88.7,4.49,-0.37,1.63,113.3,0,True,calibrated
642397,Gregory Soto,BAL,102.2,100.2,83.6,-1.05,0.223,0.087,0.077,reliever,95.6,0,0,0.0,0.36,arb,5.35,1,,hand,1.81,,,1.66,True,SI,SL,True,999,271,49,111.9,108.1,100.2,0.999,87.3,0.777,0.237,0.086,0.08,0.529,-0.13,2.86,2.47,0.865,93.6,1.29,salaries.csv,False,True,Free agent after 2025: no control value,reliever,43.9,4.14,0.12,0.75,60.3,0,True,calibrated
518886,Craig Kimbrel,HOU,119.1,106.5,85.8,-4.53,0.2,0.078,0.143,reliever,0.0,0,0,0.0,0.04,FA-eligible,0.04,1,,hand,0.34,,,2.07,False,FF,FF,False,230,49,12,121.2,114.9,106.5,0.996,93.7,0.446,0.238,0.084,0.092,0.169,-0.4,-2.92,-1.78,0.61,5.7,1.28,salaries.csv,False,True,Free agent after 2025: no control value,reliever,4.5,4.19,2.03,0.04,12.0,0,True,calibrated
668970,Gavin Hollowell,CHC,116.4,105.5,80.9,-0.31,0.257,0.064,0.163,reliever,28.4,0,0,0.0,0.06,FA,0.76,1,,default (1 yr),-0.88,,,2.46,False,FF,FF,False,171,43,7,146.4,133.6,105.5,0.995,92.9,0.374,0.24,0.082,0.094,0.151,-0.19,-0.93,-0.44,0.477,43.2,1.26,Default: league minimum (not in salaries.csv),True,True,Free agent after 2025: no control value,reliever,13.5,4.48,1.76,-0.01,9.3,0,True,calibrated
641941,Emilio Pagán,CIN,116.9,105.7,91.2,0.11,0.248,0.086,0.092,reliever,56.1,79,1,0.47,0.42,FA-eligible,8.0,1,,hand,-2.1,,,1.45,False,FF,FF,True,904,229,50,116.9,111.8,105.7,0.999,93.3,0.76,0.241,0.086,0.087,0.487,-0.14,-0.05,-0.04,0.867,56.1,1.24,salaries.csv,False,True,Free agent after 2025: no control value,reliever,45.5,4.05,1.85,0.62,68.7,0,True,calibrated
663562,Noah Davis,LAD,88.8,95.3,63.6,1.22,0.238,0.061,0.097,reliever,45.6,32,1,0.34,-0.04,FA,0.76,1,,default (1 yr),-9.18,,,3.17,True,SI,ST,False,244,62,8,83.6,87.1,95.3,0.996,83.2,0.46,0.239,0.081,0.085,0.204,0.28,-0.33,-0.17,0.51,51.0,1.21,Default: league minimum (not in salaries.csv),True,True,Free agent after 2025: no control value,reliever,14.8,5.12,-1.23,-0.89,11.0,0,True,calibrated
621366,Ryan Borucki,PIT,101.9,100.1,82.7,-1.54,0.247,0.099,0.106,reliever,93.6,256,1,0.75,0.14,FA-eligible,1.15,1,,hand,-0.16,,,1.74,True,SL,FS,True,554,132,29,106.7,104.2,100.1,0.998,88.6,0.659,0.24,0.091,0.09,0.354,-0.7,2.3,1.82,0.791,89.9,1.15,salaries.csv,False,True,Free agent after 2025: no control value,reliever,28.3,4.44,0.3,0.1,35.0,0,True,calibrated
621345,A. J. Minter,NYM,114.2,104.7,82.4,3.64,0.253,0.054,0.077,reliever,15.5,255,2,1.0,0.12,FA-eligible,11.0,1,,hand,-7.92,,,2.23,False,FC,FC,False,166,39,10,110.6,107.1,104.7,0.995,93.5,0.367,0.24,0.081,0.081,0.139,0.44,-1.34,-0.76,0.566,32.1,1.12,salaries.csv,False,True,Free agent after 2025: no control value,reliever,12.2,4.01,1.73,0.32,11.0,0,True,calibrated
664129,Geoff Hartlieb,NYY,109.4,102.9,69.9,-5.23,0.193,0.028,0.25,reliever,0.0,0,0,0.0,-0.01,FA,0.76,1,,default (1 yr),-3.73,,,3.3,,,,False,109,24,4,,,102.9,0.992,91.7,0.276,0.239,0.08,0.097,0.09,-0.18,-3.09,-1.06,0.343,25.3,1.12,Default: league minimum (not in salaries.csv),True,True,Free agent after 2025: no control value,reliever,5.2,4.96,1.19,-0.31,3.3,0,True,calibrated
664854,Ryan Helsley,STL,119.0,106.4,93.9,-2.15,0.233,0.102,0.091,reliever,63.2,83,1,0.48,0.27,arb,8.2,1,,hand,-5.92,,,1.25,True,SL,FF,True,949,242,50,115.0,110.4,106.4,0.999,95.3,0.768,0.239,0.094,0.086,0.501,-0.92,0.29,0.25,0.867,62.5,1.11,salaries.csv,False,True,Free agent after 2025: no control value,reliever,41.0,4.28,2.25,0.24,56.0,0,True,calibrated
608566,Germán Márquez,COL,107.8,102.3,90.8,-1.01,0.233,0.093,0.081,starter,61.5,285,3,1.0,0.89,FA-eligible,10.0,1,,hand,-10.15,,,1.15,True,FF,KC,True,2002,568,25,88.9,91.0,102.3,1.0,92.0,0.875,0.238,0.091,0.081,0.702,-0.49,0.28,0.22,0.775,60.0,1.03,salaries.csv,False,True,Free agent after 2025: no control value,starter,98.9,4.97,1.14,-0.02,126.3,0,True,calibrated
621111,Walker Buehler,BOS,96.5,98.1,87.6,-2.76,0.218,0.088,0.11,starter,85.4,418,4,1.0,0.67,FA-eligible,18.05,1,,hand,-21.42,,,1.05,True,FF,FC,True,2108,543,23,92.7,93.8,98.1,1.0,89.1,0.88,0.234,0.087,0.102,0.692,-1.3,1.37,1.04,0.761,79.0,0.9,salaries.csv,False,True,Free agent after 2025: no control value,starter,95.6,5.08,0.08,-0.35,126.0,0,True,calibrated
608665,Kendall Graveman,AZ,92.3,96.6,76.7,-2.06,0.207,0.052,0.145,reliever,49.7,265,1,0.75,-0.01,FA-eligible,1.25,1,,hand,-3.66,,,1.99,True,SI,SL,False,324,83,16,94.7,95.3,96.6,0.997,87.6,0.531,0.238,0.077,0.098,0.256,-0.07,-0.22,-0.15,0.676,51.7,0.9,salaries.csv,False,True,Free agent after 2025: no control value,reliever,13.1,4.94,-0.37,-0.25,17.7,0,True,calibrated
663432,Tanner Rainey,PIT,102.7,100.4,79.7,-5.85,0.199,0.07,0.191,reliever,56.8,267,2,1.0,0.04,FA-eligible,0.24,1,,hand,0.34,,,2.07,False,FF,FF,False,201,47,10,104.8,102.8,100.4,0.996,91.6,0.413,0.238,0.083,0.1,0.163,-0.58,0.02,0.01,0.566,56.8,0.88,salaries.csv,False,True,Free agent after 2025: no control value,reliever,10.8,4.54,0.8,0.06,9.7,0,True,calibrated
664948,Anthony Misiewicz,MIN,98.3,98.8,65.5,-5.66,0.191,0.07,0.174,reliever,87.8,104,1,0.54,0.01,FA,0.76,1,,default (1 yr),-2.99,,,3.33,False,FC,FC,False,115,23,5,108.5,105.5,98.8,0.992,90.1,0.287,0.239,0.084,0.09,0.087,-0.24,1.6,0.63,0.394,72.3,0.87,Default: league minimum (not in salaries.csv),True,True,Free agent after 2025: no control value,reliever,8.8,4.78,0.33,-0.24,4.7,0,True,calibrated
448179,Rich Hill,KC,97.5,98.5,72.8,-5.72,0.24,0.105,0.186,starter,53.7,38,0,0.11,0.02,FA,0.76,1,,default (1 yr),-2.67,,,2.57,True,FF,CU,False,171,43,2,104.0,102.2,98.5,0.995,89.8,0.374,0.24,0.089,0.098,0.151,-0.87,-0.12,-0.03,0.216,57.1,0.87,Default: league minimum (not in salaries.csv),True,True,Free agent after 2025: no control value,starter,2.8,5.16,0.24,-0.2,9.0,0,True,calibrated
656794,Sean Newcomb,ATH,80.0,92.0,80.2,-0.2,0.238,0.092,0.072,reliever,30.4,127,1,0.6,0.6,FA-eligible,1.0,1,,hand,14.82,,,1.18,False,FF,FF,True,1481,373,44,95.4,95.8,92.0,0.999,83.4,0.838,0.239,0.089,0.076,0.607,-0.09,-0.8,-0.69,0.851,34.8,0.86,salaries.csv,False,True,Free agent after 2025: no control value,reliever,62.9,4.12,-1.69,1.67,92.3,0,True,calibrated
621139,Brooks Kriske,MIN,100.1,99.5,84.2,-3.08,0.239,0.096,0.137,reliever,14.9,0,0,0.0,0.04,FA,0.76,1,,default (1 yr),-0.46,,,1.53,False,FS,FS,False,343,73,16,94.4,95.1,99.5,0.997,91.4,0.545,0.24,0.089,0.095,0.232,-0.74,-1.38,-0.93,0.676,28.4,0.81,Default: league minimum (not in salaries.csv),True,True,Free agent after 2025: no control value,reliever,14.8,4.61,0.63,0.03,18.0,0,True,calibrated
612434,Miguel Castro,CWS,95.3,97.7,61.8,-5.61,0.248,0.114,0.179,reliever,66.6,416,2,1.0,-0.0,FA,0.76,1,,default (1 yr),-2.31,,,3.59,,,,False,105,28,6,,,97.7,0.992,89.7,0.268,0.24,0.089,0.092,0.104,-0.63,0.41,0.18,0.439,60.5,0.8,Default: league minimum (not in salaries.csv),True,True,Free agent after 2025: no control value,reliever,10.7,4.88,0.11,-0.16,6.0,0,True,calibrated
628317,Kenta Maeda,DET,90.7,96.0,63.6,-3.99,0.227,0.092,0.147,reliever,9.1,254,1,0.75,0.01,FA-eligible,10.0,1,,hand,-11.37,,,3.24,,,,False,141,34,6,,,96.0,0.994,88.0,0.33,0.239,0.087,0.09,0.124,-0.41,-1.62,-0.71,0.439,34.1,0.8,salaries.csv,False,True,Free agent after 2025: no control value,reliever,3.9,4.73,-0.4,-0.14,8.0,0,True,calibrated
592773,Ryne Stanek,NYM,111.2,103.6,95.1,-1.57,0.232,0.079,0.121,reliever,74.3,17,0,0.05,0.17,FA-eligible,4.5,1,,hand,-3.84,,,0.85,False,FF,FF,True,969,231,50,114.9,110.3,103.6,0.999,96.2,0.772,0.238,0.083,0.101,0.489,-0.59,0.7,0.61,0.867,72.0,0.74,salaries.csv,False,True,Free agent after 2025: no control value,reliever,36.8,4.47,1.97,0.07,56.0,0,True,calibrated
593833,Wander Suero,ATL,103.0,100.5,79.4,3.19,0.261,0.042,0.125,reliever,0.7,15,0,0.04,0.01,FA,0.76,1,,default (1 yr),-3.65,,,2.11,False,FC,FC,False,142,32,5,114.3,109.8,100.5,0.994,93.2,0.332,0.24,0.08,0.087,0.117,0.29,-2.42,-0.95,0.394,27.7,0.73,Default: league minimum (not in salaries.csv),True,True,Free agent after 2025: no control value,reliever,4.8,4.73,1.05,-0.3,6.3,0,True,calibrated
592426,Luke Jackson,TEX,128.4,109.9,104.0,-1.62,0.234,0.089,0.106,reliever,13.9,293,2,1.0,0.14,FA-eligible,1.5,1,,hand,-1.36,,,0.59,False,SL,SL,True,696,188,37,111.7,107.9,109.9,0.999,102.8,0.709,0.239,0.087,0.093,0.438,-0.59,-1.43,-1.18,0.828,20.3,0.71,salaries.csv,False,True,Free agent after 2025: no control value,reliever,35.4,4.53,3.9,0.01,51.0,0,True,calibrated
621363,Colin Poche,WSH,95.4,97.7,78.3,-3.28,0.246,0.073,0.2,reliever,86.8,61,1,0.42,-0.01,FA-eligible,0.29,1,,hand,-2.43,,,1.94,False,FF,FF,False,191,40,11,86.6,89.3,97.7,0.995,91.3,0.4,0.24,0.084,0.099,0.142,-0.49,1.38,0.81,0.589,77.7,0.64,salaries.csv,False,True,Free agent after 2025: no control value,reliever,10.7,4.96,0.35,-0.23,9.3,0,True,calibrated
684320,Yariel Rodríguez,TOR,102.9,100.5,93.0,0.6,0.236,0.063,0.106,reliever,57.1,52,0,0.14,0.23,FA-eligible,7.0,1,,hand,-5.97,,,0.75,False,SL,SL,True,1106,284,56,101.1,100.1,100.5,0.999,94.4,0.794,0.239,0.074,0.095,0.541,0.42,0.05,0.04,0.879,56.8,0.61,salaries.csv,False,True,Free agent after 2025: no control value,reliever,53.8,4.5,1.23,0.11,73.0,0,True,calibrated
521230,Liam Hendriks,BOS,103.5,100.7,88.6,-1.0,0.221,0.065,0.117,reliever,35.8,529,4,1.0,0.03,FA-eligible,6.0,1,,hand,-6.77,,,1.21,False,FF,FF,False,231,60,11,102.7,101.2,100.7,0.996,94.9,0.447,0.239,0.082,0.089,0.199,0.0,-0.67,-0.39,0.589,43.9,0.58,salaries.csv,False,True,Free agent after 2025: no control value,reliever,9.1,4.57,1.34,-0.08,13.7,0,True,calibrated
664849,Danny Young,NYM,94.4,97.4,71.1,-0.12,0.226,0.078,0.077,reliever,2.0,154,1,0.68,0.11,FA,0.76,1,,default (1 yr),2.04,,,2.63,,,,False,115,26,6,,,97.4,0.992,91.7,0.287,0.239,0.085,0.081,0.097,0.07,-2.11,-0.93,0.439,28.4,0.57,Default: league minimum (not in salaries.csv),True,True,Free agent after 2025: no control value,reliever,10.5,3.98,0.36,0.29,8.3,0,True,calibrated
657756,Connor Seabold,TB,101.0,99.8,85.5,-7.58,0.205,0.13,0.125,reliever,12.2,88,1,0.49,0.06,FA,0.76,1,,default (1 yr),-0.41,,,1.43,False,FF,FF,False,185,48,7,107.9,105.1,99.8,0.995,94.3,0.393,0.238,0.093,0.089,0.166,-0.95,-1.49,-0.71,0.477,34.1,0.55,Default: league minimum (not in salaries.csv),True,True,Free agent after 2025: no control value,reliever,13.2,4.5,1.11,0.04,10.3,0,True,calibrated
519151,Ryan Pressly,CHC,108.8,102.7,96.1,-1.32,0.238,0.103,0.079,reliever,17.2,54,0,0.15,0.05,FA-eligible,14.0,1,,hand,-16.36,,,0.66,True,FF,CU,True,604,165,34,98.5,98.1,102.7,0.999,97.4,0.679,0.239,0.092,0.081,0.406,-0.5,-1.29,-1.05,0.816,25.3,0.53,salaries.csv,False,True,Free agent after 2025: no control value,reliever,24.4,4.69,2.01,-0.25,41.3,0,True,calibrated
663878,Nate Pearson,CHC,104.5,101.1,90.0,-6.87,0.219,0.149,0.091,reliever,45.6,121,0,0.34,-0.01,FA-eligible,1.35,1,,hand,-3.96,,,1.11,True,FF,SL,False,201,55,7,102.4,101.0,101.1,0.996,95.9,0.413,0.239,0.097,0.083,0.186,-1.02,-0.32,-0.15,0.477,51.7,0.52,salaries.csv,False,True,Free agent after 2025: no control value,reliever,16.4,4.93,1.55,-0.27,14.7,0,True,calibrated
656686,Corbin Martin,BAL,112.8,104.1,98.2,-0.1,0.223,0.063,0.101,reliever,20.6,186,1,0.75,0.09,FA,0.76,1,,default (1 yr),-2.27,,,0.59,True,FF,CU,False,332,89,15,108.7,105.7,104.1,0.997,99.0,0.537,0.239,0.08,0.087,0.27,0.2,-1.16,-0.77,0.661,32.1,0.51,Default: league minimum (not in salaries.csv),True,True,Free agent after 2025: no control value,reliever,18.6,4.45,2.46,-0.16,18.0,0,True,calibrated
664285,Framber Valdez,HOU,97.1,98.3,92.5,2.18,0.258,0.074,0.084,starter,40.0,0,0,0.0,2.35,arb,18.0,1,,hand,24.52,,,0.58,False,SI,SI,True,2801,775,30,109.2,106.1,98.3,1.0,93.2,0.907,0.246,0.077,0.083,0.763,1.09,-0.61,-0.49,0.806,42.4,0.51,salaries.csv,False,True,Free agent after 2025: no control value,starter,132.7,4.19,0.72,4.48,192.0,0,True,calibrated
663992,Richard Lovelady,NYM,109.7,103.0,94.6,-5.9,0.177,0.103,0.089,reliever,0.0,160,2,0.94,0.03,FA,0.76,1,,default (1 yr),-3.79,,,0.84,False,ST,ST,False,175,45,8,123.4,116.6,103.0,0.995,98.0,0.38,0.238,0.088,0.083,0.157,-0.39,-2.76,-1.41,0.51,13.9,0.5,Default: league minimum (not in salaries.csv),True,True,Free agent after 2025: no control value,reliever,14.3,4.68,2.15,-0.32,11.7,0,True,calibrated
660730,Elvin Rodríguez,MIL,105.6,101.5,93.0,0.13,0.239,0.082,0.085,reliever,63.9,0,0,0.0,0.03,FA,0.76,1,,default (1 yr),-7.78,,,0.85,False,FF,FF,False,268,71,5,108.6,105.6,101.5,0.997,96.6,0.484,0.24,0.085,0.082,0.227,0.04,0.33,0.13,0.394,58.8,0.49,Default: league minimum (not in salaries.csv),True,True,Free agent after 2025: no control value,reliever,20.7,4.98,1.71,-0.74,19.7,0,True,calibrated
621121,Lance Mccullers,HOU,91.8,96.4,89.5,-2.24,0.228,0.074,0.142,starter,89.8,601,4,1.0,0.36,FA-eligible,17.7,1,,hand,-20.53,,,0.69,True,ST,CH,True,1147,274,13,89.1,91.2,96.4,0.999,91.6,0.8,0.238,0.079,0.114,0.532,-0.9,1.81,1.17,0.642,82.4,0.48,salaries.csv,False,True,Free agent after 2025: no control value,starter,51.8,4.98,0.2,-0.3,55.3,0,True,calibrated
621199,Matthew Bowman,BAL,106.9,102.0,96.0,-0.22,0.225,0.089,0.057,reliever,53.7,0,0,0.0,0.06,FA,0.76,1,,default (1 yr),-1.4,,,0.6,True,SI,ST,False,417,105,17,91.4,92.9,102.0,0.998,97.6,0.593,0.239,0.087,0.074,0.303,0.16,-0.11,-0.07,0.689,55.7,0.44,Default: league minimum (not in salaries.csv),True,True,Free agent after 2025: no control value,reliever,16.4,4.52,1.94,-0.07,24.7,0,True,calibrated
657024,Erik Swanson,TOR,95.5,97.8,78.5,-8.8,0.189,0.11,0.167,reliever,56.8,127,2,0.85,-0.02,FA-eligible,3.0,1,,hand,-6.16,,,1.93,True,FF,FS,False,127,30,6,92.5,93.7,97.8,0.993,93.4,0.307,0.238,0.089,0.091,0.111,-0.69,-0.01,-0.0,0.439,56.8,0.44,salaries.csv,False,True,Free agent after 2025: no control value,reliever,8.5,5.08,0.68,-0.33,5.3,0,True,calibrated
656457,Tyler Gilbert,CWS,86.1,94.3,86.5,-1.93,0.223,0.087,0.099,reliever,92.6,109,1,0.55,0.22,FA,0.76,1,,default (1 yr),2.49,,,0.78,True,SI,FS,True,839,212,38,103.0,101.5,94.3,0.999,89.9,0.746,0.237,0.086,0.09,0.468,-0.52,2.11,1.76,0.832,89.5,0.44,Default: league minimum (not in salaries.csv),True,True,Free agent after 2025: no control value,reliever,37.8,4.46,-0.37,0.34,51.0,0,True,calibrated
664208,Phil Maton,STL,110.4,103.3,98.8,-1.58,0.235,0.096,0.093,reliever,68.9,15,0,0.04,0.51,FA-eligible,2.0,1,,hand,10.82,,,0.45,False,CU,CU,True,970,236,51,121.7,115.3,103.3,0.999,99.1,0.772,0.239,0.091,0.087,0.495,-0.69,0.58,0.5,0.869,67.2,0.42,salaries.csv,False,True,Free agent after 2025: no control value,reliever,42.0,3.8,2.36,1.35,61.3,0,True,calibrated
502043,Kyle Gibson,BAL,88.8,95.3,82.0,-3.1,0.164,0.054,0.096,starter,9.3,0,0,0.0,0.09,FA-eligible,5.25,1,,hand,-10.94,,,1.33,False,SI,SI,False,280,73,4,79.1,83.8,95.3,0.997,91.1,0.495,0.236,0.078,0.085,0.232,0.23,-1.72,-0.61,0.356,39.5,0.42,salaries.csv,False,True,Free agent after 2025: no control value,starter,16.6,5.3,-0.04,-0.6,12.3,0,True,calibrated
596133,Luke Weaver,NYY,108.8,102.7,98.2,1.14,0.239,0.076,0.073,reliever,30.1,252,2,1.0,0.36,FA-eligible,2.5,1,,hand,1.83,,,0.45,False,FF,FF,True,1045,260,59,108.2,105.3,102.7,0.999,98.6,0.785,0.24,0.08,0.077,0.519,0.61,-0.81,-0.72,0.885,33.8,0.41,salaries.csv,False,True,Free agent after 2025: no control value,reliever,46.4,4.19,2.19,0.46,64.7,0,True,calibrated
605177,Andrew Chafin,WSH,96.5,98.1,91.4,-2.35,0.228,0.08,0.133,reliever,22.6,58,0,0.16,0.13,FA-eligible,1.0,1,,hand,2.83,,,0.67,True,SI,SL,True,614,143,30,110.0,106.7,98.1,0.999,94.1,0.682,0.238,0.083,0.101,0.372,-0.65,-1.13,-0.9,0.796,29.1,0.4,salaries.csv,False,True,Free agent after 2025: no control value,reliever,21.2,4.32,0.83,0.4,33.7,0,True,calibrated
445276,Kenley Jansen,LAA,115.8,105.3,101.9,-1.27,0.251,0.118,0.067,reliever,44.6,33,1,0.34,0.25,FA-eligible,10.0,1,,hand,-6.63,,,0.34,True,FC,SI,True,838,224,48,112.1,108.2,105.3,0.999,101.4,0.745,0.241,0.101,0.075,0.482,-0.86,-0.38,-0.33,0.862,45.6,0.39,salaries.csv,False,True,Free agent after 2025: no control value,reliever,35.0,4.25,3.0,0.36,59.0,0,True,calibrated
656186,Dan Altavilla,CWS,98.8,99.0,92.2,-0.01,0.259,0.081,0.124,reliever,1.4,200,1,0.75,0.02,FA-eligible,0.66,1,,hand,-3.53,,,0.68,False,FF,FF,False,456,121,25,98.5,98.1,99.0,0.998,95.2,0.614,0.241,0.084,0.096,0.334,-0.35,-2.24,-1.72,0.765,7.4,0.38,salaries.csv,False,True,Free agent after 2025: no control value,reliever,21.7,4.78,1.13,-0.3,29.0,0,True,calibrated
573186,Marcus Stroman,NYY,96.4,98.1,92.2,1.04,0.244,0.069,0.097,starter,3.4,166,1,0.71,0.45,FA-eligible,18.5,1,,hand,-17.48,,,0.59,False,SI,SI,True,623,155,8,92.4,93.6,98.1,0.999,94.7,0.685,0.24,0.079,0.088,0.391,0.33,-2.23,-1.17,0.525,22.4,0.34,salaries.csv,False,True,Free agent after 2025: no control value,starter,43.3,4.84,0.92,0.11,39.0,0,True,calibrated
623149,Paul Sewald,CLE,121.9,107.5,109.4,-1.42,0.256,0.118,0.081,reliever,0.0,200,1,0.75,0.08,FA-eligible,6.0,1,,hand,-6.31,,,-0.19,False,FF,FF,False,289,74,14,107.9,105.1,107.5,0.997,104.7,0.503,0.24,0.093,0.082,0.235,-0.55,-3.05,-1.97,0.646,3.0,0.28,salaries.csv,False,True,Free agent after 2025: no control value,reliever,13.2,4.32,3.83,-0.03,19.7,0,True,calibrated
681217,Chase Silseth,LAA,100.8,99.7,92.4,-4.73,0.188,0.086,0.111,reliever,0.3,110,1,0.56,0.11,FA,0.76,1,,default (1 yr),0.01,,,0.73,False,FF,FF,False,197,45,10,103.9,102.1,99.7,0.996,96.9,0.408,0.238,0.086,0.086,0.157,-0.31,-2.53,-1.43,0.566,13.5,0.28,Default: league minimum (not in salaries.csv),True,True,Free agent after 2025: no control value,reliever,18.3,4.36,1.49,0.08,11.0,0,True,calibrated
542881,Tyler Anderson,LAA,93.0,96.8,93.2,1.43,0.246,0.069,0.089,starter,35.6,38,0,0.11,0.76,FA-eligible,13.0,1,,hand,-14.78,,,0.36,True,FF,FC,True,2248,573,25,95.8,96.1,96.8,1.0,94.0,0.887,0.241,0.074,0.087,0.704,0.84,-0.68,-0.53,0.775,41.5,0.28,salaries.csv,False,True,Free agent after 2025: no control value,starter,94.5,5.06,0.62,-0.19,136.3,0,True,calibrated
647336,Michael Soroka,WSH,90.7,96.0,91.8,-1.63,0.222,0.093,0.078,starter,81.0,317,3,1.0,0.98,FA-eligible,9.0,1,,hand,0.33,,,0.42,False,FF,FF,True,1444,361,16,101.0,100.0,96.0,0.999,93.2,0.835,0.236,0.09,0.079,0.599,-0.52,1.12,0.77,0.688,73.2,0.28,salaries.csv,False,True,Free agent after 2025: no control value,starter,78.9,4.46,0.38,0.98,89.7,0,True,calibrated
660787,Yerry De Los Santos,NYY,96.0,97.9,93.0,-2.77,0.222,0.093,0.106,reliever,1.0,94,2,0.76,0.17,FA,0.76,1,,default (1 yr),3.38,,,0.49,True,SI,CH,True,590,160,23,94.2,94.9,97.9,0.999,95.3,0.673,0.238,0.089,0.092,0.399,-0.74,-2.32,-1.74,0.75,6.8,0.26,Default: league minimum (not in salaries.csv),True,True,Free agent after 2025: no control value,reliever,31.7,4.41,0.98,0.44,35.7,0,True,calibrated
554431,Tyler Matzek,NYY,104.7,101.2,96.2,7.08,0.362,0.071,0.143,reliever,16.6,411,3,1.0,0.03,FA,0.76,1,,default (1 yr),0.08,,,0.5,False,FF,FF,False,127,35,7,106.6,104.1,101.2,0.993,98.8,0.307,0.242,0.084,0.09,0.127,0.01,-1.3,-0.62,0.477,37.2,0.24,Default: league minimum (not in salaries.csv),True,True,Free agent after 2025: no control value,reliever,6.1,4.48,2.0,0.09,6.3,0,True,calibrated
642239,Rob Zastryzny,MIL,99.8,99.3,94.4,0.72,0.225,0.066,0.078,reliever,39.2,221,4,1.0,0.08,FA,0.76,1,,default (1 yr),-0.86,,,0.49,True,FF,FC,False,347,90,21,103.0,101.5,99.3,0.998,96.9,0.548,0.239,0.08,0.081,0.272,0.41,-0.57,-0.42,0.732,43.6,0.24,Default: league minimum (not in salaries.csv),True,True,Free agent after 2025: no control value,reliever,17.8,4.52,1.43,-0.01,22.0,0,True,calibrated
641482,Néstor Cortés,SD,95.0,97.6,92.6,-1.46,0.236,0.088,0.107,starter,5.9,286,4,1.0,0.2,arb,7.6,1,,hand,-16.34,,,0.5,True,FF,FC,True,535,140,7,92.5,93.7,97.6,0.998,95.2,0.652,0.239,0.086,0.091,0.367,-0.46,-1.96,-0.96,0.491,26.8,0.24,salaries.csv,False,True,Free agent after 2025: no control value,starter,46.7,5.41,0.92,-0.92,34.3,0,True,calibrated
682171,Penn Murfee,CWS,103.8,100.8,96.9,1.28,0.244,0.07,0.089,reliever,12.5,334,3,1.0,0.05,FA-eligible,0.78,1,,hand,-2.22,,,0.39,True,ST,FF,False,201,56,11,100.6,99.7,100.8,0.996,98.7,0.413,0.24,0.083,0.083,0.188,0.18,-1.47,-0.86,0.589,29.7,0.21,salaries.csv,False,True,Free agent after 2025: no control value,reliever,14.0,4.55,1.92,-0.15,12.7,0,True,calibrated
641672,Thomas Hatch,MIN,94.2,97.3,92.9,-3.21,0.185,0.07,0.1,reliever,0.0,0,0,0.0,-0.0,FA,0.76,1,,default (1 yr),-5.73,,,0.44,True,FC,CH,True,585,150,11,95.5,95.9,97.3,0.999,95.2,0.672,0.234,0.08,0.089,0.383,-0.14,-4.17,-2.46,0.589,0.7,0.21,Default: league minimum (not in salaries.csv),True,True,Free agent after 2025: no control value,reliever,25.2,4.96,0.87,-0.52,34.0,0,True,calibrated
656222,Jalen Beeks,AZ,88.0,95.0,90.6,0.4,0.226,0.069,0.081,reliever,40.5,57,0,0.16,0.2,FA-eligible,1.25,1,,hand,2.05,,,0.44,True,FF,FC,True,894,221,46,99.9,99.2,95.0,0.999,92.9,0.758,0.238,0.078,0.082,0.478,0.53,-0.54,-0.46,0.857,42.9,0.21,salaries.csv,False,True,Free agent after 2025: no control value,reliever,39.8,4.45,0.18,0.35,57.3,0,True,calibrated
656302,Dylan Cease,SD,113.0,104.2,102.5,-0.09,0.231,0.073,0.096,starter,68.8,0,0,0.0,2.22,arb,13.75,1,,hand,19.82,,,0.17,True,FF,SI,True,2950,701,31,117.8,112.4,104.2,1.0,102.3,0.912,0.237,0.076,0.092,0.744,0.19,0.6,0.48,0.811,66.8,0.19,salaries.csv,False,True,Free agent after 2025: no control value,starter,118.6,4.11,2.97,3.53,168.0,0,True,calibrated
656288,Griffin Canning,NYM,100.7,99.7,97.3,0.5,0.244,0.072,0.105,starter,7.8,302,0,0.5,1.02,FA-eligible,4.25,1,,hand,6.9,,,0.24,True,FF,SL,True,1249,306,15,101.8,100.6,99.7,0.999,97.8,0.814,0.24,0.078,0.095,0.559,0.17,-1.84,-1.24,0.674,21.5,0.19,salaries.csv,False,True,Free agent after 2025: no control value,starter,71.8,4.49,1.62,1.17,76.3,0,True,calibrated
445926,Jesse Chavez,ATL,91.3,96.2,82.3,-3.68,0.208,0.1,0.091,reliever,0.0,109,0,0.3,0.0,FA,0.76,1,,default (1 yr),-4.69,,,1.39,False,FC,FC,False,130,33,3,97.1,97.1,96.2,0.993,94.5,0.312,0.239,0.087,0.083,0.12,-0.23,-3.09,-0.87,0.281,29.7,0.17,Default: league minimum (not in salaries.csv),True,True,Free agent after 2025: no control value,reliever,0.0,4.92,0.6,-0.41,8.0,0,True,calibrated
622379,Luis Castillo,SEA,84.9,93.8,78.6,-1.7,0.25,0.071,0.171,starter,72.2,0,0,0.0,0.21,FA,0.76,1,,default (1 yr),-0.24,,,1.52,False,FF,FF,False,168,41,2,85.1,88.2,93.8,0.995,92.1,0.37,0.24,0.084,0.095,0.145,-0.32,0.75,0.16,0.216,59.0,0.17,Default: league minimum (not in salaries.csv),True,True,Free agent after 2025: no control value,starter,21.7,4.91,-0.12,0.06,7.0,0,True,calibrated
571946,Shelby Miller,AZ,113.3,104.3,103.8,-0.75,0.223,0.09,0.063,reliever,34.5,153,2,0.92,0.29,FA-eligible,1.0,1,,hand,4.35,,,0.05,False,FF,FF,True,687,175,35,119.7,113.8,104.3,0.999,102.7,0.706,0.238,0.088,0.074,0.42,0.04,-0.69,-0.57,0.82,39.5,0.16,salaries.csv,False,True,Free agent after 2025: no control value,reliever,31.3,4.06,3.05,0.56,46.0,0,True,calibrated
621381,Matt Strahm,PHI,101.8,100.1,98.1,1.48,0.258,0.085,0.077,reliever,82.1,39,0,0.11,0.41,FA-eligible,7.5,1,,hand,2.81,,,0.2,False,FF,FF,True,962,248,55,106.4,104.0,100.1,0.999,98.5,0.771,0.242,0.085,0.079,0.507,0.3,1.12,0.98,0.878,80.4,0.16,salaries.csv,False,True,Free agent after 2025: no control value,reliever,41.5,4.0,1.79,1.09,62.3,0,True,calibrated
681799,Ethan Roberts,CHC,109.4,102.9,104.3,4.69,0.291,0.085,0.053,reliever,0.0,344,2,1.0,0.04,FA,0.76,1,,default (1 yr),-3.25,,,-0.14,False,ST,ST,False,141,38,6,97.1,97.1,102.9,0.994,101.4,0.33,0.241,0.086,0.078,0.136,0.25,-3.3,-1.45,0.439,13.2,0.15,Default: league minimum (not in salaries.csv),True,True,Free agent after 2025: no control value,reliever,14.9,4.65,2.64,-0.26,9.0,0,True,calibrated
502085,David Robertson,PHI,93.1,96.9,91.0,-3.03,0.204,0.089,0.091,reliever,34.8,9,0,0.02,0.02,FA-eligible,6.0,1,,hand,-6.82,,,0.59,False,FC,FC,False,304,77,17,93.6,94.5,96.9,0.997,95.4,0.515,0.238,0.086,0.084,0.242,-0.27,-0.69,-0.47,0.689,42.2,0.15,salaries.csv,False,True,Free agent after 2025: no control value,reliever,5.2,4.45,0.84,-0.09,17.7,0,True,calibrated
667297,Tommy Nance,TOR,126.2,109.1,112.4,0.8,0.232,0.082,0.056,reliever,11.1,359,1,0.75,0.27,FA,0.76,1,,default (1 yr),8.43,,,-0.33,True,SL,CU,False,461,126,25,119.5,113.7,109.1,0.998,107.7,0.617,0.239,0.085,0.073,0.343,0.41,-1.57,-1.2,0.765,19.6,0.14,Default: league minimum (not in salaries.csv),True,True,Free agent after 2025: no control value,reliever,22.0,3.78,4.52,0.97,31.7,0,True,calibrated
650893,Génesis Cabrera,MIN,90.7,96.0,92.5,-0.37,0.227,0.074,0.094,reliever,99.7,13,0,0.04,-0.06,FA-eligible,0.76,1,,hand,-9.95,,,0.35,False,SI,SI,True,704,181,32,104.3,102.4,96.0,0.999,94.7,0.711,0.238,0.081,0.087,0.429,0.11,5.38,4.34,0.807,99.0,0.13,salaries.csv,False,True,Free agent after 2025: no control value,reliever,35.1,5.03,0.6,-0.97,42.7,0,True,calibrated
666120,Ian Anderson,LAA,80.7,92.3,78.4,-5.02,0.198,0.094,0.12,reliever,0.0,0,0,0.0,-0.0,FA,0.76,1,,default (1 yr),-2.66,,,1.39,True,FF,CH,False,202,50,7,76.8,82.1,92.3,0.996,91.1,0.414,0.238,0.087,0.088,0.172,-0.48,-2.67,-1.27,0.477,17.2,0.12,Default: league minimum (not in salaries.csv),True,True,Free agent after 2025: no control value,reliever,13.7,4.87,-0.49,-0.2,9.3,0,True,calibrated
605463,Tayler Scott,HOU,98.8,99.0,96.8,0.71,0.252,0.059,0.138,reliever,70.6,118,0,0.33,-0.01,FA,0.76,1,,default (1 yr),-5.96,,,0.22,True,FF,ST,True,524,130,21,92.0,93.3,99.0,0.998,97.9,0.647,0.241,0.076,0.102,0.35,0.05,0.6,0.44,0.732,66.9,0.11,Default: league minimum (not in salaries.csv),True,True,Free agent after 2025: no control value,reliever,20.1,4.94,1.53,-0.55,27.3,0,True,calibrated
605347,Jorge López,WSH,89.3,95.5,90.2,-1.69,0.218,0.1,0.059,reliever,94.6,25,0,0.07,0.1,FA-eligible,3.0,1,,hand,-0.3,,,0.53,True,SI,SL,False,381,102,18,87.3,89.8,95.5,0.998,94.4,0.571,0.238,0.09,0.075,0.297,-0.15,2.67,1.87,0.701,90.2,0.11,salaries.csv,False,True,Free agent after 2025: no control value,reliever,19.0,4.42,0.48,0.28,24.7,0,True,calibrated
672578,Carlos Hernández,PHI,105.4,101.4,100.6,0.68,0.269,0.09,0.106,reliever,89.5,57,1,0.41,0.15,FA-eligible,1.16,1,,hand,0.31,,,0.08,False,FF,FF,True,709,188,34,109.6,106.4,101.4,0.999,100.4,0.712,0.243,0.088,0.093,0.438,-0.37,1.72,1.4,0.816,86.8,0.1,salaries.csv,False,True,Free agent after 2025: no control value,reliever,35.9,4.49,2.27,0.16,43.3,0,True,calibrated
642152,Lou Trivino,LAD,88.9,95.3,92.3,0.06,0.245,0.088,0.085,reliever,83.4,372,2,1.0,0.1,FA-eligible,0.35,1,,hand,-1.27,,,0.3,True,FC,CH,True,822,200,42,91.6,93.0,95.3,0.999,94.3,0.742,0.24,0.087,0.083,0.453,-0.09,1.18,1.0,0.845,80.4,0.1,salaries.csv,False,True,Free agent after 2025: no control value,reliever,34.0,4.66,0.44,-0.1,47.7,0,True,calibrated
663158,Robert Suarez,SD,122.1,107.6,108.6,1.05,0.258,0.104,0.05,reliever,78.4,172,1,0.73,0.55,FA-eligible,10.0,1,,hand,2.41,,,-0.1,True,FF,SI,True,1038,259,59,114.9,110.3,107.6,0.999,106.7,0.784,0.242,0.095,0.065,0.518,0.07,0.84,0.75,0.885,74.7,0.09,salaries.csv,False,True,Free agent after 2025: no control value,reliever,46.7,3.84,4.14,1.31,69.7,0,True,calibrated
670329,Rico Garcia,BAL,115.5,105.1,106.3,1.85,0.268,0.096,0.064,reliever,27.7,348,0,0.5,0.23,FA,0.76,1,,default (1 yr),2.41,,,-0.12,True,FF,CU,True,586,141,25,112.1,108.2,105.1,0.999,104.2,0.672,0.242,0.09,0.075,0.369,0.14,-0.98,-0.75,0.765,32.1,0.09,Default: league minimum (not in salaries.csv),True,True,Free agent after 2025: no control value,reliever,26.3,4.15,3.39,0.33,34.3,0,True,calibrated
670036,Matt Festa,CLE,99.5,99.2,97.9,1.0,0.253,0.097,0.058,reliever,54.1,16,1,0.29,0.34,FA,0.76,1,,default (1 yr),7.41,,,0.13,True,FF,FC,True,817,224,40,95.6,96.0,99.2,0.999,98.4,0.741,0.241,0.091,0.07,0.482,0.16,-0.11,-0.09,0.839,55.4,0.08,Default: league minimum (not in salaries.csv),True,True,Free agent after 2025: no control value,reliever,38.1,4.09,1.64,0.86,54.7,0,True,calibrated
608717,Chris Stratton,KC,95.4,97.7,94.4,-0.86,0.245,0.099,0.085,reliever,7.4,16,1,0.29,0.05,FA-eligible,4.5,1,,hand,-5.47,,,0.33,True,FF,SL,False,364,94,14,91.6,93.0,97.7,0.998,96.9,0.56,0.24,0.089,0.083,0.28,-0.32,-1.7,-1.1,0.646,24.3,0.08,salaries.csv,False,True,Free agent after 2025: no control value,reliever,13.6,4.57,1.19,-0.1,21.0,0,True,calibrated
607481,Aaron Bummer,ATL,93.3,96.9,95.3,1.9,0.243,0.075,0.062,reliever,92.9,138,3,0.88,0.29,FA-eligible,3.5,1,,hand,2.58,,,0.16,False,CU,CU,True,898,226,36,96.3,96.5,96.9,0.999,96.4,0.758,0.24,0.08,0.072,0.484,0.85,2.24,1.84,0.824,89.9,0.05,salaries.csv,False,True,Free agent after 2025: no control value,reliever,40.4,4.27,0.99,0.64,54.3,0,True,calibrated
573009,Joe Mantiply,AZ,108.3,102.5,105.7,-0.51,0.209,0.087,0.04,reliever,33.1,53,1,0.4,-0.0,FA-eligible,1.7,1,,hand,-6.62,,,-0.32,True,SI,CU,False,172,50,8,112.6,108.6,102.5,0.995,102.1,0.375,0.239,0.086,0.075,0.172,0.21,-0.72,-0.37,0.51,45.3,0.04,salaries.csv,False,True,Free agent after 2025: no control value,reliever,7.4,4.88,2.69,-0.52,9.7,0,True,calibrated
663804,Jackson Kowar,SEA,98.6,98.9,96.9,-4.94,0.164,0.075,0.099,reliever,62.5,291,3,1.0,0.05,FA,0.76,1,,default (1 yr),-3.15,,,0.2,True,FF,SL,False,281,71,14,99.0,98.5,98.9,0.997,98.5,0.495,0.236,0.083,0.086,0.227,-0.19,0.27,0.18,0.646,60.5,0.04,Default: league minimum (not in salaries.csv),True,True,Free agent after 2025: no control value,reliever,19.7,4.66,1.61,-0.25,17.0,0,True,calibrated
489119,Wade Miley,CIN,88.2,95.1,87.4,-2.23,0.22,0.083,0.109,starter,26.3,452,7,1.0,0.1,FA-eligible,1.57,1,,hand,-3.68,,,0.77,False,FC,FC,False,205,55,2,86.6,89.3,95.1,0.996,94.7,0.417,0.239,0.085,0.087,0.186,-0.21,-0.99,-0.21,0.216,49.3,0.04,salaries.csv,False,True,Free agent after 2025: no control value,starter,19.8,5.0,0.47,-0.22,12.0,0,True,calibrated
519008,T. J. Mcfarland,ATH,99.0,99.0,97.1,-0.12,0.211,0.089,0.03,reliever,2.0,43,0,0.12,0.02,FA-eligible,1.8,1,,hand,-2.06,,,0.19,False,SI,SI,False,237,66,7,96.9,96.9,99.0,0.996,98.7,0.453,0.238,0.086,0.071,0.215,0.32,-2.11,-1.01,0.477,26.4,0.03,salaries.csv,False,True,Free agent after 2025: no control value,reliever,8.5,4.62,1.65,-0.03,15.7,0,True,calibrated
677161,Zack Kelly,BOS,101.3,99.9,99.5,3.52,0.265,0.066,0.076,reliever,45.9,164,1,0.71,0.2,FA,0.76,1,,default (1 yr),3.0,,,0.04,True,FC,SI,True,558,144,21,98.4,98.1,99.9,0.998,99.7,0.661,0.242,0.078,0.08,0.374,0.82,-0.29,-0.22,0.732,49.7,0.02,Default: league minimum (not in salaries.csv),True,True,Free agent after 2025: no control value,reliever,28.8,4.26,1.94,0.4,35.3,0,True,calibrated
623167,Chris Flexen,CHC,92.9,96.8,95.2,0.64,0.25,0.094,0.067,reliever,61.1,0,0,0.0,0.05,FA-eligible,1.23,1,,hand,-3.44,,,0.16,True,FF,SL,True,673,179,21,75.3,81.0,96.8,0.999,96.6,0.702,0.241,0.089,0.075,0.426,0.05,0.21,0.16,0.732,60.1,0.02,salaries.csv,False,True,Free agent after 2025: no control value,reliever,31.9,4.77,1.01,-0.23,43.7,0,True,calibrated
674944,Sean Guenther,DET,97.7,98.6,95.8,-5.12,0.26,0.149,0.116,reliever,1.4,181,0,0.5,0.08,FA,0.76,1,,default (1 yr),1.01,,,0.28,,,,False,154,43,7,,,98.6,0.994,98.5,0.35,0.24,0.095,0.087,0.151,-0.9,-2.23,-1.07,0.477,25.0,0.01,Default: league minimum (not in salaries.csv),True,True,Free agent after 2025: no control value,reliever,13.0,4.45,1.56,0.19,10.3,0,True,calibrated
660271,Shohei Ohtani,LAD,110.3,103.2,104.4,-2.96,0.201,0.109,0.043,starter,95.1,16,0,0.04,0.96,two-way,,1,,not valued,,,,-0.12,False,FF,FF,True,753,187,13,112.3,108.4,103.2,0.999,103.2,0.725,0.235,0.096,0.065,0.437,-0.46,2.92,1.88,0.642,90.2,0.0,Two-way player: not valued,False,False,Two-way player: contract not valued,starter,40.3,3.68,2.96,1.95,47.0,0,False,calibrated
592351,Jon Gray,TEX,88.9,95.3,90.0,-5.4,0.19,0.105,0.095,reliever,0.0,294,3,1.0,0.0,FA-eligible,13.0,1,,hand,-17.0,,,0.53,True,FF,SL,False,210,63,6,89.1,91.2,95.3,0.996,95.8,0.423,0.238,0.089,0.085,0.207,-0.51,-3.13,-1.37,0.439,14.9,-0.05,salaries.csv,False,True,Free agent after 2025: no control value,reliever,11.9,4.86,0.66,-0.42,14.0,0,True,calibrated
664141,Jt Brubaker,NYY,100.1,99.5,100.4,-1.05,0.211,0.068,0.095,reliever,25.0,473,1,0.75,0.16,FA-eligible,1.82,1,,hand,3.21,,,-0.09,True,SI,SL,False,469,116,15,89.8,91.7,99.5,0.998,100.2,0.621,0.237,0.08,0.086,0.325,0.16,-1.09,-0.72,0.661,33.8,-0.07,salaries.csv,False,True,Free agent after 2025: no control value,reliever,23.1,4.3,1.95,0.53,28.7,0,True,calibrated
547184,Michael Kelly,ATH,90.9,96.1,95.4,-3.91,0.214,0.105,0.098,reliever,83.1,32,0,0.09,0.05,FA,0.76,1,,default (1 yr),-2.08,,,0.07,True,ST,SL,True,658,163,32,86.3,89.1,96.1,0.999,96.8,0.697,0.237,0.094,0.088,0.403,-1.08,1.16,0.94,0.807,79.4,-0.07,Default: league minimum (not in salaries.csv),True,True,Free agent after 2025: no control value,reliever,27.8,4.72,0.93,-0.14,39.7,0,True,calibrated
542888,Shawn Armstrong,TEX,95.8,97.9,98.4,-1.73,0.225,0.1,0.071,reliever,6.1,65,0,0.18,0.46,FA-eligible,1.25,1,,hand,10.58,,,-0.05,True,FF,ST,True,1057,267,58,97.3,97.2,97.9,0.999,98.7,0.787,0.237,0.093,0.076,0.525,-0.55,-1.76,-1.55,0.883,11.1,-0.08,salaries.csv,False,True,Free agent after 2025: no control value,reliever,47.0,4.04,1.49,1.24,74.0,0,True,calibrated
593576,Héctor Neris,LAA,96.6,98.2,98.6,-1.78,0.237,0.085,0.125,reliever,63.9,0,0,0.0,0.05,FA-eligible,0.08,1,,hand,-2.46,,,-0.04,True,FS,FF,False,497,112,24,94.5,95.2,98.2,0.998,99.1,0.635,0.239,0.085,0.095,0.317,-0.53,0.31,0.24,0.758,62.2,-0.09,salaries.csv,False,True,Free agent after 2025: no control value,reliever,15.6,4.58,1.59,-0.25,26.7,0,True,calibrated
657571,Caleb Ferguson,PIT,105.2,101.3,103.0,2.61,0.261,0.078,0.067,reliever,23.3,58,1,0.41,0.36,FA-eligible,3.0,1,,hand,5.9,,,-0.17,True,FF,SV,True,994,255,52,99.9,99.2,101.3,0.999,102.3,0.776,0.243,0.082,0.074,0.514,0.82,-1.11,-0.97,0.871,27.7,-0.1,salaries.csv,False,True,Free agent after 2025: no control value,reliever,48.5,4.22,2.54,0.94,65.3,0,True,calibrated
614179,José Ruiz,PHI,101.9,100.1,102.3,-2.21,0.262,0.111,0.125,reliever,1.0,17,0,0.05,0.04,FA-eligible,1.23,1,,hand,-2.67,,,-0.22,False,FF,FF,False,271,72,11,100.3,99.5,100.1,0.997,101.1,0.486,0.241,0.091,0.092,0.23,-0.78,-2.25,-1.32,0.589,15.9,-0.1,salaries.csv,False,True,Free agent after 2025: no control value,reliever,14.5,4.65,2.18,-0.15,16.3,0,True,calibrated
600917,José Leclerc,ATH,96.7,98.2,98.9,0.7,0.232,0.067,0.088,reliever,78.4,243,2,1.0,0.01,FA-eligible,10.0,1,,hand,-12.69,,,-0.07,False,FF,FF,False,164,34,6,112.3,108.4,98.2,0.995,99.6,0.364,0.239,0.083,0.083,0.124,0.18,0.89,0.39,0.439,65.9,-0.14,salaries.csv,False,True,Free agent after 2025: no control value,reliever,11.6,4.79,1.67,-0.28,9.0,0,True,calibrated
650633,Mike King,SD,97.2,98.4,99.9,0.89,0.241,0.079,0.076,starter,8.8,182,2,1.0,1.0,FA-eligible,4.0,1,,hand,3.74,,,-0.15,True,SI,FF,True,1140,290,14,96.4,96.6,98.4,0.999,99.9,0.799,0.24,0.082,0.079,0.546,0.45,-1.79,-1.18,0.659,22.0,-0.15,salaries.csv,False,True,Free agent after 2025: no control value,starter,71.4,4.51,1.74,0.81,73.3,0,True,calibrated
657240,Julian Merryweather,CHC,98.1,98.7,100.6,-0.07,0.249,0.085,0.101,reliever,10.8,225,1,0.75,0.03,FA-eligible,1.23,1,,hand,-1.58,,,-0.19,False,SL,SL,False,329,79,17,96.0,96.3,98.7,0.997,100.3,0.535,0.24,0.086,0.087,0.247,-0.14,-1.58,-1.09,0.689,25.0,-0.16,salaries.csv,False,True,Free agent after 2025: no control value,reliever,14.4,4.66,1.85,-0.04,18.7,0,True,calibrated
676760,Ron Marinaccio,SD,100.4,99.6,103.5,5.54,0.293,0.055,0.095,reliever,16.2,23,1,0.31,0.1,FA,0.76,1,,default (1 yr),2.19,,,-0.39,False,FF,FF,False,164,42,7,111.7,107.9,99.6,0.995,101.3,0.364,0.241,0.081,0.084,0.148,0.39,-1.31,-0.63,0.477,37.2,-0.17,Default: league minimum (not in salaries.csv),True,True,Free agent after 2025: no control value,reliever,12.4,4.13,2.13,0.31,10.7,0,True,calibrated
641835,Tim Mayza,PHI,90.9,96.1,95.9,-3.73,0.226,0.13,0.062,reliever,3.0,178,3,0.99,0.07,FA-eligible,1.15,1,,hand,-0.51,,,0.02,True,SI,SL,False,261,64,12,106.6,104.1,96.1,0.997,98.0,0.477,0.239,0.095,0.078,0.21,-0.66,-1.96,-1.2,0.61,19.9,-0.19,salaries.csv,False,True,Free agent after 2025: no control value,reliever,13.9,4.45,1.11,0.07,16.7,0,True,calibrated
605135,Chris Bassitt,TOR,88.6,95.2,96.9,2.49,0.26,0.077,0.071,starter,99.0,16,0,0.04,1.49,FA-eligible,22.0,1,,hand,2.93,,,-0.17,True,SI,FS,True,2712,706,30,93.4,94.4,95.2,1.0,97.2,0.905,0.246,0.08,0.074,0.745,1.26,4.2,3.38,0.806,96.6,-0.2,salaries.csv,False,True,Free agent after 2025: no control value,starter,102.5,4.44,0.86,2.62,170.3,0,True,calibrated
640451,Hunter Harvey,KC,98.8,99.0,103.4,-2.36,0.179,0.09,0.03,reliever,72.0,320,2,1.0,0.14,arb,3.7,1,,hand,0.01,,,-0.44,False,FF,FF,False,134,33,7,103.0,101.5,99.0,0.994,101.1,0.319,0.238,0.086,0.076,0.12,0.12,0.61,0.29,0.477,63.2,-0.21,salaries.csv,False,True,Free agent after 2025: no control value,reliever,13.7,3.96,2.01,0.39,10.7,0,True,calibrated
677865,Justin Bruihl,TOR,95.4,97.7,99.5,-4.68,0.216,0.131,0.067,reliever,78.0,0,0,0.0,0.09,FA,0.76,1,,default (1 yr),-0.24,,,-0.18,True,SI,ST,False,213,60,12,102.0,100.7,97.7,0.996,99.8,0.427,0.239,0.094,0.079,0.199,-0.62,0.83,0.51,0.61,67.2,-0.21,Default: league minimum (not in salaries.csv),True,True,Free agent after 2025: no control value,reliever,16.1,4.37,1.62,0.05,13.7,0,True,calibrated
676206,Freddy Tarnok,MIA,93.1,96.9,97.0,-0.15,0.254,0.069,0.143,reliever,33.1,354,1,0.75,0.1,FA,0.76,1,,default (1 yr),-0.53,,,-0.01,,,,False,130,28,5,,,96.9,0.993,99.1,0.312,0.24,0.084,0.088,0.104,-0.07,-0.72,-0.28,0.394,47.0,-0.22,Default: league minimum (not in salaries.csv),True,True,Free agent after 2025: no control value,reliever,15.1,4.3,1.4,0.02,7.3,0,True,calibrated
642232,Ryan Yarbrough,NYY,91.0,96.1,98.0,0.36,0.235,0.082,0.073,starter,34.6,172,0,0.48,0.28,FA-eligible,2.0,1,,hand,-2.95,,,-0.19,False,FC,FC,True,1004,260,8,102.2,100.9,96.1,0.999,98.4,0.778,0.239,0.084,0.077,0.519,0.3,-0.72,-0.38,0.525,45.9,-0.23,salaries.csv,False,True,Free agent after 2025: no control value,reliever,43.1,4.67,1.17,-0.1,64.0,0,True,calibrated
669060,Bryse Wilson,CWS,89.0,95.4,96.9,-1.03,0.207,0.07,0.083,reliever,95.9,28,0,0.08,-0.0,FA-eligible,1.05,1,,hand,-8.63,,,-0.15,True,FC,CH,True,813,217,17,86.0,88.9,95.4,0.999,97.7,0.74,0.235,0.078,0.082,0.474,0.29,2.92,2.01,0.689,91.2,-0.23,salaries.csv,False,True,Free agent after 2025: no control value,reliever,38.8,5.1,0.96,-0.8,47.3,0,True,calibrated
663546,Sean Hjelle,SF,88.0,95.0,94.3,-1.56,0.232,0.091,0.099,reliever,3.0,23,1,0.31,0.03,FA,0.76,1,,default (1 yr),-1.74,,,0.07,False,SI,SI,False,254,71,10,93.4,94.4,95.0,0.997,97.3,0.47,0.239,0.087,0.086,0.227,-0.26,-1.97,-1.11,0.566,23.0,-0.23,Default: league minimum (not in salaries.csv),True,True,Free agent after 2025: no control value,reliever,17.1,4.78,0.84,-0.1,15.0,0,True,calibrated
519141,Drew Pomeranz,CHC,100.4,99.6,102.7,-0.61,0.238,0.099,0.068,reliever,49.3,580,3,1.0,0.3,FA-eligible,1.0,1,,hand,5.55,,,-0.31,True,FF,KC,True,811,205,47,103.1,101.5,99.6,0.999,102.0,0.739,0.239,0.092,0.076,0.459,-0.25,-0.24,-0.21,0.86,49.7,-0.24,salaries.csv,False,True,Free agent after 2025: no control value,reliever,31.9,4.1,2.24,0.69,49.7,0,True,calibrated
608650,Dietrich Enns,BAL,92.5,96.7,98.9,-0.16,0.231,0.097,0.049,reliever,20.9,0,0,0.0,0.24,FA-eligible,0.64,1,,hand,4.12,,,-0.22,True,FF,CH,True,632,162,21,100.5,99.6,96.7,0.999,99.2,0.688,0.239,0.09,0.069,0.402,0.11,-1.16,-0.85,0.732,29.7,-0.25,salaries.csv,False,True,Free agent after 2025: no control value,reliever,29.9,4.28,1.38,0.5,46.3,0,True,calibrated
669920,Jason Alexander,HOU,92.6,96.7,99.0,1.12,0.253,0.085,0.077,starter,5.4,100,1,0.53,0.55,FA,0.76,1,,default (1 yr),-0.11,,,-0.23,True,SI,CH,True,1252,336,13,97.1,97.1,96.7,0.999,99.2,0.814,0.242,0.086,0.079,0.582,0.28,-1.98,-1.27,0.642,20.0,-0.25,Default: league minimum (not in salaries.csv),True,True,Free agent after 2025: no control value,starter,68.1,4.8,1.38,0.07,77.3,0,True,calibrated
643361,Kevin Herget,NYM,91.2,96.2,96.9,1.77,0.245,0.065,0.089,reliever,48.0,0,0,0.0,0.03,FA,0.76,1,,default (1 yr),0.86,,,-0.07,True,FF,CH,False,216,56,7,81.3,85.4,96.2,0.996,98.7,0.43,0.24,0.082,0.083,0.188,0.27,-0.26,-0.13,0.477,52.0,-0.25,Default: league minimum (not in salaries.csv),True,True,Free agent after 2025: no control value,reliever,8.8,4.59,1.23,0.17,13.0,0,True,calibrated
642207,Devin Williams,NYY,112.2,103.9,108.2,2.61,0.258,0.062,0.095,reliever,15.5,122,0,0.34,0.54,arb,8.6,1,,hand,3.76,,,-0.43,False,CH,CH,True,1082,252,60,118.6,113.0,103.9,0.999,106.5,0.791,0.242,0.073,0.089,0.511,0.95,-1.35,-1.2,0.887,19.9,-0.26,salaries.csv,False,True,Free agent after 2025: no control value,reliever,44.2,3.79,3.56,1.3,62.0,0,True,calibrated
506433,Yu Darvish,SD,103.4,100.7,104.1,0.49,0.25,0.096,0.066,starter,98.5,440,3,1.0,0.62,FA-eligible,21.0,1,,hand,-16.39,,,-0.34,True,SI,CU,True,1113,288,15,101.8,100.6,100.7,0.999,103.3,0.796,0.241,0.091,0.073,0.544,-0.0,4.18,2.82,0.674,94.6,-0.26,salaries.csv,False,True,Free agent after 2025: no control value,starter,47.1,4.59,2.6,0.49,72.0,0,True,calibrated
656641,Jacob Latz,TEX,101.2,99.9,103.2,0.6,0.256,0.083,0.101,starter,5.9,46,1,0.38,0.52,FA,0.76,1,,default (1 yr),8.59,,,-0.33,False,FF,FF,True,1349,337,8,109.8,106.5,99.9,0.999,102.6,0.825,0.243,0.084,0.093,0.583,-0.1,-1.97,-1.03,0.525,24.9,-0.27,Default: league minimum (not in salaries.csv),True,True,Free agent after 2025: no control value,reliever,61.1,4.33,2.37,0.98,85.7,0,True,calibrated
615698,Cal Quantrill,MIA,87.7,94.9,97.3,-0.47,0.228,0.088,0.07,starter,57.6,104,1,0.54,0.89,FA-eligible,3.5,1,,hand,0.14,,,-0.24,True,SI,SL,True,1816,470,25,86.7,89.4,94.9,1.0,97.7,0.864,0.237,0.087,0.074,0.661,0.02,0.0,0.0,0.775,57.1,-0.28,salaries.csv,False,True,Free agent after 2025: no control value,starter,91.6,4.9,0.89,0.38,117.7,0,True,calibrated
543518,Scott Mcgough,ATH,90.6,95.9,97.9,1.15,0.226,0.054,0.093,reliever,53.0,15,1,0.29,0.02,FA,0.76,1,,default (1 yr),-3.08,,,-0.2,True,FF,FS,False,297,75,12,90.9,92.5,95.9,0.997,98.9,0.509,0.239,0.078,0.085,0.237,0.46,-0.11,-0.07,0.61,55.7,-0.3,Default: league minimum (not in salaries.csv),True,True,Free agent after 2025: no control value,reliever,9.8,4.68,1.22,-0.24,16.0,0,True,calibrated
641386,Ben Bowden,ATH,102.2,100.2,108.4,-1.23,0.267,0.112,0.106,reliever,25.7,37,1,0.35,0.02,FA,0.76,1,,default (1 yr),-2.07,,,-0.82,True,FF,SL,False,187,47,9,90.8,92.4,100.2,0.995,103.3,0.395,0.24,0.09,0.086,0.163,-0.46,-1.04,-0.56,0.54,39.5,-0.31,Default: league minimum (not in salaries.csv),True,True,Free agent after 2025: no control value,reliever,11.8,4.71,2.52,-0.14,10.7,0,True,calibrated
670810,Logan Gillaspie,SD,94.6,97.4,102.6,-13.46,0.162,0.162,0.133,reliever,79.1,64,0,0.18,0.01,FA,0.76,1,,default (1 yr),-1.83,,,-0.52,,,,False,111,30,2,,,97.4,0.992,100.7,0.28,0.238,0.094,0.087,0.111,-0.98,0.9,0.19,0.207,60.5,-0.33,Default: league minimum (not in salaries.csv),True,True,Free agent after 2025: no control value,reliever,12.0,4.8,1.71,-0.11,7.0,0,True,calibrated
664192,Joey Lucchesi,SF,82.2,92.8,94.5,-0.94,0.237,0.103,0.067,reliever,88.9,181,1,0.75,0.13,FA,0.76,1,,default (1 yr),1.48,,,-0.17,True,SI,CU,True,632,164,35,87.6,90.1,92.8,0.999,96.2,0.688,0.239,0.093,0.076,0.405,-0.33,1.68,1.38,0.82,86.8,-0.34,Default: league minimum (not in salaries.csv),True,True,Free agent after 2025: no control value,reliever,29.4,4.49,0.35,0.24,38.3,0,True,calibrated
458677,Justin Wilson,BOS,90.7,96.0,99.3,-2.94,0.208,0.095,0.084,reliever,23.0,367,3,1.0,0.26,FA-eligible,2.25,1,,hand,5.96,,,-0.33,False,FF,FF,True,792,202,42,102.8,101.3,96.0,0.999,99.5,0.735,0.236,0.09,0.083,0.456,-0.63,-1.13,-0.95,0.845,27.7,-0.35,salaries.csv,False,True,Free agent after 2025: no control value,reliever,29.4,4.11,1.32,0.86,48.3,0,True,calibrated
477132,Clayton Kershaw,LAD,98.8,99.0,103.0,1.03,0.235,0.075,0.071,starter,8.3,301,2,1.0,1.3,FA-eligible,7.5,1,,hand,14.6,,,-0.4,True,SL,FS,True,1682,439,21,93.3,94.3,99.0,0.999,102.6,0.855,0.239,0.079,0.075,0.645,0.78,-1.84,-1.36,0.744,18.5,-0.36,salaries.csv,False,True,Free agent after 2025: no control value,starter,85.3,4.37,2.24,2.33,112.7,0,True,calibrated
543101,Anthony Desclafani,AZ,95.7,97.8,102.2,0.32,0.22,0.076,0.06,reliever,1.4,532,3,1.0,0.09,FA,0.76,1,,default (1 yr),-6.6,,,-0.44,True,SL,KC,True,632,167,9,89.6,91.5,97.8,0.999,101.5,0.688,0.238,0.082,0.073,0.409,0.54,-2.21,-1.19,0.54,19.9,-0.37,Default: league minimum (not in salaries.csv),True,True,Free agent after 2025: no control value,reliever,26.1,4.85,1.89,-0.61,38.7,0,True,calibrated
663436,Davis Martin,CWS,94.4,97.4,101.6,0.28,0.241,0.086,0.076,starter,53.7,35,1,0.35,1.21,FA,0.76,1,,default (1 yr),10.53,,,-0.42,True,FF,CH,True,2216,577,24,91.1,92.7,97.4,1.0,101.4,0.886,0.24,0.086,0.078,0.705,0.17,-0.15,-0.11,0.768,54.1,-0.4,Default: league minimum (not in salaries.csv),True,True,Free agent after 2025: no control value,starter,108.5,4.74,1.82,1.19,142.7,0,True,calibrated
527048,Martín Pérez,CWS,91.0,96.1,100.1,1.93,0.24,0.057,0.092,starter,57.1,158,2,0.94,0.62,FA-eligible,3.5,1,,hand,2.97,,,-0.4,True,SI,CH,True,809,207,9,90.9,92.5,96.1,0.999,100.1,0.739,0.24,0.072,0.086,0.462,0.89,-0.05,-0.03,0.554,57.1,-0.4,salaries.csv,False,True,Free agent after 2025: no control value,starter,51.6,4.61,1.43,0.68,56.0,0,True,calibrated
605288,Adrian Houser,CWS,95.2,97.6,102.0,0.06,0.248,0.096,0.073,starter,47.8,116,2,0.82,1.4,FA-eligible,0.96,1,,hand,20.52,,,-0.44,True,SI,CH,True,1892,518,21,96.9,96.9,97.6,1.0,101.7,0.869,0.242,0.093,0.076,0.682,-0.2,-0.27,-0.2,0.744,49.8,-0.41,salaries.csv,False,True,Free agent after 2025: no control value,starter,95.3,4.46,1.89,2.26,125.0,0,True,calibrated
672710,Roansy Contreras,COL,91.4,96.2,100.7,2.06,0.234,0.076,0.039,reliever,1.0,7,0,0.02,0.03,FA,0.76,1,,default (1 yr),-2.67,,,-0.45,False,FF,FF,False,197,51,5,90.2,92.0,96.2,0.996,100.3,0.408,0.239,0.084,0.074,0.175,0.42,-2.28,-0.9,0.394,29.1,-0.41,Default: league minimum (not in salaries.csv),True,True,Free agent after 2025: no control value,reliever,17.7,4.74,1.47,-0.2,12.7,0,True,calibrated
661527,Seth Martinez,MIA,84.9,93.8,92.8,2.76,0.275,0.067,0.111,reliever,0.0,0,0,0.0,0.0,FA,0.76,1,,default (1 yr),-2.62,,,0.1,,,,False,120,27,6,,,93.8,0.993,97.9,0.295,0.24,0.084,0.085,0.101,0.11,-2.78,-1.22,0.439,18.6,-0.41,Default: league minimum (not in salaries.csv),True,True,Free agent after 2025: no control value,reliever,8.1,4.84,0.75,-0.2,6.7,0,True,calibrated
640448,Kyle Finnegan,WSH,100.7,99.7,105.6,0.31,0.252,0.097,0.073,reliever,59.8,18,0,0.05,0.32,FA-eligible,6.0,1,,hand,2.64,,,-0.59,False,FF,FF,True,690,179,35,101.4,100.3,99.7,0.999,104.0,0.707,0.241,0.091,0.078,0.426,-0.14,0.14,0.12,0.82,58.4,-0.43,salaries.csv,False,True,Free agent after 2025: no control value,reliever,37.5,4.12,2.55,0.91,57.0,0,True,calibrated
641401,Connor Brogdon,LAA,99.9,99.4,105.2,0.15,0.237,0.087,0.071,reliever,26.0,193,0,0.5,0.1,FA,0.76,1,,default (1 yr),-4.41,,,-0.58,True,CH,FC,True,840,197,35,100.9,99.9,99.4,0.999,103.9,0.746,0.239,0.086,0.077,0.45,0.12,-1.03,-0.85,0.82,29.7,-0.45,Default: league minimum (not in salaries.csv),True,True,Free agent after 2025: no control value,reliever,35.5,4.62,2.49,-0.38,47.0,0,True,calibrated
647315,Zach Pop,SEA,94.0,97.2,105.7,1.89,0.26,0.094,0.051,reliever,56.4,150,0,0.42,-0.03,FA-eligible,0.9,1,,hand,-5.45,,,-0.85,False,SI,SI,False,127,39,5,102.1,100.8,97.2,0.993,101.8,0.307,0.24,0.087,0.078,0.139,0.11,-0.03,-0.01,0.394,56.4,-0.46,salaries.csv,False,True,Free agent after 2025: no control value,reliever,11.6,5.06,1.85,-0.48,6.7,0,True,calibrated
472610,Luis García,LAD,95.5,97.8,103.4,1.11,0.26,0.082,0.097,reliever,99.3,89,1,0.5,0.21,FA-eligible,1.5,1,,hand,5.9,,,-0.56,False,SI,SI,True,797,207,44,94.6,95.2,97.8,0.999,102.5,0.736,0.242,0.084,0.089,0.462,0.05,4.79,4.08,0.851,98.6,-0.47,salaries.csv,False,True,Free agent after 2025: no control value,reliever,33.6,4.31,2.04,0.78,55.3,0,True,calibrated
641745,Brad Keller,CHC,96.9,98.3,104.0,2.13,0.245,0.064,0.082,reliever,15.9,129,2,0.86,0.51,FA-eligible,1.5,1,,hand,10.57,,,-0.57,True,FF,ST,True,1080,268,58,98.1,97.8,98.3,0.999,103.2,0.791,0.24,0.074,0.082,0.526,1.0,-1.33,-1.18,0.883,20.3,-0.49,salaries.csv,False,True,Free agent after 2025: no control value,reliever,51.2,4.01,2.22,1.27,69.7,0,True,calibrated
573124,Taylor Rogers,CIN,80.1,92.1,96.0,-2.64,0.231,0.104,0.098,reliever,63.5,0,0,0.0,0.12,FA-eligible,12.0,1,,hand,-11.27,,,-0.39,True,ST,SI,True,877,215,48,93.5,94.4,92.1,0.999,97.0,0.754,0.238,0.094,0.089,0.471,-1.08,0.3,0.26,0.862,62.5,-0.49,salaries.csv,False,True,Free agent after 2025: no control value,reliever,32.6,4.55,0.36,0.08,50.7,0,True,calibrated
676092,Collin Snider,SEA,117.0,105.7,118.0,2.39,0.259,0.094,0.038,reliever,0.7,131,1,0.61,0.16,FA,0.76,1,,default (1 yr),1.54,,,-1.23,True,ST,FF,False,425,106,21,107.8,105.0,105.7,0.998,110.8,0.598,0.241,0.088,0.068,0.305,0.41,-2.47,-1.81,0.732,5.7,-0.51,Default: league minimum (not in salaries.csv),True,True,Free agent after 2025: no control value,reliever,23.1,4.26,4.47,0.24,26.3,0,True,calibrated
663465,Kolby Allard,CLE,94.1,97.2,102.9,0.86,0.255,0.108,0.042,reliever,14.2,167,1,0.71,0.33,FA,0.76,1,,default (1 yr),6.52,,,-0.57,True,FF,CU,True,1000,264,32,89.2,91.2,97.2,0.999,102.3,0.778,0.242,0.097,0.061,0.523,0.06,-1.41,-1.13,0.807,22.3,-0.51,Default: league minimum (not in salaries.csv),True,True,Free agent after 2025: no control value,reliever,50.2,4.35,1.92,0.77,65.0,0,True,calibrated
592454,Tommy Kahnle,DET,84.6,93.7,98.6,-1.86,0.229,0.082,0.118,reliever,52.7,271,4,1.0,0.06,FA-eligible,7.75,1,,hand,-9.17,,,-0.49,True,CH,FF,True,1012,262,58,85.7,88.7,93.7,0.999,98.9,0.78,0.238,0.084,0.101,0.521,-0.71,-0.12,-0.11,0.883,53.0,-0.52,salaries.csv,False,True,Free agent after 2025: no control value,reliever,41.1,4.74,0.89,-0.15,63.0,0,True,calibrated
606965,Chris Devenski,NYM,93.4,97.0,104.9,-0.71,0.23,0.088,0.078,reliever,73.3,69,0,0.19,0.07,FA,0.76,1,,default (1 yr),1.2,,,-0.79,False,CH,CH,False,261,64,11,106.3,103.9,97.0,0.997,102.3,0.477,0.239,0.086,0.081,0.21,-0.04,0.67,0.4,0.589,66.6,-0.53,Default: league minimum (not in salaries.csv),True,True,Free agent after 2025: no control value,reliever,11.3,4.36,1.89,0.21,16.7,0,True,calibrated
605154,John Brebbia,DET,93.2,96.9,103.6,-1.86,0.232,0.094,0.099,reliever,31.4,116,1,0.57,0.03,FA-eligible,2.25,1,,hand,-5.31,,,-0.67,True,FF,SL,False,449,111,20,91.1,92.7,96.9,0.998,102.2,0.611,0.239,0.088,0.087,0.315,-0.46,-0.78,-0.56,0.723,39.5,-0.53,salaries.csv,False,True,Free agent after 2025: no control value,reliever,15.6,4.71,1.86,-0.32,23.3,0,True,calibrated
620454,José Castillo,NYM,92.5,96.7,103.0,0.46,0.238,0.076,0.087,reliever,79.7,407,1,0.75,0.09,FA,0.76,1,,default (1 yr),-0.96,,,-0.63,False,SL,SL,True,543,149,24,98.8,98.4,96.7,0.998,102.0,0.655,0.239,0.082,0.084,0.382,0.21,0.95,0.72,0.758,74.7,-0.53,Default: league minimum (not in salaries.csv),True,True,Free agent after 2025: no control value,reliever,28.0,4.58,1.8,-0.02,32.0,0,True,calibrated
489446,Kirby Yates,LAD,97.9,98.6,106.0,-0.53,0.224,0.07,0.1,reliever,47.0,199,4,1.0,0.12,FA-eligible,13.0,1,,hand,-14.08,,,-0.74,True,FF,FS,True,682,160,37,107.2,104.6,98.6,0.999,104.2,0.704,0.238,0.079,0.089,0.399,0.12,-0.28,-0.24,0.828,49.3,-0.56,salaries.csv,False,True,Free agent after 2025: no control value,reliever,24.7,4.44,2.42,-0.11,41.3,0,True,calibrated
663765,Jake Woodford,AZ,93.2,96.9,104.0,1.89,0.254,0.08,0.071,reliever,8.8,102,2,0.78,0.09,FA,0.76,1,,default (1 yr),0.21,,,-0.71,True,SI,FS,True,625,169,19,88.7,90.9,96.9,0.999,102.7,0.686,0.241,0.083,0.077,0.412,0.46,-1.64,-1.17,0.712,20.3,-0.58,Default: league minimum (not in salaries.csv),True,True,Free agent after 2025: no control value,reliever,31.2,4.61,1.94,0.1,36.3,0,True,calibrated
650644,Aaron Civale,CWS,95.9,97.9,104.4,1.74,0.256,0.081,0.076,starter,58.0,185,1,0.75,0.86,arb,8.0,1,,hand,-1.58,,,-0.65,True,FC,CU,True,1679,422,17,88.9,91.0,97.9,0.999,103.8,0.854,0.243,0.083,0.078,0.636,0.65,0.04,0.03,0.701,57.6,-0.59,salaries.csv,False,True,Free agent after 2025: no control value,starter,83.8,4.66,2.25,0.68,102.0,0,True,calibrated
518397,Scott Alexander,COL,88.5,95.2,102.4,0.15,0.241,0.072,0.108,reliever,63.5,96,1,0.52,-0.04,FA-eligible,2.0,1,,hand,-7.75,,,-0.72,False,SI,SI,False,278,74,13,96.1,96.4,95.2,0.997,101.2,0.493,0.24,0.083,0.088,0.235,0.01,0.31,0.2,0.629,60.8,-0.6,salaries.csv,False,True,Free agent after 2025: no control value,reliever,11.1,5.17,1.46,-0.6,17.7,0,True,calibrated
605447,Jordan Romano,PHI,100.6,99.6,108.2,1.3,0.263,0.088,0.085,reliever,61.5,192,2,1.0,0.09,FA-eligible,8.5,1,,hand,-12.47,,,-0.86,True,SL,FF,True,661,176,37,95.1,95.6,99.6,0.999,105.7,0.698,0.242,0.087,0.083,0.422,0.04,0.22,0.18,0.828,60.5,-0.61,salaries.csv,False,True,Free agent after 2025: no control value,reliever,32.3,4.63,2.79,-0.42,42.7,0,True,calibrated
519326,Hunter Strickland,LAA,87.2,94.7,101.8,-0.23,0.25,0.093,0.09,reliever,35.1,83,1,0.48,0.03,FA,0.76,1,,default (1 yr),-0.51,,,-0.71,False,FF,FF,False,332,89,17,83.9,87.3,94.7,0.997,101.0,0.537,0.24,0.088,0.084,0.27,-0.21,-0.68,-0.47,0.689,42.2,-0.63,Default: league minimum (not in salaries.csv),True,True,Free agent after 2025: no control value,reliever,12.7,4.68,1.35,0.03,22.0,0,True,calibrated
674072,Tommy Henry,AZ,87.6,94.8,104.6,4.34,0.243,0.056,0.038,reliever,0.0,149,2,0.91,0.07,FA,0.76,1,,default (1 yr),-2.69,,,-0.98,,,,False,107,26,2,,,94.8,0.992,101.3,0.272,0.24,0.083,0.078,0.097,0.42,-3.81,-0.79,0.207,30.7,-0.65,Default: league minimum (not in salaries.csv),True,True,Free agent after 2025: no control value,reliever,13.5,4.42,1.41,-0.2,6.7,0,True,calibrated
592254,José De León,BOS,96.2,98.0,117.6,12.64,0.386,0.04,0.107,starter,,99,1,0.52,0.32,FA,0.76,1,,default (1 yr),0.22,,,-1.96,,,,False,101,28,1,,,98.0,0.991,104.6,0.261,0.242,0.081,0.084,0.104,0.43,,0.0,0.121,57.1,-0.66,Default: league minimum (not in salaries.csv),True,True,Free agent after 2025: no control value,starter,21.4,4.42,2.39,0.1,6.7,0,True,calibrated
547179,Michael Lorenzen,KC,90.6,95.9,102.8,0.82,0.242,0.086,0.064,starter,98.0,165,1,0.71,1.14,FA-eligible,5.5,1,,hand,6.4,,,-0.69,True,FF,CU,True,2318,607,26,91.1,92.7,95.9,1.0,102.5,0.89,0.24,0.086,0.069,0.716,0.51,4.13,3.23,0.782,96.1,-0.66,salaries.csv,False,True,Free agent after 2025: no control value,starter,93.7,4.65,1.76,1.25,141.7,0,True,calibrated
622786,Jesús Tinoco,MIA,95.4,97.7,109.0,2.61,0.273,0.083,0.08,reliever,72.6,132,1,0.62,0.05,FA,0.76,1,,default (1 yr),0.28,,,-1.13,False,SL,SL,False,278,75,18,93.7,94.6,97.7,0.997,104.4,0.493,0.241,0.085,0.081,0.237,0.18,0.64,0.45,0.701,66.9,-0.67,Default: league minimum (not in salaries.csv),True,True,Free agent after 2025: no control value,reliever,18.8,4.63,2.31,0.11,19.3,0,True,calibrated
570632,José Ureña,LAA,91.0,96.1,103.8,0.09,0.242,0.082,0.09,reliever,50.0,15,1,0.29,0.12,FA-eligible,0.27,1,,hand,-2.6,,,-0.77,False,SI,SI,True,934,244,18,90.5,92.2,96.1,0.999,102.9,0.766,0.24,0.084,0.086,0.503,-0.01,-0.21,-0.15,0.701,51.7,-0.68,salaries.csv,False,True,Free agent after 2025: no control value,reliever,36.7,4.87,1.85,-0.24,55.0,0,True,calibrated
829272,Shinnosuke Ogasawara,WSH,88.8,95.3,103.4,0.15,0.266,0.098,0.098,reliever,92.2,0,0,0.0,-0.01,FA-eligible,1.5,1,,hand,-7.83,,,-0.81,True,FF,CH,True,674,174,22,91.8,93.2,95.3,0.999,102.4,0.702,0.242,0.091,0.088,0.419,-0.49,2.1,1.56,0.741,87.8,-0.71,salaries.csv,False,True,Free agent after 2025: no control value,reliever,32.7,4.98,1.65,-0.67,38.7,0,True,calibrated
623433,Nick Anderson,COL,98.8,99.0,113.7,0.66,0.241,0.095,0.048,reliever,0.0,237,2,1.0,0.04,FA,0.76,1,,default (1 yr),-1.27,,,-1.47,True,FF,CU,False,241,63,11,81.1,85.2,99.0,0.996,106.3,0.457,0.24,0.088,0.075,0.207,0.12,-2.98,-1.76,0.589,6.4,-0.73,Default: league minimum (not in salaries.csv),True,True,Free agent after 2025: no control value,reliever,10.8,4.51,2.79,-0.05,14.7,0,True,calibrated
471911,Carlos Carrasco,NYY,86.3,94.4,102.3,0.94,0.239,0.072,0.085,starter,63.4,144,1,0.65,0.27,FA-eligible,0.35,1,,hand,-1.86,,,-0.79,False,SL,SL,True,737,201,9,86.5,89.2,94.4,0.999,101.7,0.72,0.239,0.08,0.083,0.455,0.43,0.32,0.18,0.554,59.0,-0.73,salaries.csv,False,True,Free agent after 2025: no control value,starter,37.4,4.96,1.41,-0.16,45.7,0,True,calibrated
608337,Lucas Giolito,BOS,96.8,98.2,106.3,0.24,0.241,0.081,0.088,starter,68.3,240,1,0.75,1.44,FA-eligible,19.0,1,,hand,0.13,,,-0.81,True,FF,CH,True,2366,614,26,87.6,90.1,98.2,1.0,105.6,0.892,0.24,0.082,0.086,0.718,0.14,0.56,0.44,0.782,65.4,-0.74,salaries.csv,False,True,Free agent after 2025: no control value,starter,107.2,4.57,2.57,2.01,145.0,0,True,calibrated
500779,Jose Quintana,MIL,84.5,93.7,101.3,1.13,0.246,0.073,0.09,starter,15.6,140,1,0.64,0.95,FA-eligible,2.25,1,,hand,6.24,,,-0.76,True,SI,CH,True,2174,557,24,88.6,90.8,93.7,1.0,101.1,0.884,0.241,0.077,0.087,0.698,0.6,-1.51,-1.16,0.768,22.4,-0.74,salaries.csv,False,True,Free agent after 2025: no control value,starter,95.2,4.88,1.22,0.89,131.7,0,True,calibrated
593423,Frankie Montas,NYM,91.7,96.4,105.9,-1.03,0.223,0.086,0.079,starter,55.1,343,5,1.0,0.37,FA-eligible,17.0,1,,hand,-17.37,,,-0.95,True,FF,FS,True,707,177,7,94.8,95.4,96.4,0.999,104.2,0.712,0.238,0.086,0.081,0.423,-0.09,-0.09,-0.04,0.491,57.1,-0.78,salaries.csv,False,True,Free agent after 2025: no control value,starter,44.3,4.82,2.09,-0.04,38.7,0,True,calibrated
628452,Raisel Iglesias,ATL,97.7,98.6,108.4,1.96,0.256,0.087,0.057,reliever,86.8,36,1,0.35,0.39,FA-eligible,16.0,1,,hand,-7.24,,,-0.98,False,FF,FF,True,949,262,53,101.3,100.2,98.6,0.999,106.5,0.768,0.242,0.087,0.069,0.521,0.6,1.36,1.19,0.873,83.4,-0.79,salaries.csv,False,True,Free agent after 2025: no control value,reliever,43.3,4.08,2.76,0.92,67.3,0,True,calibrated
608334,Carson Fulmer,LAA,89.8,95.7,105.8,3.4,0.267,0.063,0.089,reliever,30.7,54,2,0.65,0.08,FA,0.76,1,,default (1 yr),-1.35,,,-1.01,True,CH,FF,False,460,123,11,89.1,91.2,95.7,0.998,103.6,0.617,0.242,0.078,0.084,0.338,0.64,-0.8,-0.47,0.589,42.2,-0.79,Default: league minimum (not in salaries.csv),True,True,Free agent after 2025: no control value,reliever,23.5,4.59,1.89,-0.06,29.3,0,True,calibrated
676604,Tyler Zuber,MIA,96.5,98.1,113.4,-0.95,0.257,0.11,0.086,reliever,77.4,508,2,1.0,0.05,FA,0.76,1,,default (1 yr),-2.08,,,-1.53,False,ST,ST,False,245,58,10,91.0,92.6,98.1,0.996,106.2,0.461,0.24,0.091,0.083,0.194,-0.4,0.8,0.45,0.566,66.9,-0.81,Default: league minimum (not in salaries.csv),True,True,Free agent after 2025: no control value,reliever,15.1,4.57,2.64,-0.14,12.0,0,True,calibrated
656240,Scott Blewett,BAL,88.9,95.3,105.0,-2.21,0.232,0.099,0.097,reliever,1.7,68,1,0.44,0.04,FA,0.76,1,,default (1 yr),-4.96,,,-0.97,True,SL,FS,True,656,186,25,85.1,88.2,95.3,0.999,103.5,0.696,0.239,0.091,0.088,0.435,-0.76,-2.13,-1.63,0.765,8.8,-0.82,Default: league minimum (not in salaries.csv),True,True,Free agent after 2025: no control value,reliever,34.7,4.84,1.82,-0.44,44.3,0,True,calibrated
669456,Shane Bieber,TOR,105.2,101.3,113.8,4.08,0.262,0.073,0.044,starter,0.0,400,3,1.0,0.78,FA-eligible,10.0,1,,hand,-5.98,,,-1.25,True,FF,SL,True,644,159,7,102.5,101.1,101.3,0.999,109.6,0.692,0.242,0.08,0.067,0.397,1.17,-2.87,-1.41,0.491,18.0,-0.83,salaries.csv,False,True,Free agent after 2025: no control value,starter,52.2,4.44,3.63,0.42,40.3,0,True,calibrated
643338,Chad Green,TOR,100.1,99.5,111.5,-0.74,0.221,0.09,0.06,reliever,96.3,333,2,1.0,-0.05,FA-eligible,10.5,1,,hand,-20.71,,,-1.2,False,FF,FF,True,678,182,39,99.2,98.7,99.5,0.999,108.1,0.703,0.238,0.087,0.073,0.43,0.09,2.96,2.47,0.836,93.6,-0.86,salaries.csv,False,True,Free agent after 2025: no control value,reliever,31.6,5.01,3.14,-1.07,43.7,0,True,calibrated
606160,Rafael Montero,ATL,99.5,99.2,110.2,-0.45,0.235,0.059,0.138,reliever,67.9,0,0,0.0,0.15,FA-eligible,11.5,1,,hand,-9.01,,,-1.1,True,FS,FF,True,1065,246,49,107.2,104.6,99.2,0.999,108.0,0.788,0.239,0.072,0.11,0.505,-0.05,0.52,0.45,0.865,66.9,-0.88,salaries.csv,False,True,Free agent after 2025: no control value,reliever,38.6,4.52,3.08,0.26,60.3,0,True,calibrated
607200,Erick Fedde,STL,91.8,96.4,106.0,-1.43,0.233,0.085,0.108,starter,26.3,27,1,0.32,0.56,FA-eligible,7.5,1,,hand,-7.32,,,-0.96,True,SI,CH,True,2296,603,23,93.5,94.4,96.4,1.0,105.3,0.889,0.238,0.085,0.1,0.714,-0.84,-1.01,-0.77,0.761,31.7,-0.89,salaries.csv,False,True,Free agent after 2025: no control value,starter,103.7,5.06,2.25,0.02,141.0,0,True,calibrated
670950,Trevor Richards,KC,84.5,93.7,109.5,2.02,0.19,0.026,0.067,reliever,45.3,31,0,0.09,0.03,FA,0.76,1,,default (1 yr),0.53,,,-1.58,False,FF,FF,False,116,30,5,72.5,78.9,93.7,0.993,102.7,0.288,0.239,0.079,0.08,0.111,0.53,-0.36,-0.14,0.394,51.7,-0.9,Default: league minimum (not in salaries.csv),True,True,Free agent after 2025: no control value,reliever,6.6,4.46,1.46,0.14,5.7,0,True,calibrated
518489,Ryan Brasier,CHC,93.1,96.9,110.6,0.22,0.225,0.091,0.04,reliever,9.5,205,0,0.5,0.1,FA-eligible,4.5,1,,hand,-0.63,,,-1.37,True,FF,SL,False,374,99,21,93.9,94.7,96.9,0.998,106.0,0.567,0.239,0.087,0.07,0.291,0.3,-1.62,-1.18,0.732,20.3,-0.91,salaries.csv,False,True,Free agent after 2025: no control value,reliever,14.0,4.29,2.43,0.41,26.0,0,True,calibrated
571578,Patrick Corbin,TEX,88.1,95.0,104.7,1.51,0.239,0.069,0.076,starter,28.8,0,0,0.0,1.34,FA-eligible,1.1,1,,hand,17.6,,,-0.97,True,SL,CH,True,2566,660,30,98.8,98.4,95.0,1.0,104.2,0.9,0.239,0.074,0.077,0.732,1.12,-0.91,-0.73,0.806,33.2,-0.92,salaries.csv,False,True,Free agent after 2025: no control value,starter,105.2,4.6,1.88,1.97,155.3,0,True,calibrated
641312,Shaun Anderson,LAA,96.5,98.1,118.8,-0.58,0.25,0.116,0.054,reliever,44.6,0,0,0.0,0.0,FA,0.76,1,,default (1 yr),-5.74,,,-2.07,False,SL,SL,False,216,56,7,91.2,92.7,98.1,0.996,108.1,0.43,0.24,0.091,0.076,0.188,-0.22,-0.38,-0.18,0.477,51.0,-1.0,Default: league minimum (not in salaries.csv),True,True,Free agent after 2025: no control value,reliever,11.5,4.85,2.93,-0.52,11.3,0,True,calibrated
605513,Spencer Turnbull,TOR,95.8,97.9,126.0,-2.72,0.216,0.08,0.121,reliever,41.6,503,2,1.0,0.04,FA-eligible,1.0,1,,hand,-1.66,,,-2.81,,,,False,125,33,2,,,97.9,0.993,107.9,0.304,0.239,0.085,0.087,0.12,-0.17,-0.49,-0.1,0.207,54.4,-1.0,salaries.csv,False,True,Free agent after 2025: no control value,reliever,8.4,4.79,2.87,-0.07,6.3,0,True,calibrated
592836,Taijuan Walker,PHI,89.8,95.7,106.5,0.68,0.241,0.081,0.078,starter,29.8,101,2,0.78,0.54,FA-eligible,18.0,1,,hand,-17.84,,,-1.08,True,FC,FS,True,2060,539,21,84.0,87.4,95.7,1.0,105.7,0.878,0.24,0.082,0.079,0.691,0.42,-0.86,-0.64,0.744,39.0,-1.0,salaries.csv,False,True,Free agent after 2025: no control value,starter,94.8,4.92,2.21,0.02,123.7,0,True,calibrated
621112,Paul Blackburn,NYM,93.8,97.1,110.3,3.77,0.255,0.059,0.069,reliever,90.9,345,1,0.75,0.2,FA-eligible,4.05,1,,hand,-2.55,,,-1.32,True,SI,FC,True,666,175,15,90.2,92.0,97.1,0.999,107.2,0.7,0.241,0.074,0.076,0.42,1.24,1.92,1.27,0.661,85.1,-1.01,salaries.csv,False,True,Free agent after 2025: no control value,reliever,30.4,4.52,2.64,0.16,39.0,0,True,calibrated
595928,John Curtiss,AZ,97.4,98.5,114.0,4.32,0.268,0.079,0.035,reliever,21.3,287,1,0.75,0.14,FA,0.76,1,,default (1 yr),1.24,,,-1.55,False,FF,FF,True,545,141,26,91.9,93.2,98.5,0.998,109.2,0.656,0.242,0.083,0.065,0.369,1.05,-1.16,-0.89,0.772,29.1,-1.07,Default: league minimum (not in salaries.csv),True,True,Free agent after 2025: no control value,reliever,27.5,4.42,3.15,0.21,36.7,0,True,calibrated
657424,Matt Gage,SF,83.6,93.4,106.3,0.23,0.233,0.078,0.081,reliever,44.9,0,0,0.0,0.16,FA,0.76,1,,default (1 yr),5.38,,,-1.29,False,SL,SL,True,528,136,26,82.9,86.6,93.4,0.998,104.1,0.649,0.239,0.083,0.081,0.361,0.21,-0.38,-0.29,0.772,46.3,-1.07,Default: league minimum (not in salaries.csv),True,True,Free agent after 2025: no control value,reliever,22.2,4.3,1.62,0.65,31.0,0,True,calibrated
668834,Easton Mcgee,MIL,90.6,95.9,115.2,1.19,0.274,0.108,0.066,reliever,93.6,155,1,0.68,0.1,FA,0.76,1,,default (1 yr),1.22,,,-1.93,True,SI,CU,False,223,61,9,90.8,92.4,95.9,0.996,106.7,0.438,0.241,0.09,0.078,0.202,-0.12,2.38,1.28,0.54,85.5,-1.08,Default: league minimum (not in salaries.csv),True,True,Free agent after 2025: no control value,reliever,19.1,4.39,2.39,0.21,14.7,0,True,calibrated
596295,Austin Gomber,COL,79.6,91.9,103.5,0.07,0.238,0.091,0.066,starter,30.7,104,2,0.79,0.32,FA-eligible,6.35,1,,hand,-11.97,,,-1.16,True,FF,FC,True,962,258,12,74.4,80.3,91.9,0.999,102.7,0.771,0.239,0.089,0.074,0.517,0.08,-0.85,-0.53,0.624,41.5,-1.08,salaries.csv,False,True,Free agent after 2025: no control value,starter,56.8,5.27,1.19,-0.59,57.7,0,True,calibrated
656427,Jack Flaherty,DET,90.8,96.0,107.9,0.84,0.237,0.07,0.087,starter,46.3,139,2,0.89,1.95,FA-eligible,25.0,1,,hand,1.89,,,-1.19,False,FF,FF,True,2654,632,29,96.3,96.5,96.0,1.0,107.1,0.903,0.239,0.074,0.086,0.724,0.7,-0.34,-0.27,0.8,47.3,-1.11,salaries.csv,False,True,Free agent after 2025: no control value,starter,121.3,4.34,2.46,2.83,161.0,0,True,calibrated
622503,Nabil Crismatt,AZ,86.8,94.5,109.4,3.55,0.268,0.077,0.059,starter,20.5,58,0,0.16,0.31,FA,0.76,1,,default (1 yr),0.11,,,-1.49,True,CH,CU,True,534,153,5,94.6,95.2,94.5,0.998,106.1,0.651,0.242,0.082,0.073,0.388,0.78,-1.25,-0.51,0.408,41.5,-1.16,Default: league minimum (not in salaries.csv),True,True,Free agent after 2025: no control value,starter,40.4,4.74,2.09,0.09,34.0,0,True,calibrated
571760,Andrew Heaney,PIT,95.0,97.6,110.9,0.0,0.233,0.083,0.075,starter,48.3,96,2,0.77,0.6,FA-eligible,5.25,1,,hand,-8.57,,,-1.33,True,FF,CS,True,2003,517,22,88.1,90.4,97.6,1.0,109.5,0.869,0.238,0.084,0.077,0.682,0.19,-0.24,-0.18,0.752,51.2,-1.19,salaries.csv,False,True,Free agent after 2025: no control value,starter,91.0,5.05,3.06,-0.35,122.3,0,True,calibrated
664199,Taylor Clarke,KC,94.2,97.3,112.2,1.41,0.235,0.083,0.043,reliever,32.8,121,1,0.59,0.23,FA,0.76,1,,default (1 yr),2.5,,,-1.49,True,SL,CH,True,864,207,46,94.8,95.4,97.3,0.999,109.2,0.751,0.239,0.085,0.064,0.462,0.76,-0.74,-0.63,0.857,37.2,-1.19,Default: league minimum (not in salaries.csv),True,True,Free agent after 2025: no control value,reliever,39.2,4.35,2.97,0.34,55.3,0,True,calibrated
434378,Justin Verlander,SF,85.0,93.9,106.6,-0.93,0.23,0.091,0.078,starter,94.1,171,1,0.72,1.32,FA-eligible,15.0,1,,hand,10.45,,,-1.27,False,FF,FF,True,2525,640,28,89.6,91.5,93.9,1.0,105.9,0.898,0.237,0.089,0.079,0.726,-0.39,2.35,1.87,0.794,90.2,-1.2,salaries.csv,False,True,Free agent after 2025: no control value,starter,91.2,4.48,1.97,2.68,152.0,0,True,calibrated
621107,Zach Eflin,BAL,86.8,94.5,108.4,2.31,0.242,0.079,0.042,starter,62.0,252,2,1.0,0.58,FA-eligible,18.0,1,,hand,-19.25,,,-1.39,True,FC,CH,True,1049,289,13,88.2,90.5,94.5,0.999,106.6,0.786,0.24,0.082,0.06,0.545,1.18,0.29,0.18,0.642,59.5,-1.21,salaries.csv,False,True,Free agent after 2025: no control value,starter,64.8,4.97,2.16,-0.13,71.3,0,True,calibrated
541640,Erasmo Ramírez,MIN,84.9,93.8,117.5,2.63,0.241,0.082,0.024,reliever,0.0,0,0,0.0,0.01,FA,0.76,1,,default (1 yr),-1.49,,,-2.37,False,FC,FC,False,158,41,7,87.2,89.8,93.8,0.995,106.2,0.356,0.24,0.085,0.073,0.145,0.37,-3.3,-1.57,0.477,10.8,-1.24,Default: league minimum (not in salaries.csv),True,True,Free agent after 2025: no control value,reliever,6.0,4.7,2.0,-0.08,11.0,0,True,calibrated
663399,Brandon Waddell,NYM,84.6,93.7,109.6,-0.84,0.221,0.08,0.082,reliever,28.7,23,0,0.06,0.08,FA,0.76,1,,default (1 yr),-0.57,,,-1.59,True,ST,CH,True,512,134,9,87.4,89.9,93.7,0.998,106.2,0.642,0.238,0.084,0.082,0.357,0.05,-0.92,-0.5,0.54,41.2,-1.25,Default: league minimum (not in salaries.csv),True,True,Free agent after 2025: no control value,reliever,23.9,4.66,1.98,0.02,31.3,0,True,calibrated
518876,Merrill Kelly,AZ,91.8,96.4,109.9,1.97,0.249,0.079,0.061,starter,26.8,143,1,0.65,1.98,FA-eligible,7.0,1,,hand,25.57,,,-1.35,False,CH,CH,True,2747,725,31,96.9,96.9,96.4,1.0,109.0,0.906,0.242,0.081,0.066,0.75,1.21,-0.97,-0.78,0.811,31.7,-1.26,salaries.csv,False,True,Free agent after 2025: no control value,starter,125.2,4.36,2.81,3.43,184.0,0,True,calibrated
607067,Colin Rea,CHC,86.6,94.5,107.9,0.38,0.244,0.092,0.068,starter,16.1,0,0,0.0,1.31,FA-eligible,4.25,1,,hand,15.36,,,-1.34,True,FF,CH,True,2488,649,27,86.5,89.2,94.5,1.0,107.1,0.897,0.241,0.09,0.072,0.729,0.15,-1.51,-1.19,0.788,22.0,-1.26,salaries.csv,False,True,Free agent after 2025: no control value,starter,110.2,4.56,2.24,2.06,159.3,0,True,calibrated
684007,Shota Imanaga,CHC,98.5,98.9,114.0,3.55,0.263,0.084,0.036,starter,21.5,52,0,0.14,1.28,FA-eligible,13.75,1,,hand,-5.13,,,-1.51,True,FF,FS,True,2011,523,23,94.3,95.0,98.9,1.0,112.3,0.875,0.246,0.084,0.051,0.684,1.76,-1.24,-0.95,0.761,27.3,-1.34,salaries.csv,False,True,Free agent after 2025: no control value,starter,106.1,4.69,3.68,0.91,144.7,0,True,calibrated
660853,Enyel De Los Santos,ATL,99.1,99.1,116.9,0.45,0.246,0.087,0.078,reliever,23.6,0,0,0.0,0.28,FA-eligible,1.4,1,,hand,3.56,,,-1.78,True,FF,SL,True,1071,268,57,97.1,97.1,99.1,0.999,113.3,0.789,0.24,0.086,0.08,0.526,0.09,-1.11,-0.98,0.881,27.7,-1.42,salaries.csv,False,True,Free agent after 2025: no control value,reliever,47.4,4.36,3.86,0.52,66.0,0,True,calibrated
605452,Joe Ross,PHI,86.7,94.5,112.0,1.03,0.242,0.079,0.073,reliever,74.7,452,1,0.75,0.07,FA-eligible,4.0,1,,hand,-5.86,,,-1.75,True,FF,CH,True,823,218,31,85.6,88.6,94.5,0.999,108.9,0.742,0.24,0.083,0.078,0.475,0.43,0.72,0.57,0.802,68.6,-1.44,salaries.csv,False,True,Free agent after 2025: no control value,reliever,37.2,4.74,2.51,-0.2,51.0,0,True,calibrated
543294,Kyle Hendricks,LAA,97.4,98.5,114.6,3.88,0.269,0.074,0.058,starter,32.7,166,2,0.96,1.36,FA-eligible,2.5,1,,hand,11.75,,,-1.61,False,CH,CH,True,2571,692,31,78.8,83.5,98.5,1.0,113.1,0.9,0.249,0.077,0.064,0.742,2.0,-0.74,-0.6,0.811,40.0,-1.46,salaries.csv,False,True,Free agent after 2025: no control value,starter,116.6,4.73,3.74,1.5,164.7,0,True,calibrated
573204,Caleb Thielbar,CHC,84.2,93.6,111.2,1.57,0.253,0.097,0.043,reliever,89.9,118,0,0.33,0.29,FA-eligible,2.75,1,,hand,6.8,,,-1.76,True,FF,SL,True,793,208,46,94.5,95.2,93.6,0.999,108.2,0.735,0.241,0.091,0.064,0.463,0.4,1.79,1.54,0.857,87.5,-1.46,salaries.csv,False,True,Free agent after 2025: no control value,reliever,34.2,4.12,2.27,1.01,58.0,0,True,calibrated
605540,Brandon Woodruff,MIL,92.5,96.7,114.8,0.8,0.241,0.09,0.054,starter,18.0,448,4,1.0,1.21,FA-eligible,5.0,1,,hand,10.87,,,-1.81,True,SI,CH,True,964,257,12,92.8,93.9,96.7,0.999,111.4,0.771,0.24,0.088,0.068,0.516,0.39,-1.43,-0.89,0.624,29.3,-1.47,salaries.csv,False,True,Free agent after 2025: no control value,starter,62.1,4.05,3.21,1.67,64.7,0,True,calibrated
624133,Ranger Suarez,PHI,87.9,95.0,111.0,4.08,0.263,0.067,0.058,starter,59.5,144,1,0.65,2.08,arb,8.8,1,,hand,29.07,,,-1.6,True,SI,CH,True,2430,652,26,92.9,94.0,95.0,1.0,109.8,0.895,0.247,0.072,0.065,0.73,2.27,0.18,0.14,0.782,58.5,-1.48,salaries.csv,False,True,Free agent after 2025: no control value,starter,116.4,4.18,2.72,3.99,157.3,0,True,calibrated
607259,Nick Martínez,CIN,99.1,99.1,115.6,1.43,0.261,0.096,0.061,starter,25.4,0,0,0.0,1.05,FA-eligible,21.05,1,,hand,-7.55,,,-1.65,True,FF,CU,True,2494,661,25,91.1,92.7,99.1,1.0,114.0,0.897,0.246,0.093,0.066,0.733,0.44,-1.02,-0.79,0.775,31.7,-1.49,salaries.csv,False,True,Free agent after 2025: no control value,starter,113.1,4.62,3.96,1.42,165.7,0,True,calibrated
668678,Zac Gallen,AZ,96.1,98.0,115.0,1.5,0.239,0.069,0.077,starter,22.0,29,0,0.08,1.72,arb,13.5,1,,hand,5.0,,,-1.7,False,FF,FF,True,3051,792,32,91.4,92.9,98.0,1.0,113.7,0.914,0.239,0.073,0.078,0.767,1.16,-1.24,-1.01,0.815,26.3,-1.57,salaries.csv,False,True,Free agent after 2025: no control value,starter,137.0,4.65,3.75,1.95,192.0,0,True,calibrated
641302,Tyler Alexander,CWS,83.9,93.5,112.2,3.61,0.264,0.074,0.057,reliever,76.7,136,2,0.88,0.44,FA-eligible,1.0,1,,hand,9.17,,,-1.87,True,FF,CH,True,1521,407,47,86.9,89.5,93.5,0.999,110.3,0.842,0.245,0.078,0.066,0.628,1.58,0.78,0.67,0.86,73.3,-1.68,salaries.csv,False,True,Free agent after 2025: no control value,reliever,68.6,4.38,2.57,1.07,97.7,0,True,calibrated
571948,Hoby Milner,TEX,87.1,94.7,114.7,1.43,0.252,0.089,0.061,reliever,22.3,25,1,0.32,0.29,FA-eligible,2.5,1,,hand,6.05,,,-2.0,False,ST,ST,True,1101,277,56,73.6,79.7,94.7,0.999,111.7,0.794,0.242,0.087,0.071,0.535,0.43,-1.14,-1.0,0.879,27.0,-1.7,salaries.csv,False,True,Free agent after 2025: no control value,reliever,45.6,4.32,2.96,0.9,70.3,0,True,calibrated
571927,Steven Matz,STL,93.8,97.1,118.5,0.9,0.255,0.11,0.037,reliever,50.7,228,1,0.75,0.38,FA-eligible,12.5,1,,hand,-3.48,,,-2.14,True,SI,CH,True,1108,296,47,100.9,99.9,97.1,0.999,114.7,0.795,0.242,0.099,0.057,0.551,0.09,-0.2,-0.17,0.86,51.0,-1.76,salaries.csv,False,True,Free agent after 2025: no control value,reliever,51.2,4.25,3.77,0.95,76.7,0,True,calibrated
608372,Tomoyuki Sugano,BAL,90.0,95.7,114.8,2.56,0.247,0.077,0.049,starter,54.1,0,0,0.0,0.9,FA-eligible,13.0,1,,hand,-11.4,,,-1.91,True,FS,ST,True,2492,656,29,86.2,89.0,95.7,1.0,113.3,0.897,0.242,0.079,0.058,0.731,1.65,-0.12,-0.1,0.8,55.1,-1.76,salaries.csv,False,True,Free agent after 2025: no control value,starter,104.8,5.0,3.35,0.17,157.0,0,True,calibrated
641793,Zack Littell,TB,88.7,95.2,114.8,2.37,0.258,0.09,0.045,starter,22.9,86,2,0.74,1.47,arb,5.72,1,,hand,5.17,,,-1.96,True,SL,FS,True,2415,651,30,84.0,87.4,95.2,1.0,113.2,0.894,0.245,0.089,0.055,0.73,1.19,-1.15,-0.92,0.806,28.3,-1.8,salaries.csv,False,True,Free agent after 2025: no control value,starter,137.6,4.81,3.26,1.15,186.7,0,True,calibrated
596271,Casey Lawrence,SEA,87.0,94.6,125.6,1.11,0.221,0.091,0.012,reliever,0.0,0,0,0.0,0.02,FA,0.76,1,,default (1 yr),-0.08,,,-3.1,True,SI,CH,False,276,80,5,86.1,88.9,94.6,0.997,112.6,0.491,0.239,0.087,0.065,0.249,0.54,-3.5,-1.38,0.394,14.5,-1.8,Default: league minimum (not in salaries.csv),True,True,Free agent after 2025: no control value,reliever,7.6,4.61,3.08,0.07,17.7,0,True,calibrated
596001,Jakob Junis,CLE,84.1,93.5,116.2,2.61,0.246,0.069,0.061,reliever,33.4,122,1,0.59,0.28,FA-eligible,4.5,1,,hand,3.18,,,-2.27,True,ST,CH,True,1001,264,48,84.1,87.5,93.5,0.999,112.6,0.778,0.24,0.077,0.071,0.523,1.2,-0.72,-0.62,0.862,37.2,-1.91,salaries.csv,False,True,Free agent after 2025: no control value,reliever,45.8,4.34,2.91,0.81,66.7,0,True,calibrated
641816,Tyler Mahle,TEX,99.8,99.3,123.0,4.88,0.277,0.06,0.074,starter,62.9,478,6,1.0,1.18,FA-eligible,16.5,1,,hand,2.74,,,-2.37,True,FF,FS,True,1320,336,15,96.6,96.7,99.3,0.999,118.9,0.822,0.246,0.071,0.077,0.582,1.86,0.32,0.22,0.674,60.0,-1.96,salaries.csv,False,True,Free agent after 2025: no control value,starter,74.6,4.36,4.73,2.03,86.7,0,True,calibrated
453286,Max Scherzer,TOR,91.4,96.2,119.5,-0.27,0.246,0.104,0.064,starter,11.2,309,1,0.75,0.71,FA-eligible,15.5,1,,hand,-11.59,,,-2.33,False,FF,FF,True,1341,346,16,91.0,92.6,96.2,0.999,116.1,0.824,0.241,0.096,0.071,0.589,-0.34,-1.67,-1.15,0.688,22.4,-1.99,salaries.csv,False,True,Free agent after 2025: no control value,starter,61.5,4.73,3.84,0.41,85.0,0,True,calibrated
663978,Chris Paddack,MIN,90.4,95.9,119.2,3.01,0.254,0.076,0.051,starter,48.8,418,3,1.0,1.0,FA-eligible,7.5,1,,hand,-3.06,,,-2.33,True,FF,SL,True,2476,651,27,86.0,88.9,95.9,1.0,117.2,0.896,0.244,0.078,0.059,0.73,1.79,-0.23,-0.18,0.788,51.2,-2.13,salaries.csv,False,True,Free agent after 2025: no control value,starter,120.3,4.89,3.96,0.47,158.0,0,True,calibrated
455119,Chris Martin,TEX,91.3,96.2,126.4,3.33,0.262,0.091,0.026,reliever,5.7,115,2,0.82,0.17,FA-eligible,5.5,1,,hand,-1.25,,,-3.02,False,FC,FC,True,585,155,33,86.6,89.3,96.2,0.999,117.7,0.672,0.242,0.088,0.06,0.391,0.86,-1.82,-1.48,0.811,12.5,-2.15,salaries.csv,False,True,Free agent after 2025: no control value,reliever,23.7,4.25,4.08,0.45,42.3,0,True,calibrated
592866,Trevor Williams,WSH,88.0,95.0,121.9,1.88,0.247,0.081,0.056,starter,35.1,197,2,1.0,0.92,FA-eligible,7.0,1,,hand,4.29,,,-2.69,False,FF,FF,True,1448,373,17,80.4,84.7,95.0,0.999,118.3,0.835,0.241,0.083,0.066,0.607,0.93,-0.69,-0.48,0.701,42.4,-2.33,salaries.csv,False,True,Free agent after 2025: no control value,starter,70.7,4.6,3.99,1.19,82.7,0,True,calibrated
571945,Miles Mikolas,STL,83.5,93.3,121.8,0.2,0.241,0.099,0.052,starter,93.2,0,0,0.0,0.88,FA-eligible,17.67,1,,hand,-11.11,,,-2.85,True,FF,CH,True,2400,648,30,77.3,82.4,93.3,1.0,119.5,0.893,0.24,0.095,0.06,0.729,0.11,2.27,1.83,0.806,89.8,-2.62,salaries.csv,False,True,Free agent after 2025: no control value,starter,97.5,4.96,3.92,0.69,156.3,0,True,calibrated
