PitcherId,Pitcher,Season,YearIndex,Stage,ProjectedWAR,DollarsPerWAR,Salary,SalarySource,Surplus,DiscountFactor,DiscountedSurplus
689690,Alek Jacob,2025,0,pre-arb,1.1619334437204558,9500000.0,760000.0,league min,10278367.71534433,1.0,10278367.71534433
689690,Alek Jacob,2026,1,arb,1.1619334437204558,9975000.0,4636114.440444618,arb est (yr 1),6954171.660666928,1.08,6439047.833950859
689690,Alek Jacob,2027,2,arb,1.1619334437204558,10473750.0,7301880.243700274,arb est (yr 2),4867920.162466849,1.1664,4173456.929412593
689690,Alek Jacob,2028,3,arb,1.1619334437204558,10997437.500000002,10222632.341180386,arb est (yr 3),2555658.085295096,1.2597120000000002,2028763.7851311215
682825,Luis Mey,2025,0,pre-arb,-0.77689827246084,9500000.0,760000.0,league min,-8140533.58837798,1.0,-8140533.58837798
682825,Luis Mey,2026,1,pre-arb,-0.77689827246084,9975000.0,780000.0,league min,-8529560.267796878,1.08,-7897740.988700813
682825,Luis Mey,2027,2,pre-arb,-0.77689827246084,10473750.0,780000.0,league min,-8917038.281186722,1.1664,-7644923.080578465
682825,Luis Mey,2028,3,arb,-0.77689827246084,10997437.500000002,780000.0,arb est (yr 1),-9323890.19524606,1.2597120000000002,-7401604.648718166
682825,Luis Mey,2029,4,arb,-0.77689827246084,11547309.375000002,780000.0,arb est (yr 2),-9751084.705008363,1.3604889600000003,-7167338.355328044
682825,Luis Mey,2030,5,arb,-0.77689827246084,12124674.843750004,780000.0,arb est (yr 3),-10199638.940258782,1.4693280768000003,-6941702.878551282
686799,Jack Kochanowicz,2025,0,pre-arb,-0.8033049428695286,9500000.0,760000.0,league min,-8391396.957260521,1.0,-8391396.957260521
686799,Jack Kochanowicz,2026,1,pre-arb,-0.8033049428695286,9975000.0,780000.0,league min,-8792966.805123549,1.08,-8141635.930669952
686799,Jack Kochanowicz,2027,2,arb,-0.8033049428695286,10473750.0,780000.0,arb est (yr 1),-9193615.145379726,1.1664,-7882043.163048461
686799,Jack Kochanowicz,2028,3,arb,-0.8033049428695286,10997437.500000002,780000.0,arb est (yr 2),-9614295.902648712,1.2597120000000002,-7632138.062230662
686799,Jack Kochanowicz,2029,4,arb,-0.8033049428695286,11547309.375000002,780000.0,arb est (yr 3),-10056010.697781147,1.3604889600000003,-7391468.062909636
682254,Mason Montgomery,2025,0,pre-arb,0.9572033779224284,9500000.0,760000.0,league min,8333432.090263069,1.0,8333432.090263069
682254,Mason Montgomery,2026,1,pre-arb,0.9572033779224284,9975000.0,780000.0,league min,8768103.694776224,1.08,8118614.532200207
682254,Mason Montgomery,2027,2,arb,0.9572033779224284,10473750.0,4010203.551806014,arb est (yr 1),6015305.327709021,1.1664,5157154.773413084
682254,Mason Montgomery,2028,3,arb,0.9572033779224284,10997437.500000002,6316070.594094472,arb est (yr 2),4210713.729396315,1.2597120000000002,3342600.316101073
682254,Mason Montgomery,2029,4,arb,0.9572033779224284,11547309.375000002,8842498.831732262,arb est (yr 3),2210624.707933065,1.3604889600000003,1624875.153660243
691548,Rolddy Muñoz,2025,0,pre-arb,0.2276749333564729,9500000.0,760000.0,league min,1402911.8668864924,1.0,1402911.8668864924
691548,Rolddy Muñoz,2026,1,pre-arb,0.2276749333564729,9975000.0,780000.0,league min,1491057.460230817,1.08,1380608.7594729788
691548,Rolddy Muñoz,2027,2,pre-arb,0.2276749333564729,10473750.0,780000.0,league min,1604610.3332423582,1.1664,1375694.7301460546
691548,Rolddy Muñoz,2028,3,arb,0.2276749333564729,10997437.500000002,1001536.3399617904,arb est (yr 1),1502304.5099426855,1.2597120000000002,1192577.7558225098
691548,Rolddy Muñoz,2029,4,arb,0.2276749333564729,11547309.375000002,1577419.7354398202,arb est (yr 2),1051613.15695988,1.3604889600000003,772967.0639590342
691548,Rolddy Muñoz,2030,5,arb,0.2276749333564729,12124674.843750004,2208387.6296157483,arb est (yr 3),552096.9074039371,1.4693280768000003,375747.87831341935
671305,Michel Otañez,2025,0,pre-arb,0.2625105674670796,9500000.0,760000.0,league min,1733850.3909372566,1.0,1733850.3909372566
671305,Michel Otañez,2026,1,pre-arb,0.2625105674670796,9975000.0,780000.0,league min,1838542.9104841196,1.08,1702354.5467445548
671305,Michel Otañez,2027,2,arb,0.2625105674670796,10473750.0,1099788.0224033303,arb est (yr 1),1649682.033604995,1.1664,1414336.4485639532
671305,Michel Otañez,2028,3,arb,0.2625105674670796,10997437.500000002,1732166.1352852453,arb est (yr 2),1154777.4235234968,1.2597120000000002,916699.549995155
671305,Michel Otañez,2029,4,arb,0.2625105674670796,11547309.375000002,2425032.589399344,arb est (yr 3),606258.1473498358,1.3604889600000003,445617.8368032003
688297,Chris Roycroft,2025,0,pre-arb,-0.0455479972587718,9500000.0,760000.0,league min,-1192705.9739583323,1.0,-1192705.9739583323
688297,Chris Roycroft,2026,1,pre-arb,-0.0455479972587718,9975000.0,780000.0,league min,-1234341.2726562489,1.08,-1142908.585792823
688297,Chris Roycroft,2027,2,arb,-0.0455479972587718,10473750.0,780000.0,arb est (yr 1),-1257058.3362890617,1.1664,-1077724.9110845863
688297,Chris Roycroft,2028,3,arb,-0.0455479972587718,10997437.500000002,780000.0,arb est (yr 2),-1280911.253103515,1.2597120000000002,-1016828.6505991168
688297,Chris Roycroft,2029,4,arb,-0.0455479972587718,11547309.375000002,780000.0,arb est (yr 3),-1305956.8157586902,1.3604889600000003,-959917.246045635
695243,Mason Miller,2025,0,pre-arb,1.027048843379704,9500000.0,760000.0,league min,8996964.012107188,1.0,8996964.012107188
695243,Mason Miller,2026,1,arb,1.027048843379704,9975000.0,4097924.88508502,arb est (yr 1),6146887.327627528,1.08,5691562.340395859
695243,Mason Miller,2027,2,arb,1.027048843379704,10473750.0,6454231.694008905,arb est (yr 2),4302821.12933927,1.1664,3688975.590997317
695243,Mason Miller,2028,3,arb,1.027048843379704,10997437.500000002,9035924.371612469,arb est (yr 3),2258981.0929031167,1.2597120000000002,1793252.023401473
686228,Juan Burgos,2025,0,pre-arb,-0.4821627085057282,9500000.0,760000.0,league min,-5340545.730804417,1.0,-5340545.730804417
686228,Juan Burgos,2026,1,pre-arb,-0.4821627085057282,9975000.0,780000.0,league min,-5589573.017344639,1.08,-5175530.571615406
686228,Juan Burgos,2027,2,pre-arb,-0.4821627085057282,10473750.0,780000.0,league min,-5830051.668211871,1.1664,-4998329.619523209
686228,Juan Burgos,2028,3,arb,-0.4821627085057282,10997437.500000002,780000.0,arb est (yr 1),-6082554.2516224645,1.2597120000000002,-4828527.672692222
686228,Juan Burgos,2029,4,arb,-0.4821627085057282,11547309.375000002,780000.0,arb est (yr 2),-6347681.964203588,1.3604889600000003,-4665735.739747264
686228,Juan Burgos,2030,5,arb,-0.4821627085057282,12124674.843750004,780000.0,arb est (yr 3),-6626066.062413768,1.4693280768000003,-4509589.224514413
667755,José Soriano,2025,0,pre-arb,-0.2826049783042579,9500000.0,760000.0,league min,-3444747.2938904506,1.0,-3444747.2938904506
667755,José Soriano,2026,1,arb,-0.2826049783042579,9975000.0,760000.0,arb est (yr 1),-3578984.6585849733,1.08,-3313874.683874975
667755,José Soriano,2027,2,arb,-0.2826049783042579,10473750.0,760000.0,arb est (yr 2),-3719933.8915142217,1.1664,-3189243.7341514244
667755,José Soriano,2028,3,arb,-0.2826049783042579,10997437.500000002,760000.0,arb est (yr 3),-3867930.586089933,1.2597120000000002,-3070488.0052662296
679885,Justin Martinez,2025,0,pre-arb,0.5114171748245936,9500000.0,760000.0,league min,4098463.160833639,1.0,4098463.160833639
679885,Justin Martinez,2026,1,arb,0.5114171748245936,9975000.0,2040554.5275501283,arb est (yr 1),3060831.791325193,1.08,2834103.5104862894
679885,Justin Martinez,2027,2,arb,0.5114171748245936,10473750.0,3213873.3808914525,arb est (yr 2),2142582.253927635,1.1664,1836918.9419818544
679885,Justin Martinez,2028,3,arb,0.5114171748245936,10997437.500000002,4499422.7332480345,arb est (yr 3),1124855.6833120082,1.2597120000000002,892946.7079078456
669704,Kade Strowd,2025,0,pre-arb,-0.3781166841118379,9500000.0,760000.0,league min,-4352108.499062461,1.0,-4352108.499062461
669704,Kade Strowd,2026,1,pre-arb,-0.3781166841118379,9975000.0,780000.0,league min,-4551713.924015584,1.08,-4214549.929644058
669704,Kade Strowd,2027,2,pre-arb,-0.3781166841118379,10473750.0,780000.0,league min,-4740299.620216362,1.1664,-4064042.884273287
669704,Kade Strowd,2028,3,arb,-0.3781166841118379,10997437.500000002,780000.0,arb est (yr 1),-4938314.601227181,1.2597120000000002,-3920193.346754798
669704,Kade Strowd,2029,4,arb,-0.3781166841118379,11547309.375000002,780000.0,arb est (yr 2),-5146230.331288541,1.3604889600000003,-3782632.922863659
669704,Kade Strowd,2030,5,arb,-0.3781166841118379,12124674.843750004,780000.0,arb est (yr 3),-5364541.847852969,1.4693280768000003,-3651017.04143313
694361,Will Klein,2025,0,pre-arb,1.0821956528548418,9500000.0,760000.0,league min,9520858.702120995,1.0,9520858.702120995
694361,Will Klein,2026,1,pre-arb,1.0821956528548418,9975000.0,780000.0,league min,10014901.637227047,1.08,9273057.071506524
694361,Will Klein,2027,2,arb,1.0821956528548418,10473750.0,4533858.68763536,arb est (yr 1),6800788.03145304,1.1664,5830579.588008435
694361,Will Klein,2028,3,arb,1.0821956528548418,10997437.500000002,7140827.433025692,arb est (yr 2),4760551.622017128,1.2597120000000002,3779079.36259806
694361,Will Klein,2029,4,arb,1.0821956528548418,11547309.375000002,9997158.406235969,arb est (yr 3),2499289.6015589926,1.3604889600000003,1837052.4679296128
682989,Victor Mederos,2025,0,pre-arb,-1.0007980041693303,9500000.0,760000.0,league min,-10267581.03960864,1.0,-10267581.03960864
682989,Victor Mederos,2026,1,arb,-1.0007980041693303,9975000.0,760000.0,arb est (yr 1),-10742960.091589073,1.08,-9947185.269989882
682989,Victor Mederos,2027,2,arb,-1.0007980041693303,10473750.0,760000.0,arb est (yr 2),-11242108.096168526,1.1664,-9638295.69287425
682989,Victor Mederos,2028,3,arb,-1.0007980041693303,10997437.500000002,760000.0,arb est (yr 3),-11766213.500976954,1.2597120000000002,-9340399.631802311
690925,Clayton Beeter,2025,0,pre-arb,1.598022734013797,9500000.0,760000.0,league min,14421215.973131068,1.0,14421215.973131068
690925,Clayton Beeter,2026,1,pre-arb,1.598022734013797,9975000.0,780000.0,league min,15160276.77178762,1.08,14037293.30721076
690925,Clayton Beeter,2027,2,arb,1.598022734013797,10473750.0,6694916.244150802,arb est (yr 1),10042374.3662262,1.1664,8609717.392169237
690925,Clayton Beeter,2028,3,arb,1.598022734013797,10997437.500000002,10544493.084537512,arb est (yr 2),7029662.056358343,1.2597120000000002,5580372.383813397
690925,Clayton Beeter,2029,4,arb,1.598022734013797,11547309.375000002,14762290.31835252,arb est (yr 3),3690572.57958813,1.3604889600000003,2712681.01990929
681895,Evan Sisk,2025,0,pre-arb,-1.6667778937203837,9500000.0,760000.0,hand,-16594389.990343643,1.0,-16594389.990343643
681895,Evan Sisk,2026,1,pre-arb,-1.6667778937203837,9975000.0,780000.0,league min,-17406109.489860825,1.08,-16116768.04616743
681895,Evan Sisk,2027,2,pre-arb,-1.6667778937203837,10473750.0,780000.0,league min,-18237414.964353867,1.1664,-15635643.830893232
681895,Evan Sisk,2028,3,arb,-1.6667778937203837,10997437.500000002,780000.0,arb est (yr 1),-19110285.712571565,1.2597120000000002,-15170360.933746414
681895,Evan Sisk,2029,4,arb,-1.6667778937203837,11547309.375000002,780000.0,arb est (yr 2),-20026799.998200145,1.3604889600000003,-14720295.854661062
681895,Evan Sisk,2030,5,arb,-1.6667778937203837,12124674.843750004,780000.0,arb est (yr 3),-20989139.998110157,1.4693280768000003,-14284856.002902826
681870,Erik Sabrowski,2025,0,pre-arb,0.1688048003563884,9500000.0,760000.0,league min,843645.6033856901,1.0,843645.6033856901
681870,Erik Sabrowski,2026,1,pre-arb,0.1688048003563884,9975000.0,780000.0,league min,903827.8835549746,1.08,836877.6699583097
681870,Erik Sabrowski,2027,2,arb,0.1688048003563884,10473750.0,780000.0,arb est (yr 1),988019.2777327232,1.1664,847067.2820067927
681870,Erik Sabrowski,2028,3,arb,0.1688048003563884,10997437.500000002,1113852.144971616,arb est (yr 2),742568.0966477438,1.2597120000000002,589474.4962719603
681870,Erik Sabrowski,2029,4,arb,0.1688048003563884,11547309.375000002,1559393.002960262,arb est (yr 3),389848.2507400655,1.3604889600000003,286550.1023544251
664351,Luis Contreras,2025,0,pre-arb,-0.346125797792387,9500000.0,760000.0,league min,-4048195.079027677,1.0,-4048195.079027677
664351,Luis Contreras,2026,1,pre-arb,-0.346125797792387,9975000.0,780000.0,league min,-4232604.832979061,1.08,-3919078.5490546855
664351,Luis Contreras,2027,2,arb,-0.346125797792387,10473750.0,780000.0,arb est (yr 1),-4405235.074628013,1.1664,-3776779.042033619
664351,Luis Contreras,2028,3,arb,-0.346125797792387,10997437.500000002,780000.0,arb est (yr 2),-4586496.828359415,1.2597120000000002,-3640909.0556884543
664351,Luis Contreras,2029,4,arb,-0.346125797792387,11547309.375000002,780000.0,arb est (yr 3),-4776821.669777386,1.3604889600000003,-3511106.52877138
693312,Kyle Nicolas,2025,0,pre-arb,0.6570797883634838,9500000.0,760000.0,hand,5482257.989453096,1.0,5482257.989453096
693312,Kyle Nicolas,2026,1,pre-arb,0.6570797883634838,9975000.0,780000.0,league min,5774370.888925751,1.08,5346639.711968288
693312,Kyle Nicolas,2027,2,pre-arb,0.6570797883634838,10473750.0,780000.0,league min,6102089.433372038,1.1664,5231558.15618316
693312,Kyle Nicolas,2028,3,arb,0.6570797883634838,10997437.500000002,2890477.5620162566,arb est (yr 1),4335716.343024384,1.2597120000000002,3441831.421010821
693312,Kyle Nicolas,2029,4,arb,0.6570797883634838,11547309.375000002,4552502.160175604,arb est (yr 2),3035001.440117069,1.3604889600000003,2230816.661766273
693312,Kyle Nicolas,2030,5,arb,0.6570797883634838,12124674.843750004,6373503.024245847,arb est (yr 3),1593375.7560614618,1.4693280768000003,1084424.766136383
806185,Hayden Birdsong,2025,0,pre-arb,-0.1216410217289413,9500000.0,760000.0,league min,-1915589.7064249425,1.0,-1915589.7064249425
806185,Hayden Birdsong,2026,1,pre-arb,-0.1216410217289413,9975000.0,780000.0,league min,-1993369.1917461893,1.08,-1845712.214579805
806185,Hayden Birdsong,2027,2,arb,-0.1216410217289413,10473750.0,780000.0,arb est (yr 1),-2054037.651333499,1.1664,-1761006.2168497075
806185,Hayden Birdsong,2028,3,arb,-0.1216410217289413,10997437.500000002,780000.0,arb est (yr 2),-2117739.5339001743,1.2597120000000002,-1681129.9200929848
806185,Hayden Birdsong,2029,4,arb,-0.1216410217289413,11547309.375000002,780000.0,arb est (yr 3),-2184626.510595183,1.3604889600000003,-1605765.7024980066
676428,Brant Hurter,2025,0,pre-arb,-1.4012705238867178,9500000.0,760000.0,league min,-14072069.97692382,1.0,-14072069.97692382
676428,Brant Hurter,2026,1,pre-arb,-1.4012705238867178,9975000.0,780000.0,league min,-14757673.47577001,1.08,-13664512.477564825
676428,Brant Hurter,2027,2,arb,-1.4012705238867178,10473750.0,780000.0,arb est (yr 1),-15456557.14955851,1.1664,-13251506.472529586
676428,Brant Hurter,2028,3,arb,-1.4012705238867178,10997437.500000002,780000.0,arb est (yr 2),-16190385.007036438,1.2597120000000002,-12852449.613115087
676428,Brant Hurter,2029,4,arb,-1.4012705238867178,11547309.375000002,780000.0,arb est (yr 3),-16960904.25738826,1.3604889600000003,-12466770.959602833
688158,David Morgan,2025,0,pre-arb,0.1170391863928781,9500000.0,760000.0,league min,351872.27073234203,1.0,351872.27073234203
688158,David Morgan,2026,1,pre-arb,0.1170391863928781,9975000.0,780000.0,league min,387465.8842689591,1.08,358764.7076564435
688158,David Morgan,2027,2,pre-arb,0.1170391863928781,10473750.0,780000.0,league min,445839.178482407,1.1664,382235.235324423
688158,David Morgan,2028,3,arb,0.1170391863928781,10997437.500000002,780000.0,arb est (yr 1),507131.13740652776,1.2597120000000002,402577.0472985315
688158,David Morgan,2029,4,arb,0.1170391863928781,11547309.375000002,810892.6165661124,arb est (yr 2),540595.0777107415,1.3604889600000003,397353.5203922136
688158,David Morgan,2030,5,arb,0.1170391863928781,12124674.843750004,1135249.6631925576,arb est (yr 3),283812.4157981393,1.4693280768000003,193157.96130177044
699134,Bradgley Rodriguez,2025,0,pre-arb,0.3324532893332101,9500000.0,760000.0,league min,2398306.248665496,1.0,2398306.248665496
699134,Bradgley Rodriguez,2026,1,pre-arb,0.3324532893332101,9975000.0,780000.0,league min,2536221.5610987707,1.08,2348353.297313676
699134,Bradgley Rodriguez,2027,2,pre-arb,0.3324532893332101,10473750.0,780000.0,league min,2702032.6391537096,1.1664,2316557.475268956
699134,Bradgley Rodriguez,2028,3,arb,0.3324532893332101,10997437.500000002,1462453.7084445583,arb est (yr 1),2193680.562666837,1.2597120000000002,1741414.357144202
699134,Bradgley Rodriguez,2029,4,arb,0.3324532893332101,11547309.375000002,2303364.590800179,arb est (yr 2),1535576.3938667865,1.3604889600000003,1128694.4907416124
699134,Bradgley Rodriguez,2030,5,arb,0.3324532893332101,12124674.843750004,3224710.427120252,arb est (yr 3),806177.6067800624,1.4693280768000003,548670.9329993946
670059,Colin Holderman,2025,0,arb,-0.3012744130979339,9500000.0,1500000.0,hand,-4362106.924430372,1.0,-4362106.924430372
670059,Colin Holderman,2026,1,arb,-0.3012744130979339,9975000.0,1500000.0,arb est (yr 2),-4505212.270651892,1.08,-4171492.843196196
670059,Colin Holderman,2027,2,arb,-0.3012744130979339,10473750.0,1500000.0,arb est (yr 3),-4655472.884184485,1.1664,-3991317.630473667
670059,Colin Holderman,2028,3,arb,-0.3012744130979339,10997437.500000002,1500000.0,arb est (yr 4),-4813246.52839371,1.2597120000000002,-3820910.27821733
694646,Chayce Mcdermott,2025,0,pre-arb,-0.8321034571020921,9500000.0,760000.0,league min,-8664982.842469875,1.0,-8664982.842469875
694646,Chayce Mcdermott,2026,1,pre-arb,-0.8321034571020921,9975000.0,780000.0,league min,-9080231.984593367,1.08,-8407622.207956823
694646,Chayce Mcdermott,2027,2,arb,-0.8321034571020921,10473750.0,780000.0,arb est (yr 1),-9495243.583823036,1.1664,-8140640.9326329185
694646,Chayce Mcdermott,2028,3,arb,-0.8321034571020921,10997437.500000002,780000.0,arb est (yr 2),-9931005.76301419,1.2597120000000002,-7883552.560437773
694646,Chayce Mcdermott,2029,4,arb,-0.8321034571020921,11547309.375000002,780000.0,arb est (yr 3),-10388556.0511649,1.3604889600000003,-7635898.825055441
683175,Connor Phillips,2025,0,pre-arb,0.0559370214139411,9500000.0,760000.0,league min,-228598.29656755948,1.0,-228598.29656755948
683175,Connor Phillips,2026,1,arb,0.0559370214139411,9975000.0,760000.0,arb est (yr 1),-202028.21139593748,1.08,-187063.1586999421
683175,Connor Phillips,2027,2,arb,0.0559370214139411,10473750.0,760000.0,arb est (yr 2),-174129.6219657343,1.1664,-149288.0846756981
683175,Connor Phillips,2028,3,arb,0.0559370214139411,10997437.500000002,760000.0,arb est (yr 3),-144836.10306402098,1.2597120000000002,-114975.56827594002
665660,Elvis Alvarado,2025,0,pre-arb,0.5970233873353931,9500000.0,760000.0,league min,4911722.179686234,1.0,4911722.179686234
665660,Elvis Alvarado,2026,1,pre-arb,0.5970233873353931,9975000.0,780000.0,league min,5175308.288670545,1.08,4791952.119139394
665660,Elvis Alvarado,2027,2,pre-arb,0.5970233873353931,10473750.0,780000.0,league min,5473073.703104073,1.1664,4692278.552043958
665660,Elvis Alvarado,2028,3,arb,0.5970233873353931,10997437.500000002,2626290.955303712,arb est (yr 1),3939436.4329555663,1.2597120000000002,3127251.65192962
665660,Elvis Alvarado,2029,4,arb,0.5970233873353931,11547309.375000002,4136408.254603345,arb est (yr 2),2757605.503068897,1.3604889600000003,2026922.3669914207
665660,Elvis Alvarado,2030,5,arb,0.5970233873353931,12124674.843750004,5790971.556444684,arb est (yr 3),1447742.8891111703,1.4693280768000003,985309.4839541625
673380,Dedniel Núñez,2025,0,pre-arb,1.6803901120341074,9500000.0,760000.0,league min,15203706.06432402,1.0,15203706.06432402
673380,Dedniel Núñez,2026,1,pre-arb,1.6803901120341074,9975000.0,780000.0,league min,15981891.367540222,1.08,14798047.562537242
673380,Dedniel Núñez,2027,2,arb,1.6803901120341074,10473750.0,7039994.374366893,arb est (yr 1),10559991.561550338,1.1664,9053490.707776353
673380,Dedniel Núñez,2028,3,arb,1.6803901120341074,10997437.500000002,11087991.139627855,arb est (yr 2),7391994.093085239,1.2597120000000002,5868003.236521711
673380,Dedniel Núñez,2029,4,arb,1.6803901120341074,11547309.375000002,15523187.595479004,arb est (yr 3),3880796.898869749,1.3604889600000003,2852501.573309164
669062,Erik Miller,2025,0,pre-arb,0.2730909660835209,9500000.0,760000.0,league min,1834364.1777934493,1.0,1834364.1777934493
669062,Erik Miller,2026,1,pre-arb,0.2730909660835209,9975000.0,780000.0,league min,1944082.3866831216,1.08,1800076.2839658533
669062,Erik Miller,2027,2,arb,0.2730909660835209,10473750.0,1144114.602406911,arb est (yr 1),1716171.9036103664,1.1664,1471340.7952763771
669062,Erik Miller,2028,3,arb,0.2730909660835209,10997437.500000002,1801980.498790885,arb est (yr 2),1201320.3325272568,1.2597120000000002,953646.8117532076
669062,Erik Miller,2029,4,arb,0.2730909660835209,11547309.375000002,2522772.6983072395,arb est (yr 3),630693.1745768096,1.3604889600000003,463578.3112689202
694819,Jacob Misiorowski,2025,0,pre-arb,4.259011167592283,9500000.0,760000.0,league min,39700606.09212669,1.0,39700606.09212669
694819,Jacob Misiorowski,2026,1,pre-arb,4.259011167592283,9975000.0,780000.0,league min,41703636.39673302,1.08,38614478.14512317
694819,Jacob Misiorowski,2027,2,pre-arb,4.259011167592283,10473750.0,780000.0,league min,43827818.21656968,1.1664,37575289.96619485
694819,Jacob Misiorowski,2028,3,arb,4.259011167592283,10997437.500000002,18735283.65095927,arb est (yr 1),28102925.476438902,1.2597120000000002,22309008.31018431
694819,Jacob Misiorowski,2029,4,arb,4.259011167592283,11547309.375000002,29508071.750260845,arb est (yr 2),19672047.833507232,1.3604889600000003,14459542.423267609
694819,Jacob Misiorowski,2030,5,arb,4.259011167592283,12124674.843750004,41311300.45036519,arb est (yr 3),10327825.112591296,1.4693280768000003,7028944.233532864
690997,Nolan Mclean,2025,0,pre-arb,2.5546914034280874,9500000.0,760000.0,league min,23509568.33256683,1.0,23509568.33256683
690997,Nolan Mclean,2026,1,pre-arb,2.5546914034280874,9975000.0,780000.0,league min,24703046.749195173,1.08,22873191.43443997
690997,Nolan Mclean,2027,2,pre-arb,2.5546914034280874,10473750.0,780000.0,league min,25977199.08665493,1.1664,22271261.2196973
690997,Nolan Mclean,2028,3,arb,2.5546914034280874,10997437.500000002,11238023.616395071,arb est (yr 1),16857035.424592607,1.2597120000000002,13381658.208060736
690997,Nolan Mclean,2029,4,arb,2.5546914034280874,11547309.375000002,17699887.19582224,arb est (yr 2),11799924.797214828,1.3604889600000003,8673296.986706033
690997,Nolan Mclean,2030,5,arb,2.5546914034280874,12124674.843750004,24779842.07415114,arb est (yr 3),6194960.518537782,1.4693280768000003,4216186.035204319
685326,Mccade Brown,2025,0,pre-arb,-0.6109408721612319,9500000.0,760000.0,league min,-6563938.285531703,1.0,-6563938.285531703
685326,Mccade Brown,2026,1,pre-arb,-0.6109408721612319,9975000.0,780000.0,league min,-6874135.199808288,1.08,-6364939.999822489
685326,Mccade Brown,2027,2,pre-arb,-0.6109408721612319,10473750.0,780000.0,league min,-7178841.959798703,1.1664,-6154699.896946761
685326,Mccade Brown,2028,3,arb,-0.6109408721612319,10997437.500000002,780000.0,arb est (yr 1),-7498784.057788639,1.2597120000000002,-5952776.553520677
685326,Mccade Brown,2029,4,arb,-0.6109408721612319,11547309.375000002,780000.0,arb est (yr 2),-7834723.260678071,1.3604889600000003,-5758755.484997151
685326,Mccade Brown,2030,5,arb,-0.6109408721612319,12124674.843750004,780000.0,arb est (yr 3),-8187459.423711976,1.4693280768000003,-5572247.310174025
670990,Yohan Ramírez,2025,0,arb,0.7125674312384547,9500000.0,760000.0,hand,6009390.59676532,1.0,6009390.59676532
689266,Dylan Dodd,2025,0,pre-arb,1.0796428119251171,9500000.0,760000.0,league min,9496606.713288613,1.0,9496606.713288613
689266,Dylan Dodd,2026,1,arb,1.0796428119251171,9975000.0,4307774.819581217,arb est (yr 1),6461662.229371826,1.08,5983020.58275169
689266,Dylan Dodd,2027,2,arb,1.0796428119251171,10473750.0,6784745.340840417,arb est (yr 2),4523163.560560278,1.1664,3877883.711042762
689266,Dylan Dodd,2028,3,arb,1.0796428119251171,10997437.500000002,9498643.477176586,arb est (yr 3),2374660.869294146,1.2597120000000002,1885082.359534676
684974,Craig Yoho,2025,0,pre-arb,0.8372432028399297,9500000.0,760000.0,league min,7193810.426979332,1.0,7193810.426979332
684974,Craig Yoho,2026,1,pre-arb,0.8372432028399297,9975000.0,780000.0,league min,7571500.948328298,1.08,7010649.026229906
684974,Craig Yoho,2027,2,pre-arb,0.8372432028399297,10473750.0,780000.0,league min,7989075.995744714,1.1664,6849344.989493067
684974,Craig Yoho,2028,3,arb,0.8372432028399297,10997437.500000002,3683011.9182127807,arb est (yr 1),5524517.87731917,1.2597120000000002,4385540.407108267
684974,Craig Yoho,2029,4,arb,0.8372432028399297,11547309.375000002,5800743.771185129,arb est (yr 2),3867162.51412342,1.3604889600000003,2842479.8934961
684974,Craig Yoho,2030,5,arb,0.8372432028399297,12124674.843750004,8121041.279659182,arb est (yr 3),2030260.3199147957,1.4693280768000003,1381761.0593383815
674384,Eduarniel Núñez,2025,0,pre-arb,0.8647003791292651,9500000.0,760000.0,league min,7454653.601728018,1.0,7454653.601728018
674384,Eduarniel Núñez,2026,1,pre-arb,0.8647003791292651,9975000.0,780000.0,league min,7845386.281814419,1.08,7264246.557235572
674384,Eduarniel Núñez,2027,2,pre-arb,0.8647003791292651,10473750.0,780000.0,league min,8276655.59590514,1.1664,7095898.1446374655
674384,Eduarniel Núñez,2028,3,arb,0.8647003791292651,10997437.500000002,3803795.35028016,arb est (yr 1),5705693.025420239,1.2597120000000002,4529363.080942499
674384,Eduarniel Núñez,2029,4,arb,0.8647003791292651,11547309.375000002,5990977.676691251,arb est (yr 2),3993985.1177941673,1.3604889600000003,2935698.293203472
674384,Eduarniel Núñez,2030,5,arb,0.8647003791292651,12124674.843750004,8387368.747367754,arb est (yr 3),2096842.1868419377,1.4693280768000003,1427075.5591961318
682790,Wikelman González,2025,0,pre-arb,1.0387388386335237,9500000.0,760000.0,league min,9108018.967018476,1.0,9108018.967018476
682790,Wikelman González,2026,1,pre-arb,1.0387388386335237,9975000.0,780000.0,league min,9581419.9153694,1.08,8871685.106823517
682790,Wikelman González,2027,2,pre-arb,1.0387388386335237,10473750.0,780000.0,league min,10099490.911137868,1.1664,8658685.623403521
682790,Wikelman González,2028,3,arb,1.0387388386335237,10997437.500000002,4569386.182677905,arb est (yr 1),6854079.274016858,1.2597120000000002,5440989.110222699
682790,Wikelman González,2029,4,arb,1.0387388386335237,11547309.375000002,7196783.237717701,arb est (yr 2),4797855.491811801,1.3604889600000003,3526567.0158850825
682790,Wikelman González,2030,5,arb,1.0387388386335237,12124674.843750004,10075496.532804783,arb est (yr 3),2518874.133201195,1.4693280768000003,1714303.4104996924
668716,Noah Murdock,2025,0,pre-arb,-0.2430265785283968,9500000.0,760000.0,league min,-3068752.49601977,1.0,-3068752.49601977
668716,Noah Murdock,2026,1,pre-arb,-0.2430265785283968,9975000.0,780000.0,league min,-3204190.1208207584,1.08,-2966842.704463665
668716,Noah Murdock,2027,2,pre-arb,-0.2430265785283968,10473750.0,780000.0,league min,-3325399.626861796,1.1664,-2850994.1931256824
668716,Noah Murdock,2028,3,arb,-0.2430265785283968,10997437.500000002,780000.0,arb est (yr 1),-3452669.608204887,1.2597120000000002,-2740840.452583516
668716,Noah Murdock,2029,4,arb,-0.2430265785283968,11547309.375000002,780000.0,arb est (yr 2),-3586303.088615131,1.3604889600000003,-2636039.8313082457
668716,Noah Murdock,2030,5,arb,-0.2430265785283968,12124674.843750004,780000.0,arb est (yr 3),-3726618.243045888,1.4693280768000003,-2536273.757976477
673540,Kodai Senga,2025,0,pre-arb,-0.2759732861546377,9500000.0,760000.0,league min,-3381746.2184690577,1.0,-3381746.2184690577
673540,Kodai Senga,2026,1,arb,-0.2759732861546377,9975000.0,760000.0,arb est (yr 1),-3512833.5293925107,1.08,-3252623.6383263986
673540,Kodai Senga,2027,2,arb,-0.2759732861546377,10473750.0,760000.0,arb est (yr 2),-3650475.205862137,1.1664,-3129694.106534753
673540,Kodai Senga,2028,3,arb,-0.2759732861546377,10997437.500000002,760000.0,arb est (yr 3),-3794998.966155244,1.2597120000000002,-3012592.533972244
678821,Luis Peralta,2025,0,pre-arb,0.4517046403601654,9500000.0,760000.0,league min,3531194.083421571,1.0,3531194.083421571
678821,Luis Peralta,2026,1,pre-arb,0.4517046403601654,9975000.0,780000.0,league min,3725753.7875926495,1.08,3449772.025548749
678821,Luis Peralta,2027,2,arb,0.4517046403601654,10473750.0,1892416.590788913,arb est (yr 1),2838624.886183369,1.1664,2433663.311199733
678821,Luis Peralta,2028,3,arb,0.4517046403601654,10997437.500000002,2980556.130492538,arb est (yr 2),1987037.4203283591,1.2597120000000002,1577374.368370198
678821,Luis Peralta,2029,4,arb,0.4517046403601654,11547309.375000002,4172778.5826895535,arb est (yr 3),1043194.6456723884,1.3604889600000003,766779.2068466238
678906,Kai-Wei Teng,2025,0,pre-arb,-0.3141954516504837,9500000.0,760000.0,league min,-3744856.790679595,1.0,-3744856.790679595
678906,Kai-Wei Teng,2026,1,pre-arb,-0.3141954516504837,9975000.0,780000.0,league min,-3914099.630213576,1.08,-3624166.324271829
678906,Kai-Wei Teng,2027,2,arb,-0.3141954516504837,10473750.0,780000.0,arb est (yr 1),-4070804.611724254,1.1664,-3490058.8234947305
678906,Kai-Wei Teng,2028,3,arb,-0.3141954516504837,10997437.500000002,780000.0,arb est (yr 2),-4235344.842310468,1.2597120000000002,-3362153.2876645355
678906,Kai-Wei Teng,2029,4,arb,-0.3141954516504837,11547309.375000002,780000.0,arb est (yr 3),-4408112.084425991,1.3604889600000003,-3240093.9765259023
801139,Payton Tolle,2025,0,pre-arb,1.2636330410552272,9500000.0,760000.0,league min,11244513.890024658,1.0,11244513.890024658
801139,Payton Tolle,2026,1,pre-arb,1.2636330410552272,9975000.0,780000.0,league min,11824739.58452589,1.08,10948832.948635085
801139,Payton Tolle,2027,2,pre-arb,1.2636330410552272,10473750.0,780000.0,league min,12454976.563752186,1.1664,10678134.914053656
801139,Payton Tolle,2028,3,arb,1.2636330410552272,10997437.500000002,5558690.15677592,arb est (yr 1),8338035.235163879,1.2597120000000002,6619001.196435278
801139,Payton Tolle,2029,4,arb,1.2636330410552272,11547309.375000002,8754936.996922072,arb est (yr 2),5836624.664614715,1.3604889600000003,4290093.368059902
801139,Payton Tolle,2030,5,arb,1.2636330410552272,12124674.843750004,12256911.795690903,arb est (yr 3),3064227.9489227254,1.4693280768000003,2085462.053918008
669371,Cole Henry,2025,0,pre-arb,0.1139705761065611,9500000.0,760000.0,league min,322720.4730123312,1.0,322720.4730123312
669371,Cole Henry,2026,1,pre-arb,0.1139705761065611,9975000.0,780000.0,league min,356856.4966629476,1.08,330422.6820953218
669371,Cole Henry,2027,2,pre-arb,0.1139705761065611,10473750.0,780000.0,league min,413699.32149609504,1.1664,354680.48825111025
669371,Cole Henry,2028,3,arb,0.1139705761065611,10997437.500000002,780000.0,arb est (yr 1),473384.28757090005,1.2597120000000002,375787.709866144
669371,Cole Henry,2029,4,arb,0.1139705761065611,11547309.375000002,789632.1011696669,arb est (yr 2),526421.400779778,1.3604889600000003,386935.444724063
669371,Cole Henry,2030,5,arb,0.1139705761065611,12124674.843750004,1105484.941637534,arb est (yr 3),276371.23540938343,1.4693280768000003,188093.6189630861
700270,Yilber Díaz,2025,0,pre-arb,0.0625191642882366,9500000.0,760000.0,league min,-166067.93926175148,1.0,-166067.93926175148
700270,Yilber Díaz,2026,1,pre-arb,0.0625191642882366,9975000.0,780000.0,league min,-156371.3362248391,1.08,-144788.2742822584
700270,Yilber Díaz,2027,2,arb,0.0625191642882366,10473750.0,780000.0,arb est (yr 1),-125189.903036081,1.1664,-107330.1637826483
700270,Yilber Díaz,2028,3,arb,0.0625191642882366,10997437.500000002,780000.0,arb est (yr 2),-92449.39818788494,1.2597120000000002,-73389.31294445471
700270,Yilber Díaz,2029,4,arb,0.0625191642882366,11547309.375000002,780000.0,arb est (yr 3),-58071.86809727922,1.3604889600000003,-42684.5566591582
686642,Fraser Ellard,2025,0,pre-arb,-0.084527534935582,9500000.0,760000.0,league min,-1563011.5818880294,1.0,-1563011.5818880294
686642,Fraser Ellard,2026,1,pre-arb,-0.084527534935582,9975000.0,780000.0,league min,-1623162.160982431,1.08,-1502927.926835584
686642,Fraser Ellard,2027,2,arb,-0.084527534935582,10473750.0,780000.0,arb est (yr 1),-1665320.269031552,1.1664,-1427743.714876159
686642,Fraser Ellard,2028,3,arb,-0.084527534935582,10997437.500000002,780000.0,arb est (yr 2),-1709586.2824831302,1.2597120000000002,-1357124.709840924
686642,Fraser Ellard,2029,4,arb,-0.084527534935582,11547309.375000002,780000.0,arb est (yr 3),-1756065.5966072865,1.3604889600000003,-1290760.6369751696
687209,Zach Maxwell,2025,0,pre-arb,2.3213581523698217,9500000.0,760000.0,league min,21292902.447513305,1.0,21292902.447513305
687209,Zach Maxwell,2026,1,pre-arb,2.3213581523698217,9975000.0,780000.0,league min,22375547.56988897,1.08,20718099.601749048
687209,Zach Maxwell,2027,2,pre-arb,2.3213581523698217,10473750.0,780000.0,league min,23533324.94838342,1.1664,20176033.049025565
687209,Zach Maxwell,2028,3,arb,2.3213581523698217,10997437.500000002,10211596.478321038,arb est (yr 1),15317394.717481555,1.2597120000000002,12159441.775168892
687209,Zach Maxwell,2029,4,arb,2.3213581523698217,11547309.375000002,16083264.453355636,arb est (yr 2),10722176.302237092,1.3604889600000003,7881119.669090949
687209,Zach Maxwell,2030,5,arb,2.3213581523698217,12124674.843750004,22516570.234697893,arb est (yr 3),5629142.558674473,1.4693280768000003,3831099.839141433
686993,Justin Sterner,2025,0,pre-arb,0.5561956120318161,9500000.0,760000.0,league min,4523858.314302253,1.0,4523858.314302253
686993,Justin Sterner,2026,1,pre-arb,0.5561956120318161,9975000.0,780000.0,league min,4768051.230017366,1.08,4414862.250016079
686993,Justin Sterner,2027,2,arb,0.5561956120318161,10473750.0,2330181.5166072934,arb est (yr 1),3495272.2749109403,1.1664,2996632.6088056755
686993,Justin Sterner,2028,3,arb,0.5561956120318161,10997437.500000002,3670035.888656488,arb est (yr 2),2446690.592437659,1.2597120000000002,1942261.8760777533
686993,Justin Sterner,2029,4,arb,0.5561956120318161,11547309.375000002,5138050.244119084,arb est (yr 3),1284512.5610297704,1.3604889600000003,944155.0786489074
680729,Garrett Mcdaniels,2025,0,pre-arb,-0.3953127492418677,9500000.0,760000.0,league min,-4515471.117797744,1.0,-4515471.117797744
680729,Garrett Mcdaniels,2026,1,pre-arb,-0.3953127492418677,9975000.0,780000.0,league min,-4723244.673687631,1.08,-4373374.6978589175
680729,Garrett Mcdaniels,2027,2,pre-arb,-0.3953127492418677,10473750.0,780000.0,league min,-4920406.907372013,1.1664,-4218455.853371067
680729,Garrett Mcdaniels,2028,3,arb,-0.3953127492418677,10997437.500000002,780000.0,arb est (yr 1),-5127427.252740614,1.2597120000000002,-4070317.066710973
680729,Garrett Mcdaniels,2029,4,arb,-0.3953127492418677,11547309.375000002,780000.0,arb est (yr 2),-5344798.615377645,1.3604889600000003,-3928586.5394877177
680729,Garrett Mcdaniels,2030,5,arb,-0.3953127492418677,12124674.843750004,780000.0,arb est (yr 3),-5573038.546146528,1.4693280768000003,-3792916.390928742
675650,Michael Mercado,2025,0,pre-arb,1.3303293308057689,9500000.0,760000.0,league min,11878128.642654805,1.0,11878128.642654805
675650,Michael Mercado,2026,1,pre-arb,1.3303293308057689,9975000.0,780000.0,league min,12490035.074787542,1.08,11564847.291469948
675650,Michael Mercado,2027,2,arb,1.3303293308057689,10473750.0,5573414.731410768,arb est (yr 1),8360122.097116152,1.1664,7167457.216320431
675650,Michael Mercado,2028,3,arb,1.3303293308057689,10997437.500000002,8778128.201971961,arb est (yr 2),5852085.467981307,1.2597120000000002,4645574.121689169
675650,Michael Mercado,2029,4,arb,1.3303293308057689,11547309.375000002,12289379.482760746,arb est (yr 3),3072344.8706901856,1.3604889600000003,2258265.198043345
673929,Jordan Leasure,2025,0,pre-arb,1.003516099886559,9500000.0,760000.0,league min,8773402.948922312,1.0,8773402.948922312
673929,Jordan Leasure,2026,1,pre-arb,1.003516099886559,9975000.0,780000.0,league min,9230073.096368426,1.08,8546363.978118913
673929,Jordan Leasure,2027,2,arb,1.003516099886559,10473750.0,4204230.700474739,arb est (yr 1),6306346.050712109,1.1664,5406675.283532329
673929,Jordan Leasure,2028,3,arb,1.003516099886559,10997437.500000002,6621663.353247715,arb est (yr 2),4414442.235498477,1.2597120000000002,3504326.572659843
673929,Jordan Leasure,2029,4,arb,1.003516099886559,11547309.375000002,9270328.694546802,arb est (yr 3),2317582.173636701,1.3604889600000003,1703492.0839318684
664875,Justin Lawrence,2025,0,arb,-0.1014710438308418,9500000.0,975000.0,hand,-1938974.9163929971,1.0,-1938974.9163929971
664875,Justin Lawrence,2026,1,arb,-0.1014710438308418,9975000.0,975000.0,arb est (yr 2),-1987173.6622126475,1.08,-1839975.6131598584
664875,Justin Lawrence,2027,2,arb,-0.1014710438308418,10473750.0,975000.0,arb est (yr 3),-2037782.34532328,1.1664,-1747069.9119712615
664875,Justin Lawrence,2028,3,arb,-0.1014710438308418,10997437.500000002,975000.0,arb est (yr 4),-2090921.462589444,1.2597120000000002,-1659840.870444549
663321,Nick Hernandez,2025,0,pre-arb,-0.2178963346223306,9500000.0,760000.0,league min,-2830015.1789121404,1.0,-2830015.1789121404
663321,Nick Hernandez,2026,1,arb,-0.2178963346223306,9975000.0,760000.0,arb est (yr 1),-2933515.9378577475,1.08,-2716218.4609793955
663321,Nick Hernandez,2027,2,arb,-0.2178963346223306,10473750.0,760000.0,arb est (yr 2),-3042191.734750635,1.1664,-2608189.0730029447
663321,Nick Hernandez,2028,3,arb,-0.2178963346223306,10997437.500000002,760000.0,arb est (yr 3),-3156301.321488167,1.2597120000000002,-2505573.7513718745
682842,Abner Uribe,2025,0,pre-arb,0.8115728722338013,9500000.0,760000.0,league min,6949942.286221112,1.0,6949942.286221112
682842,Abner Uribe,2026,1,arb,0.8115728722338013,9975000.0,3238175.760212867,arb est (yr 1),4857263.640319301,1.08,4497466.333628982
682842,Abner Uribe,2027,2,arb,0.8115728722338013,10473750.0,5100126.822335266,arb est (yr 2),3400084.5482235104,1.1664,2915024.475500266
682842,Abner Uribe,2028,3,arb,0.8115728722338013,10997437.500000002,7140177.551269374,arb est (yr 3),1785044.3878173428,1.2597120000000002,1417025.786701518
682120,Tim Herrin,2025,0,pre-arb,-0.5855529849676792,9500000.0,760000.0,league min,-6322753.357192952,1.0,-6322753.357192952
682120,Tim Herrin,2026,1,arb,-0.5855529849676792,9975000.0,760000.0,arb est (yr 1),-6600891.0250526,1.08,-6111936.134307962
682120,Tim Herrin,2027,2,arb,-0.5855529849676792,10473750.0,760000.0,arb est (yr 2),-6892935.576305229,1.1664,-5909581.2554057175
682120,Tim Herrin,2028,3,arb,-0.5855529849676792,10997437.500000002,760000.0,arb est (yr 3),-7199582.355120492,1.2597120000000002,-5715260.595374571
695534,Chase Petty,2025,0,pre-arb,0.935534928374135,9500000.0,760000.0,league min,8127581.819554282,1.0,8127581.819554282
695534,Chase Petty,2026,1,pre-arb,0.935534928374135,9975000.0,780000.0,league min,8551960.910531996,1.08,7918482.324566662
695534,Chase Petty,2027,2,pre-arb,0.935534928374135,10473750.0,780000.0,league min,9018558.956058595,1.1664,7731960.696209359
695534,Chase Petty,2028,3,arb,0.935534928374135,10997437.500000002,4115394.7615446113,arb est (yr 1),6173092.142316917,1.2597120000000002,4900399.569359438
695534,Chase Petty,2029,4,arb,0.935534928374135,11547309.375000002,6481746.749432762,arb est (yr 2),4321164.499621841,1.3604889600000003,3176184.9060663013
695534,Chase Petty,2030,5,arb,0.935534928374135,12124674.843750004,9074445.44920587,arb est (yr 3),2268611.362301467,1.4693280768000003,1543978.77378223
621366,Ryan Borucki,2025,0,contract,0.0982827268160858,9500000.0,1150000.0,hand,-216314.09524718416,1.0,-216314.09524718416
621053,Tyler Ferguson,2025,0,pre-arb,-0.1107514188158415,9500000.0,760000.0,league min,-1812138.4787504948,1.0,-1812138.4787504948
621053,Tyler Ferguson,2026,1,pre-arb,-0.1107514188158415,9975000.0,780000.0,league min,-1884745.4026880197,1.08,-1745134.6321185364
621053,Tyler Ferguson,2027,2,arb,-0.1107514188158415,10473750.0,780000.0,arb est (yr 1),-1939982.6728224205,1.1664,-1663222.4561234743
621053,Tyler Ferguson,2028,3,arb,-0.1107514188158415,10997437.500000002,780000.0,arb est (yr 2),-1997981.8064635417,1.2597120000000002,-1586062.37494248
621053,Tyler Ferguson,2029,4,arb,-0.1107514188158415,11547309.375000002,780000.0,arb est (yr 3),-2058880.8967867189,1.3604889600000003,-1513338.9224905716
687223,Carson Palmquist,2025,0,pre-arb,0.0243013694063719,9500000.0,760000.0,league min,-529136.9906394666,1.0,-529136.9906394666
687223,Carson Palmquist,2026,1,pre-arb,0.0243013694063719,9975000.0,780000.0,league min,-537593.8401714399,1.08,-497772.0742328147
687223,Carson Palmquist,2027,2,pre-arb,0.0243013694063719,10473750.0,780000.0,league min,-525473.532180012,1.1664,-450508.85817902256
687223,Carson Palmquist,2028,3,arb,0.0243013694063719,10997437.500000002,780000.0,arb est (yr 1),-512747.20878901245,1.2597120000000002,-407035.26582981856
687223,Carson Palmquist,2029,4,arb,0.0243013694063719,11547309.375000002,780000.0,arb est (yr 2),-499384.5692284631,1.3604889600000003,-367062.5664088174
687223,Carson Palmquist,2030,5,arb,0.0243013694063719,12124674.843750004,780000.0,arb est (yr 3),-485353.7976898862,1.4693280768000003,-330323.63932425604
804636,Jonah Tong,2025,0,pre-arb,0.9316418283579336,9500000.0,760000.0,league min,8090597.369400369,1.0,8090597.369400369
804636,Jonah Tong,2026,1,pre-arb,0.9316418283579336,9975000.0,780000.0,league min,8513127.237870388,1.08,7882525.220250359
804636,Jonah Tong,2027,2,pre-arb,0.9316418283579336,10473750.0,780000.0,league min,8977783.599763907,1.1664,7697002.400346285
804636,Jonah Tong,2028,3,arb,0.9316418283579336,10997437.500000002,4098269.111900842,arb est (yr 1),6147403.667851262,1.2597120000000002,4880007.2301059775
804636,Jonah Tong,2029,4,arb,0.9316418283579336,11547309.375000002,6454773.851243826,arb est (yr 2),4303182.567495884,1.3604889600000003,3162967.649142764
804636,Jonah Tong,2030,5,arb,0.9316418283579336,12124674.843750004,9036683.391741358,arb est (yr 3),2259170.8479353394,1.4693280768000003,1537553.718333288
683004,Jack Leiter,2025,0,pre-arb,0.5773529338896449,9500000.0,760000.0,league min,4724852.871951627,1.0,4724852.871951627
683004,Jack Leiter,2026,1,pre-arb,0.5773529338896449,9975000.0,780000.0,league min,4979095.515549208,1.08,4610273.625508525
683004,Jack Leiter,2027,2,arb,0.5773529338896449,10473750.0,2418820.1165306675,arb est (yr 1),3628230.1747960006,1.1664,3110622.577842936
683004,Jack Leiter,2028,3,arb,0.5773529338896449,10997437.500000002,3809641.6835358017,arb est (yr 2),2539761.1223572013,1.2597120000000002,2016144.2634167185
683004,Jack Leiter,2029,4,arb,0.5773529338896449,11547309.375000002,5333498.356950123,arb est (yr 3),1333374.5892375307,1.3604889600000003,980070.1280497937
668390,Cole Winn,2025,0,pre-arb,0.8747755709860019,9500000.0,760000.0,league min,7550367.924367018,1.0,7550367.924367018
668390,Cole Winn,2026,1,pre-arb,0.8747755709860019,9975000.0,780000.0,league min,7945886.320585368,1.08,7357302.148690156
668390,Cole Winn,2027,2,arb,0.8747755709860019,10473750.0,3664872.254645855,arb est (yr 1),5497308.381968782,1.1664,4713055.88303222
668390,Cole Winn,2028,3,arb,0.8747755709860019,10997437.500000002,5772173.801067223,arb est (yr 2),3848115.867378148,1.2597120000000002,3054758.442706069
668390,Cole Winn,2029,4,arb,0.8747755709860019,11547309.375000002,8081043.321494112,arb est (yr 3),2020260.8303735277,1.3604889600000003,1484952.0207598945
687849,Zak Kent,2025,0,pre-arb,0.2680145980002306,9500000.0,760000.0,league min,1786138.6810021903,1.0,1786138.6810021903
687849,Zak Kent,2026,1,pre-arb,0.2680145980002306,9975000.0,780000.0,league min,1893445.6150523,1.08,1753190.384307685
687849,Zak Kent,2027,2,pre-arb,0.2680145980002306,10473750.0,780000.0,league min,2027117.895804915,1.1664,1737926.865402019
687849,Zak Kent,2028,3,arb,0.2680145980002306,10997437.500000002,1178989.5162380645,arb est (yr 1),1768484.2743570968,1.2597120000000002,1403879.8347218223
687849,Zak Kent,2029,4,arb,0.2680145980002306,11547309.375000002,1856908.488074952,arb est (yr 2),1237938.9920499676,1.3604889600000003,909922.1150974776
687849,Zak Kent,2030,5,arb,0.2680145980002306,12124674.843750004,2599671.883304933,arb est (yr 3),649917.9708262328,1.4693280768000003,442323.2503946069
805299,Brandyn Garcia,2025,0,pre-arb,0.1081830626914138,9500000.0,760000.0,league min,267739.0955684312,1.0,267739.0955684312
805299,Brandyn Garcia,2026,1,pre-arb,0.1081830626914138,9975000.0,780000.0,league min,299126.05034685275,1.08,276968.5651359747
805299,Brandyn Garcia,2027,2,pre-arb,0.1081830626914138,10473750.0,780000.0,league min,353082.35286419536,1.1664,302711.2078739672
805299,Brandyn Garcia,2028,3,arb,0.1081830626914138,10997437.500000002,780000.0,arb est (yr 1),409736.4705074055,1.2597120000000002,325262.0206105883
805299,Brandyn Garcia,2029,4,arb,0.1081830626914138,11547309.375000002,780000.0,arb est (yr 2),469223.2940327756,1.3604889600000003,344893.1287415779
805299,Brandyn Garcia,2030,5,arb,0.1081830626914138,12124674.843750004,1049347.5669875315,arb est (yr 3),262336.8917468828,1.4693280768000003,178542.08048499105
688642,Zach Agnos,2025,0,pre-arb,-0.5085750348117837,9500000.0,760000.0,league min,-5591462.830711945,1.0,-5591462.830711945
688642,Zach Agnos,2026,1,pre-arb,-0.5085750348117837,9975000.0,780000.0,league min,-5853035.972247542,1.08,-5419477.752081057
688642,Zach Agnos,2027,2,pre-arb,-0.5085750348117837,10473750.0,780000.0,league min,-6106687.77085992,1.1664,-5235500.489420369
688642,Zach Agnos,2028,3,arb,-0.5085750348117837,10997437.500000002,780000.0,arb est (yr 1),-6373022.159402916,1.2597120000000002,-5059110.462870018
688642,Zach Agnos,2029,4,arb,-0.5085750348117837,11547309.375000002,780000.0,arb est (yr 2),-6652673.267373062,1.3604889600000003,-4889913.452420121
688642,Zach Agnos,2030,5,arb,-0.5085750348117837,12124674.843750004,780000.0,arb est (yr 3),-6946306.930741716,1.4693280768000003,-4727539.778501913
666661,Juan Morillo,2025,0,pre-arb,0.9034881938146028,9500000.0,760000.0,league min,7823137.841238726,1.0,7823137.841238726
666661,Juan Morillo,2026,1,pre-arb,0.9034881938146028,9975000.0,780000.0,league min,8232294.733300662,1.08,7622495.123426538
666661,Juan Morillo,2027,2,pre-arb,0.9034881938146028,10473750.0,780000.0,league min,8682909.469965694,1.1664,7444195.36176757
666661,Juan Morillo,2028,3,arb,0.9034881938146028,10997437.500000002,3974421.9773855926,arb est (yr 1),5961632.9660783885,1.2597120000000002,4732536.457601728
666661,Juan Morillo,2029,4,arb,0.9034881938146028,11547309.375000002,6259714.614382308,arb est (yr 2),4173143.0762548726,1.3604889600000003,3067384.741038157
666661,Juan Morillo,2030,5,arb,0.9034881938146028,12124674.843750004,8763600.460135233,arb est (yr 3),2190900.1150338072,1.4693280768000003,1491089.8046713255
687377,Orlando Ribalta,2025,0,pre-arb,0.742227683780787,9500000.0,760000.0,league min,6291162.995917476,1.0,6291162.995917476
687377,Orlando Ribalta,2026,1,pre-arb,0.742227683780787,9975000.0,780000.0,league min,6623721.14571335,1.08,6133075.134919768
687377,Orlando Ribalta,2027,2,arb,0.742227683780787,10473750.0,3109562.881199607,arb est (yr 1),4664344.3217994105,1.1664,3998923.458332828
687377,Orlando Ribalta,2028,3,arb,0.742227683780787,10997437.500000002,4897561.537889382,arb est (yr 2),3265041.025259588,1.2597120000000002,2591894.8341046106
687377,Orlando Ribalta,2029,4,arb,0.742227683780787,11547309.375000002,6856586.153045135,arb est (yr 3),1714146.5382612832,1.3604889600000003,1259948.8776897409
801403,Chase Dollander,2025,0,pre-arb,0.426552587433967,9500000.0,760000.0,league min,3292249.5806226865,1.0,3292249.5806226865
801403,Chase Dollander,2026,1,pre-arb,0.426552587433967,9975000.0,780000.0,league min,3474862.0596538214,1.08,3217464.8700498343
801403,Chase Dollander,2027,2,pre-arb,0.426552587433967,10473750.0,780000.0,league min,3687605.162636512,1.1664,3161527.0598735525
801403,Chase Dollander,2028,3,arb,0.426552587433967,10997437.500000002,1876394.1683073356,arb est (yr 1),2814591.252461003,1.2597120000000002,2234313.281496884
801403,Chase Dollander,2029,4,arb,0.426552587433967,11547309.375000002,2955320.8150840527,arb est (yr 2),1970213.8767227023,1.3604889600000003,1448166.0157850173
801403,Chase Dollander,2030,5,arb,0.426552587433967,12124674.843750004,4137449.141117675,arb est (yr 3),1034362.2852794183,1.4693280768000003,703969.5910066053
664294,Dauri Moreta,2025,0,pre-arb,0.6094268390911359,9500000.0,785000.0,hand,5004554.971365792,1.0,5004554.971365792
664294,Dauri Moreta,2026,1,arb,0.6094268390911359,9975000.0,2431613.0879736324,arb est (yr 1),3647419.631960448,1.08,3377240.399963378
664294,Dauri Moreta,2027,2,arb,0.6094268390911359,10473750.0,3829790.613558471,arb est (yr 2),2553193.742372314,1.1664,2188952.1110873744
664294,Dauri Moreta,2028,3,arb,0.6094268390911359,10997437.500000002,5361706.858981861,arb est (yr 3),1340426.7147454647,1.2597120000000002,1064073.9428896958
681293,Spencer Arrighetti,2025,0,pre-arb,0.5070029779185433,9500000.0,760000.0,league min,4056528.2902261615,1.0,4056528.2902261615
681293,Spencer Arrighetti,2026,1,pre-arb,0.5070029779185433,9975000.0,780000.0,league min,4277354.70473747,1.08,3960513.6154976566
681293,Spencer Arrighetti,2027,2,arb,0.5070029779185433,10473750.0,2124088.975989737,arb est (yr 1),3186133.463984606,1.1664,2731595.905336596
681293,Spencer Arrighetti,2028,3,arb,0.5070029779185433,10997437.500000002,3345440.1371838367,arb est (yr 2),2230293.4247892248,1.2597120000000002,1770478.8275329794
681293,Spencer Arrighetti,2029,4,arb,0.5070029779185433,11547309.375000002,4683616.192057371,arb est (yr 3),1170904.0480143428,1.3604889600000003,860649.4300507536
691441,Cristian Mena,2025,0,pre-arb,1.776248104558116,9500000.0,760000.0,league min,16114356.993302103,1.0,16114356.993302103
691441,Cristian Mena,2026,1,pre-arb,1.776248104558116,9975000.0,780000.0,league min,16938074.84296721,1.08,15683402.632377043
691441,Cristian Mena,2027,2,arb,1.776248104558116,10473750.0,7441591.4340462275,arb est (yr 1),11162387.15106934,1.1664,9569947.83184957
691441,Cristian Mena,2028,3,arb,1.776248104558116,10997437.500000002,11720506.50862281,arb est (yr 2),7813671.00574854,1.2597120000000002,6202743.965087686
691441,Cristian Mena,2029,4,arb,1.776248104558116,11547309.375000002,16408709.112071935,arb est (yr 3),4102177.278017983,1.3604889600000003,3015222.760806513
687863,Porter Hodge,2025,0,pre-arb,0.9564787590042484,9500000.0,760000.0,league min,8326548.21054036,1.0,8326548.21054036
687863,Porter Hodge,2026,1,pre-arb,0.9564787590042484,9975000.0,780000.0,league min,8760875.621067379,1.08,8111921.871358683
687863,Porter Hodge,2027,2,arb,0.9564787590042484,10473750.0,4007167.7608483,arb est (yr 1),6010751.641272449,1.1664,5153250.721255529
687863,Porter Hodge,2028,3,arb,0.9564787590042484,10997437.500000002,6311289.223336073,arb est (yr 2),4207526.148890715,1.2597120000000002,3340069.91192488
687863,Porter Hodge,2029,4,arb,0.9564787590042484,11547309.375000002,8835804.9126705,arb est (yr 3),2208951.228167625,1.3604889600000003,1623645.0960745942
669684,Chris Murphy,2025,0,pre-arb,-0.0898522441511856,9500000.0,760000.0,league min,-1613596.3194362633,1.0,-1613596.3194362633
669684,Chris Murphy,2026,1,arb,-0.0898522441511856,9975000.0,760000.0,arb est (yr 1),-1656276.1354080765,1.08,-1533589.0142667373
669684,Chris Murphy,2027,2,arb,-0.0898522441511856,10473750.0,760000.0,arb est (yr 2),-1701089.9421784803,1.1664,-1458410.4442545269
669684,Chris Murphy,2028,3,arb,-0.0898522441511856,10997437.500000002,760000.0,arb est (yr 3),-1748144.4392874043,1.2597120000000002,-1387733.4178664682
674444,Steven Cruz,2025,0,pre-arb,0.1388522813568206,9500000.0,760000.0,league min,559096.6728897956,1.0,559096.6728897956
674444,Steven Cruz,2026,1,arb,0.1388522813568206,9975000.0,760000.0,arb est (yr 1),625051.5065342854,1.08,578751.3949391531
674444,Steven Cruz,2027,2,arb,0.1388522813568206,10473750.0,872582.4491165999,arb est (yr 2),581721.6327444,1.1664,498732.538361111
674444,Steven Cruz,2028,3,arb,0.1388522813568206,10997437.500000002,1221615.42876324,arb est (yr 3),305403.8571908099,1.2597120000000002,242439.42836998447
641585,J. P. France,2025,0,pre-arb,1.115316431893739,9500000.0,760000.0,league min,9835506.10299052,1.0,9835506.10299052
641585,J. P. France,2026,1,arb,1.115316431893739,9975000.0,4450112.563256019,arb est (yr 1),6675168.844884028,1.08,6180711.893411136
641585,J. P. France,2027,2,arb,1.115316431893739,10473750.0,7008927.287128229,arb est (yr 2),4672618.191418819,1.1664,4006016.967951662
641585,J. P. France,2028,3,arb,1.115316431893739,10997437.500000002,9812498.201979524,arb est (yr 3),2453124.5504948795,1.2597120000000002,1947369.3594209463
682610,Roddery Muñoz,2025,0,pre-arb,0.8162497960216937,9500000.0,760000.0,league min,6994373.0622060895,1.0,6994373.0622060895
682610,Roddery Muñoz,2026,1,pre-arb,0.8162497960216937,9975000.0,780000.0,league min,7362091.715316394,1.08,6816751.58825592
682610,Roddery Muñoz,2027,2,arb,0.8162497960216937,10473750.0,3419678.5204328857,arb est (yr 1),5129517.780649329,1.1664,4397734.722778916
682610,Roddery Muñoz,2028,3,arb,0.8162497960216937,10997437.500000002,5385993.669681795,arb est (yr 2),3590662.4464545306,1.2597120000000002,2850383.616615965
682610,Roddery Muñoz,2029,4,arb,0.8162497960216937,11547309.375000002,7540391.137554515,arb est (yr 3),1885097.784388628,1.3604889600000003,1385603.1469660932
694350,Zach Brzykcy,2025,0,pre-arb,0.5488758821069737,9500000.0,760000.0,league min,4454320.88001625,1.0,4454320.88001625
694350,Zach Brzykcy,2026,1,pre-arb,0.5488758821069737,9975000.0,780000.0,league min,4695036.924017062,1.08,4347256.41112691
694350,Zach Brzykcy,2027,2,arb,0.5488758821069737,10473750.0,2299515.5080871666,arb est (yr 1),3449273.2621307494,1.1664,2957195.86945366
694350,Zach Brzykcy,2028,3,arb,0.5488758821069737,10997437.500000002,3621736.9252372873,arb est (yr 2),2414491.2834915253,1.2597120000000002,1916701.026497743
694350,Zach Brzykcy,2029,4,arb,0.5488758821069737,11547309.375000002,5070431.695332203,arb est (yr 3),1267607.9238330498,1.3604889600000003,931729.6656586244
683618,Edgardo Henriquez,2025,0,pre-arb,0.978324777374247,9500000.0,760000.0,league min,8534085.385055346,1.0,8534085.385055346
683618,Edgardo Henriquez,2026,1,pre-arb,0.978324777374247,9975000.0,780000.0,league min,8978789.654308114,1.08,8313694.124359365
683618,Edgardo Henriquez,2027,2,arb,0.978324777374247,10473750.0,4098691.654809408,arb est (yr 1),6148037.482214112,1.1664,5270951.202172592
683618,Edgardo Henriquez,2028,3,arb,0.978324777374247,10997437.500000002,6455439.356324818,arb est (yr 2),4303626.237549879,1.2597120000000002,3416357.260667421
683618,Edgardo Henriquez,2029,4,arb,0.978324777374247,11547309.375000002,9037615.098854745,arb est (yr 3),2259403.7747136857,1.3604889600000003,1660729.2239355512
680767,Victor Vodnik,2025,0,pre-arb,0.9716873506838476,9500000.0,760000.0,league min,8471029.831496553,1.0,8471029.831496553
680767,Victor Vodnik,2026,1,arb,0.9716873506838476,9975000.0,3877032.5292285527,arb est (yr 1),5815548.793842828,1.08,5384767.401706322
680767,Victor Vodnik,2027,2,arb,0.9716873506838476,10473750.0,6106326.23353497,arb est (yr 2),4070884.15568998,1.1664,3490127.019624468
680767,Victor Vodnik,2028,3,arb,0.9716873506838476,10997437.500000002,8548856.72694896,arb est (yr 3),2137214.1817372385,1.2597120000000002,1696589.52342856
693313,Carson Seymour,2025,0,pre-arb,0.5295201627462551,9500000.0,760000.0,league min,4270441.546089424,1.0,4270441.546089424
693313,Carson Seymour,2026,1,pre-arb,0.5295201627462551,9975000.0,780000.0,league min,4501963.623393895,1.08,4168484.8364758287
693313,Carson Seymour,2027,2,pre-arb,0.5295201627462551,10473750.0,780000.0,league min,4766061.804563589,1.1664,4086129.805009936
693313,Carson Seymour,2028,3,arb,0.5295201627462551,10997437.500000002,2329345.957916708,arb est (yr 1),3494018.9368750616,1.2597120000000002,2773664.8828264405
693313,Carson Seymour,2029,4,arb,0.5295201627462551,11547309.375000002,3668719.883718815,arb est (yr 2),2445813.2558125434,1.3604889600000003,1797745.757387508
693313,Carson Seymour,2030,5,arb,0.5295201627462551,12124674.843750004,5136207.837206342,arb est (yr 3),1284051.959301585,1.4693280768000003,873904.1876189273
671737,Taj Bradley,2025,0,pre-arb,0.6988565053249265,9500000.0,760000.0,league min,5879136.800586802,1.0,5879136.800586802
671737,Taj Bradley,2026,1,arb,0.6988565053249265,9975000.0,2788437.456246457,arb est (yr 1),4182656.184369685,1.08,3872829.800342301
671737,Taj Bradley,2027,2,arb,0.6988565053249265,10473750.0,4391788.993588169,arb est (yr 2),2927859.3290587794,1.1664,2510167.463184824
671737,Taj Bradley,2028,3,arb,0.6988565053249265,10997437.500000002,6148504.591023439,arb est (yr 3),1537126.1477558594,1.2597120000000002,1220220.2946037345
690382,Michael Darrell-Hicks,2025,0,pre-arb,-0.0455778381672401,9500000.0,760000.0,hand,-1192989.4625887813,1.0,-1192989.4625887813
690382,Michael Darrell-Hicks,2026,1,pre-arb,-0.0455778381672401,9975000.0,780000.0,league min,-1234638.9357182204,1.08,-1143184.199739093
690382,Michael Darrell-Hicks,2027,2,pre-arb,-0.0455778381672401,10473750.0,780000.0,league min,-1257370.8825041314,1.1664,-1077992.869087904
690382,Michael Darrell-Hicks,2028,3,arb,-0.0455778381672401,10997437.500000002,780000.0,arb est (yr 1),-1281239.426629338,1.2597120000000002,-1017089.1653245644
690382,Michael Darrell-Hicks,2029,4,arb,-0.0455778381672401,11547309.375000002,780000.0,arb est (yr 2),-1306301.3979608049,1.3604889600000003,-960170.5242509316
690382,Michael Darrell-Hicks,2030,5,arb,-0.0455778381672401,12124674.843750004,780000.0,arb est (yr 3),-1332616.4678588454,1.4693280768000003,-906956.3761152003
672782,Yoendrys Gómez,2025,0,pre-arb,-0.0570078886299748,9500000.0,760000.0,league min,-1301574.9419847615,1.0,-1301574.9419847615
672782,Yoendrys Gómez,2026,1,arb,-0.0570078886299748,9975000.0,760000.0,arb est (yr 1),-1328653.6890839995,1.08,-1230234.8972999994
672782,Yoendrys Gómez,2027,2,arb,-0.0570078886299748,10473750.0,760000.0,arb est (yr 2),-1357086.373538199,1.1664,-1163482.830536865
672782,Yoendrys Gómez,2028,3,arb,-0.0570078886299748,10997437.500000002,760000.0,arb est (yr 3),-1386940.6922151097,1.2597120000000002,-1100998.2378631856
691799,Grant Taylor,2025,0,pre-arb,3.259257738888385,9500000.0,760000.0,league min,30202948.519439656,1.0,30202948.519439656
691799,Grant Taylor,2026,1,pre-arb,3.259257738888385,9975000.0,780000.0,league min,31731095.94541164,1.08,29380644.393899664
691799,Grant Taylor,2027,2,pre-arb,3.259257738888385,10473750.0,780000.0,league min,33356650.742682222,1.1664,28597951.59694978
691799,Grant Taylor,2028,3,arb,3.259257738888385,10997437.500000002,14337393.311926536,arb est (yr 1),21506089.9678898,1.2597120000000002,17072227.59479135
691799,Grant Taylor,2029,4,arb,3.259257738888385,11547309.375000002,22581394.466284294,arb est (yr 2),15054262.97752286,1.3604889600000003,11065332.700327724
691799,Grant Taylor,2030,5,arb,3.259257738888385,12124674.843750004,31613952.252798017,arb est (yr 3),7903488.063199501,1.4693280768000003,5378981.17377042
693645,Cam Schlittler,2025,0,pre-arb,1.0794710011983155,9500000.0,760000.0,league min,9494974.511384,1.0,9494974.511384
693645,Cam Schlittler,2026,1,pre-arb,1.0794710011983155,9975000.0,780000.0,league min,9987723.2369532,1.08,9247891.886067776
693645,Cam Schlittler,2027,2,pre-arb,1.0794710011983155,10473750.0,780000.0,league min,10526109.39880086,1.1664,9024442.214335442
693645,Cam Schlittler,2028,3,arb,1.0794710011983155,10997437.500000002,4748565.947496362,arb est (yr 1),7122848.921244543,1.2597120000000002,5654347.121599653
693645,Cam Schlittler,2029,4,arb,1.0794710011983155,11547309.375000002,7478991.36730677,arb est (yr 2),4985994.24487118,1.3604889600000003,3664854.615851626
693645,Cam Schlittler,2030,5,arb,1.0794710011983155,12124674.843750004,10470587.91422948,arb est (yr 3),2617646.9785573687,1.4693280768000003,1781526.5493723175
663432,Tanner Rainey,2025,0,contract,0.3163357145412104,9500000.0,237634.0,hand,2767555.288141499,1.0,2767555.288141499
678020,Seth Halvorsen,2025,0,pre-arb,0.1422593752974875,9500000.0,760000.0,league min,591464.0653261312,1.0,591464.0653261312
678020,Seth Halvorsen,2026,1,pre-arb,0.1422593752974875,9975000.0,780000.0,league min,639037.2685924377,1.08,591701.1746226274
678020,Seth Halvorsen,2027,2,arb,0.1422593752974875,10473750.0,780000.0,arb est (yr 1),709989.1320220598,1.1664,608701.2448748797
678020,Seth Halvorsen,2028,3,arb,0.1422593752974875,10997437.500000002,938693.1531738978,arb est (yr 2),625795.4354492653,1.2597120000000002,496776.5929428832
678020,Seth Halvorsen,2029,4,arb,0.1422593752974875,11547309.375000002,1314170.414443457,arb est (yr 3),328542.60361086414,1.3604889600000003,241488.62156945697
682052,Jacob Lopez,2025,0,pre-arb,-0.2741661339029713,9500000.0,760000.0,league min,-3364578.272078228,1.0,-3364578.272078228
682052,Jacob Lopez,2026,1,arb,-0.2741661339029713,9975000.0,760000.0,arb est (yr 1),-3494807.18568214,1.08,-3235932.579335314
682052,Jacob Lopez,2027,2,arb,-0.2741661339029713,10473750.0,760000.0,arb est (yr 2),-3631547.544966246,1.1664,-3113466.6880711983
682052,Jacob Lopez,2028,3,arb,-0.2741661339029713,10997437.500000002,760000.0,arb est (yr 3),-3775124.922214559,1.2597120000000002,-2996815.8771326765
690544,Bailey Horn,2025,0,pre-arb,0.7120627219979723,9500000.0,760000.0,league min,6004595.858980737,1.0,6004595.858980737
690544,Bailey Horn,2026,1,pre-arb,0.7120627219979723,9975000.0,780000.0,league min,6322825.651929773,1.08,5854468.196231271
690544,Bailey Horn,2027,2,arb,0.7120627219979723,10473750.0,2983186.773810505,arb est (yr 1),4474780.160715757,1.1664,3836402.744097871
690544,Bailey Horn,2028,3,arb,0.7120627219979723,10997437.500000002,4698519.168751545,arb est (yr 2),3132346.112501031,1.2597120000000002,2486557.3341375096
690544,Bailey Horn,2029,4,arb,0.7120627219979723,11547309.375000002,6577926.836252164,arb est (yr 3),1644481.709063041,1.3604889600000003,1208743.148539067
671212,Joe Boyle,2025,0,pre-arb,0.5126085578729263,9500000.0,760000.0,league min,4109781.299792799,1.0,4109781.299792799
671212,Joe Boyle,2026,1,arb,0.5126085578729263,9975000.0,2045308.145912976,arb est (yr 1),3067962.2188694635,1.08,2840705.7582124663
671212,Joe Boyle,2027,2,arb,0.5126085578729263,10473750.0,3221360.329812937,arb est (yr 2),2147573.5532086245,1.1664,1841198.176619191
671212,Joe Boyle,2028,3,arb,0.5126085578729263,10997437.500000002,4509904.461738112,arb est (yr 3),1127476.1154345283,1.2597120000000002,895026.891412107
674285,Eduardo Salazar,2025,0,pre-arb,0.3022709196974965,9500000.0,760000.0,league min,2111573.737126217,1.0,2111573.737126217
674285,Eduardo Salazar,2026,1,arb,0.3022709196974965,9975000.0,1206060.9695930113,arb est (yr 1),1809091.4543895167,1.08,1675084.6799902932
674285,Eduardo Salazar,2027,2,arb,0.3022709196974965,10473750.0,1899546.0271089924,arb est (yr 2),1266364.018072662,1.1664,1085703.033327042
674285,Eduardo Salazar,2028,3,arb,0.3022709196974965,10997437.500000002,2659364.43795259,arb est (yr 3),664841.1094881473,1.2597120000000002,527772.3078673119
676254,Ryan Walker,2025,0,pre-arb,0.7051246123418731,9500000.0,760000.0,league min,5938683.817247794,1.0,5938683.817247794
676254,Ryan Walker,2026,1,arb,0.7051246123418731,9975000.0,2813447.203244074,arb est (yr 1),4220170.804866111,1.08,3907565.5600612136
676254,Ryan Walker,2027,2,arb,0.7051246123418731,10473750.0,4431179.345109415,arb est (yr 2),2954119.563406277,1.1664,2532681.3815211565
676254,Ryan Walker,2028,3,arb,0.7051246123418731,10997437.500000002,6203651.083153184,arb est (yr 3),1550912.7707882952,1.2597120000000002,1231164.560461673
668909,Gavin Williams,2025,0,pre-arb,0.7578529261647958,9500000.0,760000.0,league min,6439602.79856556,1.0,6439602.79856556
668909,Gavin Williams,2026,1,arb,0.7578529261647958,9975000.0,3023833.175397536,arb est (yr 1),4535749.763096303,1.08,4199768.299163243
668909,Gavin Williams,2027,2,arb,0.7578529261647958,10473750.0,4762537.251251118,arb est (yr 2),3175024.8341674125,1.1664,2722072.0457539544
668909,Gavin Williams,2028,3,arb,0.7578529261647958,10997437.500000002,6667552.151751567,arb est (yr 3),1666888.0379378917,1.2597120000000002,1323229.46668595
691951,Sam Aldegheri,2025,0,pre-arb,-0.911718346653376,9500000.0,760000.0,league min,-9421324.293207072,1.0,-9421324.293207072
691951,Sam Aldegheri,2026,1,pre-arb,-0.911718346653376,9975000.0,780000.0,league min,-9874390.507867426,1.08,-9142954.17395132
691951,Sam Aldegheri,2027,2,arb,-0.911718346653376,10473750.0,780000.0,arb est (yr 1),-10329110.033260796,1.1664,-8855547.010683123
691951,Sam Aldegheri,2028,3,arb,-0.911718346653376,10997437.500000002,780000.0,arb est (yr 2),-10806565.534923838,1.2597120000000002,-8578600.136319919
691951,Sam Aldegheri,2029,4,arb,-0.911718346653376,11547309.375000002,780000.0,arb est (yr 3),-11307893.81167003,1.3604889600000003,-8311639.523829746
676395,Robert Garcia,2025,0,pre-arb,1.6802055577367752,9500000.0,760000.0,league min,15201952.798499364,1.0,15201952.798499364
676395,Robert Garcia,2026,1,arb,1.6802055577367752,9975000.0,6704020.175369733,arb est (yr 1),10056030.263054598,1.08,9311139.13245796
676395,Robert Garcia,2027,2,arb,1.6802055577367752,10473750.0,10558831.776207328,arb est (yr 2),7039221.18413822,1.1664,6034997.585852383
676395,Robert Garcia,2028,3,arb,1.6802055577367752,10997437.500000002,14782364.486690266,arb est (yr 3),3695591.121672565,1.2597120000000002,2933679.3820115747
691587,Eury Pérez,2025,0,pre-arb,1.6647515524421066,9500000.0,760000.0,league min,15055139.748200012,1.0,15055139.748200012
691587,Eury Pérez,2026,1,arb,1.6647515524421066,9975000.0,6642358.694244006,arb est (yr 1),9963538.041366007,1.08,9225498.186450006
691587,Eury Pérez,2027,2,arb,1.6647515524421066,10473750.0,10461714.94343431,arb est (yr 2),6974476.628956206,1.1664,5979489.565291671
691587,Eury Pérez,2028,3,arb,1.6647515524421066,10997437.500000002,14646400.920808036,arb est (yr 3),3661600.230202008,1.2597120000000002,2906696.3164612288
678495,Randy Rodríguez,2025,0,pre-arb,2.3166718768840315,9500000.0,760000.0,league min,21248382.8303983,1.0,21248382.8303983
678495,Randy Rodríguez,2026,1,pre-arb,2.3166718768840315,9975000.0,780000.0,league min,22328801.97191821,1.08,20674816.640665013
678495,Randy Rodríguez,2027,2,arb,2.3166718768840315,10473750.0,9705696.82820565,arb est (yr 1),14558545.242308471,1.1664,12481606.003350886
678495,Randy Rodríguez,2028,3,arb,2.3166718768840315,10997437.500000002,15286472.5044239,arb est (yr 2),10190981.669615936,1.2597120000000002,8089929.816986687
678495,Randy Rodríguez,2029,4,arb,2.3166718768840315,11547309.375000002,21401061.506193463,arb est (yr 3),5350265.376548365,1.3604889600000003,3932604.772146305
687075,Brandon Sproat,2025,0,pre-arb,-0.1702275102116149,9500000.0,760000.0,league min,-2377161.347010341,1.0,-2377161.347010341
687075,Brandon Sproat,2026,1,pre-arb,-0.1702275102116149,9975000.0,780000.0,league min,-2478019.4143608585,1.08,-2294462.4207044984
687075,Brandon Sproat,2027,2,pre-arb,-0.1702275102116149,10473750.0,780000.0,league min,-2562920.3850789014,1.1664,-2197291.139470937
687075,Brandon Sproat,2028,3,arb,-0.1702275102116149,10997437.500000002,780000.0,arb est (yr 1),-2652066.404332847,1.2597120000000002,-2105295.817085847
687075,Brandon Sproat,2029,4,arb,-0.1702275102116149,11547309.375000002,780000.0,arb est (yr 2),-2745669.724549489,1.3604889600000003,-2018149.2134632892
687075,Brandon Sproat,2030,5,arb,-0.1702275102116149,12124674.843750004,780000.0,arb est (yr 3),-2843953.210776964,1.4693280768000003,-1935546.7684049928
820862,José Fermin,2025,0,pre-arb,1.8614611026739512,9500000.0,760000.0,league min,16923880.475402538,1.0,16923880.475402538
820862,José Fermin,2026,1,pre-arb,1.8614611026739512,9975000.0,780000.0,league min,17788074.49917266,1.08,16470439.351085795
820862,José Fermin,2027,2,pre-arb,1.8614611026739512,10473750.0,780000.0,league min,18716478.224131297,1.1664,16046363.36088074
820862,José Fermin,2028,3,arb,1.8614611026739512,10997437.500000002,8188520.854135145,arb est (yr 1),12282781.28120272,1.2597120000000002,9750467.790417744
820862,José Fermin,2029,4,arb,1.8614611026739512,11547309.375000002,12896920.345262852,arb est (yr 2),8597946.896841904,1.3604889600000003,6319747.641937427
820862,José Fermin,2030,5,arb,1.8614611026739512,12124674.843750004,18055688.483368,arb est (yr 3),4513922.120841999,1.4693280768000003,3072099.548164026
680880,Grant Holman,2025,0,pre-arb,0.7152774324632819,9500000.0,760000.0,league min,6035135.608401178,1.0,6035135.608401178
680880,Grant Holman,2026,1,pre-arb,0.7152774324632819,9975000.0,780000.0,league min,6354892.388821237,1.08,5884159.619278923
680880,Grant Holman,2027,2,arb,0.7152774324632819,10473750.0,2996654.80330492,arb est (yr 1),4494982.204957379,1.1664,3853722.7408756674
680880,Grant Holman,2028,3,arb,0.7152774324632819,10997437.500000002,4719731.315205249,arb est (yr 2),3146487.5434701657,1.2597120000000002,2497783.2579749697
680880,Grant Holman,2029,4,arb,0.7152774324632819,11547309.375000002,6607623.841287348,arb est (yr 3),1651905.960321837,1.3604889600000003,1214200.1948489435
681432,Luke Little,2025,0,pre-arb,1.285118936575987,9500000.0,760000.0,league min,11448629.897471877,1.0,11448629.897471877
681432,Luke Little,2026,1,arb,1.285118936575987,9975000.0,5127624.556938188,arb est (yr 1),7691436.835407281,1.08,7121700.77352526
681432,Luke Little,2027,2,arb,1.285118936575987,10473750.0,8076008.677177645,arb est (yr 2),5384005.784785097,1.1664,4615917.168025631
681432,Luke Little,2028,3,arb,1.285118936575987,10997437.500000002,11306412.148048706,arb est (yr 3),2826603.0370121766,1.2597120000000002,2243848.6233457937
685801,Hunter Bigge,2025,0,pre-arb,1.2038510763240482,9500000.0,760000.0,league min,10676585.225078458,1.0,10676585.225078458
685801,Hunter Bigge,2026,1,pre-arb,1.2038510763240482,9975000.0,780000.0,league min,11228414.48633238,1.08,10396680.07993739
685801,Hunter Bigge,2027,2,arb,1.2038510763240482,10473750.0,5043534.0842596,arb est (yr 1),7565301.1263894,1.1664,6486026.34292644
685801,Hunter Bigge,2028,3,arb,1.2038510763240482,10997437.500000002,7943566.182708871,arb est (yr 2),5295710.788472582,1.2597120000000002,4203905.963007879
685801,Hunter Bigge,2029,4,arb,1.2038510763240482,11547309.375000002,11120992.65579242,arb est (yr 3),2780248.163948104,1.3604889600000003,2043565.398684384
700363,Aj Smith-Shawver,2025,0,pre-arb,0.6197817501431858,9500000.0,760000.0,league min,5127926.626360266,1.0,5127926.626360266
700363,Aj Smith-Shawver,2026,1,arb,0.6197817501431858,9975000.0,2472929.183071312,arb est (yr 1),3709393.7746069673,1.08,3434623.8653768213
700363,Aj Smith-Shawver,2027,2,arb,0.6197817501431858,10473750.0,3894863.4633373152,arb est (yr 2),2596575.642224877,1.1664,2226145.0979294213
700363,Aj Smith-Shawver,2028,3,arb,0.6197817501431858,10997437.500000002,5452808.848672243,arb est (yr 3),1363202.2121680602,1.2597120000000002,1082153.867049024
678022,Jack Perkins,2025,0,pre-arb,0.9555634217655276,9500000.0,760000.0,league min,8317852.506772513,1.0,8317852.506772513
678022,Jack Perkins,2026,1,pre-arb,0.9555634217655276,9975000.0,780000.0,league min,8751745.132111138,1.08,8103467.714917719
678022,Jack Perkins,2027,2,pre-arb,0.9555634217655276,10473750.0,780000.0,league min,9228332.388716696,1.1664,7911807.603495109
678022,Jack Perkins,2028,3,arb,0.9555634217655276,10997437.500000002,4203499.603261013,arb est (yr 1),6305249.404891519,1.2597120000000002,5005310.265276125
678022,Jack Perkins,2029,4,arb,0.9555634217655276,11547309.375000002,6620511.875136094,arb est (yr 2),4413674.583424063,1.3604889600000003,3244182.5793456365
678022,Jack Perkins,2030,5,arb,0.9555634217655276,12124674.843750004,9268716.625190534,arb est (yr 3),2317179.1562976334,1.4693280768000003,1577033.1982930177
677958,Kumar Rocker,2025,0,pre-arb,0.1682196226924499,9500000.0,760000.0,league min,838086.4155782745,1.0,838086.4155782745
677958,Kumar Rocker,2026,1,pre-arb,0.1682196226924499,9975000.0,780000.0,league min,897990.7363571881,1.08,831472.9040344333
677958,Kumar Rocker,2027,2,arb,0.1682196226924499,10473750.0,780000.0,arb est (yr 1),981890.2731750476,1.1664,841812.648469691
677958,Kumar Rocker,2028,3,arb,0.1682196226924499,10997437.500000002,1109990.87210028,arb est (yr 2),739993.9147335202,1.2597120000000002,587431.0276741986
677958,Kumar Rocker,2029,4,arb,0.1682196226924499,11547309.375000002,1553987.2209403925,arb est (yr 3),388496.8052350979,1.3604889600000003,285556.7495638464
666277,George Soriano,2025,0,pre-arb,0.9753206117528824,9500000.0,760000.0,league min,8505545.811652383,1.0,8505545.811652383
666277,George Soriano,2026,1,arb,0.9753206117528824,9975000.0,3891529.240894001,arb est (yr 1),5837293.861341,1.08,5404901.723463888
666277,George Soriano,2027,2,arb,0.9753206117528824,10473750.0,6129158.55440805,arb est (yr 2),4086105.702938701,1.1664,3503177.0429858547
666277,George Soriano,2028,3,arb,0.9753206117528824,10997437.500000002,8580821.976171274,arb est (yr 3),2145205.494042817,1.2597120000000002,1702933.28478479
677955,Jaden Hill,2025,0,pre-arb,0.2924719873009248,9500000.0,760000.0,league min,2018483.8793587848,1.0,2018483.8793587848
677955,Jaden Hill,2026,1,pre-arb,0.2924719873009248,9975000.0,780000.0,league min,2137408.0733267246,1.08,1979081.5493765967
677955,Jaden Hill,2027,2,arb,0.2924719873009248,10473750.0,1225311.3907972244,arb est (yr 1),1837967.0861958363,1.1664,1575760.533432644
677955,Jaden Hill,2028,3,arb,0.2924719873009248,10997437.500000002,1929865.4405056287,arb est (yr 2),1286576.960337086,1.2597120000000002,1021326.2716693068
677955,Jaden Hill,2029,4,arb,0.2924719873009248,11547309.375000002,2701811.61670788,arb est (yr 3),675452.90417697,1.3604889600000003,496478.0487281351
681168,Luis Curvelo,2025,0,pre-arb,0.3066849888436263,9500000.0,760000.0,league min,2153507.3940144503,1.0,2153507.3940144503
681168,Luis Curvelo,2026,1,pre-arb,0.3066849888436263,9975000.0,780000.0,league min,2279182.7637151727,1.08,2110354.410847382
681168,Luis Curvelo,2027,2,pre-arb,0.3066849888436263,10473750.0,780000.0,league min,2432141.9019009317,1.1664,2085169.66898228
681168,Luis Curvelo,2028,3,arb,0.3066849888436263,10997437.500000002,1349099.5987983914,arb est (yr 1),2023649.398197587,1.2597120000000002,1606438.136810308
681168,Luis Curvelo,2029,4,arb,0.3066849888436263,11547309.375000002,2124831.8681074665,arb est (yr 2),1416554.5787383108,1.3604889600000003,1041209.9034881624
681168,Luis Curvelo,2030,5,arb,0.3066849888436263,12124674.843750004,2974764.615350453,arb est (yr 3),743691.1538376133,1.4693280768000003,506143.7030845234
702674,Caden Dana,2025,0,pre-arb,-0.1475289174523932,9500000.0,760000.0,league min,-2161524.7157977354,1.0,-2161524.7157977354
702674,Caden Dana,2026,1,pre-arb,-0.1475289174523932,9975000.0,780000.0,league min,-2251600.951587622,1.08,-2084815.6959144648
702674,Caden Dana,2027,2,arb,-0.1475289174523932,10473750.0,780000.0,arb est (yr 1),-2325180.999167003,1.1664,-1993467.93481396
702674,Caden Dana,2028,3,arb,-0.1475289174523932,10997437.500000002,780000.0,arb est (yr 2),-2402440.049125354,1.2597120000000002,-1907134.368113786
702674,Caden Dana,2029,4,arb,-0.1475289174523932,11547309.375000002,780000.0,arb est (yr 3),-2483562.051581621,1.3604889600000003,-1825492.2491848965
684320,Yariel Rodríguez,2025,0,pre-arb,0.8139592786079416,9500000.0,760000.0,league min,6972613.146775445,1.0,6972613.146775445
684320,Yariel Rodríguez,2026,1,pre-arb,0.8139592786079416,9975000.0,780000.0,league min,7339243.804114217,1.08,6795596.1149205705
684320,Yariel Rodríguez,2027,2,arb,0.8139592786079416,10473750.0,3410082.397727972,arb est (yr 1),5115123.596591957,1.1664,4385394.029999963
684320,Yariel Rodríguez,2028,3,arb,0.8139592786079416,10997437.500000002,5370879.776421555,arb est (yr 2),3580586.517614371,1.2597120000000002,2842385.019444421
684320,Yariel Rodríguez,2029,4,arb,0.8139592786079416,11547309.375000002,7519231.686990178,arb est (yr 3),1879807.921747544,1.3604889600000003,1381714.9400077038
663542,Bryan Hudson,2025,0,pre-arb,0.6572339174113467,9500000.0,760000.0,league min,5483722.215407794,1.0,5483722.215407794
663542,Bryan Hudson,2026,1,arb,0.6572339174113467,9975000.0,2622363.330471273,arb est (yr 1),3933544.9957069103,1.08,3642171.292321213
663542,Bryan Hudson,2027,2,arb,0.6572339174113467,10473750.0,4130222.2454922553,arb est (yr 2),2753481.496994837,1.1664,2360666.578356341
663542,Bryan Hudson,2028,3,arb,0.6572339174113467,10997437.500000002,5782311.143689159,arb est (yr 3),1445577.7859222898,1.2597120000000002,1147546.2533676664
678024,Mike Vasil,2025,0,pre-arb,-0.0365049349539434,9500000.0,760000.0,league min,-1106796.882062463,1.0,-1106796.882062463
678024,Mike Vasil,2026,1,pre-arb,-0.0365049349539434,9975000.0,780000.0,league min,-1144136.7261655864,1.08,-1059385.857560728
678024,Mike Vasil,2027,2,pre-arb,-0.0365049349539434,10473750.0,780000.0,league min,-1162343.5624738657,1.1664,-996522.258636716
678024,Mike Vasil,2028,3,arb,-0.0365049349539434,10997437.500000002,780000.0,arb est (yr 1),-1181460.7405975591,1.2597120000000002,-937881.6273859096
678024,Mike Vasil,2029,4,arb,-0.0365049349539434,11547309.375000002,780000.0,arb est (yr 2),-1201533.777627437,1.3604889600000003,-883163.1956994614
678024,Mike Vasil,2030,5,arb,-0.0365049349539434,12124674.843750004,780000.0,arb est (yr 3),-1222610.466508809,1.4693280768000003,-832088.1400234933
676282,Joey Cantillo,2025,0,pre-arb,0.5353511390970767,9500000.0,760000.0,league min,4325835.821422229,1.0,4325835.821422229
676282,Joey Cantillo,2026,1,pre-arb,0.5353511390970767,9975000.0,780000.0,league min,4560127.61249334,1.08,4222340.381938278
676282,Joey Cantillo,2027,2,arb,0.5353511390970767,10473750.0,2242853.597247203,arb est (yr 1),3364280.395870804,1.1664,2884328.1857602918
676282,Joey Cantillo,2028,3,arb,0.5353511390970767,10997437.500000002,3532494.415664345,arb est (yr 2),2354996.277109564,1.2597120000000002,1869471.9722520409
676282,Joey Cantillo,2029,4,arb,0.5353511390970767,11547309.375000002,4945492.181930083,arb est (yr 3),1236373.04548252,1.3604889600000003,908771.0976225192
687931,Carson Whisenhunt,2025,0,pre-arb,0.1439337503235091,9500000.0,760000.0,league min,607370.6280733368,1.0,607370.6280733368
687931,Carson Whisenhunt,2026,1,pre-arb,0.1439337503235091,9975000.0,780000.0,league min,655739.1594770036,1.08,607165.8884046329
687931,Carson Whisenhunt,2027,2,pre-arb,0.1439337503235091,10473750.0,780000.0,league min,727526.1174508538,1.1664,623736.3832740516
687931,Carson Whisenhunt,2028,3,arb,0.1439337503235091,10997437.500000002,780000.0,arb est (yr 1),802902.4233233968,1.2597120000000002,637369.830027337
687931,Carson Whisenhunt,2029,4,arb,0.1439337503235091,11547309.375000002,997228.52669374,arb est (yr 2),664819.0177958268,1.3604889600000003,488661.8247867492
687931,Carson Whisenhunt,2030,5,arb,0.1439337503235091,12124674.843750004,1396119.9373712365,arb est (yr 3),349029.98434280884,1.4693280768000003,237543.94260466957
670912,Johan Oviedo,2025,0,arb,0.5328759342690315,9500000.0,850000.0,hand,4212321.375555798,1.0,4212321.375555798
670912,Johan Oviedo,2026,1,arb,0.5328759342690315,9975000.0,3189262.466600153,arb est (yr 2),2126174.977733436,1.08,1968680.5349383664
670912,Johan Oviedo,2027,2,arb,0.5328759342690315,10473750.0,4464967.453240215,arb est (yr 3),1116241.863310053,1.1664,956997.4822617052
678316,Omar Cruz,2025,0,pre-arb,0.1702432396572945,9500000.0,760000.0,league min,857310.7767442977,1.0,857310.7767442977
678316,Omar Cruz,2026,1,pre-arb,0.1702432396572945,9975000.0,780000.0,league min,918176.3155815124,1.08,850163.255168067
678316,Omar Cruz,2027,2,pre-arb,0.1702432396572945,10473750.0,780000.0,league min,1003085.131360588,1.1664,859983.8231829458
678316,Omar Cruz,2028,3,arb,0.1702432396572945,10997437.500000002,780000.0,arb est (yr 1),1092239.387928618,1.2597120000000002,867054.8410498732
678316,Omar Cruz,2029,4,arb,0.1702432396572945,11547309.375000002,1179510.814395029,arb est (yr 2),786340.5429300196,1.3604889600000003,577983.7735177354
678316,Omar Cruz,2030,5,arb,0.1702432396572945,12124674.843750004,1651315.140153041,arb est (yr 3),412828.7850382603,1.4693280768000003,280964.33434889914
671131,Jackson Rutledge,2025,0,pre-arb,0.4004768473092018,9500000.0,760000.0,league min,3044530.049437417,1.0,3044530.049437417
671131,Jackson Rutledge,2026,1,arb,0.4004768473092018,9975000.0,1597902.6207637154,arb est (yr 1),2396853.9311455726,1.08,2219309.1955051594
671131,Jackson Rutledge,2027,2,arb,0.4004768473092018,10473750.0,2516696.627702852,arb est (yr 2),1677797.751801901,1.1664,1438441.1452348258
671131,Jackson Rutledge,2028,3,arb,0.4004768473092018,10997437.500000002,3523375.278783993,arb est (yr 3),880843.819695998,1.2597120000000002,699242.2233780402
679358,Eric Orze,2025,0,pre-arb,2.5179528075021333,9500000.0,760000.0,league min,23160551.671270262,1.0,23160551.671270262
679358,Eric Orze,2026,1,pre-arb,2.5179528075021333,9975000.0,780000.0,league min,24336579.25483378,1.08,22533869.68040165
679358,Eric Orze,2027,2,arb,2.5179528075021333,10473750.0,10548963.287030188,arb est (yr 1),15823444.93054528,1.1664,13566053.609863922
679358,Eric Orze,2028,3,arb,2.5179528075021333,10997437.500000002,16614617.177072547,arb est (yr 2),11076411.451381698,1.2597120000000002,8792812.524911802
679358,Eric Orze,2029,4,arb,2.5179528075021333,11547309.375000002,23260464.04790157,arb est (yr 3),5815116.011975389,1.3604889600000003,4274283.866276569
669199,Lake Bachar,2025,0,pre-arb,1.1765373097973213,9500000.0,760000.0,league min,10417104.443074552,1.0,10417104.443074552
669199,Lake Bachar,2026,1,pre-arb,1.1765373097973213,9975000.0,780000.0,league min,10955959.66522828,1.08,10144407.097433591
669199,Lake Bachar,2027,2,arb,1.1765373097973213,10473750.0,4929103.059395878,arb est (yr 1),7393654.589093816,1.1664,6338867.103132557
669199,Lake Bachar,2028,3,arb,1.1765373097973213,10997437.500000002,7763337.318548508,arb est (yr 2),5175558.212365672,1.2597120000000002,4108524.974252584
669199,Lake Bachar,2029,4,arb,1.1765373097973213,11547309.375000002,10868672.245967912,arb est (yr 3),2717168.0614919774,1.3604889600000003,1997199.6402616724
666711,Joel Peguero,2025,0,pre-arb,1.4800188884056358,9500000.0,760000.0,league min,13300179.43985354,1.0,13300179.43985354
666711,Joel Peguero,2026,1,pre-arb,1.4800188884056358,9975000.0,780000.0,league min,13983188.411846217,1.08,12947396.677635385
666711,Joel Peguero,2027,2,pre-arb,1.4800188884056358,10473750.0,780000.0,league min,14721347.832438529,1.1664,12621182.98391506
666711,Joel Peguero,2028,3,arb,1.4800188884056358,10997437.500000002,6510566.089624183,arb est (yr 1),9765849.134436274,1.2597120000000002,7752445.903854431
666711,Joel Peguero,2029,4,arb,1.4800188884056358,11547309.375000002,10254141.591158086,arb est (yr 2),6836094.394105392,1.3604889600000003,5024733.456201945
666711,Joel Peguero,2030,5,arb,1.4800188884056358,12124674.843750004,14355798.227621326,arb est (yr 3),3588949.556905331,1.4693280768000003,2442578.763431501
676742,Cam Sanders,2025,0,pre-arb,1.1516644621609955,9500000.0,760000.0,hand,10180812.390529456,1.0,10180812.390529456
676742,Cam Sanders,2026,1,pre-arb,1.1516644621609955,9975000.0,780000.0,league min,10707853.01005593,1.08,9914678.713014748
676742,Cam Sanders,2027,2,pre-arb,1.1516644621609955,10473750.0,780000.0,league min,11282245.660558729,1.1664,9672707.18497833
676742,Cam Sanders,2028,3,arb,1.1516644621609955,10997437.500000002,5066143.177434666,arb est (yr 1),7599214.766151998,1.2597120000000002,6032501.687808005
676742,Cam Sanders,2029,4,arb,1.1516644621609955,11547309.375000002,7979175.504459598,arb est (yr 2),5319450.3363064,1.3604889600000003,3909954.797653337
676742,Cam Sanders,2030,5,arb,1.1516644621609955,12124674.843750004,11170845.70624344,arb est (yr 3),2792711.42656086,1.4693280768000003,1900672.471081483
692024,Alex Carrillo,2025,0,pre-arb,0.8395141283067309,9500000.0,760000.0,league min,7215384.218913943,1.0,7215384.218913943
692024,Alex Carrillo,2026,1,pre-arb,0.8395141283067309,9975000.0,780000.0,league min,7594153.429859641,1.08,7031623.546166333
692024,Alex Carrillo,2027,2,pre-arb,0.8395141283067309,10473750.0,780000.0,league min,8012861.101352623,1.1664,6869736.883875704
692024,Alex Carrillo,2028,3,arb,0.8395141283067309,10997437.500000002,3693001.662568102,arb est (yr 1),5539502.493852153,1.2597120000000002,4397435.678831473
692024,Alex Carrillo,2029,4,arb,0.8395141283067309,11547309.375000002,5816477.618544761,arb est (yr 2),3877651.7456965074,1.3604889600000003,2850189.791835214
692024,Alex Carrillo,2030,5,arb,0.8395141283067309,12124674.843750004,8143068.665962666,arb est (yr 3),2035767.1664906663,1.4693280768000003,1385508.9265865623
669308,Sean Reynolds,2025,0,pre-arb,0.6139215819903422,9500000.0,760000.0,league min,5072255.028908251,1.0,5072255.028908251
669308,Sean Reynolds,2026,1,pre-arb,0.6139215819903422,9975000.0,780000.0,league min,5343867.780353664,1.08,4948025.722549688
669308,Sean Reynolds,2027,2,arb,0.6139215819903422,10473750.0,2572024.467748539,arb est (yr 1),3858036.701622808,1.1664,3307644.634450281
669308,Sean Reynolds,2028,3,arb,0.6139215819903422,10997437.500000002,4050938.536703949,arb est (yr 2),2700625.691135966,1.2597120000000002,2143843.744551108
669308,Sean Reynolds,2029,4,arb,0.6139215819903422,11547309.375000002,5671313.951385529,arb est (yr 3),1417828.487846382,1.3604889600000003,1042146.264712344
668984,Casey Legumina,2025,0,pre-arb,2.0209025834583123,9500000.0,760000.0,league min,18438574.542853966,1.0,18438574.542853966
668984,Casey Legumina,2026,1,arb,2.0209025834583123,9975000.0,8063401.307998667,arb est (yr 1),12095101.961998,1.08,11199168.48333148
668984,Casey Legumina,2027,2,arb,2.0209025834583123,10473750.0,12699857.060097896,arb est (yr 2),8466571.3733986,1.1664,7258720.313270404
668984,Casey Legumina,2028,3,arb,2.0209025834583123,10997437.500000002,17779799.88413706,arb est (yr 3),4444949.971034266,1.2597120000000002,3528544.596728669
700669,Gordon Graceffo,2025,0,pre-arb,2.0220218270478307,9500000.0,760000.0,league min,18449207.356954392,1.0,18449207.356954392
700669,Gordon Graceffo,2026,1,pre-arb,2.0220218270478307,9975000.0,780000.0,league min,19389667.72480211,1.08,17953396.041483436
700669,Gordon Graceffo,2027,2,arb,2.0220218270478307,10473750.0,8471260.444416886,arb est (yr 1),12706890.66662533,1.1664,10894110.6538283
700669,Gordon Graceffo,2028,3,arb,2.0220218270478307,10997437.500000002,13342235.199956598,arb est (yr 2),8894823.466637732,1.2597120000000002,7060997.645999825
700669,Gordon Graceffo,2029,4,arb,2.0220218270478307,11547309.375000002,18679129.27993924,arb est (yr 3),4669782.319984809,1.3604889600000003,3432429.4112499137
675848,Juan Mejia,2025,0,pre-arb,-0.1754322003387933,9500000.0,760000.0,league min,-2426605.9032185366,1.0,-2426605.9032185366
675848,Juan Mejia,2026,1,pre-arb,-0.1754322003387933,9975000.0,780000.0,league min,-2529936.1983794635,1.08,-2342533.5170180216
675848,Juan Mejia,2027,2,pre-arb,-0.1754322003387933,10473750.0,780000.0,league min,-2617433.008298437,1.1664,-2244026.9275535294
675848,Juan Mejia,2028,3,arb,-0.1754322003387933,10997437.500000002,780000.0,arb est (yr 1),-2709304.6587133594,1.2597120000000002,-2150733.388832812
675848,Juan Mejia,2029,4,arb,-0.1754322003387933,11547309.375000002,780000.0,arb est (yr 2),-2805769.891649028,1.3604889600000003,-2062324.6304395047
675848,Juan Mejia,2030,5,arb,-0.1754322003387933,12124674.843750004,780000.0,arb est (yr 3),-2907058.386231479,1.4693280768000003,-1978495.0904652025
681916,Dylan Smith,2025,0,pre-arb,0.6967315129509319,9500000.0,760000.0,league min,5858949.373033853,1.0,5858949.373033853
681916,Dylan Smith,2026,1,pre-arb,0.6967315129509319,9975000.0,780000.0,league min,6169896.841685547,1.08,5712867.446005136
681916,Dylan Smith,2027,2,pre-arb,0.6967315129509319,10473750.0,780000.0,league min,6517391.683769823,1.1664,5587612.897607872
681916,Dylan Smith,2028,3,arb,0.6967315129509319,10997437.500000002,3064904.5071833264,arb est (yr 1),4597356.76077499,1.2597120000000002,3649530.0201752377
681916,Dylan Smith,2029,4,arb,0.6967315129509319,11547309.375000002,4827224.598813739,arb est (yr 2),3218149.7325424934,1.3604889600000003,2365436.1241876543
681916,Dylan Smith,2030,5,arb,0.6967315129509319,12124674.843750004,6758114.438339235,arb est (yr 3),1689528.6095848083,1.4693280768000003,1149864.7825912202
678226,Daysbel Hernández,2025,0,pre-arb,0.91531208601218,9500000.0,760000.0,league min,7935464.817115709,1.0,7935464.817115709
678226,Daysbel Hernández,2026,1,arb,0.91531208601218,9975000.0,3652095.2231885977,arb est (yr 1),5478142.834782897,1.08,5072354.476650829
678226,Daysbel Hernández,2027,2,arb,0.91531208601218,10473750.0,5752049.976522042,arb est (yr 2),3834699.984348028,1.1664,3287637.160792205
678226,Daysbel Hernández,2028,3,arb,0.91531208601218,10997437.500000002,8052869.967130861,arb est (yr 3),2013217.4917827144,1.2597120000000002,1598156.9531628771
692285,Luis Guerrero,2025,0,pre-arb,-0.08482903132498,9500000.0,760000.0,league min,-1565875.79758731,1.0,-1565875.79758731
692285,Luis Guerrero,2026,1,pre-arb,-0.08482903132498,9975000.0,780000.0,league min,-1626169.5874666758,1.08,-1505712.5809876628
692285,Luis Guerrero,2027,2,arb,-0.08482903132498,10473750.0,780000.0,arb est (yr 1),-1668478.0668400093,1.1664,-1430451.0175240133
692285,Luis Guerrero,2028,3,arb,-0.08482903132498,10997437.500000002,780000.0,arb est (yr 2),-1712901.97018201,1.2597120000000002,-1359756.8096374488
692285,Luis Guerrero,2029,4,arb,-0.08482903132498,11547309.375000002,780000.0,arb est (yr 3),-1759547.0686911107,1.3604889600000003,-1293319.622888458
680604,Blas Castano,2025,0,pre-arb,0.9622702324648812,9500000.0,760000.0,league min,8381567.208416371,1.0,8381567.208416371
680604,Blas Castano,2026,1,pre-arb,0.9622702324648812,9975000.0,780000.0,league min,8818645.56883719,1.08,8165412.563738138
680604,Blas Castano,2027,2,pre-arb,0.9622702324648812,10473750.0,780000.0,league min,9298577.84727905,1.1664,7972031.762070515
680604,Blas Castano,2028,3,arb,0.9622702324648812,10997437.500000002,4233002.695857202,arb est (yr 1),6349504.043785802,1.2597120000000002,5040441.024445112
680604,Blas Castano,2029,4,arb,0.9622702324648812,11547309.375000002,6666979.245975092,arb est (yr 2),4444652.830650061,1.3604889600000003,3266952.515844054
680604,Blas Castano,2030,5,arb,0.9622702324648812,12124674.843750004,9333770.94436513,arb est (yr 3),2333442.736091282,1.4693280768000003,1588101.917424193
805427,Drew Sommers,2025,0,pre-arb,0.8378946330775544,9500000.0,760000.0,league min,7199999.014236767,1.0,7199999.014236767
805427,Drew Sommers,2026,1,pre-arb,0.8378946330775544,9975000.0,780000.0,league min,7577998.964948605,1.08,7016665.708285744
805427,Drew Sommers,2027,2,pre-arb,0.8378946330775544,10473750.0,780000.0,league min,7995898.913196035,1.1664,6855194.541491799
805427,Drew Sommers,2028,3,arb,0.8378946330775544,10997437.500000002,3685877.5435423353,arb est (yr 1),5528816.315313503,1.2597120000000002,4388952.645774195
805427,Drew Sommers,2029,4,arb,0.8378946330775544,11547309.375000002,5805257.131079178,arb est (yr 2),3870171.420719452,1.3604889600000003,2844691.529668459
805427,Drew Sommers,2030,5,arb,0.8378946330775544,12124674.843750004,8127359.983510851,arb est (yr 3),2031839.995877712,1.4693280768000003,1382836.1602555006
678215,Luarbert Arias,2025,0,pre-arb,-0.0445195348846592,9500000.0,760000.0,league min,-1182935.5814042625,1.0,-1182935.5814042625
678215,Luarbert Arias,2026,1,pre-arb,-0.0445195348846592,9975000.0,780000.0,league min,-1224082.3604744757,1.08,-1133409.593031922
678215,Luarbert Arias,2027,2,pre-arb,-0.0445195348846592,10473750.0,780000.0,league min,-1246286.4784981995,1.1664,-1068489.77923371
678215,Luarbert Arias,2028,3,arb,-0.0445195348846592,10997437.500000002,780000.0,arb est (yr 1),-1269600.8024231095,1.2597120000000002,-1007850.0501885426
678215,Luarbert Arias,2029,4,arb,-0.0445195348846592,11547309.375000002,780000.0,arb est (yr 2),-1294080.842544265,1.3604889600000003,-951188.0512020214
678215,Luarbert Arias,2030,5,arb,-0.0445195348846592,12124674.843750004,780000.0,arb est (yr 3),-1319784.8846714783,1.4693280768000003,-898223.4162065376
690953,Mick Abel,2025,0,pre-arb,1.8707026927890356,9500000.0,760000.0,league min,17011675.581495836,1.0,17011675.581495836
690953,Mick Abel,2026,1,pre-arb,1.8707026927890356,9975000.0,780000.0,league min,17880259.36057063,1.08,16555795.70423206
690953,Mick Abel,2027,2,pre-arb,1.8707026927890356,10473750.0,780000.0,league min,18813272.32859916,1.1664,16129348.704217384
690953,Mick Abel,2028,3,arb,1.8707026927890356,10997437.500000002,8229174.378011649,arb est (yr 1),12343761.567017471,1.2597120000000002,9798875.90736412
690953,Mick Abel,2029,4,arb,1.8707026927890356,11547309.375000002,12960949.645368343,arb est (yr 2),8640633.096912231,1.3604889600000003,6351123.273291559
690953,Mick Abel,2030,5,arb,1.8707026927890356,12124674.843750004,18145329.503515687,arb est (yr 3),4536332.375878923,1.4693280768000003,3087351.591183397
687362,Connor Gillispie,2025,0,pre-arb,0.3228461329050668,9500000.0,760000.0,league min,2307038.262598135,1.0,2307038.262598135
687362,Connor Gillispie,2026,1,pre-arb,0.3228461329050668,9975000.0,780000.0,league min,2440390.175728042,1.08,2259620.5330815203
687362,Connor Gillispie,2027,2,arb,0.3228461329050668,10473750.0,1352563.8738057776,arb est (yr 1),2028845.8107086665,1.1664,1739408.273927183
687362,Connor Gillispie,2028,3,arb,0.3228461329050668,10997437.500000002,2130288.1012441,arb est (yr 2),1420192.067496067,1.2597120000000002,1127394.2516194708
687362,Connor Gillispie,2029,4,arb,0.3228461329050668,11547309.375000002,2982403.34174174,arb est (yr 3),745600.8354354347,1.3604889600000003,548038.8723150202
671109,Jake Eder,2025,0,pre-arb,0.0164380366872382,9500000.0,760000.0,league min,-603838.6514712365,1.0,-603838.6514712365
671109,Jake Eder,2026,1,pre-arb,0.0164380366872382,9975000.0,780000.0,league min,-616030.5840447983,1.08,-570398.6889303687
671109,Jake Eder,2027,2,arb,0.0164380366872382,10473750.0,780000.0,arb est (yr 1),-607832.1132470382,1.1664,-521118.0669127556
671109,Jake Eder,2028,3,arb,0.0164380366872382,10997437.500000002,780000.0,arb est (yr 2),-599223.7189093902,1.2597120000000002,-475683.10765428137
671109,Jake Eder,2029,4,arb,0.0164380366872382,11547309.375000002,780000.0,arb est (yr 3),-590184.9048548597,1.3604889600000003,-433803.5237381563
800311,Didier Fuentes,2025,0,pre-arb,2.4409602703444846,9500000.0,760000.0,league min,22429122.5682726,1.0,22429122.5682726
800311,Didier Fuentes,2026,1,pre-arb,2.4409602703444846,9975000.0,780000.0,league min,23568578.696686234,1.08,21822758.05248725
800311,Didier Fuentes,2027,2,pre-arb,2.4409602703444846,10473750.0,780000.0,league min,24786007.631520547,1.1664,21250006.54279882
800311,Didier Fuentes,2028,3,arb,2.4409602703444846,10997437.500000002,10737723.205238633,arb est (yr 1),16106584.807857946,1.2597120000000002,12785926.31320329
800311,Didier Fuentes,2029,4,arb,2.4409602703444846,11547309.375000002,16911914.048250843,arb est (yr 2),11274609.365500562,1.3604889600000003,8287174.462261391
800311,Didier Fuentes,2030,5,arb,2.4409602703444846,12124674.843750004,23676679.667551182,arb est (yr 3),5919169.916887794,1.4693280768000003,4028487.585821508
690986,Kyle Harrison,2025,0,pre-arb,2.380639738151888,9500000.0,760000.0,league min,21856077.51244293,1.0,21856077.51244293
690986,Kyle Harrison,2026,1,arb,2.380639738151888,9975000.0,9498752.555226034,arb est (yr 1),14248128.832839048,1.08,13192711.882258376
690986,Kyle Harrison,2027,2,arb,2.380639738151888,10473750.0,14960535.274481002,arb est (yr 2),9973690.182987336,1.1664,8550831.77553784
690986,Kyle Harrison,2028,3,arb,2.380639738151888,10997437.500000002,20944749.38427341,arb est (yr 3),5236187.346068349,1.2597120000000002,4156654.3353308914
686580,Justin Slaten,2025,0,pre-arb,2.3105399195129417,9500000.0,760000.0,league min,21190129.235372946,1.0,21190129.235372946
686580,Justin Slaten,2026,1,pre-arb,2.3105399195129417,9975000.0,780000.0,league min,22267635.697141595,1.08,20618181.20105703
686580,Justin Slaten,2027,2,arb,2.3105399195129417,10473750.0,9680006.99279947,arb est (yr 1),14520010.489199204,1.1664,12448568.663579565
686580,Justin Slaten,2028,3,arb,2.3105399195129417,10997437.500000002,15246011.013659166,arb est (yr 2),10164007.342439445,1.2597120000000002,8068516.726394162
686580,Justin Slaten,2029,4,arb,2.3105399195129417,11547309.375000002,21344415.419122837,arb est (yr 3),5336103.854780708,1.3604889600000003,3922195.6308860495
676755,Isaac Mattson,2025,0,pre-arb,0.7794142002540311,9500000.0,760000.0,hand,6644434.902413296,1.0,6644434.902413296
676755,Isaac Mattson,2026,1,pre-arb,0.7794142002540311,9975000.0,780000.0,league min,6994656.64753396,1.08,6476533.932901815
676755,Isaac Mattson,2027,2,pre-arb,0.7794142002540311,10473750.0,780000.0,league min,7383389.479910658,1.1664,6330066.426535199
676755,Isaac Mattson,2028,3,arb,0.7794142002540311,10997437.500000002,3428623.5815624767,arb est (yr 1),5142935.372343715,1.2597120000000002,4082627.912049512
676755,Isaac Mattson,2029,4,arb,0.7794142002540311,11547309.375000002,5400082.140960901,arb est (yr 2),3600054.7606406016,1.3604889600000003,2646147.720772832
676755,Isaac Mattson,2030,5,arb,0.7794142002540311,12124674.843750004,7560114.997345263,arb est (yr 3),1890028.7493363156,1.4693280768000003,1286321.8087090151
688107,Robert Gasser,2025,0,pre-arb,-0.0724566589015451,9500000.0,760000.0,league min,-1448338.2595646784,1.0,-1448338.2595646784
688107,Robert Gasser,2026,1,pre-arb,-0.0724566589015451,9975000.0,780000.0,league min,-1502755.1725429124,1.08,-1391439.9745767706
688107,Robert Gasser,2027,2,arb,-0.0724566589015451,10473750.0,780000.0,arb est (yr 1),-1538892.931170058,1.1664,-1319352.6501800907
688107,Robert Gasser,2028,3,arb,-0.0724566589015451,10997437.500000002,780000.0,arb est (yr 2),-1576837.5777285611,1.2597120000000002,-1251744.5080530797
688107,Robert Gasser,2029,4,arb,-0.0724566589015451,11547309.375000002,780000.0,arb est (yr 3),-1616679.4566149889,1.3604889600000003,-1188307.6630147654
694477,Chad Patrick,2025,0,pre-arb,0.449097373256194,9500000.0,760000.0,league min,3506425.0459338427,1.0,3506425.0459338427
694477,Chad Patrick,2026,1,pre-arb,0.449097373256194,9975000.0,780000.0,league min,3699746.298230536,1.08,3425691.0168801253
694477,Chad Patrick,2027,2,pre-arb,0.449097373256194,10473750.0,780000.0,league min,3923733.613142062,1.1664,3363969.147069669
694477,Chad Patrick,2028,3,arb,0.449097373256194,10997437.500000002,1975568.1175196664,arb est (yr 1),2963352.176279499,1.2597120000000002,2352404.499027952
694477,Chad Patrick,2029,4,arb,0.449097373256194,11547309.375000002,3111519.7850934737,arb est (yr 2),2074346.5233956496,1.3604889600000003,1524706.619740339
694477,Chad Patrick,2030,5,arb,0.449097373256194,12124674.843750004,4356127.699130865,arb est (yr 3),1089031.9247827155,1.4693280768000003,741176.8290404422
669422,Matt Sauer,2025,0,pre-arb,0.3848397730040235,9500000.0,760000.0,league min,2895977.8435382238,1.0,2895977.8435382238
669422,Matt Sauer,2026,1,pre-arb,0.3848397730040235,9975000.0,780000.0,league min,3058776.7357151345,1.08,2832200.681217717
669422,Matt Sauer,2027,2,arb,0.3848397730040235,10473750.0,1612286.2290003565,arb est (yr 1),2418429.3435005345,1.1664,2073413.3603399645
669422,Matt Sauer,2028,3,arb,0.3848397730040235,10997437.500000002,2539350.8106755614,arb est (yr 2),1692900.5404503746,1.2597120000000002,1343879.0298499772
669422,Matt Sauer,2029,4,arb,0.3848397730040235,11547309.375000002,3555091.134945787,arb est (yr 3),888772.7837364464,1.3604889600000003,653274.5283992941
642016,Daniel Robert,2025,0,pre-arb,0.5422338498903304,9500000.0,760000.0,league min,4391221.573958139,1.0,4391221.573958139
642016,Daniel Robert,2026,1,pre-arb,0.5422338498903304,9975000.0,780000.0,league min,4628782.652656046,1.08,4285909.863570413
642016,Daniel Robert,2027,2,arb,0.5422338498903304,10473750.0,2271688.714115539,arb est (yr 1),3407533.071173309,1.1664,2921410.383379037
642016,Daniel Robert,2028,3,arb,0.5422338498903304,10997437.500000002,3577909.724731975,arb est (yr 2),2385273.1498213164,1.2597120000000002,1893506.7299678945
642016,Daniel Robert,2029,4,arb,0.5422338498903304,11547309.375000002,5009073.614624765,arb est (yr 3),1252268.4036561912,1.3604889600000003,920454.6604010595
691172,Yosver Zulueta,2025,0,pre-arb,0.7792104208757504,9500000.0,760000.0,league min,6642498.998319629,1.0,6642498.998319629
691172,Yosver Zulueta,2026,1,pre-arb,0.7792104208757504,9975000.0,780000.0,league min,6992623.9482356105,1.08,6474651.803921862
691172,Yosver Zulueta,2027,2,arb,0.7792104208757504,10473750.0,3264502.0582589563,arb est (yr 1),4896753.087388434,1.1664,4198176.515250715
691172,Yosver Zulueta,2028,3,arb,0.7792104208757504,10997437.500000002,5141590.741757858,arb est (yr 2),3427727.1611719048,1.2597120000000002,2721040.333958797
691172,Yosver Zulueta,2029,4,arb,0.7792104208757504,11547309.375000002,7198227.038461,arb est (yr 3),1799556.75961525,1.3604889600000003,1322727.9401188595
696147,Sam Bachman,2025,0,pre-arb,1.002512580160243,9500000.0,760000.0,league min,8763869.511522308,1.0,8763869.511522308
696147,Sam Bachman,2026,1,arb,1.002512580160243,9975000.0,4000025.1948393695,arb est (yr 1),6000037.792259054,1.08,5555590.548388013
696147,Sam Bachman,2027,2,arb,1.002512580160243,10473750.0,6300039.681872007,arb est (yr 2),4200026.454581338,1.1664,3600845.725807045
696147,Sam Bachman,2028,3,arb,1.002512580160243,10997437.500000002,8820055.554620812,arb est (yr 3),2205013.8886552025,1.2597120000000002,1750411.116711758
666171,Ryan Zeferjahn,2025,0,pre-arb,0.6199845075653212,9500000.0,760000.0,league min,5129852.821870551,1.0,5129852.821870551
666171,Ryan Zeferjahn,2026,1,pre-arb,0.6199845075653212,9975000.0,780000.0,league min,5404345.462964079,1.08,5004023.576818592
666171,Ryan Zeferjahn,2027,2,arb,0.6199845075653212,10473750.0,2597425.0944449133,arb est (yr 1),3896137.641667369,1.1664,3340310.0494404742
666171,Ryan Zeferjahn,2028,3,arb,0.6199845075653212,10997437.500000002,4090944.5237507382,arb est (yr 2),2727296.3491671598,1.2597120000000002,2165015.772785493
666171,Ryan Zeferjahn,2029,4,arb,0.6199845075653212,11547309.375000002,5727322.333251035,arb est (yr 3),1431830.5833127582,1.3604889600000003,1052438.2228818366
692230,Carlos Rodriguez,2025,0,pre-arb,0.2068695644260056,9500000.0,760000.0,league min,1205260.8620470532,1.0,1205260.8620470532
692230,Carlos Rodriguez,2026,1,pre-arb,0.2068695644260056,9975000.0,780000.0,league min,1283523.9051494058,1.08,1188448.0603235238
692230,Carlos Rodriguez,2027,2,arb,0.2068695644260056,10473750.0,866680.0401627505,arb est (yr 1),1300020.0602441258,1.1664,1114557.664818352
692230,Carlos Rodriguez,2028,3,arb,0.2068695644260056,10997437.500000002,1365021.0632563322,arb est (yr 2),910014.0421708884,1.2597120000000002,722398.4864563394
692230,Carlos Rodriguez,2029,4,arb,0.2068695644260056,11547309.375000002,1911029.4885588647,arb est (yr 3),477757.37213971606,1.3604889600000003,351165.9309162758
682243,Bryce Miller,2025,0,pre-arb,1.2159830159103078,9500000.0,760000.0,league min,10791838.651147924,1.0,10791838.651147924
682243,Bryce Miller,2026,1,arb,1.2159830159103078,9975000.0,4851772.233482129,arb est (yr 1),7277658.350223192,1.08,6738572.546502955
682243,Bryce Miller,2027,2,arb,1.2159830159103078,10473750.0,7641541.267734352,arb est (yr 2),5094360.845156235,1.1664,4367593.317177841
682243,Bryce Miller,2028,3,arb,1.2159830159103078,10997437.500000002,10698157.774828097,arb est (yr 3),2674539.443707023,1.2597120000000002,2123135.640294784
666215,Forrest Whitley,2025,0,pre-arb,1.6630965451552564,9500000.0,760000.0,league min,15039417.178974936,1.0,15039417.178974936
666215,Forrest Whitley,2026,1,pre-arb,1.6630965451552564,9975000.0,780000.0,league min,15809388.037923682,1.08,14638322.25733674
666215,Forrest Whitley,2027,2,arb,1.6630965451552564,10473750.0,6967542.975927946,arb est (yr 1),10451314.46389192,1.1664,8960317.613076063
666215,Forrest Whitley,2028,3,arb,1.6630965451552564,10997437.500000002,10973880.187086515,arb est (yr 2),7315920.124724345,1.2597120000000002,5807613.267734486
666215,Forrest Whitley,2029,4,arb,1.6630965451552564,11547309.375000002,15363432.261921126,arb est (yr 3),3840858.0654802807,1.3604889600000003,2823145.338482041
694851,Andrew Hoffmann,2025,0,pre-arb,0.6793605771359817,9500000.0,760000.0,league min,5693925.482791827,1.0,5693925.482791827
694851,Andrew Hoffmann,2026,1,pre-arb,0.6793605771359817,9975000.0,780000.0,league min,5996621.756931418,1.08,5552427.552714275
694851,Andrew Hoffmann,2027,2,pre-arb,0.6793605771359817,10473750.0,780000.0,league min,6335452.844777989,1.1664,5431629.668019538
694851,Andrew Hoffmann,2028,3,arb,0.6793605771359817,10997437.500000002,2988490.194806756,arb est (yr 1),4482735.292210134,1.2597120000000002,3558539.802915375
694851,Andrew Hoffmann,2029,4,arb,0.6793605771359817,11547309.375000002,4706872.05682064,arb est (yr 2),3137914.704547093,1.3604889600000003,2306460.983371076
694851,Andrew Hoffmann,2030,5,arb,0.6793605771359817,12124674.843750004,6589620.879548898,arb est (yr 3),1647405.219887224,1.4693280768000003,1121196.3113609396
681006,Josh Simpson,2025,0,pre-arb,0.263259496944825,9500000.0,760000.0,league min,1740965.2209758372,1.0,1740965.2209758372
681006,Josh Simpson,2026,1,pre-arb,0.263259496944825,9975000.0,780000.0,league min,1846013.482024629,1.08,1709271.742615397
681006,Josh Simpson,2027,2,pre-arb,0.263259496944825,10473750.0,780000.0,league min,1977314.1561258608,1.1664,1695228.1859789614
681006,Josh Simpson,2028,3,arb,0.263259496944825,10997437.500000002,1158071.9455728617,arb est (yr 1),1737107.9183592924,1.2597120000000002,1378972.271725039
681006,Josh Simpson,2029,4,arb,0.263259496944825,11547309.375000002,1823963.314277257,arb est (yr 2),1215975.5428515046,1.3604889600000003,893778.3242662288
681006,Josh Simpson,2030,5,arb,0.263259496944825,12124674.843750004,2553548.63998816,arb est (yr 3),638387.1599970399,1.4693280768000003,434475.57429608336
694037,Daniel Palencia,2025,0,pre-arb,2.171592764552128,9500000.0,760000.0,league min,19870131.26324521,1.0,19870131.26324521
694037,Daniel Palencia,2026,1,arb,2.171592764552128,9975000.0,8664655.130562989,arb est (yr 1),12996982.69584448,1.08,12034243.236893035
694037,Daniel Palencia,2027,2,arb,2.171592764552128,10473750.0,13646831.830636706,arb est (yr 2),9097887.887091136,1.1664,7799972.468356599
694037,Daniel Palencia,2028,3,arb,2.171592764552128,10997437.500000002,19105564.56289139,arb est (yr 3),4776391.1407228485,1.2597120000000002,3791653.283228903
701542,Will Warren,2025,0,pre-arb,0.8154340379982014,9500000.0,760000.0,league min,6986623.360982913,1.0,6986623.360982913
701542,Will Warren,2026,1,pre-arb,0.8154340379982014,9975000.0,780000.0,league min,7353954.529032058,1.08,6809217.156511164
701542,Will Warren,2027,2,arb,0.8154340379982014,10473750.0,3416260.9021934643,arb est (yr 1),5124391.3532901965,1.1664,4393339.637594475
701542,Will Warren,2028,3,arb,0.8154340379982014,10997437.500000002,5380610.920954708,arb est (yr 2),3587073.9473031387,1.2597120000000002,2847534.9502927163
701542,Will Warren,2029,4,arb,0.8154340379982014,11547309.375000002,7532855.289336591,arb est (yr 3),1883213.822334147,1.3604889600000003,1384218.378614514
815083,Mitch Farris,2025,0,pre-arb,-0.104416483373772,9500000.0,760000.0,league min,-1751956.5920508346,1.0,-1751956.5920508346
815083,Mitch Farris,2026,1,pre-arb,-0.104416483373772,9975000.0,780000.0,league min,-1821554.4216533764,1.08,-1686624.464493867
815083,Mitch Farris,2027,2,pre-arb,-0.104416483373772,10473750.0,780000.0,league min,-1873632.1427360447,1.1664,-1606337.5709328232
815083,Mitch Farris,2028,3,arb,-0.104416483373772,10997437.500000002,780000.0,arb est (yr 1),-1928313.7498728477,1.2597120000000002,-1530757.6254515692
815083,Mitch Farris,2029,4,arb,-0.104416483373772,11547309.375000002,780000.0,arb est (yr 2),-1985729.43736649,1.3604889600000003,-1459570.416041075
815083,Mitch Farris,2030,5,arb,-0.104416483373772,12124674.843750004,780000.0,arb est (yr 3),-2046015.9092348143,1.4693280768000003,-1392484.048688951
686790,Trevor Mcdonald,2025,0,pre-arb,3.139534357964613,9500000.0,760000.0,league min,29065576.400663823,1.0,29065576.400663823
686790,Trevor Mcdonald,2026,1,pre-arb,3.139534357964613,9975000.0,780000.0,league min,30536855.22069701,1.08,28274865.945089824
686790,Trevor Mcdonald,2027,2,arb,3.139534357964613,10473750.0,13153079.192692747,arb est (yr 1),19729618.78903912,1.1664,16914968.097598694
686790,Trevor Mcdonald,2028,3,arb,3.139534357964613,10997437.500000002,20716099.72849108,arb est (yr 2),13810733.152327385,1.2597120000000002,10963405.2484436
686790,Trevor Mcdonald,2029,4,arb,3.139534357964613,11547309.375000002,29002539.61988751,arb est (yr 3),7250634.904971875,1.3604889600000003,5329433.106882303
680689,Lyon Richardson,2025,0,pre-arb,0.0791561896966756,9500000.0,760000.0,league min,-8016.197881581029,1.0,-8016.197881581029
680689,Lyon Richardson,2026,1,arb,0.0791561896966756,9975000.0,760000.0,arb est (yr 1),29582.99222433986,1.08,27391.659466981357
680689,Lyon Richardson,2027,2,arb,0.0791561896966756,10473750.0,760000.0,arb est (yr 2),69062.14183555683,1.1664,59209.65520881072
680689,Lyon Richardson,2028,3,arb,0.0791561896966756,10997437.500000002,760000.0,arb est (yr 3),110515.2489273349,1.2597120000000002,87730.56772288815
672841,Carlos Vargas,2025,0,pre-arb,0.7345373321068325,9500000.0,760000.0,league min,6218104.655014909,1.0,6218104.655014909
672841,Carlos Vargas,2026,1,arb,0.7345373321068325,9975000.0,2930803.955106262,arb est (yr 1),4396205.932659392,1.08,4070561.048758696
672841,Carlos Vargas,2027,2,arb,0.7345373321068325,10473750.0,4616016.229292362,arb est (yr 2),3077344.1528615747,1.1664,2638326.6056769327
672841,Carlos Vargas,2028,3,arb,0.7345373321068325,10997437.500000002,6462422.7210093085,arb est (yr 3),1615605.680252327,1.2597120000000002,1282519.87775962
676680,Tom Cosgrove,2025,0,pre-arb,1.295292987836364,9500000.0,760000.0,league min,11545283.384445457,1.0,11545283.384445457
676680,Tom Cosgrove,2026,1,arb,1.295292987836364,9975000.0,5168219.021467092,arb est (yr 1),7752328.532200637,1.08,7178081.974259849
676680,Tom Cosgrove,2027,2,arb,1.295292987836364,10473750.0,8139944.958810669,arb est (yr 2),5426629.972540447,1.1664,4652460.538872125
676680,Tom Cosgrove,2028,3,arb,1.295292987836364,10997437.500000002,11395922.94233494,arb est (yr 3),2848980.735583734,1.2597120000000002,2261612.7619517264
671162,Connor Thomas,2025,0,pre-arb,0.8831636437988906,9500000.0,760000.0,league min,7630054.6160894595,1.0,7630054.6160894595
671162,Connor Thomas,2026,1,pre-arb,0.8831636437988906,9975000.0,780000.0,league min,8029557.346893933,1.08,7434775.321198085
671162,Connor Thomas,2027,2,pre-arb,0.8831636437988906,10473750.0,780000.0,league min,8470035.21423863,1.1664,7261689.998489909
671162,Connor Thomas,2028,3,arb,0.8831636437988906,10997437.500000002,3885014.789980225,arb est (yr 1),5827522.184970338,1.2597120000000002,4626074.995689758
671162,Connor Thomas,2029,4,arb,0.8831636437988906,11547309.375000002,6118898.294218854,arb est (yr 2),4079265.529479236,1.3604889600000003,2998381.941650769
671162,Connor Thomas,2030,5,arb,0.8831636437988906,12124674.843750004,8566457.611906398,arb est (yr 3),2141614.4029765986,1.4693280768000003,1457546.7771913456
676263,Jack Dreyer,2025,0,pre-arb,0.7757360427556781,9500000.0,760000.0,league min,6609492.406178942,1.0,6609492.406178942
676263,Jack Dreyer,2026,1,pre-arb,0.7757360427556781,9975000.0,780000.0,league min,6957967.026487889,1.08,6442562.061562859
676263,Jack Dreyer,2027,2,pre-arb,0.7757360427556781,10473750.0,780000.0,league min,7344865.377812283,1.1664,6297038.218288993
676263,Jack Dreyer,2028,3,arb,0.7757360427556781,10997437.500000002,3412443.45868116,arb est (yr 1),5118665.188021739,1.2597120000000002,4063361.4572392246
676263,Jack Dreyer,2029,4,arb,0.7757360427556781,11547309.375000002,5374598.447422827,arb est (yr 2),3583065.631615218,1.3604889600000003,2633660.2037661644
676263,Jack Dreyer,2030,5,arb,0.7757360427556781,12124674.843750004,7524437.826391958,arb est (yr 3),1881109.4565979892,1.4693280768000003,1280251.4879418854
680951,Doug Nikhazy,2025,0,pre-arb,0.7369219028121514,9500000.0,760000.0,league min,6240758.076715439,1.0,6240758.076715439
680951,Doug Nikhazy,2026,1,pre-arb,0.7369219028121514,9975000.0,780000.0,league min,6570795.98055121,1.08,6084070.352362231
680951,Doug Nikhazy,2027,2,pre-arb,0.7369219028121514,10473750.0,780000.0,league min,6938335.7795787705,1.1664,5948504.612121716
680951,Doug Nikhazy,2028,3,arb,0.7369219028121514,10997437.500000002,3241701.027423084,arb est (yr 1),4862551.541134626,1.2597120000000002,3860050.186974979
680951,Doug Nikhazy,2029,4,arb,0.7369219028121514,11547309.375000002,5105679.118191358,arb est (yr 2),3403786.078794239,1.3604889600000003,2501884.3804467465
680951,Doug Nikhazy,2030,5,arb,0.7369219028121514,12124674.843750004,7147950.765467902,arb est (yr 3),1786987.6913669752,1.4693280768000003,1216193.7960505013
801434,Paul Gervase,2025,0,pre-arb,0.6480695687354067,9500000.0,760000.0,league min,5396660.902986364,1.0,5396660.902986364
801434,Paul Gervase,2026,1,pre-arb,0.6480695687354067,9975000.0,780000.0,league min,5684493.948135681,1.08,5263420.322347852
801434,Paul Gervase,2027,2,pre-arb,0.6480695687354067,10473750.0,780000.0,league min,6007718.645542465,1.1664,5150650.416274404
801434,Paul Gervase,2028,3,arb,0.6480695687354067,10997437.500000002,2850841.8311278364,arb est (yr 1),4276262.746691754,1.2597120000000002,3394635.239397381
801434,Paul Gervase,2029,4,arb,0.6480695687354067,11547309.375000002,4490075.884026341,arb est (yr 2),2993383.922684228,1.3604889600000003,2200226.544053858
801434,Paul Gervase,2030,5,arb,0.6480695687354067,12124674.843750004,6286106.237636879,arb est (yr 3),1571526.5594092198,1.4693280768000003,1069554.5700261807
681892,Kody Funderburk,2025,0,pre-arb,0.6566543182275649,9500000.0,760000.0,league min,5478216.023161867,1.0,5478216.023161867
681892,Kody Funderburk,2026,1,arb,0.6566543182275649,9975000.0,2620050.7297279844,arb est (yr 1),3930076.094591976,1.08,3638959.346844422
681892,Kody Funderburk,2027,2,arb,0.6566543182275649,10473750.0,4126579.899321575,arb est (yr 2),2751053.266214384,1.1664,2358584.7618436078
681892,Kody Funderburk,2028,3,arb,0.6566543182275649,10997437.500000002,5777211.859050207,arb est (yr 3),1444302.9647625508,1.2597120000000002,1146534.2592295308
694918,Blade Tidwell,2025,0,pre-arb,1.1668166947900962,9500000.0,760000.0,league min,10324758.600505916,1.0,10324758.600505916
694918,Blade Tidwell,2026,1,pre-arb,1.1668166947900962,9975000.0,780000.0,league min,10858996.530531207,1.08,10054626.417158524
694918,Blade Tidwell,2027,2,pre-arb,1.1668166947900962,10473750.0,780000.0,league min,11440946.35705777,1.1664,9808767.452895893
694918,Blade Tidwell,2028,3,arb,1.1668166947900962,10997437.500000002,5132797.469964265,arb est (yr 1),7699196.204946396,1.2597120000000002,6111870.177426582
694918,Blade Tidwell,2029,4,arb,1.1668166947900962,11547309.375000002,8084156.015193716,arb est (yr 2),5389437.343462478,1.3604889600000003,3961397.3372209338
694918,Blade Tidwell,2030,5,arb,1.1668166947900962,12124674.843750004,11317818.421271203,arb est (yr 3),2829454.605317801,1.4693280768000003,1925679.2611490649
697812,Joe Rock,2025,0,pre-arb,1.0147202304665128,9500000.0,760000.0,league min,8879842.189431872,1.0,8879842.189431872
697812,Joe Rock,2026,1,pre-arb,1.0147202304665128,9975000.0,780000.0,league min,9341834.298903463,1.08,8649846.573058764
697812,Joe Rock,2027,2,pre-arb,1.0147202304665128,10473750.0,780000.0,league min,9847926.013848638,1.1664,8443009.271132234
697812,Joe Rock,2028,3,arb,1.0147202304665128,10997437.500000002,4463728.925816429,arb est (yr 1),6695593.388724643,1.2597120000000002,5315177.904731114
697812,Joe Rock,2029,4,arb,1.0147202304665128,11547309.375000002,7030373.058160875,arb est (yr 2),4686915.372107251,1.3604889600000003,3445022.7160294265
697812,Joe Rock,2030,5,arb,1.0147202304665128,12124674.843750004,9842522.281425228,arb est (yr 3),2460630.5703563057,1.4693280768000003,1674663.8202920817
676272,Bobby Miller,2025,0,pre-arb,1.888418273898275,9500000.0,760000.0,league min,17179973.602033615,1.0,17179973.602033615
676272,Bobby Miller,2026,1,arb,1.888418273898275,9975000.0,7534788.912854117,arb est (yr 1),11302183.369281176,1.08,10464984.601186274
676272,Bobby Miller,2027,2,arb,1.888418273898275,10473750.0,11867292.537745235,arb est (yr 2),7911528.358496824,1.1664,6782860.38965777
676272,Bobby Miller,2028,3,arb,1.888418273898275,10997437.500000002,16614209.552843332,arb est (yr 3),4153552.388210833,1.2597120000000002,3297223.800528083
676106,Emerson Hancock,2025,0,pre-arb,0.20962079417259,9500000.0,760000.0,league min,1231397.5446396056,1.0,1231397.5446396056
676106,Emerson Hancock,2026,1,arb,0.20962079417259,9975000.0,836386.9687486343,arb est (yr 1),1254580.4531229516,1.08,1161648.5677064366
676106,Emerson Hancock,2027,2,arb,0.20962079417259,10473750.0,1317309.475779099,arb est (yr 2),878206.317186066,1.1664,752920.3679578754
676106,Emerson Hancock,2028,3,arb,0.20962079417259,10997437.500000002,1844233.2660907395,arb est (yr 3),461058.3165226847,1.2597120000000002,366002.95664618944
681982,Grant Anderson,2025,0,pre-arb,0.8105315350031741,9500000.0,760000.0,league min,6940049.582530154,1.0,6940049.582530154
681982,Grant Anderson,2026,1,arb,0.8105315350031741,9975000.0,3234020.824662665,arb est (yr 1),4851031.236993996,1.08,4491695.589809256
681982,Grant Anderson,2027,2,arb,0.8105315350031741,10473750.0,5093582.798843697,arb est (yr 2),3395721.8658957984,1.1664,2911284.1785800736
681982,Grant Anderson,2028,3,arb,0.8105315350031741,10997437.500000002,7131015.918381177,arb est (yr 3),1782753.9795952942,1.2597120000000002,1415207.586809758
673965,Caleb Freeman,2025,0,pre-arb,1.4641780258148762,9500000.0,760000.0,league min,13149691.245241323,1.0,13149691.245241323
673965,Caleb Freeman,2026,1,pre-arb,1.4641780258148762,9975000.0,780000.0,league min,13825175.807503393,1.08,12801088.710651288
673965,Caleb Freeman,2027,2,pre-arb,1.4641780258148762,10473750.0,780000.0,league min,14555434.59787856,1.1664,12478939.127124963
673965,Caleb Freeman,2028,3,arb,1.4641780258148762,10997437.500000002,6440882.531108997,arb est (yr 1),9661323.796663493,1.2597120000000002,7669470.320726873
673965,Caleb Freeman,2029,4,arb,1.4641780258148762,11547309.375000002,10144389.98649667,arb est (yr 2),6762926.657664446,1.3604889600000003,4970952.985656307
673965,Caleb Freeman,2030,5,arb,1.4641780258148762,12124674.843750004,14202145.981095338,arb est (yr 3),3550536.495273834,1.4693280768000003,2416435.4791384824
673820,Robinson Piña,2025,0,pre-arb,1.523120036185993,9500000.0,760000.0,league min,13709640.343766931,1.0,13709640.343766931
673820,Robinson Piña,2026,1,pre-arb,1.523120036185993,9975000.0,780000.0,league min,14413122.36095528,1.08,13345483.667551184
673820,Robinson Piña,2027,2,pre-arb,1.523120036185993,10473750.0,780000.0,league min,15172778.479003044,1.1664,13008212.001888754
673820,Robinson Piña,2028,3,arb,1.523120036185993,10997437.500000002,6700166.961181279,arb est (yr 1),10050250.44177192,1.2597120000000002,7978212.831005752
673820,Robinson Piña,2029,4,arb,1.523120036185993,11547309.375000002,10552762.963860514,arb est (yr 2),7035175.309240343,1.3604889600000003,5171063.871948171
673820,Robinson Piña,2030,5,arb,1.523120036185993,12124674.843750004,14773868.149404723,arb est (yr 3),3693467.03735118,1.4693280768000003,2513711.6044192496
671922,Cade Smith,2025,0,pre-arb,1.753905138088647,9500000.0,760000.0,league min,15902098.811842147,1.0,15902098.811842147
671922,Cade Smith,2026,1,pre-arb,1.753905138088647,9975000.0,780000.0,league min,16715203.752434254,1.08,15477040.511513196
671922,Cade Smith,2027,2,arb,1.753905138088647,10473750.0,7347985.576022387,arb est (yr 1),11021978.36403358,1.1664,9449569.928012328
671922,Cade Smith,2028,3,arb,1.753905138088647,10997437.500000002,11573077.28223526,arb est (yr 2),7715384.854823507,1.2597120000000002,6124721.2496376205
671922,Cade Smith,2029,4,arb,1.753905138088647,11547309.375000002,16202308.195129365,arb est (yr 3),4050577.048782341,1.3604889600000003,2977295.051907176
700187,Troy Taylor,2025,0,pre-arb,1.7598987734241922,9500000.0,760000.0,league min,15959038.347529829,1.0,15959038.347529829
700187,Troy Taylor,2026,1,pre-arb,1.7598987734241922,9975000.0,780000.0,league min,16774990.264906315,1.08,15532398.393431772
700187,Troy Taylor,2027,2,arb,1.7598987734241922,10473750.0,7373095.911260653,arb est (yr 1),11059643.866890978,1.1664,9481862.025798162
700187,Troy Taylor,2028,3,arb,1.7598987734241922,10997437.500000002,11612626.06023553,arb est (yr 2),7741750.706823688,1.2597120000000002,6145651.31301733
700187,Troy Taylor,2029,4,arb,1.7598987734241922,11547309.375000002,16257676.484329743,arb est (yr 3),4064419.1210824335,1.3604889600000003,2987469.3882723115
640454,Matt Krook,2025,0,pre-arb,1.6631945771070278,9500000.0,760000.0,league min,15040348.482516764,1.0,15040348.482516764
640454,Matt Krook,2026,1,arb,1.6631945771070278,9975000.0,6636146.362657041,arb est (yr 1),9954219.54398556,1.08,9216869.948134778
640454,Matt Krook,2027,2,arb,1.6631945771070278,10473750.0,10451930.521184836,arb est (yr 2),6967953.6807898935,1.1664,5973897.188605875
640454,Matt Krook,2028,3,arb,1.6631945771070278,10997437.500000002,14632702.729658777,arb est (yr 3),3658175.6824146938,1.2597120000000002,2903977.8000167445
669372,J. T. Ginn,2025,0,pre-arb,1.190084058408169,9500000.0,760000.0,league min,10545798.554877607,1.0,10545798.554877607
669372,J. T. Ginn,2026,1,pre-arb,1.190084058408169,9975000.0,780000.0,league min,11091088.482621487,1.08,10269526.372797674
669372,J. T. Ginn,2027,2,arb,1.190084058408169,10473750.0,4985857.162701025,arb est (yr 1),7478785.744051536,1.1664,6411853.347094937
669372,J. T. Ginn,2028,3,arb,1.190084058408169,10997437.500000002,7852725.031254115,arb est (yr 2),5235150.020836078,1.2597120000000002,4155830.873117091
669372,J. T. Ginn,2029,4,arb,1.190084058408169,11547309.375000002,10993815.043755762,arb est (yr 3),2748453.7609389387,1.3604889600000003,2020195.5633208065
699911,Dugan Darnell,2025,0,pre-arb,0.1999736203222781,9500000.0,760000.0,league min,1139749.3930616423,1.0,1139749.3930616423
699911,Dugan Darnell,2026,1,pre-arb,0.1999736203222781,9975000.0,780000.0,league min,1214736.8627147244,1.08,1124756.3543654855
699911,Dugan Darnell,2027,2,pre-arb,0.1999736203222781,10473750.0,780000.0,league min,1314473.7058504606,1.1664,1126949.336291547
699911,Dugan Darnell,2028,3,arb,0.1999736203222781,10997437.500000002,879678.9564571936,arb est (yr 1),1319518.4346857904,1.2597120000000002,1047476.2760740472
699911,Dugan Darnell,2029,4,arb,0.1999736203222781,11547309.375000002,1385494.35642008,arb est (yr 2),923662.9042800532,1.3604889600000003,678919.808566512
699911,Dugan Darnell,2030,5,arb,0.1999736203222781,12124674.843750004,1939692.098988112,arb est (yr 3),484923.024747028,1.4693280768000003,330030.46249761
681882,Colin Selby,2025,0,pre-arb,0.4894329594931705,9500000.0,760000.0,league min,3889613.11518512,1.0,3889613.11518512
681882,Colin Selby,2026,1,arb,0.4894329594931705,9975000.0,1952837.5083777504,arb est (yr 1),2929256.262566626,1.08,2712274.3171913205
681882,Colin Selby,2027,2,arb,0.4894329594931705,10473750.0,3075719.075694957,arb est (yr 2),2050479.3837966376,1.1664,1757955.575957337
681882,Colin Selby,2028,3,arb,0.4894329594931705,10997437.500000002,4306006.705972941,arb est (yr 3),1076501.676493235,1.2597120000000002,854561.7383125942
696149,Bubba Chandler,2025,0,pre-arb,2.018810208094427,9500000.0,760000.0,hand,18418696.976897053,1.0,18418696.976897053
696149,Bubba Chandler,2026,1,pre-arb,2.018810208094427,9975000.0,780000.0,league min,19357631.825741906,1.08,17923733.171983246
696149,Bubba Chandler,2027,2,pre-arb,2.018810208094427,10473750.0,780000.0,league min,20364513.417029,1.1664,17459287.90897548
696149,Bubba Chandler,2028,3,pre-arb,2.018810208094427,10997437.500000002,780000.0,league min,21421739.08788045,1.2597120000000002,17005267.146681506
696149,Bubba Chandler,2029,4,arb,2.018810208094427,11547309.375000002,9324730.416909792,arb est (yr 1),13987095.625364687,1.3604889600000003,10280932.83856172
696149,Bubba Chandler,2030,5,arb,2.018810208094427,12124674.843750004,14686450.406632924,arb est (yr 2),9790966.937755285,1.4693280768000003,6663567.580549264
691769,Philip Abner,2025,0,pre-arb,0.6572207886647314,9500000.0,760000.0,league min,5483597.492314949,1.0,5483597.492314949
691769,Philip Abner,2026,1,pre-arb,0.6572207886647314,9975000.0,780000.0,league min,5775777.366930696,1.08,5347942.006417311
691769,Philip Abner,2027,2,pre-arb,0.6572207886647314,10473750.0,780000.0,league min,6103566.235277231,1.1664,5232824.2757863775
691769,Philip Abner,2028,3,arb,0.6572207886647314,10997437.500000002,2891097.818816438,arb est (yr 1),4336646.728224656,1.2597120000000002,3442569.9907793645
691769,Philip Abner,2029,4,arb,0.6572207886647314,11547309.375000002,4553479.064635889,arb est (yr 2),3035652.70975726,1.3604889600000003,2231295.3643940333
691769,Philip Abner,2030,5,arb,0.6572207886647314,12124674.843750004,6374870.690490246,arb est (yr 3),1593717.6726225617,1.4693280768000003,1084657.4688026549
650893,Génesis Cabrera,2025,0,contract,0.2419928113992729,9500000.0,760000.0,hand,1538931.708293093,1.0,1538931.708293093
675512,Troy Melton,2025,0,pre-arb,1.6025734421511382,9500000.0,760000.0,league min,14464447.700435814,1.0,14464447.700435814
675512,Troy Melton,2026,1,pre-arb,1.6025734421511382,9975000.0,780000.0,league min,15205670.085457604,1.08,14079324.153201483
675512,Troy Melton,2027,2,pre-arb,1.6025734421511382,10473750.0,780000.0,league min,16004953.589730484,1.1664,13721668.02960432
675512,Troy Melton,2028,3,arb,1.6025734421511382,10997437.500000002,7049680.507686805,arb est (yr 1),10574520.761530206,1.2597120000000002,8394395.513839833
675512,Troy Melton,2029,4,arb,1.6025734421511382,11547309.375000002,11103246.799606716,arb est (yr 2),7402164.533071144,1.3604889600000003,5440811.90711841
675512,Troy Melton,2030,5,arb,1.6025734421511382,12124674.843750004,15544545.519449407,arb est (yr 3),3886136.3798623513,1.4693280768000003,2644839.121515894
678606,José Ferrer,2025,0,pre-arb,1.2304553633364457,9500000.0,760000.0,league min,10929325.951696234,1.0,10929325.951696234
678606,José Ferrer,2026,1,arb,1.2304553633364457,9975000.0,4909516.899712418,arb est (yr 1),7364275.349568627,1.08,6818773.471822802
678606,José Ferrer,2027,2,arb,1.2304553633364457,10473750.0,7732489.117047058,arb est (yr 2),5154992.74469804,1.1664,4419575.398403669
678606,José Ferrer,2028,3,arb,1.2304553633364457,10997437.500000002,10825484.763865884,arb est (yr 3),2706371.19096647,1.2597120000000002,2148404.7075573383
695549,Jackson Jobe,2025,0,pre-arb,1.3511780463150678,9500000.0,760000.0,league min,12076191.439993143,1.0,12076191.439993143
695549,Jackson Jobe,2026,1,pre-arb,1.3511780463150678,9975000.0,780000.0,league min,12698001.0119928,1.08,11757408.344437778
695549,Jackson Jobe,2027,2,arb,1.3511780463150678,10473750.0,5660760.425036977,arb est (yr 1),8491140.637555465,1.1664,7279784.497218333
695549,Jackson Jobe,2028,3,arb,1.3511780463150678,10997437.500000002,8915697.66943324,arb est (yr 2),5943798.446288826,1.2597120000000002,4718378.840789661
695549,Jackson Jobe,2029,4,arb,1.3511780463150678,11547309.375000002,12481976.737206535,arb est (yr 3),3120494.1843016334,1.3604889600000003,2293656.380939418
642520,Gerson Garabito,2025,0,pre-arb,1.1698997100530557,9500000.0,760000.0,league min,10354047.245504027,1.0,10354047.245504027
642520,Gerson Garabito,2026,1,pre-arb,1.1698997100530557,9975000.0,780000.0,league min,10889749.607779227,1.08,10083101.48868447
642520,Gerson Garabito,2027,2,arb,1.1698997100530557,10473750.0,4901294.8352672765,arb est (yr 1),7351942.252900914,1.1664,6303105.498028904
642520,Gerson Garabito,2028,3,arb,1.1698997100530557,10997437.500000002,7719539.365545961,arb est (yr 2),5146359.577030641,1.2597120000000002,4085346.156129846
642520,Gerson Garabito,2029,4,arb,1.1698997100530557,11547309.375000002,10807355.111764343,arb est (yr 3),2701838.7779410854,1.3604889600000003,1985932.1592297847
687064,Brandon Young,2025,0,pre-arb,1.0223214636874411,9500000.0,760000.0,league min,8952053.90503069,1.0,8952053.90503069
687064,Brandon Young,2026,1,pre-arb,1.0223214636874411,9975000.0,780000.0,league min,9417656.600282226,1.08,8720052.407668727
687064,Brandon Young,2027,2,pre-arb,1.0223214636874411,10473750.0,780000.0,league min,9927539.430296335,1.1664,8511264.9436697
687064,Brandon Young,2028,3,arb,1.0223214636874411,10997437.500000002,4497166.560724462,arb est (yr 1),6745749.841086692,1.2597120000000002,5354993.713711302
687064,Brandon Young,2029,4,arb,1.0223214636874411,11547309.375000002,7083037.333141028,arb est (yr 2),4722024.888760685,1.3604889600000003,3470829.2588869547
687064,Brandon Young,2030,5,arb,1.0223214636874411,12124674.843750004,9916252.26639744,arb est (yr 3),2479063.06659936,1.4693280768000003,1687208.6675144918
673513,Yuki Matsui,2025,0,pre-arb,0.713633145029201,9500000.0,760000.0,league min,6019514.87777741,1.0,6019514.87777741
673513,Yuki Matsui,2026,1,pre-arb,0.713633145029201,9975000.0,780000.0,league min,6338490.621666281,1.08,5868972.797839148
673513,Yuki Matsui,2027,2,arb,0.713633145029201,10473750.0,2989766.061099838,arb est (yr 1),4484649.091649756,1.1664,3844863.761702466
673513,Yuki Matsui,2028,3,arb,0.713633145029201,10997437.500000002,4708881.546232245,arb est (yr 2),3139254.3641548306,1.2597120000000002,2492041.3270293768
673513,Yuki Matsui,2029,4,arb,0.713633145029201,11547309.375000002,6592434.164725143,arb est (yr 3),1648108.541181286,1.3604889600000003,1211408.9784170578
688138,Logan Evans,2025,0,pre-arb,1.2525672220911446,9500000.0,760000.0,league min,11139388.609865874,1.0,11139388.609865874
688138,Logan Evans,2026,1,pre-arb,1.2525672220911446,9975000.0,780000.0,league min,11714358.040359167,1.08,10846627.815147376
688138,Logan Evans,2027,2,pre-arb,1.2525672220911446,10473750.0,780000.0,league min,12339075.942377126,1.1664,10578768.81205172
688138,Logan Evans,2028,3,arb,1.2525672220911446,10997437.500000002,5510011.8957983935,arb est (yr 1),8265017.84369759,1.2597120000000002,6561037.636934147
688138,Logan Evans,2029,4,arb,1.2525672220911446,11547309.375000002,8678268.73588247,arb est (yr 2),5785512.490588313,1.3604889600000003,4252524.39430917
688138,Logan Evans,2030,5,arb,1.2525672220911446,12124674.843750004,12149576.23023546,arb est (yr 3),3037394.0575588644,1.4693280768000003,2067199.3583447349
663671,Nic Enright,2025,0,pre-arb,1.1671049577510295,9500000.0,760000.0,league min,10327497.098634783,1.0,10327497.098634783
663671,Nic Enright,2026,1,pre-arb,1.1671049577510295,9975000.0,780000.0,league min,10861871.95356652,1.08,10057288.845894927
663671,Nic Enright,2027,2,pre-arb,1.1671049577510295,10473750.0,780000.0,league min,11443965.551244847,1.1664,9811355.925278503
663671,Nic Enright,2028,3,arb,1.1671049577510295,10997437.500000002,5134065.531522837,arb est (yr 1),7701098.297284255,1.2597120000000002,6113380.1196497725
663671,Nic Enright,2029,4,arb,1.1671049577510295,11547309.375000002,8086153.212148467,arb est (yr 2),5390768.808098979,1.3604889600000003,3962376.003476705
663671,Nic Enright,2030,5,arb,1.1671049577510295,12124674.843750004,11320614.497007858,arb est (yr 3),2830153.624251964,1.4693280768000003,1926155.001690064
671106,Logan Allen,2025,0,pre-arb,0.1297914025220316,9500000.0,760000.0,league min,473018.3239593008,1.0,473018.3239593008
671106,Logan Allen,2026,1,arb,0.1297914025220316,9975000.0,760000.0,arb est (yr 1),534669.2401572659,1.08,495064.11125672766
671106,Logan Allen,2027,2,arb,0.1297914025220316,10473750.0,815641.6212990774,arb est (yr 2),543761.0808660517,1.1664,466187.4835957233
671106,Logan Allen,2028,3,arb,0.1297914025220316,10997437.500000002,1141898.2698187088,arb est (yr 3),285474.5674546771,1.2597120000000002,226618.91563680983
695445,Chase Lee,2025,0,pre-arb,2.77230122165398,9500000.0,760000.0,league min,25576861.60571281,1.0,25576861.60571281
695445,Chase Lee,2026,1,pre-arb,2.77230122165398,9975000.0,780000.0,league min,26873704.68599845,1.08,24883059.89444301
695445,Chase Lee,2027,2,pre-arb,2.77230122165398,10473750.0,780000.0,league min,28256389.92029837,1.1664,24225300.00025581
695445,Chase Lee,2028,3,arb,2.77230122165398,10997437.500000002,12195283.76652532,arb est (yr 1),18292925.649787977,1.2597120000000002,14521514.163386531
695445,Chase Lee,2029,4,arb,2.77230122165398,11547309.375000002,19207571.932277378,arb est (yr 2),12805047.954851586,1.3604889600000003,9412092.513306089
695445,Chase Lee,2030,5,arb,2.77230122165398,12124674.843750004,26890600.70518833,arb est (yr 3),6722650.176297084,1.4693280768000003,4575322.749523792
681517,Kyle Leahy,2025,0,pre-arb,2.602850708294483,9500000.0,760000.0,league min,23967081.72879759,1.0,23967081.72879759
681517,Kyle Leahy,2026,1,arb,2.602850708294483,9975000.0,10385374.326094989,arb est (yr 1),15578061.48914248,1.08,14424131.00846526
681517,Kyle Leahy,2027,2,arb,2.602850708294483,10473750.0,16356964.563599603,arb est (yr 2),10904643.042399738,1.1664,9348973.80178304
681517,Kyle Leahy,2028,3,arb,2.602850708294483,10997437.500000002,22899750.389039453,arb est (yr 3),5724937.5972598605,1.2597120000000002,4544640.04253342
668964,Tobias Myers,2025,0,pre-arb,1.584425831428362,9500000.0,760000.0,league min,14292045.39856944,1.0,14292045.39856944
668964,Tobias Myers,2026,1,pre-arb,1.584425831428362,9975000.0,780000.0,league min,15024647.668497913,1.08,13911710.804164734
668964,Tobias Myers,2027,2,arb,1.584425831428362,10473750.0,6637952.020769123,arb est (yr 1),9956928.031153684,1.1664,8536460.932059057
668964,Tobias Myers,2028,3,arb,1.584425831428362,10997437.500000002,10454774.432711372,arb est (yr 2),6969849.621807581,1.2597120000000002,5532891.344853093
668964,Tobias Myers,2029,4,arb,1.584425831428362,11547309.375000002,14636684.20579592,arb est (yr 3),3659171.0514489785,1.3604889600000003,2689599.959303586
686751,Seth Johnson,2025,0,pre-arb,1.555208514200449,9500000.0,760000.0,league min,14014480.884904264,1.0,14014480.884904264
686751,Seth Johnson,2026,1,pre-arb,1.555208514200449,9975000.0,780000.0,league min,14733204.92914948,1.08,13641856.415879143
686751,Seth Johnson,2027,2,arb,1.555208514200449,10473750.0,6515546.070242781,arb est (yr 1),9773319.105364172,1.1664,8379045.872225798
686751,Seth Johnson,2028,3,arb,1.555208514200449,10997437.500000002,10261985.060632382,arb est (yr 2),6841323.373754922,1.2597120000000002,5430863.065331537
686751,Seth Johnson,2029,4,arb,1.555208514200449,11547309.375000002,14366779.084885336,arb est (yr 3),3591694.7712213323,1.3604889600000003,2640002.878980607
802686,Hayden Harris,2025,0,pre-arb,1.2844943659763732,9500000.0,760000.0,league min,11442696.476775546,1.0,11442696.476775546
802686,Hayden Harris,2026,1,pre-arb,1.2844943659763732,9975000.0,780000.0,league min,12032831.300614323,1.08,11141510.46353178
802686,Hayden Harris,2027,2,pre-arb,1.2844943659763732,10473750.0,780000.0,league min,12673472.86564504,1.1664,10865460.27575878
802686,Hayden Harris,2028,3,arb,1.2844943659763732,10997437.500000002,5650458.603570918,arb est (yr 1),8475687.905356376,1.2597120000000002,6728274.324096599
802686,Hayden Harris,2029,4,arb,1.2844943659763732,11547309.375000002,8899472.300624195,arb est (yr 2),5932981.533749463,1.3604889600000003,4360918.543395943
802686,Hayden Harris,2030,5,arb,1.2844943659763732,12124674.843750004,12459261.220873876,arb est (yr 3),3114815.3052184675,1.4693280768000003,2119890.9585952493
701519,Travis Adams,2025,0,pre-arb,0.468100572517259,9500000.0,760000.0,league min,3686955.438913961,1.0,3686955.438913961
701519,Travis Adams,2026,1,pre-arb,0.468100572517259,9975000.0,780000.0,league min,3889303.210859659,1.08,3601206.6767219063
701519,Travis Adams,2027,2,pre-arb,0.468100572517259,10473750.0,780000.0,league min,4122768.3714026418,1.1664,3534609.3719158447
701519,Travis Adams,2028,3,arb,0.468100572517259,10997437.500000002,2059162.71598911,arb est (yr 1),3088744.0739836646,1.2597120000000002,2451944.630188221
701519,Travis Adams,2029,4,arb,0.468100572517259,11547309.375000002,3243181.2776828483,arb est (yr 2),2162120.851788565,1.3604889600000003,1589223.3714182917
701519,Travis Adams,2030,5,arb,0.468100572517259,12124674.843750004,4540453.788755989,arb est (yr 3),1135113.4471889967,1.4693280768000003,772539.1388838914
663767,Chase Shugart,2025,0,pre-arb,0.5928813664723116,9500000.0,760000.0,hand,4872372.98148696,1.0,4872372.98148696
663767,Chase Shugart,2026,1,pre-arb,0.5928813664723116,9975000.0,780000.0,league min,5133991.630561308,1.08,4753695.954223433
663767,Chase Shugart,2027,2,pre-arb,0.5928813664723116,10473750.0,780000.0,league min,5429691.212089374,1.1664,4655085.058375663
663767,Chase Shugart,2028,3,arb,0.5928813664723116,10997437.500000002,2608070.3090775376,arb est (yr 1),3912105.463616306,1.2597120000000002,3105555.4472897816
663767,Chase Shugart,2029,4,arb,0.5928813664723116,11547309.375000002,4107710.736797122,arb est (yr 2),2738473.8245314145,1.3604889600000003,2012860.012132266
663767,Chase Shugart,2030,5,arb,0.5928813664723116,12124674.843750004,5750795.031515971,arb est (yr 3),1437698.7578789927,1.4693280768000003,978473.6170087404
695505,Chase Burns,2025,0,pre-arb,3.559938024271657,9500000.0,760000.0,league min,33059411.23058074,1.0,33059411.23058074
695505,Chase Burns,2026,1,pre-arb,3.559938024271657,9975000.0,780000.0,league min,34730381.79210978,1.08,32157760.918620165
695505,Chase Burns,2027,2,pre-arb,3.559938024271657,10473750.0,780000.0,league min,36505900.88171527,1.1664,31297925.995983597
695505,Chase Burns,2028,3,arb,3.559938024271657,10997437.500000002,15660078.370320415,arb est (yr 1),23490117.55548062,1.2597120000000002,18647212.66089441
695505,Chase Burns,2029,4,arb,3.559938024271657,11547309.375000002,24664623.43325465,arb est (yr 2),16443082.288836434,1.3604889600000003,12086156.354283413
695505,Chase Burns,2030,5,arb,3.559938024271657,12124674.843750004,34530472.806556515,arb est (yr 3),8632618.20163913,1.4693280768000003,5875214.894443327
682274,Yaramil Hiraldo,2025,0,pre-arb,1.4986064909204997,9500000.0,760000.0,league min,13476761.663744748,1.0,13476761.663744748
682274,Yaramil Hiraldo,2026,1,pre-arb,1.4986064909204997,9975000.0,780000.0,league min,14168599.746931983,1.08,13119073.839751838
682274,Yaramil Hiraldo,2027,2,pre-arb,1.4986064909204997,10473750.0,780000.0,league min,14916029.734278584,1.1664,12788091.33597272
682274,Yaramil Hiraldo,2028,3,arb,1.4986064909204997,10997437.500000002,6592332.488397006,arb est (yr 1),9888498.732595509,1.2597120000000002,7849809.1092214
682274,Yaramil Hiraldo,2029,4,arb,1.4986064909204997,11547309.375000002,10382923.669225285,arb est (yr 2),6921949.112816857,1.3604889600000003,5087839.237458315
682274,Yaramil Hiraldo,2030,5,arb,1.4986064909204997,12124674.843750004,14536093.1369154,arb est (yr 3),3634023.28422885,1.4693280768000003,2473255.1848755693
687074,Tyler Owens,2025,0,pre-arb,1.281447136526924,9500000.0,760000.0,league min,11413747.797005778,1.0,11413747.797005778
687074,Tyler Owens,2026,1,pre-arb,1.281447136526924,9975000.0,780000.0,league min,12002435.186856069,1.08,11113365.913755616
687074,Tyler Owens,2027,2,pre-arb,1.281447136526924,10473750.0,780000.0,league min,12641556.94619887,1.1664,10838097.519031951
687074,Tyler Owens,2028,3,arb,1.281447136526924,10997437.500000002,5637053.917403527,arb est (yr 1),8455580.87610529,1.2597120000000002,6712312.716005951
687074,Tyler Owens,2029,4,arb,1.281447136526924,11547309.375000002,8878359.919910554,arb est (yr 2),5918906.613273703,1.3604889600000003,4350573.056670523
687074,Tyler Owens,2030,5,arb,1.281447136526924,12124674.843750004,12429703.887874778,arb est (yr 3),3107425.9719686937,1.4693280768000003,2114861.90254817
676440,Tanner Bibee,2025,0,pre-arb,0.8115162428184891,9500000.0,760000.0,league min,6949404.306775646,1.0,6949404.306775646
676440,Tanner Bibee,2026,1,arb,0.8115162428184891,9975000.0,3237949.8088457715,arb est (yr 1),4856924.713268657,1.08,4497152.512285793
676440,Tanner Bibee,2027,2,arb,0.8115162428184891,10473750.0,5099770.94893209,arb est (yr 2),3399847.29928806,1.1664,2914821.0727778287
676440,Tanner Bibee,2028,3,arb,0.8115162428184891,10997437.500000002,7139679.328504927,arb est (yr 3),1784919.832126232,1.2597120000000002,1416926.9103781115
681869,Shawn Dubin,2025,0,pre-arb,0.8730587070278617,9500000.0,760000.0,league min,7534057.716764687,1.0,7534057.716764687
681869,Shawn Dubin,2026,1,arb,0.8730587070278617,9975000.0,3483504.241041168,arb est (yr 1),5225256.361561751,1.08,4838200.334779399
681869,Shawn Dubin,2027,2,arb,0.8730587070278617,10473750.0,5486519.17963984,arb est (yr 2),3657679.453093226,1.1664,3135870.587357018
681869,Shawn Dubin,2028,3,arb,0.8730587070278617,10997437.500000002,7681126.851495777,arb est (yr 3),1920281.712873944,1.2597120000000002,1524381.535520773
687134,Bradley Blalock,2025,0,pre-arb,0.8231399438207074,9500000.0,760000.0,league min,7059829.46629672,1.0,7059829.46629672
687134,Bradley Blalock,2026,1,pre-arb,0.8231399438207074,9975000.0,780000.0,league min,7430820.939611557,1.08,6880389.758899589
687134,Bradley Blalock,2027,2,arb,0.8231399438207074,10473750.0,3448544.794636854,arb est (yr 1),5172817.1919552805,1.1664,4434856.988987723
687134,Bradley Blalock,2028,3,arb,0.8231399438207074,10997437.500000002,5431458.051553045,arb est (yr 2),3620972.0343686966,1.2597120000000002,2874444.344714265
687134,Bradley Blalock,2029,4,arb,0.8231399438207074,11547309.375000002,7604041.272174265,arb est (yr 3),1901010.3180435651,1.3604889600000003,1397299.3342361003
687606,Paxton Schultz,2025,0,pre-arb,0.3529630869248382,9500000.0,760000.0,league min,2593149.325785964,1.0,2593149.325785964
687606,Paxton Schultz,2026,1,pre-arb,0.3529630869248382,9975000.0,780000.0,league min,2740806.792075261,1.08,2537784.066736353
687606,Paxton Schultz,2027,2,pre-arb,0.3529630869248382,10473750.0,780000.0,league min,2916847.1316790245,1.1664,2500726.278874335
687606,Paxton Schultz,2028,3,arb,0.3529630869248382,10997437.500000002,1552675.7953051906,arb est (yr 1),2329013.692957786,1.2597120000000002,1848846.1592473404
687606,Paxton Schultz,2029,4,arb,0.3529630869248382,11547309.375000002,2445464.377605675,arb est (yr 2),1630309.5850704503,1.3604889600000003,1198326.2143269798
687606,Paxton Schultz,2030,5,arb,0.3529630869248382,12124674.843750004,3423650.128647946,arb est (yr 3),855912.5321619865,1.4693280768000003,582519.6875200596
686730,Carson Spiers,2025,0,pre-arb,0.618670433281762,9500000.0,760000.0,league min,5117369.116176738,1.0,5117369.116176738
686730,Carson Spiers,2026,1,arb,0.618670433281762,9975000.0,2468495.0287942304,arb est (yr 1),3702742.543191345,1.08,3428465.3177697635
686730,Carson Spiers,2027,2,arb,0.618670433281762,10473750.0,3887879.670350912,arb est (yr 2),2591919.780233942,1.1664,2222153.446702625
686730,Carson Spiers,2028,3,arb,0.618670433281762,10997437.500000002,5443031.538491279,arb est (yr 3),1360757.8846228195,1.2597120000000002,1080213.4810359983
687330,Kevin Kelly,2025,0,pre-arb,1.3613677403504805,9500000.0,760000.0,league min,12172993.533329563,1.0,12172993.533329563
687330,Kevin Kelly,2026,1,arb,1.3613677403504805,9975000.0,5431857.283998418,arb est (yr 1),8147785.925997625,1.08,7544246.227775578
687330,Kevin Kelly,2027,2,arb,1.3613677403504805,10473750.0,8555175.222297506,arb est (yr 2),5703450.148198338,1.1664,4889789.221706394
687330,Kevin Kelly,2028,3,arb,1.3613677403504805,10997437.500000002,11977245.311216513,arb est (yr 3),2994311.327804128,1.2597120000000002,2376980.8716628305
694335,Matt Svanson,2025,0,pre-arb,1.8596754139656564,9500000.0,760000.0,league min,16906916.432673737,1.0,16906916.432673737
694335,Matt Svanson,2026,1,pre-arb,1.8596754139656564,9975000.0,780000.0,league min,17770262.254307423,1.08,16453946.531766132
694335,Matt Svanson,2027,2,pre-arb,1.8596754139656564,10473750.0,780000.0,league min,18697775.367022797,1.1664,16030328.675431063
694335,Matt Svanson,2028,3,arb,1.8596754139656564,10997437.500000002,8180665.654149574,arb est (yr 1),12270998.481224362,1.2597120000000002,9741114.223905431
694335,Matt Svanson,2029,4,arb,1.8596754139656564,11547309.375000002,12884548.40528558,arb est (yr 2),8589698.936857054,1.3604889600000003,6313685.145123892
694335,Matt Svanson,2030,5,arb,1.8596754139656564,12124674.843750004,18038367.76739981,arb est (yr 3),4509591.941849954,1.4693280768000003,3069152.501101892
687396,Brent Headrick,2025,0,pre-arb,0.8168349259766386,9500000.0,760000.0,league min,6999931.796778067,1.0,6999931.796778067
687396,Brent Headrick,2026,1,arb,0.8168349259766386,9975000.0,3259171.3546467884,arb est (yr 1),4888757.031970182,1.08,4526626.881453873
687396,Brent Headrick,2027,2,arb,0.8168349259766386,10473750.0,5133194.883568692,arb est (yr 2),3422129.922379128,1.1664,2933924.830571954
687396,Brent Headrick,2028,3,arb,0.8168349259766386,10997437.500000002,7186472.83699617,arb est (yr 3),1796618.209249042,1.2597120000000002,1426213.459305811
680732,Sean Burke,2025,0,pre-arb,1.3822602413773448,9500000.0,760000.0,league min,12371472.293084776,1.0,12371472.293084776
680732,Sean Burke,2026,1,pre-arb,1.3822602413773448,9975000.0,780000.0,league min,13008045.907739015,1.08,12044486.951610198
680732,Sean Burke,2027,2,arb,1.3822602413773448,10473750.0,5790979.2812503865,arb est (yr 1),8686468.921875577,1.1664,7447247.01806891
680732,Sean Burke,2028,3,arb,1.3822602413773448,10997437.500000002,9120792.36796936,arb est (yr 2),6080528.245312907,1.2597120000000002,4826919.363563185
680732,Sean Burke,2029,4,arb,1.3822602413773448,11547309.375000002,12769109.315157104,arb est (yr 3),3192277.328789275,1.3604889600000003,2346419.135065436
681343,Shane Smith,2025,0,pre-arb,0.6828596897112147,9500000.0,760000.0,league min,5727167.052256539,1.0,5727167.052256539
681343,Shane Smith,2026,1,pre-arb,0.6828596897112147,9975000.0,780000.0,league min,6031525.404869366,1.08,5584745.745249413
681343,Shane Smith,2027,2,pre-arb,0.6828596897112147,10473750.0,780000.0,league min,6372101.675112835,1.1664,5463050.132984255
681343,Shane Smith,2028,3,arb,0.6828596897112147,10997437.500000002,3003882.703547392,arb est (yr 1),4505824.055321086,1.2597120000000002,3576868.407478126
681343,Shane Smith,2029,4,arb,0.6828596897112147,11547309.375000002,4731115.2580871405,arb est (yr 2),3154076.8387247613,1.3604889600000003,2318340.634476564
681343,Shane Smith,2030,5,arb,0.6828596897112147,12124674.843750004,6623561.361321999,arb est (yr 3),1655890.3403304992,1.4693280768000003,1126971.1417594403
656848,Michael Petersen,2025,0,pre-arb,1.9142757188228527,9500000.0,760000.0,league min,17425619.3288171,1.0,17425619.3288171
656848,Michael Petersen,2026,1,pre-arb,1.9142757188228527,9975000.0,780000.0,league min,18314900.29525796,1.08,16958241.014127735
656848,Michael Petersen,2027,2,arb,1.9142757188228527,10473750.0,8019858.124008342,arb est (yr 1),12029787.18601251,1.1664,10313603.554537471
656848,Michael Petersen,2028,3,arb,1.9142757188228527,10997437.500000002,12631276.54531314,arb est (yr 2),8420851.03020876,1.2597120000000002,6684743.044607624
656848,Michael Petersen,2029,4,arb,1.9142757188228527,11547309.375000002,17683787.163438395,arb est (yr 3),4420946.790859599,1.3604889600000003,3249527.868906483
687847,Marc Church,2025,0,pre-arb,0.8969176578957474,9500000.0,760000.0,league min,7760717.7500096,1.0,7760717.7500096
687847,Marc Church,2026,1,pre-arb,0.8969176578957474,9975000.0,780000.0,league min,8166753.63751008,1.08,7561808.923620444
687847,Marc Church,2027,2,arb,0.8969176578957474,10473750.0,3757636.527754234,arb est (yr 1),5636454.79163135,1.1664,4832351.501741555
687847,Marc Church,2028,3,arb,0.8969176578957474,10997437.500000002,5918277.531212919,arb est (yr 2),3945518.354141946,1.2597120000000002,3132079.677054712
687847,Marc Church,2029,4,arb,0.8969176578957474,11547309.375000002,8285588.543698087,arb est (yr 3),2071397.1359245216,1.3604889600000003,1522538.731901596
664991,Grant Wolfram,2025,0,pre-arb,0.7674224052670686,9500000.0,760000.0,league min,6530512.850037152,1.0,6530512.850037152
664991,Grant Wolfram,2026,1,pre-arb,0.7674224052670686,9975000.0,780000.0,league min,6875038.492539009,1.08,6365776.381980564
664991,Grant Wolfram,2027,2,pre-arb,0.7674224052670686,10473750.0,780000.0,league min,7257790.41716596,1.1664,6222385.474250651
664991,Grant Wolfram,2028,3,arb,0.7674224052670686,10997437.500000002,3375871.975209704,arb est (yr 1),5063807.962814556,1.2597120000000002,4019814.023216859
664991,Grant Wolfram,2029,4,arb,0.7674224052670686,11547309.375000002,5316998.360955283,arb est (yr 2),3544665.5739701893,1.3604889600000003,2605435.015047964
664991,Grant Wolfram,2030,5,arb,0.7674224052670686,12124674.843750004,7443797.705337398,arb est (yr 3),1860949.4263343492,1.4693280768000003,1266530.91009276
677952,Braxton Ashcraft,2025,0,pre-arb,2.083610852899126,9500000.0,760000.0,hand,19034303.1025417,1.0,19034303.1025417
677952,Braxton Ashcraft,2026,1,pre-arb,2.083610852899126,9975000.0,780000.0,league min,20004018.257668786,1.08,18522239.127471093
677952,Braxton Ashcraft,2027,2,pre-arb,2.083610852899126,10473750.0,780000.0,league min,21043219.170552224,1.1664,18041168.69903311
677952,Braxton Ashcraft,2028,3,pre-arb,2.083610852899126,10997437.500000002,780000.0,league min,22134380.12907984,1.2597120000000002,17570984.581459757
677952,Braxton Ashcraft,2029,4,arb,2.083610852899126,11547309.375000002,9624039.654213533,arb est (yr 1),14436059.481320295,1.3604889600000003,10610934.675515702
677952,Braxton Ashcraft,2030,5,arb,2.083610852899126,12124674.843750004,15157862.455386316,arb est (yr 2),10105241.636924213,1.4693280768000003,6877457.660056474
676702,Hunter Stratton,2025,0,pre-arb,0.6468754420093926,9500000.0,760000.0,hand,5385316.69908923,1.0,5385316.69908923
676702,Hunter Stratton,2026,1,arb,0.6468754420093926,9975000.0,2581033.0136174764,arb est (yr 1),3871549.520426215,1.08,3584768.074468717
676702,Hunter Stratton,2027,2,arb,0.6468754420093926,10473750.0,4065126.9964475255,arb est (yr 2),2710084.6642983505,1.1664,2323460.7890075017
676702,Hunter Stratton,2028,3,arb,0.6468754420093926,10997437.500000002,5691177.795026537,arb est (yr 3),1422794.4487566345,1.2597120000000002,1129460.1057675355
685314,Andrew Saalfrank,2025,0,pre-arb,0.28676709356392,9500000.0,760000.0,league min,1964287.38885724,1.0,1964287.38885724
685314,Andrew Saalfrank,2026,1,arb,0.28676709356392,9975000.0,1144200.7033200408,arb est (yr 1),1716301.054980061,1.08,1589167.6435000564
685314,Andrew Saalfrank,2027,2,arb,0.28676709356392,10473750.0,1802116.107729064,arb est (yr 2),1201410.738486043,1.1664,1030016.0652315182
685314,Andrew Saalfrank,2028,3,arb,0.28676709356392,10997437.500000002,2522962.5508206906,arb est (yr 3),630740.6377051724,1.2597120000000002,500702.2539319879
687473,Ryan Gusto,2025,0,pre-arb,1.028178147151534,9500000.0,760000.0,league min,9007692.397939572,1.0,9007692.397939572
687473,Ryan Gusto,2026,1,pre-arb,1.028178147151534,9975000.0,780000.0,league min,9476077.01783655,1.08,8774145.386885693
687473,Ryan Gusto,2027,2,pre-arb,1.028178147151534,10473750.0,780000.0,league min,9988880.86872838,1.1664,8563855.34013064
687473,Ryan Gusto,2028,3,arb,1.028178147151534,10997437.500000002,4522929.964865919,arb est (yr 1),6784394.947298879,1.2597120000000002,5385671.444980185
687473,Ryan Gusto,2029,4,arb,1.028178147151534,11547309.375000002,7123614.694663823,arb est (yr 2),4749076.463109216,1.3604889600000003,3490712.973598268
687473,Ryan Gusto,2030,5,arb,1.028178147151534,12124674.843750004,9973060.572529351,arb est (yr 3),2493265.1431323383,1.4693280768000003,1696874.3621658245
657571,Caleb Ferguson,2025,0,contract,1.769364258339227,9500000.0,3000000.0,hand,13808960.454222657,1.0,13808960.454222657
674370,Osvaldo Bido,2025,0,pre-arb,1.1783861739462316,9500000.0,760000.0,league min,10434668.6524892,1.0,10434668.6524892
674370,Osvaldo Bido,2026,1,arb,1.1783861739462316,9975000.0,4701760.834045464,arb est (yr 1),7052641.251068195,1.08,6530223.380618699
674370,Osvaldo Bido,2027,2,arb,1.1783861739462316,10473750.0,7405273.313621606,arb est (yr 2),4936848.8757477375,1.1664,4232552.19114175
674370,Osvaldo Bido,2028,3,arb,1.1783861739462316,10997437.500000002,10367382.63907025,arb est (yr 3),2591845.6597675625,1.2597120000000002,2057490.648471684
687922,Easton Lucas,2025,0,pre-arb,0.6607811657214835,9500000.0,760000.0,league min,5517421.0743540935,1.0,5517421.0743540935
687922,Easton Lucas,2026,1,arb,0.6607811657214835,9975000.0,2636516.85122872,arb est (yr 1),3954775.2768430784,1.08,3661828.960039887
687922,Easton Lucas,2027,2,arb,0.6607811657214835,10473750.0,4152514.040685232,arb est (yr 2),2768342.693790155,1.1664,2373407.6592851123
687922,Easton Lucas,2028,3,arb,0.6607811657214835,10997437.500000002,5813519.656959327,arb est (yr 3),1453379.9142398313,1.2597120000000002,1153739.8343747072
666659,Sauryn Lao,2025,0,pre-arb,0.8592464653327052,9500000.0,760000.0,league min,7402841.4206607,1.0,7402841.4206607
666659,Sauryn Lao,2026,1,pre-arb,0.8592464653327052,9975000.0,780000.0,league min,7790983.491693735,1.08,7213873.603420124
666659,Sauryn Lao,2027,2,pre-arb,0.8592464653327052,10473750.0,780000.0,league min,8219532.666278422,1.1664,7046924.439539113
666659,Sauryn Lao,2028,3,arb,0.8592464653327052,10997437.500000002,3779803.7198369377,arb est (yr 1),5669705.579755407,1.2597120000000002,4500795.086301794
666659,Sauryn Lao,2029,4,arb,0.8592464653327052,11547309.375000002,5953190.858743177,arb est (yr 2),3968793.905828784,1.3604889600000003,2917182.000380792
666659,Sauryn Lao,2030,5,arb,0.8592464653327052,12124674.843750004,8334467.202240448,arb est (yr 3),2083616.8005601112,1.4693280768000003,1418074.58351844
690990,Cade Horton,2025,0,pre-arb,1.3789577285527794,9500000.0,760000.0,league min,12340098.421251403,1.0,12340098.421251403
690990,Cade Horton,2026,1,pre-arb,1.3789577285527794,9975000.0,780000.0,league min,12975103.342313975,1.08,12013984.576216644
690990,Cade Horton,2027,2,pre-arb,1.3789577285527794,10473750.0,780000.0,league min,13662858.509429673,1.1664,11713698.996424615
690990,Cade Horton,2028,3,arb,1.3789577285527794,10997437.500000002,6066000.573960464,arb est (yr 1),9099000.860940697,1.2597120000000002,7223080.244485004
690990,Cade Horton,2029,4,arb,1.3789577285527794,11547309.375000002,9553950.90398773,arb est (yr 2),6369300.602658488,1.3604889600000003,4681626.084388429
690990,Cade Horton,2030,5,arb,1.3789577285527794,12124674.843750004,13375531.265582826,arb est (yr 3),3343882.8163957056,1.4693280768000003,2275790.457688819
805123,Aj Blubaugh,2025,0,pre-arb,1.8406290605743223,9500000.0,760000.0,league min,16725976.07545606,1.0,16725976.07545606
805123,Aj Blubaugh,2026,1,pre-arb,1.8406290605743223,9975000.0,780000.0,league min,17580274.879228864,1.08,16278032.29558228
805123,Aj Blubaugh,2027,2,pre-arb,1.8406290605743223,10473750.0,780000.0,league min,18498288.62319031,1.1664,15859300.945807878
805123,Aj Blubaugh,2028,3,arb,1.8406290605743223,10997437.500000002,8096881.221739932,arb est (yr 1),12145321.832609896,1.2597120000000002,9641348.048291909
805123,Aj Blubaugh,2029,4,arb,1.8406290605743223,11547309.375000002,12752587.92424039,arb est (yr 2),8501725.282826928,1.3604889600000003,6249021.883152162
805123,Aj Blubaugh,2030,5,arb,1.8406290605743223,12124674.843750004,17853623.09393655,arb est (yr 3),4463405.773484137,1.4693280768000003,3037718.970976745
687424,Anthony Maldonado,2025,0,pre-arb,0.3516310044918773,9500000.0,760000.0,league min,2580494.542672835,1.0,2580494.542672835
687424,Anthony Maldonado,2026,1,pre-arb,0.3516310044918773,9975000.0,780000.0,league min,2727519.2698064763,1.08,2525480.8053763667
687424,Anthony Maldonado,2027,2,arb,0.3516310044918773,10473750.0,1473158.0933187203,arb est (yr 1),2209737.13997808,1.1664,1894493.432765844
687424,Anthony Maldonado,2028,3,arb,0.3516310044918773,10997437.500000002,2320223.996976984,arb est (yr 2),1546815.9979846566,1.2597120000000002,1227912.41012601
687424,Anthony Maldonado,2029,4,arb,0.3516310044918773,11547309.375000002,3248313.595767779,arb est (yr 3),812078.3989419444,1.3604889600000003,596901.8660334768
656550,Grant Holmes,2025,0,pre-arb,1.8610081316163547,9500000.0,760000.0,league min,16919577.25035537,1.0,16919577.25035537
656550,Grant Holmes,2026,1,pre-arb,1.8610081316163547,9975000.0,780000.0,league min,17783556.112873137,1.08,16466255.660067718
656550,Grant Holmes,2027,2,arb,1.8610081316163547,10473750.0,7796693.567406719,arb est (yr 1),11695040.351110078,1.1664,10026612.098002467
656550,Grant Holmes,2028,3,arb,1.8610081316163547,10997437.500000002,12279792.368665583,arb est (yr 2),8186528.245777056,1.2597120000000002,6498730.063520118
656550,Grant Holmes,2029,4,arb,1.8610081316163547,11547309.375000002,17191709.316131815,arb est (yr 3),4297927.329032954,1.3604889600000003,3159104.8919889457
800049,Adam Mazur,2025,0,pre-arb,1.3038092948831237,9500000.0,760000.0,league min,11626188.301389674,1.0,11626188.301389674
800049,Adam Mazur,2026,1,pre-arb,1.3038092948831237,9975000.0,780000.0,league min,12225497.716459155,1.08,11319905.293017738
800049,Adam Mazur,2027,2,arb,1.3038092948831237,10473750.0,5462309.040912846,arb est (yr 1),8193463.561369268,1.1664,7024574.383889976
800049,Adam Mazur,2028,3,arb,1.3038092948831237,10997437.500000002,8603136.739437733,arb est (yr 2),5735424.49295849,1.2597120000000002,4552964.878447208
800049,Adam Mazur,2029,4,arb,1.3038092948831237,11547309.375000002,12044391.435212828,arb est (yr 3),3011097.858803205,1.3604889600000003,2213246.8159118355
642216,Allan Winans,2025,0,pre-arb,0.8669422046639336,9500000.0,760000.0,league min,7475950.944307369,1.0,7475950.944307369
642216,Allan Winans,2026,1,arb,0.8669422046639336,9975000.0,3459099.396609095,arb est (yr 1),5188649.094913642,1.08,4804304.717512631
642216,Allan Winans,2027,2,arb,0.8669422046639336,10473750.0,5448081.549659324,arb est (yr 2),3632054.36643955,1.1664,3113901.2057952243
642216,Allan Winans,2028,3,arb,0.8669422046639336,10997437.500000002,7627314.169523057,arb est (yr 3),1906828.5423807632,1.2597120000000002,1513701.9750393447
669020,Ryan Rolison,2025,0,pre-arb,0.6450587825590997,9500000.0,760000.0,league min,5368058.434311447,1.0,5368058.434311447
669020,Ryan Rolison,2026,1,pre-arb,0.6450587825590997,9975000.0,780000.0,league min,5654461.356027019,1.08,5235612.366691684
669020,Ryan Rolison,2027,2,pre-arb,0.6450587825590997,10473750.0,780000.0,league min,5976184.42382837,1.1664,5123614.903830906
669020,Ryan Rolison,2028,3,arb,0.6450587825590997,10997437.500000002,2837597.458007916,arb est (yr 1),4256396.187011873,1.2597120000000002,3378864.5238053403
669020,Ryan Rolison,2029,4,arb,0.6450587825590997,11547309.375000002,4469215.996362467,arb est (yr 2),2979477.3309083115,1.3604889600000003,2190004.783947905
669020,Ryan Rolison,2030,5,arb,0.6450587825590997,12124674.843750004,6256902.394907456,arb est (yr 3),1564225.598726863,1.4693280768000003,1064585.6588635647
680755,Braydon Fisher,2025,0,pre-arb,1.5688994017406774,9500000.0,760000.0,league min,14144544.316536436,1.0,14144544.316536436
680755,Braydon Fisher,2026,1,pre-arb,1.5688994017406774,9975000.0,780000.0,league min,14869771.532363258,1.08,13768306.974410424
680755,Braydon Fisher,2027,2,pre-arb,1.5688994017406774,10473750.0,780000.0,league min,15652260.10898142,1.1664,13419290.21689079
680755,Braydon Fisher,2028,3,arb,1.5688994017406774,10997437.500000002,6901549.245772198,arb est (yr 1),10352323.868658297,1.2597120000000002,8218008.456423608
680755,Braydon Fisher,2029,4,arb,1.5688994017406774,11547309.375000002,10869940.06209121,arb est (yr 2),7246626.708060807,1.3604889600000003,5326486.962496782
680755,Braydon Fisher,2030,5,arb,1.5688994017406774,12124674.843750004,15217916.086927695,arb est (yr 3),3804479.021731924,1.4693280768000003,2589264.495658158
663969,Tyler Phillips,2025,0,pre-arb,1.5999782221559211,9500000.0,760000.0,league min,14439793.110481253,1.0,14439793.110481253
663969,Tyler Phillips,2026,1,pre-arb,1.5999782221559211,9975000.0,780000.0,league min,15179782.766005317,1.08,14055354.412967885
663969,Tyler Phillips,2027,2,arb,1.5999782221559211,10473750.0,6703108.761722233,arb est (yr 1),10054663.142583348,1.1664,8620253.037194228
663969,Tyler Phillips,2028,3,arb,1.5999782221559211,10997437.500000002,10557396.299712518,arb est (yr 2),7038264.199808346,1.2597120000000002,5587201.04262589
663969,Tyler Phillips,2029,4,arb,1.5999782221559211,11547309.375000002,14780354.819597526,arb est (yr 3),3695088.70489938,1.3604889600000003,2716000.5068320283
681676,Ryan Fernandez,2025,0,pre-arb,1.37789674798267,9500000.0,760000.0,league min,12330019.105835363,1.0,12330019.105835363
681676,Ryan Fernandez,2026,1,pre-arb,1.37789674798267,9975000.0,780000.0,league min,12964520.061127134,1.08,12004185.241784384
681676,Ryan Fernandez,2027,2,arb,1.37789674798267,10473750.0,5772698.425673396,arb est (yr 1),8659047.638510093,1.1664,7423737.687337184
681676,Ryan Fernandez,2028,3,arb,1.37789674798267,10997437.500000002,9092000.0204356,arb est (yr 2),6061333.346957067,1.2597120000000002,4811681.834385213
681676,Ryan Fernandez,2029,4,arb,1.37789674798267,11547309.375000002,12728800.028609842,arb est (yr 3),3182200.0071524587,1.3604889600000003,2339012.002826144
694462,Hurston Waldrep,2025,0,pre-arb,0.8946918455930729,9500000.0,760000.0,league min,7739572.533134192,1.0,7739572.533134192
694462,Hurston Waldrep,2026,1,pre-arb,0.8946918455930729,9975000.0,780000.0,league min,8144551.159790901,1.08,7541251.073880464
694462,Hurston Waldrep,2027,2,arb,0.8946918455930729,10473750.0,3748311.487112179,arb est (yr 1),5622467.230668267,1.1664,4820359.422726566
694462,Hurston Waldrep,2028,3,arb,0.8946918455930729,10997437.500000002,5903590.592201683,arb est (yr 2),3935727.061467788,1.2597120000000002,3124307.033248701
694462,Hurston Waldrep,2029,4,arb,0.8946918455930729,11547309.375000002,8265026.829082357,arb est (yr 3),2066256.7072705887,1.3604889600000003,1518760.3633847851
663941,Tristan Beck,2025,0,pre-arb,1.0072533466797724,9500000.0,760000.0,league min,8808906.793457838,1.0,8808906.793457838
663941,Tristan Beck,2026,1,arb,1.0072533466797724,9975000.0,4018940.853252292,arb est (yr 1),6028411.2798784375,1.08,5581862.296183738
663941,Tristan Beck,2027,2,arb,1.0072533466797724,10473750.0,6329831.843872359,arb est (yr 2),4219887.895914907,1.1664,3617873.71048946
663941,Tristan Beck,2028,3,arb,1.0072533466797724,10997437.500000002,8861764.581421306,arb est (yr 3),2215441.145355325,1.2597120000000002,1758688.609265709
668674,Lucas Erceg,2025,0,pre-arb,1.3317030518142736,9500000.0,760000.0,league min,11891178.9922356,1.0,11891178.9922356
668674,Lucas Erceg,2026,1,arb,1.3317030518142736,9975000.0,5313495.176738952,arb est (yr 1),7970242.765108428,1.08,7379854.412137433
668674,Lucas Erceg,2027,2,arb,1.3317030518142736,10473750.0,8368754.903363849,arb est (yr 2),5579169.9355759,1.1664,4783238.9708298175
668674,Lucas Erceg,2028,3,arb,1.3317030518142736,10997437.500000002,11716256.864709392,arb est (yr 3),2929064.216177346,1.2597120000000002,2325185.610820049
641835,Tim Mayza,2025,0,contract,0.5911672041478706,9500000.0,1150000.0,hand,4466088.439404771,1.0,4466088.439404771
681151,Jayden Murray,2025,0,pre-arb,1.234122811542214,9500000.0,760000.0,league min,10964166.709651032,1.0,10964166.709651032
681151,Jayden Murray,2026,1,pre-arb,1.234122811542214,9975000.0,780000.0,league min,11530375.045133583,1.08,10676273.189938504
681151,Jayden Murray,2027,2,pre-arb,1.234122811542214,10473750.0,780000.0,league min,12145893.797390264,1.1664,10413146.259765314
681151,Jayden Murray,2028,3,arb,1.234122811542214,10997437.500000002,5428875.394903912,arb est (yr 1),8143313.092355867,1.2597120000000002,6464424.4814337455
681151,Jayden Murray,2029,4,arb,1.234122811542214,11547309.375000002,8550478.74697366,arb est (yr 2),5700319.164649108,1.3604889600000003,4189904.7564848354
681151,Jayden Murray,2030,5,arb,1.234122811542214,12124674.843750004,11970670.245763129,arb est (yr 3),2992667.5614407808,1.4693280768000003,2036759.256624572
686654,Ty Adcock,2025,0,pre-arb,1.392211324791755,9500000.0,760000.0,league min,12466007.585521672,1.0,12466007.585521672
686654,Ty Adcock,2026,1,arb,1.392211324791755,9975000.0,5554923.185919102,arb est (yr 1),8332384.778878653,1.08,7715171.091554308
686654,Ty Adcock,2027,2,arb,1.392211324791755,10473750.0,8749004.017822584,arb est (yr 2),5832669.345215058,1.1664,5000573.855637052
686654,Ty Adcock,2028,3,arb,1.392211324791755,10997437.500000002,12248605.624951623,arb est (yr 3),3062151.406237904,1.2597120000000002,2430834.5131568997
689254,Mason Fluharty,2025,0,pre-arb,1.1818572333099508,9500000.0,760000.0,league min,10467643.716444531,1.0,10467643.716444531
689254,Mason Fluharty,2026,1,pre-arb,1.1818572333099508,9975000.0,780000.0,league min,11009025.90226676,1.08,10193542.50209885
689254,Mason Fluharty,2027,2,pre-arb,1.1818572333099508,10473750.0,780000.0,league min,11598477.197380098,1.1664,9943824.757698985
689254,Mason Fluharty,2028,3,arb,1.1818572333099508,10997437.500000002,5198960.422899642,arb est (yr 1),7798440.634349463,1.2597120000000002,6190653.605228387
689254,Mason Fluharty,2029,4,arb,1.1818572333099508,11547309.375000002,8188362.666066936,arb est (yr 2),5458908.444044624,1.3604889600000003,4012460.670055436
689254,Mason Fluharty,2030,5,arb,1.1818572333099508,12124674.843750004,11463707.732493712,arb est (yr 3),2865926.9331234265,1.4693280768000003,1950501.71461028
687287,Patrick Monteverde,2025,0,pre-arb,0.7842759401440436,9500000.0,760000.0,league min,6690621.431368413,1.0,6690621.431368413
687287,Patrick Monteverde,2026,1,pre-arb,0.7842759401440436,9975000.0,780000.0,league min,7043152.5029368345,1.08,6521437.502719291
687287,Patrick Monteverde,2027,2,pre-arb,0.7842759401440436,10473750.0,780000.0,league min,7434310.128083676,1.1664,6373722.674968857
687287,Patrick Monteverde,2028,3,arb,0.7842759401440436,10997437.500000002,3450010.253795145,arb est (yr 1),5175015.380692717,1.2597120000000002,4108094.056969145
687287,Patrick Monteverde,2029,4,arb,0.7842759401440436,11547309.375000002,5433766.149727353,arb est (yr 2),3622510.7664849022,1.3604889600000003,2662653.5554429647
687287,Patrick Monteverde,2030,5,arb,0.7842759401440436,12124674.843750004,7607272.609618295,arb est (yr 3),1901818.1524045728,1.4693280768000003,1294345.4783403294
592155,Cam Booser,2025,0,pre-arb,0.5000731732770866,9500000.0,760000.0,league min,3990695.146132322,1.0,3990695.146132322
592155,Cam Booser,2026,1,pre-arb,0.5000731732770866,9975000.0,780000.0,league min,4208229.903438939,1.08,3896509.169850869
592155,Cam Booser,2027,2,arb,0.5000731732770866,10473750.0,2095056.559444354,arb est (yr 1),3142584.839166532,1.1664,2694259.978709303
592155,Cam Booser,2028,3,arb,0.5000731732770866,10997437.500000002,3299714.081124858,arb est (yr 2),2199809.3874165723,1.2597120000000002,1746279.615830104
592155,Cam Booser,2029,4,arb,0.5000731732770866,11547309.375000002,4619599.713574802,arb est (yr 3),1154899.9283937002,1.3604889600000003,848885.9243618558
669391,Owen White,2025,0,pre-arb,0.7096395368293282,9500000.0,760000.0,league min,5981575.5998786185,1.0,5981575.5998786185
669391,Owen White,2026,1,arb,0.7096395368293282,9975000.0,2831461.75194902,arb est (yr 1),4247192.62792353,1.08,3932585.766595861
669391,Owen White,2027,2,arb,0.7096395368293282,10473750.0,4459552.259319706,arb est (yr 2),2973034.839546471,1.1664,2548898.1820528726
669391,Owen White,2028,3,arb,0.7096395368293282,10997437.500000002,6243373.163047589,arb est (yr 3),1560843.290761897,1.2597120000000002,1239047.7273868131
689017,Landon Knack,2025,0,pre-arb,1.310280382286838,9500000.0,760000.0,league min,11687663.63172496,1.0,11687663.63172496
689017,Landon Knack,2026,1,pre-arb,1.310280382286838,9975000.0,780000.0,league min,12290046.81331121,1.08,11379672.975288156
689017,Landon Knack,2027,2,arb,1.310280382286838,10473750.0,5489419.661590708,arb est (yr 1),8234129.492386062,1.1664,7059438.865214387
689017,Landon Knack,2028,3,arb,1.310280382286838,10997437.500000002,8645835.967005366,arb est (yr 2),5763890.644670244,1.2597120000000002,4575562.22745377
689017,Landon Knack,2029,4,arb,1.310280382286838,11547309.375000002,12104170.353807516,arb est (yr 3),3026042.588451877,1.3604889600000003,2224231.638345581
678368,Valente Bellozo,2025,0,pre-arb,1.1604033660112698,9500000.0,760000.0,league min,10263831.977107065,1.0,10263831.977107065
678368,Valente Bellozo,2026,1,pre-arb,1.1604033660112698,9975000.0,780000.0,league min,10795023.575962417,1.08,9995392.1999652
678368,Valente Bellozo,2027,2,arb,1.1604033660112698,10473750.0,4861509.901904215,arb est (yr 1),7292264.852856322,1.1664,6251941.746275996
678368,Valente Bellozo,2028,3,arb,1.1604033660112698,10997437.500000002,7656878.095499139,arb est (yr 2),5104585.396999426,1.2597120000000002,4052184.4651788864
678368,Valente Bellozo,2029,4,arb,1.1604033660112698,11547309.375000002,10719629.333698796,arb est (yr 3),2679907.3334246986,1.3604889600000003,1969811.892795292
686218,Emmet Sheehan,2025,0,pre-arb,2.0053766831653395,9500000.0,760000.0,league min,18291078.490070723,1.0,18291078.490070723
686218,Emmet Sheehan,2026,1,arb,2.0053766831653395,9975000.0,8001452.965829705,arb est (yr 1),12002179.448744558,1.08,11113129.119207922
686218,Emmet Sheehan,2027,2,arb,2.0053766831653395,10473750.0,12602288.421181783,arb est (yr 2),8401525.61412119,1.1664,7202954.058745875
686218,Emmet Sheehan,2028,3,arb,2.0053766831653395,10997437.500000002,17643203.789654505,arb est (yr 3),4410800.947413623,1.2597120000000002,3501436.000779244
660604,Alan Rangel,2025,0,pre-arb,1.7693009373946078,9500000.0,760000.0,league min,16048358.905248772,1.0,16048358.905248772
660604,Alan Rangel,2026,1,pre-arb,1.7693009373946078,9975000.0,780000.0,league min,16868776.850511212,1.08,15619237.824547416
660604,Alan Rangel,2027,2,pre-arb,1.7693009373946078,10473750.0,780000.0,league min,17751215.693036772,1.1664,15218806.321190648
660604,Alan Rangel,2028,3,arb,1.7693009373946078,10997437.500000002,7783110.591075446,arb est (yr 1),11674665.886613168,1.2597120000000002,9267726.183931855
660604,Alan Rangel,2029,4,arb,1.7693009373946078,11547309.375000002,12258399.180943826,arb est (yr 2),8172266.120629219,1.3604889600000003,6006859.563659538
660604,Alan Rangel,2030,5,arb,1.7693009373946078,12124674.843750004,17161758.853321362,arb est (yr 3),4290439.71333034,1.4693280768000003,2920001.176778941
688497,Taylor Rashi,2025,0,pre-arb,0.9682396579498964,9500000.0,760000.0,league min,8438276.750524014,1.0,8438276.750524014
688497,Taylor Rashi,2026,1,pre-arb,0.9682396579498964,9975000.0,780000.0,league min,8878190.588050216,1.08,8220546.840787237
688497,Taylor Rashi,2027,2,pre-arb,0.9682396579498964,10473750.0,780000.0,league min,9361100.117452726,1.1664,8025634.531423804
688497,Taylor Rashi,2028,3,arb,0.9682396579498964,10997437.500000002,4259262.049330146,arb est (yr 1),6388893.073995219,1.2597120000000002,5071709.3065678645
688497,Taylor Rashi,2029,4,arb,0.9682396579498964,11547309.375000002,6708337.72769498,arb est (yr 2),4472225.151796653,1.3604889600000003,3287218.994997689
688497,Taylor Rashi,2030,5,arb,0.9682396579498964,12124674.843750004,9391672.818772972,arb est (yr 3),2347918.204693243,1.4693280768000003,1597953.6781238767
689147,Orion Kerkering,2025,0,pre-arb,2.026332006890241,9500000.0,760000.0,league min,18490154.06545729,1.0,18490154.06545729
689147,Orion Kerkering,2026,1,arb,2.026332006890241,9975000.0,8085064.707492061,arb est (yr 1),12127597.061238091,1.08,11229256.538183415
689147,Orion Kerkering,2027,2,arb,2.026332006890241,10473750.0,12733976.914299997,arb est (yr 2),8489317.942866664,1.1664,7278221.830304067
689147,Orion Kerkering,2028,3,arb,2.026332006890241,10997437.500000002,17827567.68002,arb est (yr 3),4456891.920004997,1.2597120000000002,3538024.5008422537
808963,Roki Sasaki,2025,0,pre-arb,1.0882872538967523,9500000.0,760000.0,league min,9578728.912019148,1.0,9578728.912019148
808963,Roki Sasaki,2026,1,pre-arb,1.0882872538967523,9975000.0,780000.0,league min,10075665.357620109,1.08,9329319.775574172
808963,Roki Sasaki,2027,2,pre-arb,1.0882872538967523,10473750.0,780000.0,league min,10618448.625501111,1.1664,9103608.218022214
808963,Roki Sasaki,2028,3,arb,1.0882872538967523,10997437.500000002,4787348.422710468,arb est (yr 1),7181022.634065702,1.2597120000000002,5700527.290416937
808963,Roki Sasaki,2029,4,arb,1.0882872538967523,11547309.375000002,7540073.765768986,arb est (yr 2),5026715.843845991,1.3604889600000003,3694786.206751718
808963,Roki Sasaki,2030,5,arb,1.0882872538967523,12124674.843750004,10556103.272076584,arb est (yr 3),2639025.818019144,1.4693280768000003,1796076.628282084
806960,Luis Morales,2025,0,pre-arb,1.6656497125289451,9500000.0,760000.0,league min,15063672.26902498,1.0,15063672.26902498
806960,Luis Morales,2026,1,pre-arb,1.6656497125289451,9975000.0,780000.0,league min,15834855.882476227,1.08,14661903.594885394
806960,Luis Morales,2027,2,pre-arb,1.6656497125289451,10473750.0,780000.0,league min,16665598.67660004,1.1664,14288064.709019236
806960,Luis Morales,2028,3,arb,1.6656497125289451,10997437.500000002,7327151.444172017,arb est (yr 1),10990727.166258026,1.2597120000000002,8724793.576831866
806960,Luis Morales,2029,4,arb,1.6656497125289451,11547309.375000002,11540263.524570929,arb est (yr 2),7693509.016380619,1.3604889600000003,5654958.799798433
806960,Luis Morales,2030,5,arb,1.6656497125289451,12124674.843750004,16156368.9343993,arb est (yr 3),4039092.233599825,1.4693280768000003,2748938.3054575706
813349,Connelly Early,2025,0,pre-arb,1.6313558554086178,9500000.0,760000.0,league min,14737880.626381868,1.0,14737880.626381868
813349,Connelly Early,2026,1,pre-arb,1.6313558554086178,9975000.0,780000.0,league min,15492774.657700963,1.08,14345161.720093483
813349,Connelly Early,2027,2,pre-arb,1.6313558554086178,10473750.0,780000.0,league min,16306413.390586011,1.1664,13980121.219638212
813349,Connelly Early,2028,3,arb,1.6313558554086178,10997437.500000002,7176293.624046126,arb est (yr 1),10764440.436069189,1.2597120000000002,8545159.874692935
813349,Connelly Early,2029,4,arb,1.6313558554086178,11547309.375000002,11302662.457872648,arb est (yr 2),7535108.305248432,1.3604889600000003,5538529.548412087
813349,Connelly Early,2030,5,arb,1.6313558554086178,12124674.843750004,15823727.44102171,arb est (yr 3),3955931.860255428,1.4693280768000003,2692340.7527003204
686826,Bryce Jarvis,2025,0,pre-arb,0.8286676137380757,9500000.0,760000.0,league min,7112342.33051172,1.0,7112342.33051172
686826,Bryce Jarvis,2026,1,arb,0.8286676137380757,9975000.0,3306383.7788149226,arb est (yr 1),4959575.668222383,1.08,4592199.692798502
686826,Bryce Jarvis,2027,2,arb,0.8286676137380757,10473750.0,5207554.451633503,arb est (yr 2),3471702.967755669,1.1664,2976425.726813845
686826,Bryce Jarvis,2028,3,arb,0.8286676137380757,10997437.500000002,7290576.232286905,arb est (yr 3),1822644.058071726,1.2597120000000002,1446873.6172011744
700249,Cade Povich,2025,0,pre-arb,0.4364483937844488,9500000.0,760000.0,league min,3386259.740952264,1.0,3386259.740952264
700249,Cade Povich,2026,1,pre-arb,0.4364483937844488,9975000.0,780000.0,league min,3573572.727999877,1.08,3308863.637036924
700249,Cade Povich,2027,2,arb,0.4364483937844488,10473750.0,1828500.5457599484,arb est (yr 1),2742750.8186399224,1.1664,2351466.751234501
700249,Cade Povich,2028,3,arb,0.4364483937844488,10997437.500000002,2879888.359571919,arb est (yr 2),1919925.5730479464,1.2597120000000002,1524098.8202445845
700249,Cade Povich,2029,4,arb,0.4364483937844488,11547309.375000002,4031843.7034006873,arb est (yr 3),1007960.9258501716,1.3604889600000003,740881.3709522283
679883,Luinder Avila,2025,0,pre-arb,2.3244680569094847,9500000.0,760000.0,league min,21322446.540640105,1.0,21322446.540640105
679883,Luinder Avila,2026,1,pre-arb,2.3244680569094847,9975000.0,780000.0,league min,22406568.867672108,1.08,20746823.02562232
679883,Luinder Avila,2027,2,pre-arb,2.3244680569094847,10473750.0,780000.0,league min,23565897.31105572,1.1664,20203958.600013472
679883,Luinder Avila,2028,3,arb,2.3244680569094847,10997437.500000002,10225276.870643403,arb est (yr 1),15337915.305965103,1.2597120000000002,12175731.67991184
679883,Luinder Avila,2029,4,arb,2.3244680569094847,11547309.375000002,16104811.071263356,arb est (yr 2),10736540.714175573,1.3604889600000003,7891677.940683599
679883,Luinder Avila,2030,5,arb,2.3244680569094847,12124674.843750004,22546735.499768704,arb est (yr 3),5636683.874942176,1.4693280768000003,3836232.332276749
682990,Quinn Priester,2025,0,pre-arb,0.755746218522644,9500000.0,760000.0,league min,6419589.075965118,1.0,6419589.075965118
682990,Quinn Priester,2026,1,arb,0.755746218522644,9975000.0,3015427.4119053497,arb est (yr 1),4523141.117858024,1.08,4188093.627646319
682990,Quinn Priester,2027,2,arb,0.755746218522644,10473750.0,4749298.173750926,arb est (yr 2),3166198.782500617,1.1664,2714505.1290300214
682990,Quinn Priester,2028,3,arb,0.755746218522644,10997437.500000002,6649017.443251297,arb est (yr 3),1662254.3608128242,1.2597120000000002,1319551.1043895937
687765,Mitch Spence,2025,0,pre-arb,1.404814991499886,9500000.0,760000.0,league min,12585742.419248916,1.0,12585742.419248916
687765,Mitch Spence,2026,1,pre-arb,1.404814991499886,9975000.0,780000.0,league min,13233029.540211365,1.08,12252805.129825337
687765,Mitch Spence,2027,2,arb,1.404814991499886,10473750.0,5885472.406888773,arb est (yr 1),8828208.61033316,1.1664,7568765.955361076
687765,Mitch Spence,2028,3,arb,1.404814991499886,10997437.500000002,9269619.040849818,arb est (yr 2),6179746.027233211,1.2597120000000002,4905681.63773403
687765,Mitch Spence,2029,4,arb,1.404814991499886,11547309.375000002,12977466.657189744,arb est (yr 3),3244366.6642974354,1.3604889600000003,2384706.351676264
676571,Pj Poulin,2025,0,pre-arb,0.5377441632876598,9500000.0,760000.0,league min,4348569.551232768,1.0,4348569.551232768
676571,Pj Poulin,2026,1,pre-arb,0.5377441632876598,9975000.0,780000.0,league min,4583998.028794407,1.08,4244442.619254081
676571,Pj Poulin,2027,2,pre-arb,0.5377441632876598,10473750.0,780000.0,league min,4852197.930234128,1.1664,4159977.649377681
676571,Pj Poulin,2028,3,arb,0.5377441632876598,10997437.500000002,2365523.130698334,arb est (yr 1),3548284.6960475,1.2597120000000002,2816742.7920409585
676571,Pj Poulin,2029,4,arb,0.5377441632876598,11547309.375000002,3725698.930849876,arb est (yr 2),2483799.2872332507,1.3604889600000003,1825666.624470992
676571,Pj Poulin,2030,5,arb,0.5377441632876598,12124674.843750004,5215978.503189827,arb est (yr 3),1303994.625797456,1.4693280768000003,887476.831340065
680730,Mitchell Parker,2025,0,pre-arb,0.6945679984743788,9500000.0,760000.0,league min,5838395.985506599,1.0,5838395.985506599
680730,Mitchell Parker,2026,1,pre-arb,0.6945679984743788,9975000.0,780000.0,league min,6148315.784781928,1.08,5692884.985909193
680730,Mitchell Parker,2027,2,arb,0.6945679984743788,10473750.0,2909892.62960841,arb est (yr 1),4364838.944412615,1.1664,3742145.871409992
680730,Mitchell Parker,2028,3,arb,0.6945679984743788,10997437.500000002,4583080.891633246,arb est (yr 2),3055387.261088832,1.2597120000000002,2425464.916654625
680730,Mitchell Parker,2029,4,arb,0.6945679984743788,11547309.375000002,6416313.248286545,arb est (yr 3),1604078.3120716354,1.3604889600000003,1179045.4455959974
677020,Josh Walker,2025,0,pre-arb,0.5542720422872253,9500000.0,760000.0,league min,4505584.40172864,1.0,4505584.40172864
677020,Josh Walker,2026,1,arb,0.5542720422872253,9975000.0,2211545.448726029,arb est (yr 1),3317318.1730890432,1.08,3071590.901008373
677020,Josh Walker,2027,2,arb,0.5542720422872253,10473750.0,3483184.0817434955,arb est (yr 2),2322122.7211623304,1.1664,1990845.954357279
677020,Josh Walker,2028,3,arb,0.5542720422872253,10997437.500000002,4876457.714440894,arb est (yr 3),1219114.428610223,1.2597120000000002,967772.3389236772
681751,Lazaro Estrada,2025,0,pre-arb,1.4626979144780798,9500000.0,760000.0,league min,13135630.18754176,1.0,13135630.18754176
681751,Lazaro Estrada,2026,1,pre-arb,1.4626979144780798,9975000.0,780000.0,league min,13810411.696918849,1.08,12787418.23788782
681751,Lazaro Estrada,2027,2,pre-arb,1.4626979144780798,10473750.0,780000.0,league min,14539932.281764789,1.1664,12465648.389716038
681751,Lazaro Estrada,2028,3,arb,1.4626979144780798,10997437.500000002,6434371.558341213,arb est (yr 1),9651557.33751182,1.2597120000000002,7661717.390571669
681751,Lazaro Estrada,2029,4,arb,1.4626979144780798,11547309.375000002,10134135.20438741,arb est (yr 2),6756090.136258272,1.3604889600000003,4965927.938333488
681751,Lazaro Estrada,2030,5,arb,1.4626979144780798,12124674.843750004,14187789.286142375,arb est (yr 3),3546947.321535593,1.4693280768000003,2413992.7478010007
676962,Ben Brown,2025,0,pre-arb,0.8582328314965484,9500000.0,760000.0,league min,7393211.89921721,1.0,7393211.89921721
676962,Ben Brown,2026,1,pre-arb,0.8582328314965484,9975000.0,780000.0,league min,7780872.49417807,1.08,7204511.568683397
676962,Ben Brown,2027,2,arb,0.8582328314965484,10473750.0,3595566.447554789,arb est (yr 1),5393349.671332184,1.1664,4623928.044694945
676962,Ben Brown,2028,3,arb,0.8582328314965484,10997437.500000002,5663017.154898793,arb est (yr 2),3775344.76993253,1.2597120000000002,2996990.399339317
676962,Ben Brown,2029,4,arb,0.8582328314965484,11547309.375000002,7928224.016858313,arb est (yr 3),1982056.0042145771,1.3604889600000003,1456870.3330121671
666214,Joey Wentz,2025,0,pre-arb,1.080896526108294,9500000.0,775000.0,hand,9493516.998028792,1.0,9493516.998028792
666214,Joey Wentz,2026,1,arb,1.080896526108294,9975000.0,4312777.139172093,arb est (yr 1),6469165.708758139,1.08,5989968.248850129
666214,Joey Wentz,2027,2,arb,1.080896526108294,10473750.0,6792623.994196046,arb est (yr 2),4528415.996130697,1.1664,3882386.8279584167
666214,Joey Wentz,2028,3,arb,1.080896526108294,10997437.500000002,9509673.591874463,arb est (yr 3),2377418.3979686163,1.2597120000000002,1887271.374702008
686930,Mason Barnett,2025,0,pre-arb,1.1075133611337362,9500000.0,760000.0,league min,9761376.930770494,1.0,9761376.930770494
686930,Mason Barnett,2026,1,pre-arb,1.1075133611337362,9975000.0,780000.0,league min,10267445.77730902,1.08,9506894.238249091
686930,Mason Barnett,2027,2,pre-arb,1.1075133611337362,10473750.0,780000.0,league min,10819818.06617447,1.1664,9276250.056733942
686930,Mason Barnett,2028,3,arb,1.1075133611337362,10997437.500000002,4871923.587793279,arb est (yr 1),7307885.381689916,1.2597120000000002,5801235.029665444
686930,Mason Barnett,2029,4,arb,1.1075133611337362,11547309.375000002,7673279.650774412,arb est (yr 2),5115519.767182943,1.3604889600000003,3760059.741449825
686930,Mason Barnett,2030,5,arb,1.1075133611337362,12124674.843750004,10742591.51108418,arb est (yr 3),2685647.877771044,1.4693280768000003,1827806.8187603308
702070,Noah Cameron,2025,0,pre-arb,1.354806231276684,9500000.0,760000.0,league min,12110659.197128495,1.0,12110659.197128495
702070,Noah Cameron,2026,1,pre-arb,1.354806231276684,9975000.0,780000.0,league min,12734192.156984923,1.08,11790918.663874928
702070,Noah Cameron,2027,2,pre-arb,1.354806231276684,10473750.0,780000.0,league min,13409901.76483417,1.1664,11496829.359425727
702070,Noah Cameron,2028,3,arb,1.354806231276684,10997437.500000002,5959758.741230353,arb est (yr 1),8939638.111845527,1.2597120000000002,7096572.956235652
702070,Noah Cameron,2029,4,arb,1.354806231276684,11547309.375000002,9386620.017437804,arb est (yr 2),6257746.67829187,1.3604889600000003,4599630.619782368
702070,Noah Cameron,2030,5,arb,1.354806231276684,12124674.843750004,13141268.02441293,arb est (yr 3),3285317.00610323,1.4693280768000003,2235931.551283094
687888,Brandon Walter,2025,0,pre-arb,1.261668138396313,9500000.0,760000.0,league min,11225847.314764977,1.0,11225847.314764977
687888,Brandon Walter,2026,1,arb,1.261668138396313,9975000.0,5034055.87220129,arb est (yr 1),7551083.808301933,1.08,6991744.266946234
687888,Brandon Walter,2027,2,arb,1.261668138396313,10473750.0,7928637.9987170305,arb est (yr 2),5285758.665811354,1.1664,4531686.098946634
687888,Brandon Walter,2028,3,arb,1.261668138396313,10997437.500000002,11100093.198203849,arb est (yr 3),2775023.29955096,1.2597120000000002,2202902.964765724
806188,Cade Gibson,2025,0,pre-arb,1.2183171651263216,9500000.0,760000.0,league min,10814013.068700057,1.0,10814013.068700057
806188,Cade Gibson,2026,1,pre-arb,1.2183171651263216,9975000.0,780000.0,league min,11372713.722135058,1.08,10530290.483458389
806188,Cade Gibson,2027,2,pre-arb,1.2183171651263216,10473750.0,780000.0,league min,11980349.40824181,1.1664,10271218.6284652
806188,Cade Gibson,2028,3,arb,1.2183171651263216,10997437.500000002,5359346.751461562,arb est (yr 1),8039020.127192343,1.2597120000000002,6381633.3631753465
806188,Cade Gibson,2029,4,arb,1.2183171651263216,11547309.375000002,8440971.133551959,arb est (yr 2),5627314.089034639,1.3604889600000003,4136243.8465025374
806188,Cade Gibson,2030,5,arb,1.2183171651263216,12124674.843750004,11817359.586972743,arb est (yr 3),2954339.896743186,1.4693280768000003,2010674.0920498448
702352,Spencer Bivens,2025,0,pre-arb,0.6963026289793277,9500000.0,760000.0,league min,5854874.975303614,1.0,5854874.975303614
702352,Spencer Bivens,2026,1,pre-arb,0.6963026289793277,9975000.0,780000.0,league min,6165618.7240687935,1.08,5708906.225989623
702352,Spencer Bivens,2027,2,arb,0.6963026289793277,10473750.0,2917159.8641088936,arb est (yr 1),4375739.796163339,1.1664,3751491.5947902426
702352,Spencer Bivens,2028,3,arb,0.6963026289793277,10997437.500000002,4594526.785971507,arb est (yr 2),3063017.857314339,1.2597120000000002,2431522.32995664
702352,Spencer Bivens,2029,4,arb,0.6963026289793277,11547309.375000002,6432337.500360112,arb est (yr 3),1608084.3750900272,1.3604889600000003,1181990.0215066993
702056,Trey Yesavage,2025,0,pre-arb,0.6747223256903231,9500000.0,760000.0,league min,5649862.094058069,1.0,5649862.094058069
702056,Trey Yesavage,2026,1,pre-arb,0.6747223256903231,9975000.0,780000.0,league min,5950355.198760972,1.08,5509588.1470009
702056,Trey Yesavage,2027,2,pre-arb,0.6747223256903231,10473750.0,780000.0,league min,6286872.9586990215,1.1664,5389980.2457982
702056,Trey Yesavage,2028,3,arb,0.6747223256903231,10997437.500000002,2968086.6426535896,arb est (yr 1),4452129.963980384,1.2597120000000002,3534244.3066195957
702056,Trey Yesavage,2029,4,arb,0.6747223256903231,11547309.375000002,4674736.462179403,arb est (yr 2),3116490.974786269,1.3604889600000003,2290713.9024386266
702056,Trey Yesavage,2030,5,arb,0.6747223256903231,12124674.843750004,6544631.047051166,arb est (yr 3),1636157.7617627913,1.4693280768000003,1113541.48035211
691251,Andry Lara,2025,0,pre-arb,-0.1440170967917371,9500000.0,760000.0,league min,-2128162.419521502,1.0,-2128162.419521502
691251,Andry Lara,2026,1,pre-arb,-0.1440170967917371,9975000.0,780000.0,league min,-2216570.5404975777,1.08,-2052380.1300903496
691251,Andry Lara,2027,2,pre-arb,-0.1440170967917371,10473750.0,780000.0,league min,-2288399.0675224564,1.1664,-1961933.3569294035
691251,Andry Lara,2028,3,arb,-0.1440170967917371,10997437.500000002,780000.0,arb est (yr 1),-2363819.02089858,1.2597120000000002,-1876475.7507260223
691251,Andry Lara,2029,4,arb,-0.1440170967917371,11547309.375000002,780000.0,arb est (yr 2),-2443009.971943509,1.3604889600000003,-1795685.2600579048
691251,Andry Lara,2030,5,arb,-0.1440170967917371,12124674.843750004,780000.0,arb est (yr 3),-2526160.470540684,1.4693280768000003,-1719262.3692608683
694363,Jared Shuster,2025,0,pre-arb,2.0568355187140965,9500000.0,760000.0,league min,18779937.42778392,1.0,18779937.42778392
694363,Jared Shuster,2026,1,arb,2.0568355187140965,9975000.0,8206773.719669245,arb est (yr 1),12310160.579503868,1.08,11398296.832873952
694363,Jared Shuster,2027,2,arb,2.0568355187140965,10473750.0,12925668.608479062,arb est (yr 2),8617112.405652707,1.1664,7387784.984270154
694363,Jared Shuster,2028,3,arb,2.0568355187140965,10997437.500000002,18095936.05187069,arb est (yr 3),4523984.012967672,1.2597120000000002,3591284.367353548
656605,Mitch Keller,2025,0,contract,1.51373974187007,9500000.0,15411500.0,hand,-1030972.4522343352,1.0,-1030972.4522343352
656605,Mitch Keller,2026,1,contract,1.51373974187007,9975000.0,16911500.0,guaranteed,-1811946.074846052,1.08,-1677727.8470796773
656605,Mitch Keller,2027,2,contract,1.51373974187007,10473750.0,18411500.0,guaranteed,-2556968.378588354,1.1664,-2192188.2532479027
656605,Mitch Keller,2028,3,contract,1.51373974187007,10997437.500000002,20411500.0,guaranteed,-3764241.797517769,1.2597120000000002,-2988176.5018653222
663568,Stephen Kolek,2025,0,pre-arb,1.0312508379283651,9500000.0,760000.0,league min,9036882.960319469,1.0,9036882.960319469
663568,Stephen Kolek,2026,1,pre-arb,1.0312508379283651,9975000.0,780000.0,league min,9506727.108335445,1.08,8802525.100310594
663568,Stephen Kolek,2027,2,arb,1.0312508379283651,10473750.0,4320425.385500886,arb est (yr 1),6480638.078251328,1.1664,5556102.604810809
663568,Stephen Kolek,2028,3,arb,1.0312508379283651,10997437.500000002,6804669.982163896,arb est (yr 2),4536446.654775932,1.2597120000000002,3601177.6142292293
663568,Stephen Kolek,2029,4,arb,1.0312508379283651,11547309.375000002,9526537.975029455,arb est (yr 3),2381634.4937573634,1.3604889600000003,1750572.4513614303
701121,Logan Vanwey,2025,0,pre-arb,1.672315033672272,9500000.0,760000.0,league min,15126992.819886584,1.0,15126992.819886584
701121,Logan Vanwey,2026,1,pre-arb,1.672315033672272,9975000.0,780000.0,league min,15901342.460880917,1.08,14723465.241556402
701121,Logan Vanwey,2027,2,pre-arb,1.672315033672272,10473750.0,780000.0,league min,16735409.58392496,1.1664,14347916.30994938
701121,Logan Vanwey,2028,3,arb,1.672315033672272,10997437.500000002,7356472.025248485,arb est (yr 1),11034708.037872726,1.2597120000000002,8759707.010707784
701121,Logan Vanwey,2029,4,arb,1.672315033672272,11547309.375000002,11586443.439766364,arb est (yr 2),7724295.626510909,1.3604889600000003,5677587.877310601
701121,Logan Vanwey,2030,5,arb,1.672315033672272,12124674.843750004,16221020.815672912,arb est (yr 3),4055255.203918226,1.4693280768000003,2759938.55147043
686701,Ryan Bergert,2025,0,pre-arb,1.8376607665628764,9500000.0,760000.0,league min,16697777.282347323,1.0,16697777.282347323
686701,Ryan Bergert,2026,1,pre-arb,1.8376607665628764,9975000.0,780000.0,league min,17550666.14646469,1.08,16250616.80228212
686701,Ryan Bergert,2027,2,pre-arb,1.8376607665628764,10473750.0,780000.0,league min,18467199.453787927,1.1664,15832646.993988276
686701,Ryan Bergert,2028,3,arb,1.8376607665628764,10997437.500000002,8083823.77059093,arb est (yr 1),12125735.655886391,1.2597120000000002,9625799.909730472
686701,Ryan Bergert,2029,4,arb,1.8376607665628764,11547309.375000002,12732022.438680714,arb est (yr 2),8488014.959120477,1.3604889600000003,6238944.385936417
686701,Ryan Bergert,2030,5,arb,1.8376607665628764,12124674.843750004,17824831.414153006,arb est (yr 3),4456207.853538249,1.4693280768000003,3032820.187607979
686563,Jonathan Cannon,2025,0,pre-arb,1.2894972313815316,9500000.0,760000.0,league min,11490223.69812455,1.0,11490223.69812455
686563,Jonathan Cannon,2026,1,pre-arb,1.2894972313815316,9975000.0,780000.0,league min,12082734.883030778,1.08,11187717.484287756
686563,Jonathan Cannon,2027,2,arb,1.2894972313815316,10473750.0,5402348.650872927,arb est (yr 1),8103522.976309389,1.1664,6947464.828797487
686563,Jonathan Cannon,2028,3,arb,1.2894972313815316,10997437.500000002,8508699.12512486,arb est (yr 2),5672466.083416574,1.2597120000000002,4502986.463109483
686563,Jonathan Cannon,2029,4,arb,1.2894972313815316,11547309.375000002,11912178.775174806,arb est (yr 3),2978044.693793701,1.3604889600000003,2188951.7529004426
702795,Ryan Loutos,2025,0,pre-arb,1.517667806663207,9500000.0,760000.0,league min,13657844.163300466,1.0,13657844.163300466
702795,Ryan Loutos,2026,1,pre-arb,1.517667806663207,9975000.0,780000.0,league min,14358736.37146549,1.08,13295126.269875452
702795,Ryan Loutos,2027,2,arb,1.517667806663207,10473750.0,6358269.276015506,arb est (yr 1),9537403.914023258,1.1664,8176786.620390309
702795,Ryan Loutos,2028,3,arb,1.517667806663207,10997437.500000002,10014274.109724425,arb est (yr 2),6676182.739816282,1.2597120000000002,5299769.105808535
702795,Ryan Loutos,2029,4,arb,1.517667806663207,11547309.375000002,14019983.753614197,arb est (yr 3),3504995.938403547,1.3604889600000003,2576276.6486569257
679775,Kyle Backhus,2025,0,pre-arb,0.6733382017420525,9500000.0,760000.0,league min,5636712.916549499,1.0,5636712.916549499
679775,Kyle Backhus,2026,1,pre-arb,0.6733382017420525,9975000.0,780000.0,league min,5936548.562376974,1.08,5496804.224423124
679775,Kyle Backhus,2027,2,pre-arb,0.6733382017420525,10473750.0,780000.0,league min,6272375.990495822,1.1664,5377551.432180917
679775,Kyle Backhus,2028,3,arb,0.6733382017420525,10997437.500000002,2961997.916008246,arb est (yr 1),4442996.874012369,1.2597120000000002,3526994.165342847
679775,Kyle Backhus,2029,4,arb,0.6733382017420525,11547309.375000002,4665146.717712987,arb est (yr 2),3110097.811808658,1.3604889600000003,2286014.736796289
679775,Kyle Backhus,2030,5,arb,0.6733382017420525,12124674.843750004,6531205.404798184,arb est (yr 3),1632801.351199545,1.4693280768000003,1111257.163720418
683409,Angel Chivilli,2025,0,pre-arb,1.0016181681957292,9500000.0,760000.0,league min,8755372.597859427,1.0,8755372.597859427
683409,Angel Chivilli,2026,1,pre-arb,1.0016181681957292,9975000.0,780000.0,league min,9211141.2277524,1.08,8528834.47014111
683409,Angel Chivilli,2027,2,arb,1.0016181681957292,10473750.0,4196279.315656008,arb est (yr 1),6294418.973484011,1.1664,5396449.737211944
683409,Angel Chivilli,2028,3,arb,1.0016181681957292,10997437.500000002,6609139.922158213,arb est (yr 2),4406093.281438809,1.2597120000000002,3497698.9037484825
683409,Angel Chivilli,2029,4,arb,1.0016181681957292,11547309.375000002,9252795.8910215,arb est (yr 3),2313198.9727553744,1.3604889600000003,1700270.3004332895
663559,Bailey Falter,2025,0,arb,1.0732623207517038,9500000.0,2222000.0,hand,7973992.047141187,1.0,7973992.047141187
663559,Bailey Falter,2026,1,arb,1.0732623207517038,9975000.0,6423474.9896989465,arb est (yr 2),4282316.659799298,1.08,3965108.018332684
663559,Bailey Falter,2027,2,arb,1.0732623207517038,10473750.0,8992864.985578528,arb est (yr 3),2248216.2463946305,1.1664,1927483.064467276
663559,Bailey Falter,2028,3,arb,1.0732623207517038,10997437.500000002,9442508.234857451,arb est (yr 4),2360627.058714364,1.2597120000000002,1873941.868232075
690916,Richard Fitts,2025,0,pre-arb,1.917441849199888,9500000.0,760000.0,league min,17455697.567398936,1.0,17455697.567398936
690916,Richard Fitts,2026,1,pre-arb,1.917441849199888,9975000.0,780000.0,league min,18346482.445768885,1.08,16987483.7460823
690916,Richard Fitts,2027,2,arb,1.917441849199888,10473750.0,8033122.627222932,arb est (yr 1),12049683.940834396,1.1664,10330661.814844305
690916,Richard Fitts,2028,3,arb,1.917441849199888,10997437.500000002,12652168.137876118,arb est (yr 2),8434778.75858408,1.2597120000000002,6695799.324436124
690916,Richard Fitts,2029,4,arb,1.917441849199888,11547309.375000002,17713035.393026568,arb est (yr 3),4428258.84825664,1.3604889600000003,3254902.4493786697
681190,Randy Vásquez,2025,0,pre-arb,0.8018611575204357,9500000.0,760000.0,league min,6857680.99644414,1.0,6857680.99644414
681190,Randy Vásquez,2026,1,arb,0.8018611575204357,9975000.0,3199426.0185065386,arb est (yr 1),4799139.027759807,1.08,4443647.247925747
681190,Randy Vásquez,2027,2,arb,0.8018611575204357,10473750.0,5039095.979147797,arb est (yr 2),3359397.3194318656,1.1664,2880141.734766688
681190,Randy Vásquez,2028,3,arb,0.8018611575204357,10997437.500000002,7054734.370806919,arb est (yr 3),1763683.5927017294,1.2597120000000002,1400068.8988449178
676508,Ben Casparius,2025,0,pre-arb,2.55550517093247,9500000.0,760000.0,league min,23517299.123858467,1.0,23517299.123858467
676508,Ben Casparius,2026,1,pre-arb,2.55550517093247,9975000.0,780000.0,league min,24711164.08005139,1.08,22880707.48152906
676508,Ben Casparius,2027,2,arb,2.55550517093247,10473750.0,10706288.913621584,arb est (yr 1),16059433.370432377,1.1664,13768375.660521582
676508,Ben Casparius,2028,3,arb,2.55550517093247,10997437.500000002,16862405.038953993,arb est (yr 2),11241603.359302666,1.2597120000000002,8923947.187375102
676508,Ben Casparius,2029,4,arb,2.55550517093247,11547309.375000002,23607367.0545356,arb est (yr 3),5901841.763633896,1.3604889600000003,4338029.882751782
696270,Ryan Johnson,2025,0,pre-arb,1.714770244516696,9500000.0,760000.0,league min,15530317.322908614,1.0,15530317.322908614
696270,Ryan Johnson,2026,1,pre-arb,1.714770244516696,9975000.0,780000.0,league min,16324833.189054042,1.08,15115586.286161149
696270,Ryan Johnson,2027,2,pre-arb,1.714770244516696,10473750.0,780000.0,league min,17180074.848506745,1.1664,14729145.10331511
696270,Ryan Johnson,2028,3,arb,1.714770244516696,10997437.500000002,7543231.436372835,arb est (yr 1),11314847.15455925,1.2597120000000002,8982090.47350446
696270,Ryan Johnson,2029,4,arb,1.714770244516696,11547309.375000002,11880589.512287214,arb est (yr 2),7920393.008191477,1.3604889600000003,5821725.30690104
696270,Ryan Johnson,2030,5,arb,1.714770244516696,12124674.843750004,16632825.317202104,arb est (yr 3),4158206.3293005247,1.4693280768000003,2830005.357521337
669438,Mason Englert,2025,0,pre-arb,1.6931539735062209,9500000.0,760000.0,league min,15324962.748309098,1.0,15324962.748309098
669438,Mason Englert,2026,1,arb,1.6931539735062209,9975000.0,6755684.354289821,arb est (yr 1),10133526.53143473,1.08,9382894.936513638
669438,Mason Englert,2027,2,arb,1.6931539735062209,10473750.0,10640202.858006468,arb est (yr 2),7093468.572004313,1.1664,6081505.977369952
669438,Mason Englert,2028,3,arb,1.6931539735062209,10997437.500000002,14896284.00120906,arb est (yr 3),3724071.000302265,1.2597120000000002,2956287.6278881715
693855,Ian Seymour,2025,0,pre-arb,1.0365410186910864,9500000.0,760000.0,league min,9087139.67756532,1.0,9087139.67756532
693855,Ian Seymour,2026,1,pre-arb,1.0365410186910864,9975000.0,780000.0,league min,9559496.661443587,1.08,8851385.797632951
693855,Ian Seymour,2027,2,pre-arb,1.0365410186910864,10473750.0,780000.0,league min,10076471.494515764,1.1664,8638950.183912693
693855,Ian Seymour,2028,3,arb,1.0365410186910864,10997437.500000002,4559718.027696623,arb est (yr 1),6839577.041544933,1.2597120000000002,5429476.770519716
693855,Ian Seymour,2029,4,arb,1.0365410186910864,11547309.375000002,7181555.89362218,arb est (yr 2),4787703.929081454,1.3604889600000003,3519105.314225742
693855,Ian Seymour,2030,5,arb,1.0365410186910864,12124674.843750004,10054178.251071054,arb est (yr 3),2513544.5627677627,1.4693280768000003,1710676.1944152906
680742,Jonathan Bowlan,2025,0,pre-arb,2.59220229982186,9500000.0,760000.0,league min,23865921.848307677,1.0,23865921.848307677
680742,Jonathan Bowlan,2026,1,arb,2.59220229982186,9975000.0,10342887.176289223,arb est (yr 1),15514330.764433833,1.08,14365121.078179471
680742,Jonathan Bowlan,2027,2,arb,2.59220229982186,10473750.0,16290047.302655524,arb est (yr 2),10860031.535103684,1.1664,9310726.624745956
680742,Jonathan Bowlan,2028,3,arb,2.59220229982186,10997437.500000002,22806066.223717734,arb est (yr 3),5701516.555929434,1.2597120000000002,4526047.664807062
680736,Justin Wrobleski,2025,0,pre-arb,2.0753103954881267,9500000.0,760000.0,league min,18955448.7571372,1.0,18955448.7571372
680736,Justin Wrobleski,2026,1,pre-arb,2.0753103954881267,9975000.0,780000.0,league min,19921221.194994062,1.08,18445575.180550057
680736,Justin Wrobleski,2027,2,arb,2.0753103954881267,10473750.0,8694512.901897507,arb est (yr 1),13041769.35284626,1.1664,11181215.151617162
680736,Justin Wrobleski,2028,3,arb,2.0753103954881267,10997437.500000002,13693857.820488576,arb est (yr 2),9129238.546992384,1.2597120000000002,7247083.894566681
680736,Justin Wrobleski,2029,4,arb,2.0753103954881267,11547309.375000002,19171400.948684003,arb est (yr 3),4792850.237171002,1.3604889600000003,3522888.004303248
676661,Max Lazar,2025,0,pre-arb,2.0870966420938046,9500000.0,760000.0,league min,19067418.099891145,1.0,19067418.099891145
676661,Max Lazar,2026,1,pre-arb,2.0870966420938046,9975000.0,780000.0,league min,20038789.0048857,1.08,18554434.263783053
676661,Max Lazar,2027,2,arb,2.0870966420938046,10473750.0,8743891.382051995,arb est (yr 1),13115837.07307799,1.1664,11244716.283503076
676661,Max Lazar,2028,3,arb,2.0870966420938046,10997437.500000002,13771628.926731894,arb est (yr 2),9181085.951154595,1.2597120000000002,7288242.035603847
676661,Max Lazar,2029,4,arb,2.0870966420938046,11547309.375000002,19280280.49742465,arb est (yr 3),4820070.124356162,1.3604889600000003,3542895.433974092
829272,Shinnosuke Ogasawara,2025,0,pre-arb,0.7830043882029627,9500000.0,760000.0,league min,6678541.687928146,1.0,6678541.687928146
829272,Shinnosuke Ogasawara,2026,1,pre-arb,0.7830043882029627,9975000.0,780000.0,league min,7030468.772324553,1.08,6509693.307707919
829272,Shinnosuke Ogasawara,2027,2,pre-arb,0.7830043882029627,10473750.0,780000.0,league min,7420992.21094078,1.1664,6362304.70759669
829272,Shinnosuke Ogasawara,2028,3,arb,0.7830043882029627,10997437.500000002,3444416.7285951287,arb est (yr 1),5166625.092892693,1.2597120000000002,4101433.576002049
829272,Shinnosuke Ogasawara,2029,4,arb,0.7830043882029627,11547309.375000002,5424956.347537327,arb est (yr 2),3616637.565024885,1.3604889600000003,2658336.5770383645
829272,Shinnosuke Ogasawara,2030,5,arb,0.7830043882029627,12124674.843750004,7594938.886552259,arb est (yr 3),1898734.7216380648,1.4693280768000003,1292246.947171427
676775,Keaton Winn,2025,0,pre-arb,1.4849665773665357,9500000.0,760000.0,league min,13347182.48498209,1.0,13347182.48498209
676775,Keaton Winn,2026,1,arb,1.4849665773665357,9975000.0,5925016.643692479,arb est (yr 1),8887524.965538716,1.08,8229189.7829062175
676775,Keaton Winn,2027,2,arb,1.4849665773665357,10473750.0,9331901.213815652,arb est (yr 2),6221267.475877101,1.1664,5333734.118550326
676775,Keaton Winn,2028,3,arb,1.4849665773665357,10997437.500000002,13064661.699341916,arb est (yr 3),3266165.424835479,1.2597120000000002,2592787.4187397426
683627,Anthony Molina,2025,0,pre-arb,1.234621587047568,9500000.0,760000.0,league min,10968905.076951897,1.0,10968905.076951897
683627,Anthony Molina,2026,1,pre-arb,1.234621587047568,9975000.0,780000.0,league min,11535350.33079949,1.08,10680879.935925454
683627,Anthony Molina,2027,2,arb,1.234621587047568,10473750.0,5172447.138935786,arb est (yr 1),7758670.708403679,1.1664,6651809.5922528105
683627,Anthony Molina,2028,3,arb,1.234621587047568,10997437.500000002,8146604.243823864,arb est (yr 2),5431069.495882576,1.2597120000000002,4311358.069052748
683627,Anthony Molina,2029,4,arb,1.234621587047568,11547309.375000002,11405245.94135341,arb est (yr 3),2851311.4853383508,1.3604889600000003,2095799.0613450843
701581,David Festa,2025,0,pre-arb,2.048676730167022,9500000.0,760000.0,league min,18702428.936586708,1.0,18702428.936586708
701581,David Festa,2026,1,pre-arb,2.048676730167022,9975000.0,780000.0,league min,19655550.38341604,1.08,18199583.688348185
701581,David Festa,2027,2,arb,2.048676730167022,10473750.0,8582931.161034739,arb est (yr 1),12874396.741552103,1.1664,11037720.114499403
701581,David Festa,2028,3,arb,2.048676730167022,10997437.500000002,13518116.578629715,arb est (yr 2),9012077.719086478,1.2597120000000002,7154077.851990357
701581,David Festa,2029,4,arb,2.048676730167022,11547309.375000002,18925363.210081603,arb est (yr 3),4731340.802520398,1.3604889600000003,3477676.7336064214
681347,Mike Burrows,2025,0,pre-arb,1.0710832619834283,9500000.0,760000.0,hand,9415290.98884257,1.0,9415290.98884257
681347,Mike Burrows,2026,1,pre-arb,1.0710832619834283,9975000.0,780000.0,league min,9904055.538284697,1.08,9170421.794708053
681347,Mike Burrows,2027,2,pre-arb,1.0710832619834283,10473750.0,780000.0,league min,10438258.315198932,1.1664,8949124.06995793
681347,Mike Burrows,2028,3,arb,1.0710832619834283,10997437.500000002,4711668.492383553,arb est (yr 1),7067502.738575328,1.2597120000000002,5610411.537379438
681347,Mike Burrows,2029,4,arb,1.0710832619834283,11547309.375000002,7420877.875504095,arb est (yr 2),4947251.91700273,1.3604889600000003,3636377.848301488
681347,Mike Burrows,2030,5,arb,1.0710832619834283,12124674.843750004,10389229.025705734,arb est (yr 3),2597307.256426433,1.4693280768000003,1767683.6762576674
680684,Gunnar Hoglund,2025,0,pre-arb,1.6474762466887851,9500000.0,760000.0,league min,14891024.34354346,1.0,14891024.34354346
680684,Gunnar Hoglund,2026,1,pre-arb,1.6474762466887851,9975000.0,780000.0,league min,15653575.560720632,1.08,14494051.445111696
680684,Gunnar Hoglund,2027,2,pre-arb,1.6474762466887851,10473750.0,780000.0,league min,16475254.338756662,1.1664,14124875.118961472
680684,Gunnar Hoglund,2028,3,arb,1.6474762466887851,10997437.500000002,7247206.822277799,arb est (yr 1),10870810.2334167,1.2597120000000002,8629599.64929817
680684,Gunnar Hoglund,2029,4,arb,1.6474762466887851,11547309.375000002,11414350.745087534,arb est (yr 2),7609567.163391691,1.3604889600000003,5593259.031952519
680684,Gunnar Hoglund,2030,5,arb,1.6474762466887851,12124674.843750004,15980091.043122552,arb est (yr 3),3995022.760780636,1.4693280768000003,2718945.362754695
669721,Davis Daniel,2025,0,pre-arb,0.5096618962067301,9500000.0,760000.0,league min,4081788.013963936,1.0,4081788.013963936
669721,Davis Daniel,2026,1,arb,0.5096618962067301,9975000.0,2033550.9658648528,arb est (yr 1),3050326.44879728,1.08,2824376.341478963
669721,Davis Daniel,2027,2,arb,0.5096618962067301,10473750.0,3202842.771237144,arb est (yr 2),2135228.514158096,1.1664,1830614.2954030312
669721,Davis Daniel,2028,3,arb,0.5096618962067301,10997437.500000002,4483979.879732002,arb est (yr 3),1120994.9699330004,1.2597120000000002,889881.9491542514
669724,Brenan Hanifee,2025,0,pre-arb,1.5915570558263448,9500000.0,760000.0,league min,14359792.030350275,1.0,14359792.030350275
669724,Brenan Hanifee,2026,1,arb,1.5915570558263448,9975000.0,6350312.652747116,arb est (yr 1),9525468.979120672,1.08,8819878.684370993
669724,Brenan Hanifee,2027,2,arb,1.5915570558263448,10473750.0,10001742.428076709,arb est (yr 2),6667828.285384472,1.1664,5716588.036166386
669724,Brenan Hanifee,2028,3,arb,1.5915570558263448,10997437.500000002,14002439.399307393,arb est (yr 3),3500609.8498268463,1.2597120000000002,2778896.962025325
680885,Spencer Schwellenbach,2025,0,pre-arb,2.345320661687239,9500000.0,760000.0,league min,21520546.28602877,1.0,21520546.28602877
680885,Spencer Schwellenbach,2026,1,pre-arb,2.345320661687239,9975000.0,780000.0,league min,22614573.600330207,1.08,20939420.000305746
680885,Spencer Schwellenbach,2027,2,arb,2.345320661687239,10473750.0,9825720.912138687,arb est (yr 1),14738581.36820803,1.1664,12635957.963141317
680885,Spencer Schwellenbach,2028,3,arb,2.345320661687239,10997437.500000002,15475510.436618434,arb est (yr 2),10317006.957745625,1.2597120000000002,8189972.753887892
680885,Spencer Schwellenbach,2029,4,arb,2.345320661687239,11547309.375000002,21665714.61126581,arb est (yr 3),5416428.652816452,1.3604889600000003,3981236.755362168
674841,Andrew Alvarez,2025,0,pre-arb,1.561107118211398,9500000.0,760000.0,league min,14070517.62300828,1.0,14070517.62300828
674841,Andrew Alvarez,2026,1,pre-arb,1.561107118211398,9975000.0,780000.0,league min,14792043.504158696,1.08,13696336.577924715
674841,Andrew Alvarez,2027,2,pre-arb,1.561107118211398,10473750.0,780000.0,league min,15570645.67936663,1.1664,13349318.998085244
674841,Andrew Alvarez,2028,3,arb,1.561107118211398,10997437.500000002,6867271.185333986,arb est (yr 1),10300906.778000977,1.2597120000000002,8177191.91212037
674841,Andrew Alvarez,2029,4,arb,1.561107118211398,11547309.375000002,10815952.116901029,arb est (yr 2),7210634.744600685,1.3604889600000003,5300031.794892833
674841,Andrew Alvarez,2030,5,arb,1.561107118211398,12124674.843750004,15142332.963661442,arb est (yr 3),3785583.24091536,1.4693280768000003,2576404.344739571
695418,Brad Lord,2025,0,pre-arb,1.3248573291356205,9500000.0,760000.0,league min,11826144.626788393,1.0,11826144.626788393
695418,Brad Lord,2026,1,pre-arb,1.3248573291356205,9975000.0,780000.0,league min,12435451.858127812,1.08,11514307.27604427
695418,Brad Lord,2027,2,pre-arb,1.3248573291356205,10473750.0,780000.0,league min,13096224.451034203,1.1664,11227901.621257031
695418,Brad Lord,2028,3,arb,1.3248573291356205,10997437.500000002,5828014.269434366,arb est (yr 1),8742021.40415155,1.2597120000000002,6939698.442303915
695418,Brad Lord,2029,4,arb,1.3248573291356205,11547309.375000002,9179122.474359129,arb est (yr 2),6119414.9829060845,1.3604889600000003,4497952.69408587
695418,Brad Lord,2030,5,arb,1.3248573291356205,12124674.843750004,12850771.46410278,arb est (yr 3),3212692.8660256937,1.4693280768000003,2186504.781847297
683155,Joey Estes,2025,0,pre-arb,0.9148936448795216,9500000.0,760000.0,league min,7931489.626355456,1.0,7931489.626355456
683155,Joey Estes,2026,1,arb,0.9148936448795216,9975000.0,3650425.643069292,arb est (yr 1),5475638.464603936,1.08,5070035.615374015
683155,Joey Estes,2027,2,arb,0.9148936448795216,10473750.0,5749420.387834134,arb est (yr 2),3832946.925222756,1.1664,3286134.195149825
683155,Joey Estes,2028,3,arb,0.9148936448795216,10997437.500000002,8049188.542967789,arb est (yr 3),2012297.1357419472,1.2597120000000002,1597426.3448644984
689520,Cody Laweryson,2025,0,pre-arb,2.4193316016760047,9500000.0,760000.0,league min,22223650.215922046,1.0,22223650.215922046
689520,Cody Laweryson,2026,1,pre-arb,2.4193316016760047,9975000.0,780000.0,league min,23352832.726718143,1.08,21622993.26547976
689520,Cody Laweryson,2027,2,pre-arb,2.4193316016760047,10473750.0,780000.0,league min,24559474.363054056,1.1664,21055790.77765265
689520,Cody Laweryson,2028,3,arb,2.4193316016760047,10997437.500000002,10642579.232482703,arb est (yr 1),15963868.848724056,1.2597120000000002,12672633.783534693
689520,Cody Laweryson,2029,4,arb,2.4193316016760047,11547309.375000002,16762062.29116026,arb est (yr 2),11174708.19410684,1.3604889600000003,8213744.11895767
689520,Cody Laweryson,2030,5,arb,2.4193316016760047,12124674.843750004,23466887.20762437,arb est (yr 3),5866721.80190609,1.4693280768000003,3992792.280048866
669620,Brady Basso,2025,0,pre-arb,0.8784811878790686,9500000.0,760000.0,league min,7585571.284851151,1.0,7585571.284851151
669620,Brady Basso,2026,1,pre-arb,0.8784811878790686,9975000.0,780000.0,league min,7982849.849093709,1.08,7391527.63804973
669620,Brady Basso,2027,2,arb,0.8784811878790686,10473750.0,3680396.936619358,arb est (yr 1),5520595.404929036,1.1664,4733020.751825305
669620,Brady Basso,2028,3,arb,0.8784811878790686,10997437.500000002,5796625.175175489,arb est (yr 2),3864416.783450327,1.2597120000000002,3067698.635442328
669620,Brady Basso,2029,4,arb,0.8784811878790686,11547309.375000002,8115275.245245685,arb est (yr 3),2028818.811311421,1.3604889600000003,1491242.392228909
669387,Carmen Mlodzinski,2025,0,pre-arb,0.7915924385465026,9500000.0,775000.0,hand,6745128.166191775,1.0,6745128.166191775
669387,Carmen Mlodzinski,2026,1,pre-arb,0.7915924385465026,9975000.0,780000.0,league min,7116134.574501364,1.08,6589013.49490867
669387,Carmen Mlodzinski,2027,2,arb,0.7915924385465026,10473750.0,3316376.521290573,arb est (yr 1),4974564.78193586,1.1664,4264887.501659687
669387,Carmen Mlodzinski,2028,3,arb,0.7915924385465026,10997437.500000002,5223293.021032653,arb est (yr 2),3482195.347355102,1.2597120000000002,2764278.936260909
669387,Carmen Mlodzinski,2029,4,arb,0.7915924385465026,11547309.375000002,7312610.229445714,arb est (yr 3),1828152.557361428,1.3604889600000003,1343746.7051268297
686747,Joe La Sorsa,2025,0,pre-arb,0.639439565581518,9500000.0,760000.0,league min,5314675.873024422,1.0,5314675.873024422
686747,Joe La Sorsa,2026,1,arb,0.639439565581518,9975000.0,2551363.866670257,arb est (yr 1),3827045.800005385,1.08,3543560.925930912
686747,Joe La Sorsa,2027,2,arb,0.639439565581518,10473750.0,4018398.0900056544,arb est (yr 2),2678932.06000377,1.1664,2296752.451992258
686747,Joe La Sorsa,2028,3,arb,0.639439565581518,10997437.500000002,5625757.3260079175,arb est (yr 3),1406439.3315019794,1.2597120000000002,1116476.8863851256
671111,Sammy Peralta,2025,0,pre-arb,1.8704111482302253,9500000.0,760000.0,league min,17008905.908187144,1.0,17008905.908187144
671111,Sammy Peralta,2026,1,arb,1.8704111482302253,9975000.0,7462940.481438599,arb est (yr 1),11194410.7221579,1.08,10365195.113109166
671111,Sammy Peralta,2027,2,arb,1.8704111482302253,10473750.0,11754131.258265795,arb est (yr 2),7836087.5055105295,1.1664,6718182.017755941
671111,Sammy Peralta,2028,3,arb,1.8704111482302253,10997437.500000002,16455783.761572115,arb est (yr 3),4113945.940393027,1.2597120000000002,3265782.9252980254
687830,Sawyer Gipson-Long,2025,0,pre-arb,1.7163258703063,9500000.0,760000.0,league min,15545095.76790985,1.0,15545095.76790985
687830,Sawyer Gipson-Long,2026,1,arb,1.7163258703063,9975000.0,6848140.222522137,arb est (yr 1),10272210.333783206,1.08,9511305.86461408
687830,Sawyer Gipson-Long,2027,2,arb,1.7163258703063,10473750.0,10785820.850472365,arb est (yr 2),7190547.233648244,1.1664,6164735.282620236
687830,Sawyer Gipson-Long,2028,3,arb,1.7163258703063,10997437.500000002,15100149.190661317,arb est (yr 3),3775037.297665328,1.2597120000000002,2996746.317940392
663795,Justin Hagenman,2025,0,pre-arb,1.9848086541122896,9500000.0,760000.0,league min,18095682.21406675,1.0,18095682.21406675
663795,Justin Hagenman,2026,1,pre-arb,1.9848086541122896,9975000.0,780000.0,league min,19018466.32477009,1.08,17609691.041453786
663795,Justin Hagenman,2027,2,pre-arb,1.9848086541122896,10473750.0,780000.0,league min,20008389.6410086,1.1664,17153969.170960728
663795,Justin Hagenman,2028,3,arb,1.9848086541122896,10997437.500000002,8731123.64922361,arb est (yr 1),13096685.473835416,1.2597120000000002,10396571.17963107
663795,Justin Hagenman,2029,4,arb,1.9848086541122896,11547309.375000002,13751519.747527188,arb est (yr 2),9167679.831684792,1.3604889600000003,6738518.357168286
663795,Justin Hagenman,2030,5,arb,1.9848086541122896,12124674.843750004,19252127.646538068,arb est (yr 3),4813031.911634516,1.4693280768000003,3275668.645845694
696136,Jordan Wicks,2025,0,pre-arb,1.6287564693606953,9500000.0,760000.0,league min,14713186.458926603,1.0,14713186.458926603
696136,Jordan Wicks,2026,1,arb,1.6287564693606953,9975000.0,6498738.312749174,arb est (yr 1),9748107.469123762,1.08,9026025.434373854
696136,Jordan Wicks,2027,2,arb,1.6287564693606953,10473750.0,10235512.84257995,arb est (yr 2),6823675.228386633,1.1664,5850201.670427497
696136,Jordan Wicks,2028,3,arb,1.6287564693606953,10997437.500000002,14329717.979611931,arb est (yr 3),3582429.494902981,1.2597120000000002,2843848.034235588
685068,Carson Ragsdale,2025,0,pre-arb,1.0585125471171233,9500000.0,760000.0,league min,9295869.197612671,1.0,9295869.197612671
685068,Carson Ragsdale,2026,1,pre-arb,1.0585125471171233,9975000.0,780000.0,league min,9778662.657493304,1.08,9054317.275456762
685068,Carson Ragsdale,2027,2,pre-arb,1.0585125471171233,10473750.0,780000.0,league min,10306595.79036797,1.1664,8836244.6762414
685068,Carson Ragsdale,2028,3,arb,1.0585125471171233,10997437.500000002,4656370.2319545485,arb est (yr 1),6984555.347931823,1.2597120000000002,5544565.2243781295
685068,Carson Ragsdale,2029,4,arb,1.0585125471171233,11547309.375000002,7333783.115328413,arb est (yr 2),4889188.743552276,1.3604889600000003,3593699.6824673056
685068,Carson Ragsdale,2030,5,arb,1.0585125471171233,12124674.843750004,10267296.36145978,arb est (yr 3),2566824.090364944,1.4693280768000003,1746937.3456438284
663462,Isaiah Campbell,2025,0,pre-arb,2.342682127887704,9500000.0,760000.0,league min,21495480.214933187,1.0,21495480.214933187
663462,Isaiah Campbell,2026,1,arb,2.342682127887704,9975000.0,9347301.69027194,arb est (yr 1),14020952.535407908,1.08,12982363.458711026
663462,Isaiah Campbell,2027,2,arb,2.342682127887704,10473750.0,14722000.162178302,arb est (yr 2),9814666.774785535,1.1664,8414494.834349738
663462,Isaiah Campbell,2028,3,arb,2.342682127887704,10997437.500000002,20610800.22704963,arb est (yr 3),5152700.056762405,1.2597120000000002,4090379.433364455
694297,Brandon Pfaadt,2025,0,pre-arb,1.3738639650604425,9500000.0,760000.0,league min,12291707.668074202,1.0,12291707.668074202
694297,Brandon Pfaadt,2026,1,arb,1.3738639650604425,9975000.0,5481717.220591165,arb est (yr 1),8222575.830886746,1.08,7613496.139709949
694297,Brandon Pfaadt,2027,2,arb,1.3738639650604425,10473750.0,8633704.622431085,arb est (yr 2),5755803.081620723,1.1664,4934673.423886079
694297,Brandon Pfaadt,2028,3,arb,1.3738639650604425,10997437.500000002,12087186.47140352,arb est (yr 3),3021796.617850879,1.2597120000000002,2398799.5810557324
663687,Hogan Harris,2025,0,pre-arb,1.2779174328986798,9500000.0,760000.0,league min,11380215.61253746,1.0,11380215.61253746
663687,Hogan Harris,2026,1,arb,1.2779174328986798,9975000.0,5098890.557265732,arb est (yr 1),7648335.835898599,1.08,7081792.4406468505
663687,Hogan Harris,2027,2,arb,1.2779174328986798,10473750.0,8030752.627693528,arb est (yr 2),5353835.085129019,1.1664,4590050.65597481
663687,Hogan Harris,2028,3,arb,1.2779174328986798,10997437.500000002,11243053.678770944,arb est (yr 3),2810763.4196927343,1.2597120000000002,2231274.6244321987
642701,Dennis Santana,2025,0,arb,2.1367556852820497,9500000.0,1400000.0,hand,18899179.01017947,1.0,18899179.01017947
642701,Dennis Santana,2026,1,arb,2.1367556852820497,9975000.0,17051310.36855076,arb est (yr 3),4262827.592137687,1.08,3947062.585312673
681857,Reese Olson,2025,0,pre-arb,1.6544557487800178,9500000.0,760000.0,league min,14957329.61341017,1.0,14957329.61341017
681857,Reese Olson,2026,1,arb,1.6544557487800178,9975000.0,6601278.437632271,arb est (yr 1),9901917.656448403,1.08,9168442.274489263
681857,Reese Olson,2027,2,arb,1.6544557487800178,10473750.0,10397013.539270828,arb est (yr 2),6931342.359513884,1.1664,5942508.881613412
681857,Reese Olson,2028,3,arb,1.6544557487800178,10997437.500000002,14555818.95497916,arb est (yr 3),3638954.7387447897,1.2597120000000002,2888719.5952287423
687003,Brian Van Belle,2025,0,pre-arb,1.740150978199443,9500000.0,760000.0,league min,15771434.29289471,1.0,15771434.29289471
687003,Brian Van Belle,2026,1,pre-arb,1.740150978199443,9975000.0,780000.0,league min,16578006.007539444,1.08,15350005.56253652
687003,Brian Van Belle,2027,2,pre-arb,1.740150978199443,10473750.0,780000.0,league min,17445906.307916418,1.1664,14957052.7331245
687003,Brian Van Belle,2028,3,arb,1.740150978199443,10997437.500000002,7654880.649324898,arb est (yr 1),11482320.973987345,1.2597120000000002,9115036.59089327
687003,Brian Van Belle,2029,4,arb,1.740150978199443,11547309.375000002,12056437.022686712,arb est (yr 2),8037624.681791142,1.3604889600000003,5907894.086690082
687003,Brian Van Belle,2030,5,arb,1.740150978199443,12124674.843750004,16879011.8317614,arb est (yr 3),4219752.957940348,1.4693280768000003,2871892.958807677
663623,Jake Irvin,2025,0,pre-arb,0.914573705851338,9500000.0,760000.0,league min,7928450.205587711,1.0,7928450.205587711
663623,Jake Irvin,2026,1,arb,0.914573705851338,9975000.0,3649149.086346839,arb est (yr 1),5473723.629520258,1.08,5068262.619926165
663623,Jake Irvin,2027,2,arb,0.914573705851338,10473750.0,5747409.810996271,arb est (yr 2),3831606.54066418,1.1664,3284985.0314336247
663623,Jake Irvin,2028,3,arb,0.914573705851338,10997437.500000002,8046373.7353947805,arb est (yr 3),2011593.433848695,1.2597120000000002,1596867.7236135677
672456,Keider Montero,2025,0,pre-arb,1.7168895632846388,9500000.0,760000.0,league min,15550450.85120407,1.0,15550450.85120407
672456,Keider Montero,2026,1,pre-arb,1.7168895632846388,9975000.0,780000.0,league min,16345973.393764272,1.08,15135160.549781732
672456,Keider Montero,2027,2,arb,1.7168895632846388,10473750.0,7192908.825380995,arb est (yr 1),10789363.23807149,1.1664,9250139.95033564
672456,Keider Montero,2028,3,arb,1.7168895632846388,10997437.500000002,11328831.399975069,arb est (yr 2),7552554.266650045,1.2597120000000002,5995461.078921249
672456,Keider Montero,2029,4,arb,1.7168895632846388,11547309.375000002,15860363.959965097,arb est (yr 3),3965090.9899912737,1.3604889600000003,2914460.246697829
808967,Yoshinobu Yamamoto,2025,0,pre-arb,2.5152864563162507,9500000.0,760000.0,league min,23135221.33500438,1.0,23135221.33500438
808967,Yoshinobu Yamamoto,2026,1,pre-arb,2.5152864563162507,9975000.0,780000.0,league min,24309982.4017546,1.08,22509242.96458759
808967,Yoshinobu Yamamoto,2027,2,arb,2.5152864563162507,10473750.0,10537792.608736932,arb est (yr 1),15806688.913105398,1.1664,13551688.025639055
808967,Yoshinobu Yamamoto,2028,3,arb,2.5152864563162507,10997437.500000002,16597023.35876067,arb est (yr 2),11064682.23917378,1.2597120000000002,8783501.49809939
808967,Yoshinobu Yamamoto,2029,4,arb,2.5152864563162507,11547309.375000002,23235832.702264942,arb est (yr 3),5808958.175566234,1.3604889600000003,4269757.672687203
701552,Andre Granillo,2025,0,pre-arb,1.092032246019079,9500000.0,760000.0,league min,9614306.33718125,1.0,9614306.33718125
701552,Andre Granillo,2026,1,pre-arb,1.092032246019079,9975000.0,780000.0,league min,10113021.654040312,1.08,9363908.938926214
701552,Andre Granillo,2027,2,pre-arb,1.092032246019079,10473750.0,780000.0,league min,10657672.736742329,1.1664,9137236.571281144
701552,Andre Granillo,2028,3,arb,1.092032246019079,10997437.500000002,4803822.5494317785,arb est (yr 1),7205733.824147668,1.2597120000000002,5720143.82981798
701552,Andre Granillo,2029,4,arb,1.092032246019079,11547309.375000002,7566020.5153550515,arb est (yr 2),5044013.676903368,1.3604889600000003,3707500.63043758
701552,Andre Granillo,2030,5,arb,1.092032246019079,12124674.843750004,10592428.721497074,arb est (yr 3),2648107.1803742684,1.4693280768000003,1802257.2509071568
690928,Hunter Dobbins,2025,0,pre-arb,1.4048013532251205,9500000.0,760000.0,league min,12585612.855638644,1.0,12585612.855638644
690928,Hunter Dobbins,2026,1,pre-arb,1.4048013532251205,9975000.0,780000.0,league min,13232893.498420576,1.08,12252679.165204236
690928,Hunter Dobbins,2027,2,pre-arb,1.4048013532251205,10473750.0,780000.0,league min,13933538.173341606,1.1664,11945763.180162556
690928,Hunter Dobbins,2028,3,arb,1.4048013532251205,10997437.500000002,6179686.032803476,arb est (yr 1),9269529.049205212,1.2597120000000002,7358451.018332135
690928,Hunter Dobbins,2029,4,arb,1.4048013532251205,11547309.375000002,9733005.501665471,arb est (yr 2),6488670.334443649,1.3604889600000003,4769366.400770829
690928,Hunter Dobbins,2030,5,arb,1.4048013532251205,12124674.843750004,13626207.702331666,arb est (yr 3),3406551.9255829155,1.4693280768000003,2318442.000374708
670280,David Bednar,2025,0,arb,1.4555376172151413,9500000.0,5900000.0,hand,7927607.363543842,1.0,7927607.363543842
670280,David Bednar,2026,1,arb,1.4555376172151413,9975000.0,9000000.0,guaranteed,5518987.731721034,1.08,5110173.825667624
669947,Jesse Scholtens,2025,0,pre-arb,1.7014363288558922,9500000.0,760000.0,league min,15403645.124130975,1.0,15403645.124130975
669947,Jesse Scholtens,2026,1,arb,1.7014363288558922,9975000.0,6788730.952135011,arb est (yr 1),10183096.428202514,1.08,9428792.9890764
669947,Jesse Scholtens,2027,2,arb,1.7014363288558922,10473750.0,10692251.24961264,arb est (yr 2),7128167.499741761,1.1664,6111254.715142113
669947,Jesse Scholtens,2028,3,arb,1.7014363288558922,10997437.500000002,14969151.7494577,arb est (yr 3),3742287.937364424,1.2597120000000002,2970748.8198607485
685107,Anthony Veneziano,2025,0,pre-arb,1.1700690009310355,9500000.0,760000.0,league min,10355655.50884484,1.0,10355655.50884484
685107,Anthony Veneziano,2026,1,arb,1.1700690009310355,9975000.0,4668575.313714833,arb est (yr 1),7002862.970572249,1.08,6484132.38015949
685107,Anthony Veneziano,2027,2,arb,1.1700690009310355,10473750.0,7353006.119100861,arb est (yr 2),4902004.079400575,1.1664,4202678.394547817
685107,Anthony Veneziano,2028,3,arb,1.1700690009310355,10997437.500000002,10294208.566741208,arb est (yr 3),2573552.141685301,1.2597120000000002,2042968.6640163
694738,Landen Roupp,2025,0,pre-arb,1.1236689189161613,9500000.0,760000.0,league min,9914854.729703533,1.0,9914854.729703533
694738,Landen Roupp,2026,1,pre-arb,1.1236689189161613,9975000.0,780000.0,league min,10428597.466188708,1.08,9656108.764989544
694738,Landen Roupp,2027,2,arb,1.1236689189161613,10473750.0,4707610.935799258,arb est (yr 1),7061416.403698886,1.1664,6054026.409206864
694738,Landen Roupp,2028,3,arb,1.1236689189161613,10997437.500000002,7414487.223883833,arb est (yr 2),4942991.482589222,1.2597120000000002,3923906.005967412
694738,Landen Roupp,2029,4,arb,1.1236689189161613,11547309.375000002,10380282.113437366,arb est (yr 3),2595070.5283593405,1.3604889600000003,1907454.30845638
696131,Mason Black,2025,0,pre-arb,1.496160774431926,9500000.0,760000.0,league min,13453527.357103296,1.0,13453527.357103296
696131,Mason Black,2026,1,pre-arb,1.496160774431926,9975000.0,780000.0,league min,14144203.724958465,1.08,13096484.930517094
696131,Mason Black,2027,2,arb,1.496160774431926,10473750.0,6268165.564482555,arb est (yr 1),9402248.34672383,1.1664,8060912.5057646
696131,Mason Black,2028,3,arb,1.496160774431926,10997437.500000002,9872360.764060024,arb est (yr 2),6581573.842706684,1.2597120000000002,5224665.5129955765
696131,Mason Black,2029,4,arb,1.496160774431926,11547309.375000002,13821305.069684036,arb est (yr 3),3455326.267421007,1.3604889600000003,2539767.9577061813
671096,Andrew Abbott,2025,0,pre-arb,1.7617542853543708,9500000.0,760000.0,league min,15976665.710866524,1.0,15976665.710866524
671096,Andrew Abbott,2026,1,arb,1.7617542853543708,9975000.0,7029399.598563939,arb est (yr 1),10544099.397845907,1.08,9763054.99800547
671096,Andrew Abbott,2027,2,arb,1.7617542853543708,10473750.0,11071304.367738204,arb est (yr 2),7380869.578492137,1.1664,6327906.017225768
671096,Andrew Abbott,2028,3,arb,1.7617542853543708,10997437.500000002,15499826.114833487,arb est (yr 3),3874956.528708372,1.2597120000000002,3076065.425040304
685126,Brandon Eisert,2025,0,pre-arb,2.2304131855922438,9500000.0,760000.0,league min,20428925.26312631,1.0,20428925.26312631
685126,Brandon Eisert,2026,1,pre-arb,2.2304131855922438,9975000.0,780000.0,league min,21468371.526282627,1.08,19878121.783595026
685126,Brandon Eisert,2027,2,arb,2.2304131855922438,10473750.0,9344316.041038703,arb est (yr 1),14016474.061558057,1.1664,12016867.336726729
685126,Brandon Eisert,2028,3,arb,2.2304131855922438,10997437.500000002,14717297.76463596,arb est (yr 2),9811531.84309064,1.2597120000000002,7788710.310841398
685126,Brandon Eisert,2029,4,arb,2.2304131855922438,11547309.375000002,20604216.870490342,arb est (yr 3),5151054.217622586,1.3604889600000003,3786178.623325679
687911,Bryan King,2025,0,pre-arb,1.3813133130877464,9500000.0,760000.0,league min,12362476.474333592,1.0,12362476.474333592
687911,Bryan King,2026,1,pre-arb,1.3813133130877464,9975000.0,780000.0,league min,12998600.298050271,1.08,12035741.016713211
687911,Bryan King,2027,2,arb,1.3813133130877464,10473750.0,5787012.125181114,arb est (yr 1),8680518.18777167,1.1664,7442145.222712337
687911,Bryan King,2028,3,arb,1.3813133130877464,10997437.500000002,9114544.097160256,arb est (yr 2),6076362.73144017,1.2597120000000002,4823612.644350589
687911,Bryan King,2029,4,arb,1.3813133130877464,11547309.375000002,12760361.736024356,arb est (yr 3),3190090.4340060893,1.3604889600000003,2344811.7021148694
694973,Paul Skenes,2025,0,pre-arb,2.7536702072949253,9500000.0,875000.0,hand,25284866.96930179,1.0,25284866.96930179
694973,Paul Skenes,2026,1,pre-arb,2.7536702072949253,9975000.0,780000.0,league min,26687860.31776688,1.08,24710981.775710072
694973,Paul Skenes,2027,2,arb,2.7536702072949253,10473750.0,11536501.33346209,arb est (yr 1),17304752.000193134,1.1664,14836035.665460505
694973,Paul Skenes,2028,3,arb,2.7536702072949253,10997437.500000002,18169989.600202795,arb est (yr 2),12113326.400135197,1.2597120000000002,9615949.042428106
694973,Paul Skenes,2029,4,arb,2.7536702072949253,11547309.375000002,25437985.440283917,arb est (yr 3),6359496.360070977,1.3604889600000003,4674419.673402551
693433,Bryan Woo,2025,0,pre-arb,3.168900500667449,9500000.0,760000.0,league min,29344554.75634077,1.0,29344554.75634077
693433,Bryan Woo,2026,1,arb,3.168900500667449,9975000.0,12643912.997663124,arb est (yr 1),18965869.496494684,1.08,17560990.274532113
693433,Bryan Woo,2027,2,arb,3.168900500667449,10473750.0,19914162.97131942,arb est (yr 2),13276108.64754628,1.1664,11382123.32608563
693433,Bryan Woo,2028,3,arb,3.168900500667449,10997437.500000002,27879828.1598472,arb est (yr 3),6969957.039961796,1.2597120000000002,5532976.616847181
802419,Tom Harrington,2025,0,pre-arb,0.9434227991427512,9500000.0,760000.0,league min,8202516.591856137,1.0,8202516.591856137
802419,Tom Harrington,2026,1,pre-arb,0.9434227991427512,9975000.0,780000.0,league min,8630642.421448942,1.08,7991335.575415687
802419,Tom Harrington,2027,2,pre-arb,0.9434227991427512,10473750.0,780000.0,league min,9101174.542521393,1.1664,7802790.2456459105
802419,Tom Harrington,2028,3,arb,0.9434227991427512,10997437.500000002,4150093.307858985,arb est (yr 1),6225139.961788477,1.2597120000000002,4941716.80653076
802419,Tom Harrington,2029,4,arb,0.9434227991427512,11547309.375000002,6536396.9598779,arb est (yr 2),4357597.973251934,1.3604889600000003,3202964.596825492
802419,Tom Harrington,2030,5,arb,0.9434227991427512,12124674.843750004,9150955.743829062,arb est (yr 3),2287738.935957266,1.4693280768000003,1556996.6790123922
571760,Andrew Heaney,2025,0,contract,1.472064915975528,9500000.0,5250000.0,hand,8734616.701767517,1.0,8734616.701767517
676467,Colton Gordon,2025,0,pre-arb,1.5549765858399838,9500000.0,760000.0,league min,14012277.565479849,1.0,14012277.565479849
676467,Colton Gordon,2026,1,pre-arb,1.5549765858399838,9975000.0,780000.0,league min,14730891.44375384,1.08,13639714.299772073
676467,Colton Gordon,2027,2,pre-arb,1.5549765858399838,10473750.0,780000.0,league min,15506436.01594153,1.1664,13294269.560992396
676467,Colton Gordon,2028,3,arb,1.5549765858399838,10997437.500000002,6840303.126695444,arb est (yr 1),10260454.690043166,1.2597120000000002,8145079.740482876
676467,Colton Gordon,2029,4,arb,1.5549765858399838,11547309.375000002,10773477.424545323,arb est (yr 2),7182318.2830302175,1.3604889600000003,5279218.350312975
676467,Colton Gordon,2030,5,arb,1.5549765858399838,12124674.843750004,15082868.394363455,arb est (yr 3),3770717.098590864,1.4693280768000003,2566286.698068807
701487,Pierson Ohl,2025,0,pre-arb,2.32141895394247,9500000.0,760000.0,league min,21293480.062453464,1.0,21293480.062453464
701487,Pierson Ohl,2026,1,pre-arb,2.32141895394247,9975000.0,780000.0,league min,22376154.065576136,1.08,20718661.171829756
701487,Pierson Ohl,2027,2,pre-arb,2.32141895394247,10473750.0,780000.0,league min,23533961.768854942,1.1664,20176579.019937363
701487,Pierson Ohl,2028,3,arb,2.32141895394247,10997437.500000002,10211863.94291908,arb est (yr 1),15317795.914378615,1.2597120000000002,12159760.258200776
701487,Pierson Ohl,2029,4,arb,2.32141895394247,11547309.375000002,16083685.710097548,arb est (yr 2),10722457.140065031,1.3604889600000003,7881326.09327828
701487,Pierson Ohl,2030,5,arb,2.32141895394247,12124674.843750004,22517159.99413657,arb est (yr 3),5629289.998534143,1.4693280768000003,3831200.184232497
676961,Caleb Boushley,2025,0,pre-arb,1.7494480176003662,9500000.0,760000.0,league min,15859756.16720348,1.0,15859756.16720348
676961,Caleb Boushley,2026,1,arb,1.7494480176003662,9975000.0,6980297.590225462,arb est (yr 1),10470446.385338193,1.08,9694857.764202029
676961,Caleb Boushley,2027,2,arb,1.7494480176003662,10473750.0,10993968.7046051,arb est (yr 2),7329312.469736734,1.1664,6283704.106427241
676961,Caleb Boushley,2028,3,arb,1.7494480176003662,10997437.500000002,15391556.186447144,arb est (yr 3),3847889.046611786,1.2597120000000002,3054578.385068798
701656,Logan Henderson,2025,0,pre-arb,3.06986590123571,9500000.0,760000.0,league min,28403726.061739247,1.0,28403726.061739247
701656,Logan Henderson,2026,1,pre-arb,3.06986590123571,9975000.0,780000.0,league min,29841912.36482621,1.08,27631400.337802045
701656,Logan Henderson,2027,2,pre-arb,3.06986590123571,10473750.0,780000.0,league min,31373007.98306752,1.1664,26897297.65352153
701656,Logan Henderson,2028,3,arb,3.06986590123571,10997437.500000002,13504263.35288836,arb est (yr 1),20256395.02933254,1.2597120000000002,16080179.461124877
701656,Logan Henderson,2029,4,arb,3.06986590123571,11547309.375000002,21269214.780799165,arb est (yr 2),14179476.52053278,1.3604889600000003,10422338.539617974
701656,Logan Henderson,2030,5,arb,3.06986590123571,12124674.843750004,29776900.69311884,arb est (yr 3),7444225.17327971,1.4693280768000003,5066414.567869849
684007,Shota Imanaga,2025,0,pre-arb,3.0768738143608654,9500000.0,760000.0,league min,28470301.23642822,1.0,28470301.23642822
684007,Shota Imanaga,2026,1,pre-arb,3.0768738143608654,9975000.0,780000.0,league min,29911816.298249632,1.08,27696126.20208299
684007,Shota Imanaga,2027,2,arb,3.0768738143608654,10473750.0,12890562.845264846,arb est (yr 1),19335844.26789727,1.1664,16577369.914178042
684007,Shota Imanaga,2028,3,arb,3.0768738143608654,10997437.500000002,20302636.48129213,arb est (yr 2),13535090.98752809,1.2597120000000002,10744591.611041324
684007,Shota Imanaga,2029,4,arb,3.0768738143608654,11547309.375000002,28423691.073808987,arb est (yr 3),7105922.768452246,1.3604889600000003,5223065.36647842
805673,Zebby Matthews,2025,0,pre-arb,1.995027383211831,9500000.0,760000.0,league min,18192760.1405124,1.0,18192760.1405124
805673,Zebby Matthews,2026,1,pre-arb,1.995027383211831,9975000.0,780000.0,league min,19120398.147538014,1.08,17704072.35883149
805673,Zebby Matthews,2027,2,arb,1.995027383211831,10473750.0,8358167.221965966,arb est (yr 1),12537250.83294895,1.1664,10748671.838948
805673,Zebby Matthews,2028,3,arb,1.995027383211831,10997437.500000002,13164113.374596398,arb est (yr 2),8776075.583064266,1.2597120000000002,6966731.747466298
805673,Zebby Matthews,2029,4,arb,1.995027383211831,11547309.375000002,18429758.72443496,arb est (yr 3),4607439.681108739,1.3604889600000003,3386605.710573894
677944,Slade Cecconi,2025,0,pre-arb,2.137448035617394,9500000.0,760000.0,league min,19545756.33836524,1.0,19545756.33836524
677944,Slade Cecconi,2026,1,arb,2.137448035617394,9975000.0,8528417.662113402,arb est (yr 1),12792626.4931701,1.08,11845024.530713055
677944,Slade Cecconi,2027,2,arb,2.137448035617394,10473750.0,13432257.817828609,arb est (yr 2),8954838.545219071,1.1664,7677330.714351055
677944,Slade Cecconi,2028,3,arb,2.137448035617394,10997437.500000002,18805160.94496005,arb est (yr 3),4701290.236240014,1.2597120000000002,3732035.763920653
800048,Parker Messick,2025,0,pre-arb,2.6253406342861094,9500000.0,760000.0,league min,24180736.02571804,1.0,24180736.02571804
800048,Parker Messick,2026,1,pre-arb,2.6253406342861094,9975000.0,780000.0,league min,25407772.82700394,1.08,23525715.5805592
800048,Parker Messick,2027,2,pre-arb,2.6253406342861094,10473750.0,780000.0,league min,26717161.46835414,1.1664,22905659.695090994
800048,Parker Messick,2028,3,arb,2.6253406342861094,10997437.500000002,11548807.816708742,arb est (yr 1),17323211.725063108,1.2597120000000002,13751723.985373724
800048,Parker Messick,2029,4,arb,2.6253406342861094,11547309.375000002,18189372.311316267,arb est (yr 2),12126248.207544178,1.3604889600000003,8913154.434964452
800048,Parker Messick,2030,5,arb,2.6253406342861094,12124674.843750004,25465121.23584278,arb est (yr 3),6366280.308960691,1.4693280768000003,4332783.405885495
700241,Michael Mcgreevy,2025,0,pre-arb,2.864569870255068,9500000.0,760000.0,league min,26453413.767423145,1.0,26453413.767423145
700241,Michael Mcgreevy,2026,1,pre-arb,2.864569870255068,9975000.0,780000.0,league min,27794084.4557943,1.08,25735263.384994723
700241,Michael Mcgreevy,2027,2,arb,2.864569870255068,10473750.0,12001115.471433608,arb est (yr 1),18001673.207150407,1.1664,15433533.270876547
700241,Michael Mcgreevy,2028,3,arb,2.864569870255068,10997437.500000002,18901756.86750793,arb est (yr 2),12601171.245005293,1.2597120000000002,10003216.008901471
700241,Michael Mcgreevy,2029,4,arb,2.864569870255068,11547309.375000002,26462459.61451111,arb est (yr 3),6615614.903627776,1.3604889600000003,4862674.448771547
608372,Tomoyuki Sugano,2025,0,pre-arb,2.242214891723198,9500000.0,760000.0,league min,20541041.47137038,1.0,20541041.47137038
608372,Tomoyuki Sugano,2026,1,pre-arb,2.242214891723198,9975000.0,780000.0,league min,21586093.5449389,1.08,19987123.6527212
608372,Tomoyuki Sugano,2027,2,pre-arb,2.242214891723198,10473750.0,780000.0,league min,22704398.222185846,1.1664,19465361.98747072
608372,Tomoyuki Sugano,2028,3,arb,2.242214891723198,10997437.500000002,9863447.253318056,arb est (yr 1),14795170.879977085,1.2597120000000002,11744883.655928563
608372,Tomoyuki Sugano,2029,4,arb,2.242214891723198,11547309.375000002,15534929.42397594,arb est (yr 2),10356619.61598396,1.3604889600000003,7612424.591805551
608372,Tomoyuki Sugano,2030,5,arb,2.242214891723198,12124674.843750004,21748901.19356632,arb est (yr 3),5437225.298391577,1.4693280768000003,3700484.17657214
680735,Austin Cox,2025,0,pre-arb,2.2243118971717526,9500000.0,760000.0,league min,20370963.02313165,1.0,20370963.02313165
680735,Austin Cox,2026,1,arb,2.2243118971717526,9975000.0,8875004.469715293,arb est (yr 1),13312506.704572938,1.08,12326395.096826794
680735,Austin Cox,2027,2,arb,2.2243118971717526,10473750.0,13978132.039801586,arb est (yr 2),9318754.693201058,1.1664,7989330.1553507
680735,Austin Cox,2028,3,arb,2.2243118971717526,10997437.500000002,19569384.855722222,arb est (yr 3),4892346.213930555,1.2597120000000002,3883702.1588510345
685299,Tanner Gordon,2025,0,pre-arb,2.600896956428252,9500000.0,760000.0,league min,23948521.0860684,1.0,23948521.0860684
685299,Tanner Gordon,2026,1,pre-arb,2.600896956428252,9975000.0,780000.0,league min,25163947.14037181,1.08,23299951.055899825
685299,Tanner Gordon,2027,2,arb,2.600896956428252,10473750.0,10896457.798956163,arb est (yr 1),16344686.698434245,1.1664,14012934.412237862
685299,Tanner Gordon,2028,3,arb,2.600896956428252,10997437.500000002,17161921.03335596,arb est (yr 2),11441280.688903973,1.2597120000000002,9082457.48941343
685299,Tanner Gordon,2029,4,arb,2.600896956428252,11547309.375000002,24026689.446698345,arb est (yr 3),6006672.361674584,1.3604889600000003,4415083.501798194
