PitcherId,PitchType,game_pk,game_date,Opponent,PitchesThrown,FastballPitches,AvgVelo
543101,FF,777491,2025-06-15,SD,38,7,92.99
543101,FF,777448,2025-06-19,TOR,39,9,93.41
543101,FF,777393,2025-06-23,CWS,45,8,94.35
543101,FF,777278,2025-07-01,SF,25,7,95.49
543101,FF,777218,2025-07-06,KC,60,7,94.49
543101,FF,777150,2025-07-11,LAA,58,3,94.83
543101,FF,777071,2025-07-20,STL,38,6,95.22
543101,FF,777014,2025-07-25,PIT,50,3,94.83
543101,FF,776914,2025-08-01,ATH,59,9,93.48
543101,FF,776838,2025-08-06,SD,71,19,93.82
543101,FF,776764,2025-08-12,TEX,52,13,91.97
543101,FF,776399,2025-09-08,SF,38,7,94.34
543101,FF,776324,2025-09-14,MIN,59,16,94.38
573009,SI,778484,2025-04-02,NYY,13,1,86.2
573009,SI,778452,2025-04-05,WSH,13,5,88.82
573009,SI,778429,2025-04-06,WSH,13,7,86.5
573009,SI,778364,2025-04-11,MIL,36,16,88.46
573009,SI,778318,2025-04-15,MIA,29,14,89.52
573009,SI,778268,2025-04-18,CHC,26,6,89.23
573009,SI,777954,2025-05-11,LAD,18,6,88.27
573009,SI,777930,2025-05-13,SF,24,12,88.08
593958,FF,778452,2025-04-05,WSH,90,36,92.58
593958,FF,778364,2025-04-11,MIL,95,34,92.11
593958,FF,778291,2025-04-17,MIA,93,36,91.78
593958,FF,778199,2025-04-23,TB,92,49,91.74
593958,FF,778130,2025-04-29,NYM,69,29,90.5
593958,FF,778059,2025-05-04,PHI,101,48,92.35
593958,FF,777988,2025-05-09,LAD,76,34,92.59
593958,FF,777916,2025-05-14,SF,76,44,91.51
593958,FF,777623,2025-06-06,CIN,72,38,91.54
593958,FF,777548,2025-06-11,SEA,81,36,91.03
593958,FF,777462,2025-06-18,TOR,98,38,91.84
593958,FF,777393,2025-06-23,CWS,92,57,91.87
593958,FF,777303,2025-06-29,MIA,108,50,92.49
593958,FF,777248,2025-07-04,KC,98,40,91.62
593958,FF,777158,2025-07-10,SD,87,26,92.65
593958,FF,777040,2025-07-22,HOU,90,51,93.24
593958,FF,776973,2025-07-28,DET,95,23,91.69
593958,FF,776881,2025-08-03,ATH,92,45,92.44
593958,FF,776809,2025-08-09,COL,82,42,92.35
593958,FF,776742,2025-08-14,COL,93,58,91.55
593958,FF,776672,2025-08-19,CLE,96,55,91.87
593958,FF,776593,2025-08-25,MIL,64,28,91.86
593958,FF,776523,2025-08-30,LAD,96,60,92.9
593958,FF,776448,2025-09-05,BOS,96,50,92.52
593958,FF,776374,2025-09-10,SF,98,47,91.97
593958,FF,776294,2025-09-16,SF,83,42,92.5
593958,FF,776230,2025-09-21,PHI,95,41,91.05
593958,FF,776152,2025-09-27,SD,95,42,91.78
595928,FF,777303,2025-06-29,MIA,6,5,94.4
595928,FF,777291,2025-06-30,SF,11,7,94.37
595928,FF,777256,2025-07-03,SF,24,15,95.13
595928,FF,777248,2025-07-04,KC,17,8,94.05
595928,FF,777185,2025-07-08,SD,16,10,93.36
595928,FF,777115,2025-07-13,LAA,34,15,93.75
595928,FF,777100,2025-07-18,STL,24,14,93.78
595928,FF,776984,2025-07-27,PIT,28,13,94.12
595928,FF,776953,2025-07-29,DET,14,8,93.92
595928,FF,776914,2025-08-01,ATH,21,11,94.0
595928,FF,776881,2025-08-03,ATH,6,3,93.37
595928,FF,776852,2025-08-05,SD,20,12,94.68
595928,FF,776838,2025-08-06,SD,22,7,94.34
595928,FF,776794,2025-08-10,COL,22,10,94.1
595928,FF,776746,2025-08-13,TEX,29,14,93.19
595928,FF,776682,2025-08-18,CLE,19,8,93.7
595928,FF,776658,2025-08-20,CLE,18,10,93.38
595928,FF,776635,2025-08-22,CIN,8,5,93.18
595928,FF,776609,2025-08-24,CIN,15,6,93.92
595928,FF,776586,2025-08-26,MIL,33,17,93.29
595928,FF,776509,2025-08-31,LAD,21,13,96.25
595928,FF,776468,2025-09-03,TEX,4,1,94.3
595928,FF,776424,2025-09-06,BOS,11,4,95.02
595928,FF,776394,2025-09-09,SF,22,16,95.6
595928,FF,776337,2025-09-13,MIN,33,20,95.22
595928,FF,776294,2025-09-16,SF,13,8,94.19
595928,FF,776279,2025-09-17,SF,12,7,94.3
595928,FF,776246,2025-09-20,PHI,17,9,95.13
595928,FF,776213,2025-09-23,LAD,14,6,94.35
595928,FF,776136,2025-09-28,SD,11,9,95.52
608665,FF,777930,2025-05-13,SF,14,4,94.28
608665,FF,777887,2025-05-17,COL,17,4,95.5
608665,FF,777838,2025-05-20,LAD,18,4,94.48
608665,FF,777761,2025-05-26,PIT,6,2,94.8
608665,FF,777744,2025-05-27,PIT,23,5,94.58
608665,FF,777640,2025-06-05,ATL,20,4,94.62
608665,FF,777612,2025-06-07,CIN,33,4,93.3
608665,FF,777115,2025-07-13,LAA,11,1,93.0
608665,FF,777002,2025-07-26,PIT,18,1,92.3
608665,FF,776973,2025-07-28,DET,10,1,94.5
608665,FF,776881,2025-08-03,ATH,19,5,94.34
608665,FF,776852,2025-08-05,SD,23,4,93.58
608665,FF,776825,2025-08-08,COL,16,1,93.0
608665,FF,776794,2025-08-10,COL,34,12,93.86
622503,FF,776701,2025-08-17,COL,62,8,90.18
622503,FF,776622,2025-08-23,CIN,83,7,87.7
622503,FF,776553,2025-08-28,MIL,85,12,89.39
622503,FF,776481,2025-09-02,TEX,82,7,88.37
622503,FF,776399,2025-09-08,SF,50,2,87.95
622503,FF,776324,2025-09-14,MIN,83,25,88.97
622503,FF,776230,2025-09-21,PHI,17,1,90.6
622503,FF,776185,2025-09-25,LAD,72,21,89.24
640462,FF,778492,2025-04-01,NYY,15,11,96.14
640462,FF,778484,2025-04-02,NYY,14,5,96.3
640462,FF,778457,2025-04-04,WSH,21,10,96.15
640462,FF,778396,2025-04-08,BAL,18,11,96.8
640462,FF,778332,2025-04-13,MIL,24,18,96.17
640462,FF,778303,2025-04-16,MIA,15,9,96.13
640462,FF,778291,2025-04-17,MIA,21,15,97.39
656222,FF,778492,2025-04-01,NYY,22,8,93.31
656222,FF,778466,2025-04-03,NYY,26,4,93.95
656222,FF,778429,2025-04-06,WSH,35,15,94.91
656222,FF,778380,2025-04-09,BAL,23,7,94.81
656222,FF,778332,2025-04-13,MIL,17,10,95.71
656222,FF,778303,2025-04-16,MIA,3,3,94.37
656222,FF,778291,2025-04-17,MIA,21,12,95.29
656222,FF,778236,2025-04-20,CHC,28,12,95.22
656222,FF,778212,2025-04-22,TB,11,8,94.71
656222,FF,778188,2025-04-24,TB,13,4,95.1
656222,FF,778162,2025-04-26,ATL,28,15,95.37
656222,FF,778117,2025-04-30,NYM,15,5,94.56
656222,FF,778086,2025-05-02,PHI,16,9,95.37
656222,FF,778059,2025-05-04,PHI,20,7,94.83
656222,FF,778014,2025-05-07,NYM,19,6,94.92
656222,FF,777999,2025-05-08,LAD,10,4,95.6
656222,FF,777988,2025-05-09,LAD,9,4,94.35
656222,FF,777939,2025-05-12,SF,23,12,93.38
656222,FF,777887,2025-05-17,COL,30,18,94.49
656222,FF,777838,2025-05-20,LAD,12,4,95.12
656222,FF,777824,2025-05-21,LAD,13,9,93.97
656222,FF,777786,2025-05-24,STL,10,6,92.97
656222,FF,777766,2025-05-25,STL,14,7,93.94
656222,FF,777744,2025-05-27,PIT,16,8,95.02
656222,FF,777710,2025-05-30,WSH,12,6,94.05
656222,FF,777679,2025-06-01,WSH,14,4,94.6
656222,FF,777623,2025-06-06,CIN,22,9,95.12
656222,FF,777602,2025-06-08,CIN,6,3,94.97
656222,FF,777577,2025-06-09,SEA,12,3,95.5
656222,FF,777548,2025-06-11,SEA,12,3,95.0
656222,FF,777515,2025-06-14,SD,12,11,93.75
656222,FF,777479,2025-06-17,TOR,8,5,94.52
656222,FF,777430,2025-06-20,COL,15,12,95.91
656222,FF,777410,2025-06-21,COL,7,6,94.55
656222,FF,777383,2025-06-24,CWS,5,4,94.3
656222,FF,777318,2025-06-28,MIA,12,5,94.76
656222,FF,777303,2025-06-29,MIA,30,22,94.32
656222,FF,777256,2025-07-03,SF,7,1,95.7
656222,FF,777248,2025-07-04,KC,21,11,94.33
656222,FF,777218,2025-07-06,KC,10,4,93.12
656222,FF,776914,2025-08-01,ATH,2,1,92.5
656222,FF,776838,2025-08-06,SD,25,16,94.59
656222,FF,776794,2025-08-10,COL,20,11,93.77
656222,FF,776764,2025-08-12,TEX,25,13,93.67
656222,FF,776742,2025-08-14,COL,20,11,93.75
656222,FF,776701,2025-08-17,COL,15,5,94.08
656222,FF,776635,2025-08-22,CIN,9,7,94.8
656222,FF,776622,2025-08-23,CIN,16,9,94.47
656222,FF,776553,2025-08-28,MIL,4,2,92.85
656222,FF,776534,2025-08-29,LAD,19,13,93.93
656222,FF,776495,2025-09-01,TEX,4,2,93.85
656222,FF,776481,2025-09-02,TEX,22,17,94.06
656222,FF,776424,2025-09-06,BOS,12,8,94.06
656222,FF,776355,2025-09-12,MIN,11,10,93.86
656222,FF,776324,2025-09-14,MIN,3,2,94.45
656222,FF,776309,2025-09-15,SF,13,10,92.93
656222,FF,776255,2025-09-19,PHI,16,15,93.29
656222,FF,776213,2025-09-23,LAD,6,5,93.64
656222,FF,776185,2025-09-25,LAD,13,10,93.89
656464,FF,778117,2025-04-30,NYM,11,4,94.98
656464,FF,778103,2025-05-01,NYM,34,22,94.18
656464,FF,778059,2025-05-04,PHI,19,8,94.95
656464,FF,778032,2025-05-06,NYM,13,6,95.17
656464,FF,777999,2025-05-08,LAD,18,9,95.17
656464,FF,777988,2025-05-09,LAD,18,10,94.78
656464,FF,777930,2025-05-13,SF,14,6,93.92
656464,FF,777897,2025-05-16,COL,21,10,95.51
656464,FF,777870,2025-05-18,COL,11,6,95.05
656464,FF,777838,2025-05-20,LAD,28,6,95.38
656464,FF,777766,2025-05-25,STL,16,2,95.8
656464,FF,777744,2025-05-27,PIT,23,7,95.64
656464,FF,777515,2025-06-14,SD,22,11,94.55
656464,FF,777462,2025-06-18,TOR,29,12,94.88
656464,FF,777430,2025-06-20,COL,13,11,94.88
656464,FF,777399,2025-06-22,COL,10,8,94.01
656464,FF,777370,2025-06-25,CWS,14,8,95.22
656464,FF,777332,2025-06-27,MIA,17,9,94.8
656464,FF,777318,2025-06-28,MIA,15,9,93.56
656464,FF,777256,2025-07-03,SF,23,12,96.12
656464,FF,777234,2025-07-05,KC,13,10,95.45
656464,FF,777203,2025-07-07,SD,11,5,94.7
656464,FF,777162,2025-07-09,SD,11,6,94.97
656464,FF,777115,2025-07-13,LAA,22,9,95.1
656464,FF,777040,2025-07-22,HOU,14,4,96.5
656464,FF,777032,2025-07-23,HOU,24,21,95.04
656464,FF,777014,2025-07-25,PIT,6,5,95.8
656464,FF,776899,2025-08-02,ATH,20,12,94.86
657044,FF,778413,2025-04-07,BAL,22,2,92.45
657044,FF,778364,2025-04-11,MIL,16,1,90.6
657044,FF,778291,2025-04-17,MIA,33,1,91.8
657044,FF,778236,2025-04-20,CHC,24,1,91.4
657044,FF,778199,2025-04-23,TB,20,2,90.4
657044,FF,778162,2025-04-26,ATL,11,1,90.1
657044,FF,778147,2025-04-27,ATL,13,1,92.1
657044,FF,778117,2025-04-30,NYM,21,1,89.8
657044,FF,778039,2025-05-05,NYM,25,2,91.85
657044,FF,777916,2025-05-14,SF,17,2,91.1
657044,FF,777887,2025-05-17,COL,17,1,92.2
657044,FF,777854,2025-05-19,LAD,24,8,91.98
657044,FF,777761,2025-05-26,PIT,15,1,92.5
657044,FF,777729,2025-05-28,PIT,17,1,91.2
657044,FF,777710,2025-05-30,WSH,12,1,92.3
657044,FF,777654,2025-06-04,ATL,10,1,91.8
657044,FF,777521,2025-06-13,SD,15,2,90.85
657044,FF,777515,2025-06-14,SD,14,3,90.57
657044,FF,777410,2025-06-21,COL,15,4,90.7
657044,FF,777303,2025-06-29,MIA,29,5,91.42
657044,FF,777248,2025-07-04,KC,15,1,91.5
657044,FF,776495,2025-09-01,TEX,17,2,90.0
657044,FF,776468,2025-09-03,TEX,12,1,90.1
657044,FF,776448,2025-09-05,BOS,14,1,89.5
657044,FF,776415,2025-09-07,BOS,14,4,89.9
663765,FF,777270,2025-07-02,SF,53,10,92.69
663765,FF,777158,2025-07-10,SD,45,7,92.43
663765,FF,777081,2025-07-19,STL,36,1,93.2
663765,FF,777040,2025-07-22,HOU,32,6,93.13
663765,FF,776953,2025-07-29,DET,14,2,93.3
663765,FF,776914,2025-08-01,ATH,42,2,91.95
663765,FF,776852,2025-08-05,SD,37,7,93.3
663765,FF,776838,2025-08-06,SD,9,1,94.0
663765,FF,776764,2025-08-12,TEX,55,9,92.12
663765,FF,776701,2025-08-17,COL,37,9,93.62
663765,FF,776622,2025-08-23,CIN,43,8,93.01
663765,FF,776586,2025-08-26,MIL,32,16,92.84
663765,FF,776534,2025-08-29,LAD,19,7,93.49
663765,FF,776523,2025-08-30,LAD,10,1,94.2
663765,FF,776495,2025-09-01,TEX,20,5,94.18
663765,FF,776468,2025-09-03,TEX,21,3,93.07
663765,FF,776424,2025-09-06,BOS,7,1,94.4
663765,FF,776374,2025-09-10,SF,23,5,93.48
663765,FF,776355,2025-09-12,MIN,18,1,94.5
663765,FF,776255,2025-09-19,PHI,52,7,92.99
666661,FF,778257,2025-04-19,CHC,20,13,98.75
666661,FF,778212,2025-04-22,TB,15,9,98.8
666661,FF,778199,2025-04-23,TB,10,6,98.35
666661,FF,778177,2025-04-25,ATL,22,12,98.48
666661,FF,778086,2025-05-02,PHI,15,8,99.09
666661,FF,778059,2025-05-04,PHI,10,2,99.25
666661,FF,778039,2025-05-05,NYM,22,7,98.44
666661,FF,777999,2025-05-08,LAD,26,16,98.81
666661,FF,777930,2025-05-13,SF,27,12,99.22
666661,FF,777887,2025-05-17,COL,11,5,99.72
666661,FF,777854,2025-05-19,LAD,14,8,98.35
666661,FF,777838,2025-05-20,LAD,19,10,98.93
666661,FF,777797,2025-05-23,STL,3,3,99.07
666661,FF,777766,2025-05-25,STL,14,4,98.98
666661,FF,777729,2025-05-28,PIT,15,7,99.16
666661,FF,777710,2025-05-30,WSH,26,12,99.21
666661,FF,777623,2025-06-06,CIN,16,9,99.14
666661,FF,777577,2025-06-09,SEA,23,8,98.74
666661,FF,777548,2025-06-11,SEA,7,1,99.7
666661,FF,777521,2025-06-13,SD,10,8,99.38
666661,FF,777479,2025-06-17,TOR,18,12,99.08
666661,FF,777448,2025-06-19,TOR,6,3,99.43
666661,FF,777430,2025-06-20,COL,12,5,99.34
666661,FF,777383,2025-06-24,CWS,17,6,98.37
666661,FF,777370,2025-06-25,CWS,6,1,99.6
666661,FF,777332,2025-06-27,MIA,16,9,99.22
666661,FF,777318,2025-06-28,MIA,13,3,99.4
666661,FF,777203,2025-07-07,SD,17,10,99.97
666661,FF,777158,2025-07-10,SD,19,12,99.39
666661,FF,777131,2025-07-12,LAA,27,3,99.4
666661,FF,776764,2025-08-12,TEX,15,9,97.74
666661,FF,776742,2025-08-14,COL,16,4,98.92
666661,FF,776701,2025-08-17,COL,11,2,99.35
666661,FF,776658,2025-08-20,CLE,21,7,99.19
666661,FF,776609,2025-08-24,CIN,13,3,99.03
666661,FF,776586,2025-08-26,MIL,21,12,98.16
666661,FF,776279,2025-09-17,SF,18,15,99.77
666661,FF,776170,2025-09-26,SD,13,7,98.76
666661,FF,776136,2025-09-28,SD,4,2,98.85
668678,FF,778484,2025-04-02,NYY,101,32,92.71
668678,FF,778413,2025-04-07,BAL,96,47,93.16
668678,FF,778332,2025-04-13,MIL,89,47,92.75
668678,FF,778257,2025-04-19,CHC,103,46,92.93
668678,FF,778177,2025-04-25,ATL,103,60,93.37
668678,FF,778103,2025-05-01,NYM,90,43,92.94
668678,FF,778032,2025-05-06,NYM,101,50,93.97
668678,FF,777954,2025-05-11,LAD,97,42,94.17
668678,FF,777887,2025-05-17,COL,90,41,92.75
668678,FF,777797,2025-05-23,STL,100,46,92.91
668678,FF,777729,2025-05-28,PIT,92,36,93.03
668678,FF,777672,2025-06-03,ATL,89,38,93.97
668678,FF,777602,2025-06-08,CIN,94,48,93.41
668678,FF,777515,2025-06-14,SD,96,53,93.75
668678,FF,777430,2025-06-20,COL,91,51,93.35
668678,FF,777370,2025-06-25,CWS,87,40,92.64
668678,FF,777278,2025-07-01,SF,101,52,93.21
668678,FF,777203,2025-07-07,SD,103,51,94.15
668678,FF,777131,2025-07-12,LAA,88,43,93.64
668678,FF,777055,2025-07-21,HOU,87,31,93.35
668678,FF,776984,2025-07-27,PIT,84,25,94.66
668678,FF,776899,2025-08-02,ATH,89,34,94.09
668678,FF,776825,2025-08-08,COL,98,18,94.52
668678,FF,776746,2025-08-13,TEX,98,48,93.6
668678,FF,776682,2025-08-18,CLE,91,44,93.88
668678,FF,776609,2025-08-24,CIN,95,44,94.25
668678,FF,776534,2025-08-29,LAD,96,49,94.36
668678,FF,776468,2025-09-03,TEX,97,42,93.64
668678,FF,776394,2025-09-09,SF,103,48,93.91
668678,FF,776309,2025-09-15,SF,96,44,93.82
668678,FF,776246,2025-09-20,PHI,103,34,94.58
668678,FF,776170,2025-09-26,SD,103,40,93.7
669194,FF,778466,2025-04-03,NYY,33,18,95.89
669194,FF,778413,2025-04-07,BAL,31,18,95.16
669194,FF,778350,2025-04-12,MIL,36,20,95.38
669194,FF,778268,2025-04-18,CHC,36,22,96.01
669194,FF,778188,2025-04-24,TB,54,25,96.13
669194,FF,778130,2025-04-29,NYM,68,45,95.76
669194,FF,778039,2025-05-05,NYM,70,40,96.09
669194,FF,777975,2025-05-10,LAD,16,10,95.99
669194,FF,777916,2025-05-14,SF,56,34,95.21
669194,FF,777838,2025-05-20,LAD,71,49,95.55
669194,FF,777761,2025-05-26,PIT,84,53,95.53
669194,FF,777696,2025-05-31,WSH,62,27,96.25
669194,FF,777612,2025-06-07,CIN,77,49,94.68
669194,FF,777521,2025-06-13,SD,79,46,95.29
669194,FF,777448,2025-06-19,TOR,83,54,94.81
669194,FF,777383,2025-06-24,CWS,87,68,95.47
669194,FF,777291,2025-06-30,SF,88,62,95.5
669194,FF,777234,2025-07-05,KC,86,60,96.52
669194,FF,777150,2025-07-11,LAA,87,47,95.4
669194,FF,777081,2025-07-19,STL,85,59,95.06
669194,FF,777014,2025-07-25,PIT,88,54,95.14
669194,FF,776940,2025-07-30,DET,92,62,95.37
669194,FF,776852,2025-08-05,SD,100,60,95.48
669194,FF,776785,2025-08-11,TEX,97,80,96.51
669194,FF,776715,2025-08-16,COL,85,38,95.51
669194,FF,776635,2025-08-22,CIN,88,48,95.67
669194,FF,776572,2025-08-27,MIL,98,61,95.71
669194,FF,776495,2025-09-01,TEX,97,63,96.1
669194,FF,776415,2025-09-07,BOS,105,56,95.99
669194,FF,776337,2025-09-13,MIN,90,54,96.48
669194,FF,776255,2025-09-19,PHI,95,52,96.16
669194,FF,776193,2025-09-24,LAD,92,61,95.66
669203,SI,778429,2025-04-06,WSH,89,4,94.88
669203,SI,778350,2025-04-12,MIL,88,10,96.44
669203,SI,778268,2025-04-18,CHC,98,9,95.41
669203,SI,778188,2025-04-24,TB,89,12,95.78
669203,SI,778117,2025-04-30,NYM,94,12,95.03
669203,SI,777975,2025-05-10,LAD,91,13,95.99
669203,SI,777897,2025-05-16,COL,93,14,95.92
669203,SI,777824,2025-05-21,LAD,96,9,94.78
669203,SI,777744,2025-05-27,PIT,103,14,95.61
674072,FF,778039,2025-05-05,NYM,36,9,89.7
674072,FF,777640,2025-06-05,ATL,71,18,88.69
679775,SI,777602,2025-06-08,CIN,11,9,92.23
679775,SI,777577,2025-06-09,SEA,15,12,91.1
679775,SI,777521,2025-06-13,SD,17,11,90.53
679775,SI,777479,2025-06-17,TOR,12,9,90.71
679775,SI,777430,2025-06-20,COL,15,11,89.96
679775,SI,777383,2025-06-24,CWS,11,8,90.42
679775,SI,777318,2025-06-28,MIA,15,12,90.06
679775,SI,777303,2025-06-29,MIA,9,5,90.44
679775,SI,777270,2025-07-02,SF,22,11,90.28
679775,SI,777203,2025-07-07,SD,22,13,90.38
679775,SI,777150,2025-07-11,LAA,19,9,90.27
679775,SI,777081,2025-07-19,STL,8,4,90.98
679775,SI,777040,2025-07-22,HOU,9,3,90.37
679775,SI,776973,2025-07-28,DET,17,11,89.89
679775,SI,776940,2025-07-30,DET,12,7,91.14
679775,SI,776873,2025-08-04,SD,21,8,90.41
679775,SI,776838,2025-08-06,SD,23,16,91.1
679775,SI,776809,2025-08-09,COL,10,8,91.88
679775,SI,776785,2025-08-11,TEX,12,6,92.9
679775,SI,776746,2025-08-13,TEX,13,8,89.95
679775,SI,776715,2025-08-16,COL,9,7,92.47
679775,SI,776682,2025-08-18,CLE,16,8,91.31
679775,SI,776672,2025-08-19,CLE,11,8,91.62
679775,SI,776635,2025-08-22,CIN,9,7,91.39
679775,SI,776609,2025-08-24,CIN,6,3,91.67
679775,SI,776586,2025-08-26,MIL,6,6,90.83
679775,SI,776572,2025-08-27,MIL,18,9,91.62
679775,SI,776534,2025-08-29,LAD,12,10,92.3
679775,SI,776495,2025-09-01,TEX,16,11,92.42
679775,SI,776415,2025-09-07,BOS,9,5,92.34
679775,SI,776355,2025-09-12,MIN,12,9,90.22
679775,SI,776324,2025-09-14,MIN,13,9,90.04
679885,FF,778492,2025-04-01,NYY,10,6,100.58
679885,FF,778457,2025-04-04,WSH,10,7,100.9
679885,FF,778396,2025-04-08,BAL,6,2,100.2
679885,FF,778332,2025-04-13,MIL,10,4,101.25
679885,FF,778291,2025-04-17,MIA,7,4,100.15
679885,FF,778199,2025-04-23,TB,9,2,100.65
679885,FF,778162,2025-04-26,ATL,9,5,98.98
679885,FF,778147,2025-04-27,ATL,17,6,97.2
679885,FF,778117,2025-04-30,NYM,9,1,95.5
679885,FF,777786,2025-05-24,STL,17,5,99.42
679885,FF,777761,2025-05-26,PIT,6,4,100.72
679885,FF,777679,2025-06-01,WSH,6,5,101.02
679885,FF,777654,2025-06-04,ATL,24,3,99.13
679885,FF,777577,2025-06-09,SEA,16,10,99.81
685314,FF,777131,2025-07-12,LAA,27,2,88.5
685314,FF,777100,2025-07-18,STL,17,1,88.9
685314,FF,777055,2025-07-21,HOU,17,2,89.3
685314,FF,777032,2025-07-23,HOU,25,3,88.37
685314,FF,776899,2025-08-02,ATH,12,2,88.95
685314,FF,776881,2025-08-03,ATH,15,2,88.7
685314,FF,776825,2025-08-08,COL,12,3,88.63
685314,FF,776809,2025-08-09,COL,6,1,88.1
685314,FF,776785,2025-08-11,TEX,11,3,88.67
685314,FF,776746,2025-08-13,TEX,11,3,89.0
685314,FF,776715,2025-08-16,COL,11,3,89.9
685314,FF,776672,2025-08-19,CLE,9,1,88.9
685314,FF,776658,2025-08-20,CLE,9,5,89.28
685314,FF,776635,2025-08-22,CIN,6,1,89.1
685314,FF,776572,2025-08-27,MIL,29,5,90.18
685314,FF,776523,2025-08-30,LAD,21,2,89.4
685314,FF,776448,2025-09-05,BOS,15,1,90.2
685314,FF,776374,2025-09-10,SF,29,1,90.3
686826,FF,778452,2025-04-05,WSH,30,10,94.45
686826,FF,778380,2025-04-09,BAL,12,6,94.53
686826,FF,778318,2025-04-15,MIA,15,7,94.64
686826,FF,778268,2025-04-18,CHC,16,8,94.11
686826,FF,777559,2025-06-10,SEA,57,29,93.88
686826,FF,777218,2025-07-06,KC,66,24,93.83
686826,FF,776593,2025-08-25,MIL,88,36,93.47
686826,FF,776523,2025-08-30,LAD,17,5,95.24
686826,FF,776448,2025-09-05,BOS,19,6,94.47
686826,FF,776136,2025-09-28,SD,37,14,94.56
688497,FF,776553,2025-08-28,MIL,59,39,90.15
688497,FF,776481,2025-09-02,TEX,41,19,90.06
688497,FF,776448,2025-09-05,BOS,12,4,90.42
688497,FF,776415,2025-09-07,BOS,32,17,89.97
688497,FF,776337,2025-09-13,MIN,33,13,90.62
688497,FF,776309,2025-09-15,SF,30,17,89.49
688497,FF,776255,2025-09-19,PHI,16,11,90.12
688497,FF,776230,2025-09-21,PHI,26,16,90.12
688497,FF,776185,2025-09-25,LAD,51,32,90.12
688497,FF,776152,2025-09-27,SD,16,10,88.56
691441,FF,777988,2025-05-09,LAD,46,12,95.64
691441,FF,777679,2025-06-01,WSH,27,11,95.68
691441,FF,777623,2025-06-06,CIN,27,6,94.02
694297,FF,778457,2025-04-04,WSH,91,30,93.13
694297,FF,778380,2025-04-09,BAL,93,25,92.98
694297,FF,778303,2025-04-16,MIA,92,35,93.05
694297,FF,778212,2025-04-22,TB,93,16,93.12
694297,FF,778147,2025-04-27,ATL,100,40,93.35
694297,FF,778078,2025-05-03,PHI,86,24,94.24
694297,FF,777999,2025-05-08,LAD,99,34,93.4
694297,FF,777930,2025-05-13,SF,95,34,92.58
694297,FF,777854,2025-05-19,LAD,95,35,93.76
694297,FF,777766,2025-05-25,STL,91,28,93.85
694297,FF,777696,2025-05-31,WSH,31,9,94.98
694297,FF,777640,2025-06-05,ATL,74,31,94.3
694297,FF,777559,2025-06-10,SEA,99,38,93.75
694297,FF,777479,2025-06-17,TOR,81,23,92.62
694297,FF,777399,2025-06-22,COL,81,40,94.2
694297,FF,777318,2025-06-28,MIA,86,25,93.74
694297,FF,777256,2025-07-03,SF,97,21,94.2
694297,FF,777162,2025-07-09,SD,99,7,93.33
694297,FF,777100,2025-07-18,STL,91,18,93.88
694297,FF,776953,2025-07-29,DET,90,8,93.84
694297,FF,776873,2025-08-04,SD,97,9,93.53
694297,FF,776794,2025-08-10,COL,77,6,93.72
694297,FF,776730,2025-08-15,COL,100,17,94.79
694297,FF,776658,2025-08-20,CLE,97,9,94.12
694297,FF,776586,2025-08-26,MIL,80,25,94.28
694297,FF,776509,2025-08-31,LAD,94,7,93.74
694297,FF,776424,2025-09-06,BOS,95,12,93.34
694297,FF,776355,2025-09-12,MIN,78,7,94.11
694297,FF,776279,2025-09-17,SF,97,22,92.79
694297,FF,776213,2025-09-23,LAD,90,13,93.52
694297,FF,776136,2025-09-28,SD,75,11,93.58
519008,SI,778494,2025-04-01,CHC,9,5,88.04
519008,SI,778423,2025-04-06,COL,23,11,87.46
519008,SI,778381,2025-04-09,SD,5,2,86.95
519008,SI,778333,2025-04-13,NYM,5,3,88.47
519008,SI,778294,2025-04-16,CWS,5,2,86.5
519008,SI,778283,2025-04-17,CWS,3,2,88.3
519008,SI,778239,2025-04-20,MIL,22,11,88.55
519008,SI,778213,2025-04-22,TEX,7,5,88.36
519008,SI,778149,2025-04-27,CWS,8,5,86.68
519008,SI,778122,2025-04-29,TEX,14,8,87.89
519008,SI,778096,2025-05-01,TEX,5,1,89.0
519008,SI,778075,2025-05-03,MIA,4,2,88.55
519008,SI,778024,2025-05-06,SEA,9,6,87.58
519008,SI,778010,2025-05-07,SEA,9,6,89.15
519008,SI,777957,2025-05-11,NYY,3,2,89.1
519008,SI,777613,2025-06-06,BAL,17,8,88.14
519008,SI,777588,2025-06-08,BAL,5,3,88.47
519008,SI,777564,2025-06-10,LAA,7,3,88.7
519008,SI,777529,2025-06-13,KC,5,3,87.3
519008,SI,777496,2025-06-15,KC,15,9,87.79
519008,SI,777469,2025-06-17,HOU,20,11,87.64
519008,SI,777411,2025-06-21,CLE,5,3,87.5
519008,SI,777386,2025-06-24,DET,5,4,86.75
519008,SI,777351,2025-06-26,DET,27,9,88.16
543518,FF,778078,2025-05-03,PHI,37,11,93.04
543518,FF,777897,2025-05-16,COL,10,3,93.5
543518,FF,777854,2025-05-19,LAD,14,8,93.32
543518,FF,777797,2025-05-23,STL,4,3,93.33
543518,FF,777761,2025-05-26,PIT,16,3,93.73
543518,FF,777729,2025-05-28,PIT,16,8,92.75
543518,FF,777696,2025-05-31,WSH,39,17,93.24
543518,FF,776497,2025-09-01,STL,31,14,91.26
543518,FF,776430,2025-09-06,LAA,19,9,92.3
543518,FF,776410,2025-09-08,BOS,39,13,91.35
543518,FF,776234,2025-09-21,PIT,24,9,91.34
543518,FF,776182,2025-09-25,HOU,29,10,91.9
543518,FF,776138,2025-09-28,KC,19,7,91.47
547184,FF,777636,2025-06-05,MIN,19,8,95.9
547184,FF,777599,2025-06-07,BAL,7,2,95.05
547184,FF,777564,2025-06-10,LAA,34,7,95.34
547184,FF,777511,2025-06-14,KC,22,3,95.7
547184,FF,777441,2025-06-19,HOU,13,3,96.23
547184,FF,777429,2025-06-20,CLE,17,6,96.17
547184,FF,777371,2025-06-25,DET,14,3,95.6
547184,FF,777307,2025-06-29,NYY,8,3,95.47
547184,FF,777296,2025-06-30,TB,7,1,95.8
547184,FF,777286,2025-07-01,TB,17,2,94.35
547184,FF,777210,2025-07-06,SF,22,9,95.86
547184,FF,777156,2025-07-10,ATL,4,1,95.0
547184,FF,777132,2025-07-12,TOR,13,3,95.8
547184,FF,777084,2025-07-20,CLE,18,12,97.71
547184,FF,777025,2025-07-24,HOU,13,4,96.62
547184,FF,776957,2025-07-28,SEA,27,8,94.48
547184,FF,776944,2025-07-29,SEA,23,11,96.77
547184,FF,776899,2025-08-02,AZ,6,2,96.9
547184,FF,776881,2025-08-03,AZ,32,11,94.93
547184,FF,776850,2025-08-06,WSH,13,1,97.9
547184,FF,776811,2025-08-09,BAL,26,8,95.88
547184,FF,776787,2025-08-11,TB,22,3,94.93
547184,FF,776751,2025-08-13,TB,8,4,96.4
547184,FF,776734,2025-08-15,LAA,18,9,95.23
547184,FF,776699,2025-08-17,LAA,15,5,95.64
547184,FF,776665,2025-08-20,MIN,18,1,96.8
547184,FF,776620,2025-08-23,SEA,17,6,95.23
547184,FF,776590,2025-08-25,DET,16,5,95.16
547184,FF,776573,2025-08-26,DET,22,6,95.53
547184,FF,776538,2025-08-29,TEX,21,6,94.4
547184,FF,776444,2025-09-05,LAA,16,5,94.48
547184,FF,776414,2025-09-07,LAA,7,2,95.7
547184,FF,776396,2025-09-09,BOS,17,6,95.2
547184,FF,776340,2025-09-13,CIN,16,4,95.7
547184,FF,776327,2025-09-14,CIN,12,6,96.43
547184,FF,776281,2025-09-18,BOS,12,2,97.1
547184,FF,776266,2025-09-19,PIT,13,1,96.9
547184,FF,776208,2025-09-23,HOU,9,3,96.1
547184,FF,776154,2025-09-27,KC,19,6,97.08
547184,FF,776138,2025-09-28,KC,17,4,96.92
600917,FF,778471,2025-04-02,CHC,21,6,95.2
600917,FF,778456,2025-04-04,COL,18,6,93.68
600917,FF,778395,2025-04-08,SD,27,4,95.12
600917,FF,778358,2025-04-11,NYM,34,11,94.62
600917,FF,778333,2025-04-13,NYM,21,9,94.72
600917,FF,778294,2025-04-16,CWS,27,10,93.83
600917,FF,778261,2025-04-18,MIL,9,4,92.92
605488,FF,778471,2025-04-02,CHC,82,39,90.56
605488,FF,778395,2025-04-08,SD,103,33,91.02
605488,FF,778309,2025-04-15,CWS,93,45,89.72
605488,FF,778239,2025-04-20,MIL,68,31,88.95
605488,FF,778165,2025-04-26,CWS,100,48,90.32
605488,FF,778096,2025-05-01,TEX,68,37,89.85
605488,FF,778024,2025-05-06,SEA,98,29,90.9
605488,FF,777937,2025-05-13,LAD,102,32,90.13
605488,FF,777867,2025-05-18,SF,84,32,90.08
605488,FF,777784,2025-05-24,PHI,105,45,90.62
605488,FF,777716,2025-05-30,TOR,72,34,91.16
605488,FF,777643,2025-06-04,MIN,106,45,91.15
605488,FF,777576,2025-06-09,LAA,85,26,90.2
605488,FF,777496,2025-06-15,KC,89,33,90.84
605488,FF,777429,2025-06-20,CLE,104,52,90.69
605488,FF,777351,2025-06-26,DET,89,31,90.79
605488,FF,777286,2025-07-01,TB,96,41,91.19
605488,FF,777189,2025-07-08,ATL,93,46,90.5
605488,FF,777116,2025-07-13,TOR,91,37,90.73
605488,FF,777084,2025-07-20,CLE,83,29,90.45
605488,FF,777007,2025-07-25,HOU,88,43,91.48
605488,FF,776930,2025-07-30,SEA,89,47,91.2
605488,FF,776850,2025-08-06,WSH,92,43,90.95
605488,FF,776787,2025-08-11,TB,88,42,91.3
605488,FF,776699,2025-08-17,LAA,100,39,90.14
605488,FF,776620,2025-08-23,SEA,74,35,91.22
605488,FF,776538,2025-08-29,TEX,94,45,90.71
605488,FF,776470,2025-09-03,STL,87,30,91.33
605488,FF,776396,2025-09-09,BOS,92,44,91.5
605488,FF,776310,2025-09-16,BOS,68,23,91.44
605488,FF,776208,2025-09-23,HOU,81,34,91.32
621053,FF,778494,2025-04-01,CHC,23,7,94.64
621053,FF,778471,2025-04-02,CHC,10,3,94.57
621053,FF,778456,2025-04-04,COL,11,3,94.13
621053,FF,778442,2025-04-05,COL,22,10,94.28
621053,FF,778395,2025-04-08,SD,15,6,94.98
621053,FF,778346,2025-04-12,NYM,20,9,95.72
621053,FF,778294,2025-04-16,CWS,28,13,93.62
621053,FF,778213,2025-04-22,TEX,7,4,94.45
621053,FF,778197,2025-04-23,TEX,12,3,94.93
621053,FF,778149,2025-04-27,CWS,6,3,94.7
621053,FF,778143,2025-04-28,TEX,10,3,94.6
621053,FF,778106,2025-04-30,TEX,11,3,95.03
621053,FF,778075,2025-05-03,MIA,20,7,94.86
621053,FF,778061,2025-05-04,MIA,11,5,95.28
621053,FF,778038,2025-05-05,SEA,12,4,95.82
621053,FF,778024,2025-05-06,SEA,23,6,95.27
621053,FF,777972,2025-05-10,NYY,15,8,95.4
621053,FF,777917,2025-05-14,LAD,27,10,94.05
621053,FF,777879,2025-05-17,SF,12,5,95.26
621053,FF,777867,2025-05-18,SF,23,9,95.11
621053,FF,777828,2025-05-21,LAA,21,11,95.4
621053,FF,777784,2025-05-24,PHI,16,7,95.4
621053,FF,777765,2025-05-25,PHI,4,2,94.85
621053,FF,777716,2025-05-30,TOR,18,8,95.04
621053,FF,777701,2025-05-31,TOR,11,2,95.85
621053,FF,777658,2025-06-03,MIN,16,6,94.78
621053,FF,777613,2025-06-06,BAL,22,6,94.95
621053,FF,777576,2025-06-09,LAA,30,11,94.34
621053,FF,777564,2025-06-10,LAA,24,5,95.54
621053,FF,777496,2025-06-15,KC,21,8,96.24
621053,FF,777456,2025-06-18,HOU,25,9,94.63
621053,FF,777400,2025-06-22,CLE,14,1,96.3
621053,FF,777386,2025-06-24,DET,29,11,95.32
621053,FF,777307,2025-06-29,NYY,33,6,95.78
621053,FF,776831,2025-08-08,BAL,11,5,95.56
621053,FF,776804,2025-08-10,BAL,18,6,96.42
621053,FF,776762,2025-08-12,TB,35,15,95.37
621053,FF,776718,2025-08-16,LAA,25,10,95.59
621053,FF,776699,2025-08-17,LAA,16,5,94.72
621053,FF,776665,2025-08-20,MIN,19,8,94.1
621053,FF,776620,2025-08-23,SEA,13,6,95.67
621053,FF,776573,2025-08-26,DET,16,8,94.1
621053,FF,776524,2025-08-30,TEX,21,9,93.54
621053,FF,776508,2025-08-31,TEX,17,5,93.92
621053,FF,776470,2025-09-03,STL,20,9,94.66
621053,FF,776414,2025-09-07,LAA,10,5,94.02
621053,FF,776396,2025-09-09,BOS,11,4,93.75
621053,FF,776358,2025-09-12,CIN,31,12,94.29
621053,FF,776327,2025-09-14,CIN,8,3,92.97
621053,FF,776299,2025-09-17,BOS,20,10,94.86
621053,FF,776249,2025-09-20,PIT,11,5,94.88
621053,FF,776208,2025-09-23,HOU,25,11,94.16
621053,FF,776154,2025-09-27,KC,23,13,93.45
621053,FF,776138,2025-09-28,KC,4,3,93.7
622663,FF,778494,2025-04-01,CHC,107,43,95.12
622663,FF,778414,2025-04-07,SD,96,16,94.86
622663,FF,778333,2025-04-13,NYM,103,23,97.23
622663,FF,778253,2025-04-19,MIL,92,24,96.32
622663,FF,778178,2025-04-25,CWS,85,29,95.8
622663,FF,778106,2025-04-30,TEX,93,19,95.25
622663,FF,778038,2025-05-05,SEA,102,29,96.18
622663,FF,777957,2025-05-11,NYY,96,17,96.12
622663,FF,777879,2025-05-17,SF,96,31,96.3
622663,FF,777812,2025-05-22,LAA,99,20,96.35
622663,FF,777734,2025-05-28,HOU,92,20,96.16
622663,FF,777669,2025-06-02,MIN,97,28,94.72
622663,FF,777599,2025-06-07,BAL,107,19,95.32
622663,FF,777529,2025-06-13,KC,104,25,95.35
622663,FF,777456,2025-06-18,HOU,97,14,95.89
622663,FF,777386,2025-06-24,DET,97,23,95.29
622663,FF,777307,2025-06-29,NYY,95,18,96.11
622663,FF,777227,2025-07-05,SF,94,24,95.93
622663,FF,777152,2025-07-11,TOR,96,48,97.34
622663,FF,777104,2025-07-19,CLE,86,28,96.55
622663,FF,777025,2025-07-24,HOU,91,39,97.04
622663,FF,776944,2025-07-29,SEA,93,42,96.5
622663,FF,776865,2025-08-05,WSH,104,29,96.15
622663,FF,776483,2025-09-02,STL,61,13,95.82
622663,FF,776414,2025-09-07,LAA,89,40,95.87
622663,FF,776340,2025-09-13,CIN,77,22,96.2
622663,FF,776266,2025-09-19,PIT,97,24,97.2
622663,FF,776195,2025-09-24,HOU,85,29,95.91
641386,FF,777007,2025-07-25,HOU,22,15,93.36
641386,FF,776976,2025-07-27,HOU,19,9,92.86
641386,FF,776899,2025-08-02,AZ,24,13,93.19
641386,FF,776881,2025-08-03,AZ,9,2,90.8
641386,FF,776865,2025-08-05,WSH,16,11,93.65
641386,FF,776831,2025-08-08,BAL,10,6,93.53
641386,FF,776804,2025-08-10,BAL,8,4,94.42
641386,FF,776751,2025-08-13,TB,22,13,93.5
641386,FF,776734,2025-08-15,LAA,14,14,92.74
641386,FF,776699,2025-08-17,LAA,28,14,94.09
641386,FF,776653,2025-08-21,MIN,15,9,93.91
663687,FF,778192,2025-04-24,TEX,40,23,92.39
663687,FF,778122,2025-04-29,TEX,46,15,93.05
663687,FF,778091,2025-05-02,MIA,24,13,92.46
663687,FF,778038,2025-05-05,SEA,16,9,92.12
663687,FF,777994,2025-05-09,NYY,36,24,92.15
663687,FF,777957,2025-05-11,NYY,28,20,92.28
663687,FF,777917,2025-05-14,LAD,13,7,93.16
663687,FF,777843,2025-05-20,LAA,13,7,93.86
663687,FF,777812,2025-05-22,LAA,11,7,92.47
663687,FF,777784,2025-05-24,PHI,5,2,92.05
663687,FF,777765,2025-05-25,PHI,35,18,92.76
663687,FF,777727,2025-05-29,TOR,12,6,92.47
663687,FF,777716,2025-05-30,TOR,38,23,93.4
663687,FF,777669,2025-06-02,MIN,30,19,92.56
663687,FF,777643,2025-06-04,MIN,33,17,92.59
663687,FF,777599,2025-06-07,BAL,55,30,93.09
663687,FF,777564,2025-06-10,LAA,9,5,91.78
663687,FF,777511,2025-06-14,KC,13,6,94.18
663687,FF,777469,2025-06-17,HOU,17,9,93.48
663687,FF,777456,2025-06-18,HOU,26,18,92.86
663687,FF,777411,2025-06-21,CLE,38,27,93.14
663687,FF,777386,2025-06-24,DET,44,24,92.85
663687,FF,777307,2025-06-29,NYY,28,21,94.19
663687,FF,777271,2025-07-02,TB,29,12,92.42
663687,FF,777227,2025-07-05,SF,15,9,94.49
663687,FF,777176,2025-07-09,ATL,56,32,93.82
663687,FF,777105,2025-07-18,CLE,32,19,93.85
663687,FF,777043,2025-07-22,TEX,23,11,93.76
663687,FF,776811,2025-08-09,BAL,22,14,94.72
663687,FF,776787,2025-08-11,TB,24,13,94.76
663687,FF,776751,2025-08-13,TB,42,24,93.76
663687,FF,776674,2025-08-19,MIN,11,7,95.34
663687,FF,776665,2025-08-20,MIN,18,12,95.06
663687,FF,776620,2025-08-23,SEA,18,14,96.23
663687,FF,776573,2025-08-26,DET,18,11,93.67
663687,FF,776524,2025-08-30,TEX,18,9,94.52
663687,FF,776483,2025-09-02,STL,8,5,94.46
663687,FF,776430,2025-09-06,LAA,41,21,94.08
663687,FF,776379,2025-09-10,BOS,6,3,95.13
663687,FF,776358,2025-09-12,CIN,12,7,94.13
663687,FF,776340,2025-09-13,CIN,14,9,94.12
663687,FF,776310,2025-09-16,BOS,10,4,94.35
663687,FF,776281,2025-09-18,BOS,26,16,94.37
663687,FF,776195,2025-09-24,HOU,19,10,93.09
663687,FF,776172,2025-09-26,KC,22,12,94.52
663687,FF,776154,2025-09-27,KC,15,9,93.09
665660,FF,777994,2025-05-09,NYY,39,29,98.27
665660,FF,777957,2025-05-11,NYY,21,5,98.52
665660,FF,777669,2025-06-02,MIN,28,11,99.08
665660,FF,777658,2025-06-03,MIN,34,9,96.93
665660,FF,777307,2025-06-29,NYY,26,11,99.33
665660,FF,777271,2025-07-02,TB,12,1,97.6
665660,FF,777227,2025-07-05,SF,16,6,98.4
665660,FF,777189,2025-07-08,ATL,7,2,98.8
665660,FF,777176,2025-07-09,ATL,7,2,100.15
665660,FF,777132,2025-07-12,TOR,38,16,98.8
665660,FF,777105,2025-07-18,CLE,27,13,98.94
665660,FF,777057,2025-07-21,TEX,18,7,99.2
665660,FF,777007,2025-07-25,HOU,32,22,98.78
665660,FF,776957,2025-07-28,SEA,17,7,99.33
665660,FF,776944,2025-07-29,SEA,19,9,97.43
665660,FF,776914,2025-08-01,AZ,14,6,98.65
665660,FF,776881,2025-08-03,AZ,14,2,98.75
665660,FF,776831,2025-08-08,BAL,10,7,98.91
665660,FF,776804,2025-08-10,BAL,32,13,99.35
665660,FF,776751,2025-08-13,TB,13,6,99.53
665660,FF,776734,2025-08-15,LAA,22,7,98.71
665660,FF,776699,2025-08-17,LAA,12,8,98.62
665660,FF,776665,2025-08-20,MIN,20,11,98.96
665660,FF,776638,2025-08-22,SEA,23,13,100.1
665660,FF,776590,2025-08-25,DET,11,6,99.72
665660,FF,776573,2025-08-26,DET,38,24,99.24
665660,FF,776508,2025-08-31,TEX,30,16,98.09
665660,FF,776470,2025-09-03,STL,22,12,98.5
665660,FF,776444,2025-09-05,LAA,10,6,97.75
665660,FF,776396,2025-09-09,BOS,14,7,97.57
665660,FF,776379,2025-09-10,BOS,14,7,98.6
665660,FF,776340,2025-09-13,CIN,13,7,98.03
665660,FF,776299,2025-09-17,BOS,30,17,99.01
665660,FF,776266,2025-09-19,PIT,14,8,98.4
665660,FF,776195,2025-09-24,HOU,32,14,99.03
665660,FF,776154,2025-09-27,KC,18,12,98.06
665660,FF,776138,2025-09-28,KC,18,13,97.69
668716,SI,778456,2025-04-04,COL,23,15,94.01
668716,SI,778414,2025-04-07,SD,14,6,94.62
668716,SI,778381,2025-04-09,SD,22,14,95.18
668716,SI,778333,2025-04-13,NYM,24,16,94.71
668716,SI,778283,2025-04-17,CWS,30,16,94.48
668716,SI,778239,2025-04-20,MIL,36,19,93.84
668716,SI,778192,2025-04-24,TEX,19,10,95.44
668716,SI,778165,2025-04-26,CWS,59,30,95.06
668716,SI,778122,2025-04-29,TEX,26,16,94.72
668716,SI,778091,2025-05-02,MIA,16,10,95.65
668716,SI,778024,2025-05-06,SEA,13,8,94.6
668716,SI,778010,2025-05-07,SEA,29,19,95.36
669372,SI,778346,2025-04-12,NYM,89,55,94.76
669372,SI,778261,2025-04-18,MIL,96,61,93.5
669372,SI,778192,2025-04-24,TEX,71,40,92.9
669372,SI,777853,2025-05-19,LAA,79,41,92.79
669372,SI,777485,2025-06-16,HOU,37,25,93.48
669372,SI,777441,2025-06-19,HOU,22,15,94.43
669372,SI,777351,2025-06-26,DET,42,24,93.49
669372,SI,777296,2025-06-30,TB,43,18,94.44
669372,SI,777210,2025-07-06,SF,55,29,94.7
669372,SI,777156,2025-07-10,ATL,31,18,94.4
669372,SI,777105,2025-07-18,CLE,15,7,93.94
669372,SI,777043,2025-07-22,TEX,58,28,93.59
669372,SI,776976,2025-07-27,HOU,77,41,95.1
669372,SI,776899,2025-08-02,AZ,85,45,94.02
669372,SI,776831,2025-08-08,BAL,87,33,93.18
669372,SI,776751,2025-08-13,TB,70,32,92.11
669372,SI,776665,2025-08-20,MIN,81,34,94.13
669372,SI,776590,2025-08-25,DET,84,44,93.22
669372,SI,776508,2025-08-31,TEX,95,55,92.75
669372,SI,776430,2025-09-06,LAA,91,42,92.53
669372,SI,776358,2025-09-12,CIN,88,41,92.46
669372,SI,776281,2025-09-18,BOS,98,45,92.35
669372,SI,776182,2025-09-25,HOU,81,38,91.69
669620,FF,776559,2025-08-27,DET,13,9,93.03
669620,FF,776538,2025-08-29,TEX,24,11,92.65
669620,FF,776430,2025-09-06,LAA,18,12,93.23
669620,FF,776410,2025-09-08,BOS,30,12,92.42
669620,FF,776340,2025-09-13,CIN,6,5,93.64
669620,FF,776327,2025-09-14,CIN,14,8,92.51
669620,FF,776299,2025-09-17,BOS,6,2,92.75
669620,FF,776266,2025-09-19,PIT,21,11,92.97
669620,FF,776249,2025-09-20,PIT,7,1,91.8
669620,FF,776182,2025-09-25,HOU,44,21,92.66
669620,FF,776138,2025-09-28,KC,23,16,92.01
671305,FF,777917,2025-05-14,LAD,24,13,97.61
671305,FF,777891,2025-05-16,SF,17,5,96.06
671305,FF,777853,2025-05-19,LAA,30,16,97.9
671305,FF,777828,2025-05-21,LAA,16,5,96.68
671305,FF,777784,2025-05-24,PHI,11,6,96.98
671305,FF,777752,2025-05-27,HOU,23,6,97.65
674370,FF,778456,2025-04-04,COL,86,51,92.63
674370,FF,778381,2025-04-09,SD,90,36,94.78
674370,FF,778294,2025-04-16,CWS,83,45,93.6
674370,FF,778213,2025-04-22,TEX,91,40,94.27
674370,FF,778149,2025-04-27,CWS,90,28,94.53
674370,FF,778075,2025-05-03,MIA,70,26,95.04
674370,FF,777994,2025-05-09,NYY,96,24,95.73
674370,FF,777946,2025-05-15,LAD,49,23,94.51
674370,FF,777658,2025-06-03,MIN,24,6,94.85
674370,FF,777542,2025-06-11,LAA,48,17,94.81
674370,FF,777469,2025-06-17,HOU,52,1,94.5
674370,FF,777152,2025-07-11,TOR,49,13,94.67
674370,FF,777084,2025-07-20,CLE,41,16,93.89
674370,FF,776881,2025-08-03,AZ,32,6,94.75
674370,FF,776865,2025-08-05,WSH,6,3,94.77
674370,FF,776787,2025-08-11,TB,52,19,94.69
674370,FF,776699,2025-08-17,LAA,19,8,96.14
674370,FF,776653,2025-08-21,MIN,44,18,96.37
674370,FF,776573,2025-08-26,DET,66,34,95.61
674370,FF,776524,2025-08-30,TEX,32,9,94.68
674370,FF,776414,2025-09-07,LAA,22,6,96.15
674370,FF,776396,2025-09-09,BOS,28,11,94.19
674370,FF,776234,2025-09-21,PIT,63,18,94.37
674370,FF,776182,2025-09-25,HOU,37,17,95.88
674370,FF,776138,2025-09-28,KC,28,11,93.75
678022,FF,777400,2025-06-22,CLE,30,12,97.38
678022,FF,777326,2025-06-28,NYY,48,27,96.31
678022,FF,777244,2025-07-04,SF,54,15,95.54
678022,FF,777152,2025-07-11,TOR,23,9,96.33
678022,FF,777104,2025-07-19,CLE,31,14,95.79
678022,FF,777033,2025-07-23,TEX,54,24,96.15
678022,FF,776976,2025-07-27,HOU,35,15,97.31
678022,FF,776930,2025-07-30,SEA,23,10,95.8
678022,FF,776881,2025-08-03,AZ,62,36,95.22
678022,FF,776811,2025-08-09,BAL,84,27,96.28
678022,FF,776734,2025-08-15,LAA,103,34,95.92
678022,FF,776653,2025-08-21,MIN,90,44,95.47
680684,FF,778091,2025-05-02,MIA,81,36,93.59
680684,FF,778010,2025-05-07,SEA,99,41,94.11
680684,FF,777917,2025-05-14,LAD,93,44,93.25
680684,FF,777843,2025-05-20,LAA,89,35,93.69
680684,FF,777765,2025-05-25,PHI,92,20,94.19
680684,FF,777701,2025-05-31,TOR,93,20,92.83
680880,FF,778192,2025-04-24,TEX,17,9,94.32
680880,FF,778165,2025-04-26,CWS,14,6,92.63
680880,FF,778149,2025-04-27,CWS,9,3,95.47
680880,FF,778106,2025-04-30,TEX,34,17,94.63
680880,FF,778075,2025-05-03,MIA,10,4,94.52
680880,FF,778038,2025-05-05,SEA,19,12,95.12
680880,FF,778010,2025-05-07,SEA,13,5,93.8
680880,FF,777972,2025-05-10,NYY,19,8,95.38
680880,FF,777937,2025-05-13,LAD,18,10,95.73
680880,FF,777891,2025-05-16,SF,17,9,94.93
680880,FF,777867,2025-05-18,SF,2,1,94.2
680880,FF,777843,2025-05-20,LAA,8,3,95.3
680880,FF,777812,2025-05-22,LAA,24,10,94.95
680880,FF,777784,2025-05-24,PHI,18,11,95.81
680880,FF,777734,2025-05-28,HOU,17,8,94.96
680880,FF,777716,2025-05-30,TOR,18,11,93.58
680880,FF,777685,2025-06-01,TOR,20,13,93.78
680880,FF,777658,2025-06-03,MIN,16,10,93.95
680880,FF,777613,2025-06-06,BAL,23,12,94.32
680880,FF,777588,2025-06-08,BAL,12,7,94.76
680880,FF,777576,2025-06-09,LAA,8,5,94.02
680880,FF,777542,2025-06-11,LAA,14,5,94.86
682052,FF,778261,2025-04-18,MIL,26,15,90.87
682052,FF,778239,2025-04-20,MIL,21,9,90.56
682052,FF,778213,2025-04-22,TEX,41,21,90.67
682052,FF,778122,2025-04-29,TEX,84,44,89.89
682052,FF,777804,2025-05-23,PHI,91,34,91.39
682052,FF,777727,2025-05-29,TOR,43,20,90.2
682052,FF,777658,2025-06-03,MIN,96,24,90.63
682052,FF,777588,2025-06-08,BAL,91,42,90.39
682052,FF,777511,2025-06-14,KC,98,30,91.45
682052,FF,777441,2025-06-19,HOU,95,23,91.13
682052,FF,777371,2025-06-25,DET,103,30,91.26
682052,FF,777296,2025-06-30,TB,50,23,90.58
682052,FF,777210,2025-07-06,SF,88,21,90.97
682052,FF,777132,2025-07-12,TOR,87,28,90.59
682052,FF,777057,2025-07-21,TEX,93,30,90.41
682052,FF,776991,2025-07-26,HOU,95,34,90.77
682052,FF,776914,2025-08-01,AZ,95,41,91.22
682052,FF,776837,2025-08-07,WSH,114,40,90.76
682052,FF,776762,2025-08-12,TB,96,25,90.64
682052,FF,776674,2025-08-19,MIN,94,34,91.3
682052,FF,776602,2025-08-24,SEA,65,19,90.25
683155,FF,778423,2025-04-06,COL,61,35,90.97
683155,FF,776602,2025-08-24,SEA,40,18,92.4
686930,FF,776524,2025-08-30,TEX,66,38,94.64
686930,FF,776444,2025-09-05,LAA,101,52,95.11
686930,FF,776379,2025-09-10,BOS,74,37,93.78
686930,FF,776299,2025-09-17,BOS,90,54,94.11
686930,FF,776172,2025-09-26,KC,96,49,93.93
686993,FF,778494,2025-04-01,CHC,20,13,93.99
686993,FF,778456,2025-04-04,COL,24,13,93.08
686993,FF,778442,2025-04-05,COL,11,6,93.48
686993,FF,778395,2025-04-08,SD,14,8,93.79
686993,FF,778381,2025-04-09,SD,22,8,93.69
686993,FF,778346,2025-04-12,NYM,21,12,93.88
686993,FF,778309,2025-04-15,CWS,16,12,92.62
686993,FF,778261,2025-04-18,MIL,21,11,93.61
686993,FF,778197,2025-04-23,TEX,15,8,93.98
686993,FF,778178,2025-04-25,CWS,18,10,93.59
686993,FF,778149,2025-04-27,CWS,25,16,93.51
686993,FF,778106,2025-04-30,TEX,18,11,93.68
686993,FF,778096,2025-05-01,TEX,11,6,92.67
686993,FF,778075,2025-05-03,MIA,16,7,94.29
686993,FF,778024,2025-05-06,SEA,20,11,93.47
686993,FF,778010,2025-05-07,SEA,3,3,93.33
686993,FF,777972,2025-05-10,NYY,28,11,94.78
686993,FF,777937,2025-05-13,LAD,18,11,93.0
686993,FF,777879,2025-05-17,SF,29,14,93.68
686993,FF,777867,2025-05-18,SF,10,6,92.87
686993,FF,777843,2025-05-20,LAA,29,16,93.34
686993,FF,777804,2025-05-23,PHI,23,13,93.74
686993,FF,777784,2025-05-24,PHI,2,2,92.4
686993,FF,777734,2025-05-28,HOU,23,11,93.11
686993,FF,777716,2025-05-30,TOR,11,7,92.4
686993,FF,777685,2025-06-01,TOR,16,7,93.84
686993,FF,777643,2025-06-04,MIN,15,5,93.44
686993,FF,777286,2025-07-01,TB,16,7,93.46
686993,FF,777227,2025-07-05,SF,25,13,93.1
686993,FF,777189,2025-07-08,ATL,25,13,92.78
686993,FF,777156,2025-07-10,ATL,26,13,94.13
686993,FF,777116,2025-07-13,TOR,7,3,92.4
686993,FF,777104,2025-07-19,CLE,20,6,91.97
686993,FF,777043,2025-07-22,TEX,10,2,91.4
686993,FF,776991,2025-07-26,HOU,19,10,93.75
686993,FF,776957,2025-07-28,SEA,7,3,92.93
686993,FF,776930,2025-07-30,SEA,20,10,92.59
686993,FF,776899,2025-08-02,AZ,25,11,93.04
686993,FF,776865,2025-08-05,WSH,10,6,92.27
686993,FF,776837,2025-08-07,WSH,11,7,92.44
686993,FF,776804,2025-08-10,BAL,24,11,93.94
686993,FF,776762,2025-08-12,TB,7,2,93.25
686993,FF,776734,2025-08-15,LAA,7,7,92.64
686993,FF,776718,2025-08-16,LAA,21,13,92.82
686993,FF,776674,2025-08-19,MIN,31,14,94.04
686993,FF,776638,2025-08-22,SEA,18,11,94.26
686993,FF,776573,2025-08-26,DET,24,13,93.66
686993,FF,776559,2025-08-27,DET,15,9,93.57
686993,FF,776497,2025-09-01,STL,24,11,93.9
686993,FF,776444,2025-09-05,LAA,35,17,93.79
686993,FF,776379,2025-09-10,BOS,19,9,94.04
686993,FF,776358,2025-09-12,CIN,16,9,94.22
686993,FF,776327,2025-09-14,CIN,17,8,94.09
686993,FF,776299,2025-09-17,BOS,31,19,93.55
686993,FF,776266,2025-09-19,PIT,24,13,94.44
686993,FF,776208,2025-09-23,HOU,16,8,94.59
686993,FF,776172,2025-09-26,KC,25,12,93.92
687424,FF,777891,2025-05-16,SF,24,10,92.26
687424,FF,777843,2025-05-20,LAA,23,11,93.49
687424,FF,777828,2025-05-21,LAA,9,5,92.0
687424,FF,777804,2025-05-23,PHI,5,3,92.1
687424,FF,777752,2025-05-27,HOU,29,12,93.35
687424,FF,777727,2025-05-29,TOR,39,21,91.93
687765,SI,778471,2025-04-02,CHC,35,1,91.1
687765,SI,778423,2025-04-06,COL,56,2,92.1
687765,SI,778358,2025-04-11,NYM,54,1,92.4
687765,SI,778309,2025-04-15,CWS,37,3,91.97
687765,SI,778239,2025-04-20,MIL,37,5,92.1
687765,SI,778061,2025-05-04,MIA,24,2,94.6
687765,SI,777946,2025-05-15,LAD,36,4,94.52
687765,SI,777853,2025-05-19,LAA,39,3,92.67
687765,SI,777812,2025-05-22,LAA,27,3,94.8
687765,SI,777784,2025-05-24,PHI,18,1,91.4
687765,SI,777752,2025-05-27,HOU,29,3,93.2
687765,SI,777716,2025-05-30,TOR,29,6,93.13
687765,SI,777685,2025-06-01,TOR,22,3,93.0
687765,SI,777636,2025-06-05,MIN,57,7,93.26
687765,SI,777564,2025-06-10,LAA,75,10,92.81
687765,SI,777485,2025-06-16,HOU,84,11,93.06
687765,SI,777411,2025-06-21,CLE,85,6,93.02
687765,SI,777337,2025-06-27,NYY,89,5,92.78
687765,SI,777271,2025-07-02,TB,77,8,91.02
687765,SI,777176,2025-07-09,ATL,79,11,91.83
687765,SI,776310,2025-09-16,BOS,52,10,92.65
687765,SI,776234,2025-09-21,PIT,64,7,92.76
687765,SI,776138,2025-09-28,KC,47,13,92.58
806960,FF,776914,2025-08-01,AZ,37,21,96.25
806960,FF,776804,2025-08-10,BAL,57,33,97.11
806960,FF,776718,2025-08-16,LAA,86,43,97.01
806960,FF,776638,2025-08-22,SEA,97,50,97.45
806960,FF,776559,2025-08-27,DET,91,53,97.6
806960,FF,776497,2025-09-01,STL,91,49,97.27
806960,FF,776410,2025-09-08,BOS,84,39,97.18
806960,FF,776327,2025-09-14,CIN,80,39,97.12
806960,FF,776249,2025-09-20,PIT,96,47,97.56
806960,FF,776154,2025-09-27,KC,100,49,97.11
445926,SI,778177,2025-04-25,AZ,28,9,89.37
445926,SI,777189,2025-07-08,ATH,60,24,90.01
445926,SI,777118,2025-07-13,STL,42,14,89.0
519242,FF,778487,2025-04-01,LAD,87,32,93.11
519242,FF,778406,2025-04-08,PHI,86,37,92.67
519242,FF,778340,2025-04-13,TB,95,40,96.48
519242,FF,778267,2025-04-19,MIN,98,36,94.65
519242,FF,778177,2025-04-25,AZ,104,51,94.83
519242,FF,778102,2025-04-30,COL,100,33,93.37
519242,FF,778034,2025-05-06,CIN,112,44,95.77
519242,FF,777967,2025-05-11,PIT,99,51,95.8
519242,FF,777908,2025-05-16,BOS,99,38,96.8
519242,FF,777813,2025-05-23,SD,95,39,95.68
519242,FF,777723,2025-05-29,PHI,102,55,94.63
519242,FF,777654,2025-06-04,AZ,103,47,95.28
519242,FF,777575,2025-06-09,MIL,103,44,93.83
519242,FF,777470,2025-06-18,NYM,116,49,94.86
519242,FF,776532,2025-08-30,PHI,78,33,94.76
519242,FF,776460,2025-09-05,SEA,92,45,95.09
519242,FF,776381,2025-09-10,CHC,93,40,95.08
519242,FF,776307,2025-09-16,WSH,106,37,93.52
519242,FF,776221,2025-09-22,WSH,80,27,94.89
519242,FF,776149,2025-09-28,PIT,96,43,94.83
572955,FF,778487,2025-04-01,LAD,26,10,94.64
572955,FF,778472,2025-04-02,LAD,12,3,94.8
572955,FF,778393,2025-04-09,PHI,20,3,95.57
572955,FF,778367,2025-04-11,TB,14,4,94.12
572955,FF,778340,2025-04-13,TB,26,4,95.2
572955,FF,778297,2025-04-16,TOR,22,5,95.52
572955,FF,778249,2025-04-20,MIN,25,7,94.53
572955,FF,778214,2025-04-23,STL,14,3,95.3
572955,FF,778137,2025-04-28,COL,13,4,93.85
572955,FF,778102,2025-04-30,COL,14,3,95.7
572955,FF,778060,2025-05-04,LAD,18,4,94.72
572955,FF,778003,2025-05-08,CIN,10,1,94.9
572955,FF,777942,2025-05-13,WSH,16,4,95.62
572955,FF,777909,2025-05-15,WSH,15,6,94.55
572955,FF,777893,2025-05-17,BOS,8,2,95.1
572955,FF,777820,2025-05-22,WSH,22,7,94.69
572955,FF,777783,2025-05-25,SD,21,5,95.92
572955,FF,777735,2025-05-29,PHI,17,8,95.5
572955,FF,777719,2025-05-30,BOS,23,6,95.32
572955,FF,777672,2025-06-03,AZ,20,6,96.3
572955,FF,777619,2025-06-06,SF,15,1,95.8
572955,FF,777598,2025-06-07,SF,15,3,97.03
572955,FF,777535,2025-06-13,COL,22,7,95.76
572955,FF,777489,2025-06-17,NYM,14,4,95.4
572955,FF,777439,2025-06-20,MIA,20,6,95.93
572955,FF,777387,2025-06-24,NYM,16,3,95.93
572955,FF,777298,2025-07-01,LAA,13,2,96.05
572955,FF,777252,2025-07-04,BAL,16,2,95.2
572955,FF,777222,2025-07-06,BAL,17,3,96.7
572955,FF,777156,2025-07-10,ATH,12,4,96.08
572955,FF,777147,2025-07-11,STL,15,1,96.1
572955,FF,777114,2025-07-18,NYY,16,1,95.9
572955,FF,777097,2025-07-19,NYY,15,5,95.42
572955,FF,777058,2025-07-22,SF,6,1,95.9
572955,FF,776993,2025-07-26,TEX,10,1,94.8
572955,FF,776928,2025-07-31,CIN,14,5,95.14
572955,FF,776907,2025-08-02,CIN,13,4,95.8
572955,FF,776842,2025-08-07,MIA,14,6,95.18
572955,FF,778431,2025-08-09,MIA,11,3,95.47
572955,FF,776803,2025-08-10,MIA,15,4,95.4
572955,FF,776756,2025-08-13,NYM,19,4,95.25
572955,FF,776706,2025-08-17,CLE,13,3,95.13
572955,FF,776669,2025-08-20,CWS,16,2,94.6
572955,FF,776624,2025-08-24,NYM,18,1,95.9
572955,FF,776600,2025-08-25,MIA,23,7,94.16
572955,FF,776552,2025-08-29,PHI,16,5,96.26
572955,FF,776532,2025-08-30,PHI,22,8,95.44
572955,FF,776506,2025-09-01,CHC,17,8,95.95
572955,FF,776381,2025-09-10,CHC,19,3,95.13
572955,FF,776329,2025-09-14,HOU,15,2,94.2
572955,FF,777825,2025-09-16,WSH,19,3,93.4
572955,FF,776286,2025-09-17,WSH,6,1,94.2
572955,FF,776258,2025-09-20,DET,13,4,95.35
572955,FF,776238,2025-09-21,DET,13,2,94.1
572955,FF,776200,2025-09-24,WSH,10,3,94.57
572955,FF,776180,2025-09-26,PIT,27,5,94.68
593833,FC,777118,2025-07-13,STL,24,21,92.56
593833,FC,777097,2025-07-19,NYY,16,13,91.43
593833,FC,777058,2025-07-22,SF,47,38,92.24
593833,FC,776581,2025-08-26,MIA,24,17,91.85
593833,FC,776560,2025-08-28,PHI,31,19,91.83
607481,FF,778464,2025-04-04,MIA,20,7,91.34
607481,FF,778393,2025-04-09,PHI,15,4,92.5
607481,FF,778384,2025-04-10,PHI,22,3,92.73
607481,FF,778322,2025-04-14,TOR,26,4,92.4
607481,FF,778229,2025-04-22,STL,40,4,91.42
607481,FF,778177,2025-04-25,AZ,9,1,92.3
607481,FF,778147,2025-04-27,AZ,25,1,91.5
607481,FF,778076,2025-05-03,LAD,36,2,91.25
607481,FF,778023,2025-05-07,CIN,20,2,92.0
607481,FF,777998,2025-05-09,PIT,11,1,92.9
607481,FF,777967,2025-05-11,PIT,16,2,90.55
607481,FF,777929,2025-05-14,WSH,21,1,93.1
607481,FF,777893,2025-05-17,BOS,13,3,92.3
607481,FF,777841,2025-05-20,WSH,21,5,90.62
607481,FF,777820,2025-05-22,WSH,22,2,92.3
607481,FF,777735,2025-05-29,PHI,22,2,91.0
607481,FF,777692,2025-06-01,BOS,29,4,91.58
607481,FF,777640,2025-06-05,AZ,24,4,91.52
607481,FF,777568,2025-06-10,MIL,19,2,91.7
607481,FF,777504,2025-06-15,COL,16,1,91.1
607481,FF,777439,2025-06-20,MIA,28,3,91.23
607481,FF,777369,2025-06-25,NYM,35,4,91.68
607481,FF,777279,2025-07-02,LAA,24,1,91.2
607481,FF,777237,2025-07-05,BAL,52,4,92.42
607481,FF,777133,2025-07-12,STL,33,3,91.6
607481,FF,777114,2025-07-18,NYY,17,3,92.43
607481,FF,777069,2025-07-21,SF,14,1,92.9
607481,FF,777041,2025-07-23,SF,11,2,93.35
607481,FF,777009,2025-07-25,TEX,14,4,90.0
607481,FF,776955,2025-07-29,KC,23,4,92.28
607481,FF,776882,2025-08-04,MIL,20,5,91.36
607481,FF,776853,2025-08-06,MIL,45,6,91.9
607481,FF,776819,2025-08-09,MIA,30,8,91.12
607481,FF,776756,2025-08-13,NYM,51,5,90.6
607481,FF,776626,2025-08-23,NYM,14,4,89.12
628452,FF,778472,2025-04-02,LAD,22,5,93.2
628452,FF,778406,2025-04-08,PHI,15,4,93.98
628452,FF,778393,2025-04-09,PHI,13,5,94.9
628452,FF,778384,2025-04-10,PHI,17,7,94.46
628452,FF,778353,2025-04-12,TB,9,1,92.6
628452,FF,778284,2025-04-18,MIN,9,5,95.08
628452,FF,778267,2025-04-19,MIN,11,2,95.0
628452,FF,778233,2025-04-21,STL,25,9,94.91
628452,FF,778162,2025-04-26,AZ,10,4,96.18
628452,FF,778137,2025-04-28,COL,9,3,93.9
628452,FF,778076,2025-05-03,LAD,11,2,93.15
628452,FF,778060,2025-05-04,LAD,22,8,94.98
628452,FF,778034,2025-05-06,CIN,7,2,94.4
628452,FF,778003,2025-05-08,CIN,19,5,94.84
628452,FF,777967,2025-05-11,PIT,13,2,94.05
628452,FF,777959,2025-05-12,WSH,28,9,95.21
628452,FF,777909,2025-05-15,WSH,10,3,94.4
628452,FF,777908,2025-05-16,BOS,15,5,94.46
628452,FF,777820,2025-05-22,WSH,9,2,91.8
628452,FF,777723,2025-05-29,PHI,20,11,94.54
628452,FF,777692,2025-06-01,BOS,13,2,95.1
628452,FF,777654,2025-06-04,AZ,20,9,94.58
628452,FF,777640,2025-06-05,AZ,20,4,94.32
628452,FF,777575,2025-06-09,MIL,8,3,94.13
628452,FF,777535,2025-06-13,COL,12,4,94.7
628452,FF,777489,2025-06-17,NYM,11,4,93.72
628452,FF,777389,2025-06-23,NYM,17,3,94.8
628452,FF,777387,2025-06-24,NYM,16,9,93.62
628452,FF,777333,2025-06-28,PHI,15,2,93.95
628452,FF,777316,2025-06-29,PHI,11,4,94.82
628452,FF,777261,2025-07-03,LAA,16,3,94.9
628452,FF,777237,2025-07-05,BAL,16,5,94.12
628452,FF,777222,2025-07-06,BAL,12,4,94.3
628452,FF,777156,2025-07-10,ATH,9,4,95.48
628452,FF,777147,2025-07-11,STL,14,8,95.52
628452,FF,777133,2025-07-12,STL,11,3,94.83
628452,FF,777114,2025-07-18,NYY,12,6,94.75
628452,FF,777097,2025-07-19,NYY,18,5,94.46
628452,FF,777041,2025-07-23,SF,11,3,92.47
628452,FF,776993,2025-07-26,TEX,20,11,93.51
628452,FF,776971,2025-07-28,KC,7,2,93.35
628452,FF,776936,2025-07-30,KC,11,6,95.42
628452,FF,776928,2025-07-31,CIN,7,5,94.74
628452,FF,776907,2025-08-02,CIN,14,8,95.3
628452,FF,776853,2025-08-06,MIL,15,6,94.75
628452,FF,776842,2025-08-07,MIA,15,7,95.07
628452,FF,776819,2025-08-09,MIA,11,6,95.78
628452,FF,776756,2025-08-13,NYM,13,4,93.18
628452,FF,776748,2025-08-14,NYM,7,4,97.05
628452,FF,776738,2025-08-15,CLE,15,10,97.04
628452,FF,776706,2025-08-17,CLE,17,12,95.62
628452,FF,776687,2025-08-19,CWS,9,4,96.0
628452,FF,776669,2025-08-20,CWS,8,5,95.24
628452,FF,776624,2025-08-24,NYM,24,14,95.11
628452,FF,776532,2025-08-30,PHI,8,5,96.48
628452,FF,776522,2025-08-31,PHI,11,6,96.5
628452,FF,776473,2025-09-03,CHC,25,15,94.88
628452,FF,776460,2025-09-05,SEA,13,8,96.4
628452,FF,776412,2025-09-08,CHC,10,6,95.45
628452,FF,776381,2025-09-10,CHC,19,8,95.09
628452,FF,776329,2025-09-14,HOU,9,5,94.94
628452,FF,777825,2025-09-16,WSH,19,13,92.49
628452,FF,776258,2025-09-20,DET,12,6,95.98
628452,FF,776238,2025-09-21,DET,8,4,94.62
628452,FF,776219,2025-09-23,WSH,10,5,94.5
628452,FF,776156,2025-09-27,PIT,23,11,95.52
628452,FF,776149,2025-09-28,PIT,14,7,96.1
656550,FF,778393,2025-04-09,PHI,104,40,95.05
656550,FF,778322,2025-04-14,TOR,94,33,94.35
656550,FF,778249,2025-04-20,MIN,105,45,93.87
656550,FF,778162,2025-04-26,AZ,93,41,94.4
656550,FF,778092,2025-05-02,LAD,94,34,94.42
656550,FF,778023,2025-05-07,CIN,88,29,94.44
656550,FF,777959,2025-05-12,WSH,79,32,94.12
656550,FF,777893,2025-05-17,BOS,99,37,94.92
656550,FF,777803,2025-05-24,SD,94,22,94.0
656550,FF,777719,2025-05-30,BOS,97,37,94.33
656550,FF,777640,2025-06-05,AZ,64,17,94.62
656550,FF,777568,2025-06-10,MIL,100,41,95.21
656550,FF,777504,2025-06-15,COL,93,43,94.48
656550,FF,777424,2025-06-21,MIA,96,12,93.94
656550,FF,777352,2025-06-26,NYM,97,23,94.56
656550,FF,777298,2025-07-01,LAA,106,33,94.41
656550,FF,777222,2025-07-06,BAL,96,25,94.29
656550,FF,777147,2025-07-11,STL,86,19,94.25
656550,FF,777083,2025-07-20,NYY,100,19,94.15
656550,FF,776993,2025-07-26,TEX,81,19,94.2
660761,FF,778451,2025-04-05,MIA,55,31,92.42
660761,FF,778384,2025-04-10,PHI,25,7,93.71
660761,FF,777825,2025-09-16,WSH,98,35,93.69
660761,FF,776238,2025-09-21,DET,11,2,94.75
660761,FF,776221,2025-09-22,WSH,43,22,93.83
660761,FF,776156,2025-09-27,PIT,19,7,92.91
669276,FF,778487,2025-04-01,LAD,17,8,94.54
669276,FF,778472,2025-04-02,LAD,14,8,92.98
669276,FF,778406,2025-04-08,PHI,14,7,93.91
669276,FF,778393,2025-04-09,PHI,23,5,94.34
669276,FF,778353,2025-04-12,TB,25,8,93.4
669276,FF,778297,2025-04-16,TOR,19,4,94.72
669276,FF,778267,2025-04-19,MIN,25,8,93.76
669276,FF,778229,2025-04-22,STL,20,7,92.67
669276,FF,778177,2025-04-25,AZ,13,6,93.85
669276,FF,778162,2025-04-26,AZ,10,2,94.25
669276,FF,778092,2025-05-02,LAD,9,2,93.5
669276,FF,778060,2025-05-04,LAD,15,6,94.57
669276,FF,778023,2025-05-07,CIN,14,4,92.58
669276,FF,778003,2025-05-08,CIN,17,4,94.45
669276,FF,777942,2025-05-13,WSH,13,5,92.62
669276,FF,777909,2025-05-15,WSH,13,5,93.18
669276,FF,777876,2025-05-18,BOS,17,9,93.54
669276,FF,777841,2025-05-20,WSH,12,6,92.7
669276,FF,777820,2025-05-22,WSH,5,2,91.2
669276,FF,777783,2025-05-25,SD,14,7,93.83
669276,FF,777748,2025-05-27,PHI,17,4,94.0
669276,FF,777719,2025-05-30,BOS,18,4,94.5
669276,FF,777706,2025-05-31,BOS,11,3,94.57
669276,FF,777654,2025-06-04,AZ,13,4,93.15
669276,FF,777619,2025-06-06,SF,18,4,94.82
669276,FF,777575,2025-06-09,MIL,15,8,94.94
669276,FF,777535,2025-06-13,COL,14,6,93.67
669276,FF,777523,2025-06-14,COL,18,6,93.67
669276,FF,777489,2025-06-17,NYM,11,4,95.08
669276,FF,777455,2025-06-19,NYM,10,6,94.73
669276,FF,777424,2025-06-21,MIA,13,4,94.42
669276,FF,777389,2025-06-23,NYM,21,2,95.8
669276,FF,777342,2025-06-27,PHI,17,4,93.4
669276,FF,777316,2025-06-29,PHI,13,2,94.0
669276,FF,777298,2025-07-01,LAA,21,8,94.29
669276,FF,777252,2025-07-04,BAL,25,7,94.01
669276,FF,777222,2025-07-06,BAL,9,1,91.9
669276,FF,777156,2025-07-10,ATH,12,4,93.98
669276,FF,777133,2025-07-12,STL,28,9,94.11
669276,FF,777114,2025-07-18,NYY,17,6,94.65
669276,FF,777097,2025-07-19,NYY,20,5,94.16
669276,FF,777041,2025-07-23,SF,13,4,94.35
669276,FF,776993,2025-07-26,TEX,14,3,93.87
669276,FF,776971,2025-07-28,KC,14,5,94.8
669276,FF,776936,2025-07-30,KC,16,3,94.4
669276,FF,776928,2025-07-31,CIN,21,7,93.91
669276,FF,776907,2025-08-02,CIN,16,5,94.54
669276,FF,776842,2025-08-07,MIA,13,1,94.9
669276,FF,778431,2025-08-09,MIA,8,4,93.0
669276,FF,776803,2025-08-10,MIA,16,7,94.07
669276,FF,776756,2025-08-13,NYM,22,8,92.44
669276,FF,776748,2025-08-14,NYM,12,2,94.0
669276,FF,776706,2025-08-17,CLE,24,6,94.48
669276,FF,776687,2025-08-19,CWS,10,3,91.7
669276,FF,776626,2025-08-23,NYM,25,8,94.85
669276,FF,776624,2025-08-24,NYM,6,3,95.37
669276,FF,776581,2025-08-26,MIA,12,6,94.48
669276,FF,776552,2025-08-29,PHI,17,4,95.45
669276,FF,776532,2025-08-30,PHI,4,1,95.0
669276,FF,776506,2025-09-01,CHC,12,3,95.63
669276,FF,776460,2025-09-05,SEA,11,1,96.1
669276,FF,776402,2025-09-09,CHC,11,5,94.38
669276,FF,776381,2025-09-10,CHC,8,2,94.2
669276,FF,776329,2025-09-14,HOU,20,8,95.41
669276,FF,776315,2025-09-15,WSH,15,6,93.07
669276,FF,776286,2025-09-17,WSH,24,11,94.61
669276,FF,776258,2025-09-20,DET,19,2,94.6
669276,FF,776238,2025-09-21,DET,10,1,96.6
669276,FF,776219,2025-09-23,WSH,18,8,95.1
669721,FF,778147,2025-04-27,AZ,11,7,92.54
669721,FF,777118,2025-07-13,STL,60,38,90.31
669721,FF,777058,2025-07-22,SF,72,48,88.95
675911,FF,778297,2025-04-16,TOR,97,58,95.4
675911,FF,777841,2025-05-20,WSH,75,41,94.98
675911,FF,777748,2025-05-27,PHI,90,49,95.08
675911,FF,777672,2025-06-03,AZ,85,39,95.17
675911,FF,777587,2025-06-08,SF,90,51,94.77
675911,FF,777523,2025-06-14,COL,87,50,96.24
675911,FF,777455,2025-06-19,NYM,97,52,96.0
675911,FF,777387,2025-06-24,NYM,91,53,95.85
675911,FF,777316,2025-06-29,PHI,95,51,95.98
675911,FF,777252,2025-07-04,BAL,100,46,96.13
675911,FF,777156,2025-07-10,ATH,101,52,95.41
675911,FF,777114,2025-07-18,NYY,96,46,95.55
675911,FF,777041,2025-07-23,SF,104,65,95.56
675911,FF,776971,2025-07-28,KC,96,56,94.88
675911,FF,776853,2025-08-06,MIL,94,47,96.17
675911,FF,776772,2025-08-12,NYM,82,41,96.1
675911,FF,776696,2025-08-18,CWS,68,29,96.15
675911,FF,776600,2025-08-25,MIA,95,42,95.4
675911,FF,776506,2025-09-01,CHC,88,52,94.94
675911,FF,776402,2025-09-09,CHC,97,40,95.59
675911,FF,776315,2025-09-15,WSH,96,40,95.54
675911,FF,776238,2025-09-21,DET,101,46,94.66
675911,FF,776156,2025-09-27,PIT,85,35,95.24
678226,FF,778487,2025-04-01,LAD,6,3,96.3
678226,FF,778472,2025-04-02,LAD,12,5,96.7
678226,FF,778406,2025-04-08,PHI,14,5,97.76
678226,FF,778393,2025-04-09,PHI,23,9,96.21
678226,FF,778353,2025-04-12,TB,29,9,97.33
678226,FF,778297,2025-04-16,TOR,18,9,97.26
678226,FF,778267,2025-04-19,MIN,16,10,97.96
678226,FF,778233,2025-04-21,STL,11,3,96.73
678226,FF,778214,2025-04-23,STL,18,7,98.37
678226,FF,778162,2025-04-26,AZ,20,9,98.44
678226,FF,778137,2025-04-28,COL,25,11,97.66
678226,FF,778092,2025-05-02,LAD,18,7,97.51
678226,FF,778060,2025-05-04,LAD,16,6,98.35
678226,FF,778034,2025-05-06,CIN,27,12,98.31
678226,FF,777985,2025-05-10,PIT,27,9,98.54
678226,FF,777959,2025-05-12,WSH,17,7,97.27
678226,FF,777908,2025-05-16,BOS,23,14,98.54
678226,FF,777820,2025-05-22,WSH,18,8,98.06
678226,FF,777813,2025-05-23,SD,19,11,98.71
678226,FF,777748,2025-05-27,PHI,34,17,98.96
678226,FF,777735,2025-05-29,PHI,20,5,97.44
678226,FF,777706,2025-05-31,BOS,8,5,97.32
678226,FF,777654,2025-06-04,AZ,22,4,99.1
678226,FF,777279,2025-07-02,LAA,18,14,97.11
678226,FF,777237,2025-07-05,BAL,27,12,97.73
678226,FF,777176,2025-07-09,ATH,12,6,96.28
678226,FF,777156,2025-07-10,ATH,9,4,98.28
678226,FF,777133,2025-07-12,STL,30,15,98.55
678226,FF,776971,2025-07-28,KC,25,9,95.32
678226,FF,776882,2025-08-04,MIL,20,8,97.32
678226,FF,776853,2025-08-06,MIL,16,9,97.41
678226,FF,776819,2025-08-09,MIA,16,6,97.2
678226,FF,776803,2025-08-10,MIA,11,3,94.3
678226,FF,776738,2025-08-15,CLE,16,7,97.34
678226,FF,776696,2025-08-18,CWS,45,24,97.3
678226,FF,776447,2025-09-06,SEA,16,9,97.22
680735,FF,777402,2025-06-22,MIA,16,8,94.38
680735,FF,777369,2025-06-25,NYM,35,10,93.21
680735,FF,777261,2025-07-03,LAA,29,10,93.74
680735,FF,777237,2025-07-05,BAL,13,3,94.73
680735,FF,777189,2025-07-08,ATH,26,9,93.84
680735,FF,777147,2025-07-11,STL,11,2,92.7
680735,FF,776907,2025-08-02,CIN,16,7,91.1
680735,FF,776869,2025-08-05,MIL,43,22,92.83
680735,FF,776819,2025-08-09,MIA,14,9,94.04
680735,FF,776772,2025-08-12,NYM,47,10,91.85
680735,FF,776696,2025-08-18,CWS,47,25,91.64
680735,FF,776626,2025-08-23,NYM,25,9,92.96
680735,FF,776560,2025-08-28,PHI,62,28,92.36
680885,FF,778464,2025-04-04,MIA,99,42,96.81
680885,FF,778384,2025-04-10,PHI,81,27,96.17
680885,FF,778311,2025-04-15,TOR,86,33,97.0
680885,FF,778233,2025-04-21,STL,91,32,96.75
680885,FF,778147,2025-04-27,AZ,88,18,96.56
680885,FF,778076,2025-05-03,LAD,91,32,96.16
680885,FF,778003,2025-05-08,CIN,93,29,97.09
680885,FF,777942,2025-05-13,WSH,97,27,96.54
680885,FF,777876,2025-05-18,BOS,81,30,96.66
680885,FF,777783,2025-05-25,SD,101,39,97.52
680885,FF,777706,2025-05-31,BOS,99,53,98.18
680885,FF,777619,2025-06-06,SF,94,35,97.26
680885,FF,777554,2025-06-11,MIL,105,54,98.19
680885,FF,777489,2025-06-17,NYM,97,40,96.96
680885,FF,777389,2025-06-23,NYM,89,29,97.04
680885,FF,777333,2025-06-28,PHI,90,18,96.77
689266,SI,777735,2025-05-29,PHI,7,2,94.3
689266,SI,777719,2025-05-30,BOS,13,3,94.7
689266,SI,777568,2025-06-10,MIL,14,5,94.32
689266,SI,777535,2025-06-13,COL,10,3,92.97
689266,SI,777439,2025-06-20,MIA,13,4,93.92
689266,SI,777402,2025-06-22,MIA,32,7,93.61
689266,SI,777387,2025-06-24,NYM,14,5,92.94
689266,SI,777352,2025-06-26,NYM,20,4,93.8
689266,SI,777279,2025-07-02,LAA,10,5,93.24
689266,SI,777237,2025-07-05,BAL,39,10,94.18
689266,SI,777041,2025-07-23,SF,23,10,93.7
689266,SI,776981,2025-07-27,TEX,49,20,93.67
689266,SI,776921,2025-08-01,CIN,28,11,93.77
689266,SI,776882,2025-08-04,MIL,12,5,93.14
689266,SI,776842,2025-08-07,MIA,2,2,93.45
689266,SI,776834,2025-08-08,MIA,38,16,93.95
689266,SI,776645,2025-08-22,NYM,21,5,93.42
689266,SI,776581,2025-08-26,MIA,6,4,93.92
689266,SI,776532,2025-08-30,PHI,8,2,94.65
689266,SI,776522,2025-08-31,PHI,3,2,95.85
689266,SI,776487,2025-09-02,CHC,12,4,94.65
689266,SI,776428,2025-09-07,SEA,58,21,93.74
689266,SI,776346,2025-09-13,HOU,53,21,93.86
689266,SI,776286,2025-09-17,WSH,13,8,93.22
689266,SI,776258,2025-09-20,DET,6,2,94.45
689266,SI,776238,2025-09-21,DET,18,6,93.67
689266,SI,776180,2025-09-26,PIT,13,2,93.5
693821,FF,778472,2025-04-02,LAD,70,7,91.4
693821,FF,778367,2025-04-11,TB,92,11,91.31
693821,FF,778284,2025-04-18,MIN,91,13,91.45
693821,FF,778214,2025-04-23,STL,99,13,92.07
693821,FF,778137,2025-04-28,COL,90,15,91.71
693821,FF,778060,2025-05-04,LAD,86,18,92.63
693821,FF,777998,2025-05-09,PIT,99,3,92.5
693821,FF,777929,2025-05-14,WSH,82,8,92.95
693821,FF,777692,2025-06-01,BOS,81,12,93.38
693821,FF,777598,2025-06-07,SF,107,6,92.95
693821,FF,777535,2025-06-13,COL,70,5,91.98
693821,FF,777402,2025-06-22,MIA,92,5,92.24
693821,FF,777342,2025-06-27,PHI,66,2,92.0
693821,FF,777261,2025-07-03,LAA,101,5,91.56
693821,FF,777176,2025-07-09,ATH,100,11,92.73
693821,FF,777069,2025-07-21,SF,108,6,92.38
693821,FF,776981,2025-07-27,TEX,63,5,90.86
693821,FF,776921,2025-08-01,CIN,83,2,92.8
693821,FF,776834,2025-08-08,MIA,100,22,92.66
693821,FF,776748,2025-08-14,NYM,87,26,92.82
693821,FF,776687,2025-08-19,CWS,84,15,92.83
693821,FF,776624,2025-08-24,NYM,95,10,93.73
693821,FF,776552,2025-08-29,PHI,96,5,94.24
693821,FF,776473,2025-09-03,CHC,101,15,93.81
693821,FF,776412,2025-09-08,CHC,89,17,93.62
693821,FF,776346,2025-09-13,HOU,89,11,93.04
693821,FF,776268,2025-09-19,DET,98,21,93.66
693821,FF,776200,2025-09-24,WSH,95,20,94.06
694462,FF,776669,2025-08-20,CWS,52,2,94.15
694462,FF,776581,2025-08-26,MIA,67,6,95.92
694462,FF,776522,2025-08-31,PHI,58,2,95.5
694462,FF,776360,2025-09-12,HOU,56,11,95.11
694462,FF,776286,2025-09-17,WSH,54,1,93.9
694462,FF,776219,2025-09-23,WSH,72,1,95.3
700363,FF,778451,2025-04-05,MIA,73,24,94.8
700363,FF,778353,2025-04-12,TB,91,46,94.39
700363,FF,778120,2025-04-29,COL,51,27,93.9
700363,FF,778049,2025-05-05,CIN,76,57,95.3
700363,FF,777985,2025-05-10,PIT,76,47,95.83
700363,FF,777909,2025-05-15,WSH,76,50,96.81
700363,FF,777820,2025-05-22,WSH,74,38,96.9
700363,FF,777735,2025-05-29,PHI,38,21,97.14
800311,FF,777439,2025-06-20,MIA,87,51,96.19
800311,FF,777369,2025-06-25,NYM,74,46,95.56
800311,FF,777279,2025-07-02,LAA,92,48,96.14
800311,FF,777189,2025-07-08,ATH,40,24,95.85
502043,FF,778133,2025-04-29,NYY,73,7,92.09
502043,FF,778062,2025-05-04,KC,81,1,90.8
502043,FF,777973,2025-05-10,LAA,79,13,91.06
502043,FF,777890,2025-05-17,WSH,47,5,92.06
544150,FF,776480,2025-09-02,SD,22,11,95.48
544150,FF,776443,2025-09-06,LAD,42,18,94.04
544150,FF,776387,2025-09-10,PIT,17,7,92.27
544150,FF,776322,2025-09-14,TOR,53,22,93.92
608372,FF,778441,2025-04-05,KC,89,13,90.75
608372,FF,778362,2025-04-12,TOR,73,14,92.66
608372,FF,778292,2025-04-17,CLE,87,14,91.64
608372,FF,778204,2025-04-23,WSH,94,11,91.76
608372,FF,778140,2025-04-28,NYY,95,22,93.02
608372,FF,778072,2025-05-03,KC,79,15,92.73
608372,FF,777986,2025-05-09,LAA,93,19,92.76
608372,FF,777911,2025-05-15,MIN,103,18,92.06
608372,FF,777826,2025-05-21,MIL,88,8,92.34
608372,FF,777754,2025-05-27,STL,91,4,92.38
608372,FF,777655,2025-06-03,SEA,90,23,92.5
608372,FF,777588,2025-06-08,ATH,87,15,91.45
608372,FF,777519,2025-06-14,LAA,80,10,92.73
608372,FF,777438,2025-06-20,NYY,89,22,92.72
608372,FF,777343,2025-06-27,TB,86,28,91.87
608372,FF,777268,2025-07-02,TEX,79,25,91.76
608372,FF,777181,2025-07-10,NYM,99,11,93.51
608372,FF,777068,2025-07-21,CLE,90,14,92.96
608372,FF,776986,2025-07-27,COL,91,11,94.09
608372,FF,776902,2025-08-02,CHC,95,27,93.05
608372,FF,776831,2025-08-08,ATH,91,15,92.77
608372,FF,776750,2025-08-14,SEA,81,16,93.92
608372,FF,776684,2025-08-19,BOS,85,27,93.28
608372,FF,776604,2025-08-25,BOS,87,21,93.44
608372,FF,776507,2025-08-31,SF,80,11,93.28
608372,FF,776427,2025-09-07,LAD,67,23,93.83
608372,FF,776343,2025-09-13,TOR,63,3,93.33
608372,FF,776257,2025-09-20,NYY,87,15,93.22
608372,FF,776162,2025-09-27,NYY,73,17,93.22
621107,FF,778483,2025-04-02,BOS,87,21,91.06
621107,FF,778413,2025-04-07,AZ,73,9,90.76
621107,FF,777961,2025-05-11,LAA,83,8,92.2
621107,FF,777873,2025-05-18,WSH,93,10,91.84
621107,FF,777809,2025-05-24,BOS,83,15,91.7
621107,FF,777720,2025-05-30,CWS,99,13,92.33
621107,FF,777628,2025-06-05,SEA,88,17,91.96
621107,FF,777562,2025-06-11,DET,86,10,92.15
621107,FF,777484,2025-06-16,TB,76,4,92.58
621107,FF,777422,2025-06-21,NYY,90,10,93.08
621107,FF,777330,2025-06-28,TB,28,13,92.25
621107,FF,777036,2025-07-23,CLE,84,9,93.06
621107,FF,776966,2025-07-28,TOR,79,6,91.88
621199,SI,778470,2025-04-03,BOS,33,12,91.45
621199,SI,778441,2025-04-05,KC,14,6,90.72
621199,SI,778380,2025-04-09,AZ,16,9,91.24
621199,SI,778344,2025-04-13,TOR,14,7,91.89
621199,SI,778317,2025-04-15,CLE,13,3,91.83
621199,SI,778276,2025-04-18,CIN,26,15,91.95
621199,SI,778262,2025-04-19,CIN,9,4,91.2
621199,SI,778222,2025-04-22,WSH,29,13,90.87
621199,SI,778168,2025-04-26,DET,21,11,90.83
621199,SI,778155,2025-04-27,DET,19,6,90.4
621199,SI,778133,2025-04-29,NYY,34,14,91.18
621199,SI,778062,2025-05-04,KC,18,7,91.71
621199,SI,778028,2025-05-06,MIN,18,8,91.61
621199,SI,778011,2025-05-07,MIN,18,7,91.64
621199,SI,777740,2025-05-28,STL,27,14,91.48
621199,SI,777599,2025-06-07,ATH,42,14,90.04
621199,SI,777282,2025-07-01,TEX,50,23,90.58
621199,SI,776643,2025-08-22,HOU,16,8,90.74
642585,SI,778413,2025-04-07,AZ,8,4,97.02
642585,SI,778362,2025-04-12,TOR,16,12,96.32
642585,SI,778292,2025-04-17,CLE,15,10,96.77
642585,SI,778262,2025-04-19,CIN,10,7,97.13
642585,SI,778193,2025-04-24,WSH,13,8,97.55
642585,SI,778140,2025-04-28,NYY,12,8,97.15
642585,SI,778115,2025-04-30,NYY,8,5,98.22
642585,SI,778093,2025-05-02,KC,9,7,96.91
642585,SI,777986,2025-05-09,LAA,12,7,96.53
642585,SI,777961,2025-05-11,LAA,9,7,97.74
642585,SI,777907,2025-05-16,WSH,19,14,96.34
642585,SI,777844,2025-05-20,MIL,25,14,96.69
642585,SI,777826,2025-05-21,MIL,23,10,97.06
642585,SI,777809,2025-05-24,BOS,11,5,95.66
642585,SI,777771,2025-05-26,STL,10,5,97.74
642585,SI,777720,2025-05-30,CWS,19,12,97.51
642585,SI,777699,2025-05-31,CWS,17,9,96.97
642585,SI,777655,2025-06-03,SEA,8,6,97.75
642585,SI,777645,2025-06-04,SEA,17,10,97.72
642585,SI,777599,2025-06-07,ATH,24,20,96.88
642585,SI,777539,2025-06-13,LAA,15,11,98.21
642585,SI,777519,2025-06-14,LAA,21,16,98.41
642585,SI,777477,2025-06-17,TB,13,11,97.36
642585,SI,777446,2025-06-19,TB,21,17,96.88
642585,SI,777438,2025-06-20,NYY,15,14,97.89
642585,SI,777380,2025-06-24,TEX,20,15,97.95
642585,SI,777317,2025-06-29,TB,24,22,97.58
642585,SI,777292,2025-06-30,TEX,17,16,97.38
642585,SI,777252,2025-07-04,ATL,9,7,96.99
642585,SI,777237,2025-07-05,ATL,8,6,96.92
642585,SI,777198,2025-07-08,NYM,15,12,97.72
642585,SI,777165,2025-07-10,NYM,12,9,97.53
642585,SI,777076,2025-07-20,TB,28,21,95.83
656686,FF,777268,2025-07-02,TEX,24,16,96.15
656686,FF,777110,2025-07-18,TB,24,12,95.01
656686,FF,777068,2025-07-21,CLE,22,10,95.26
656686,FF,777020,2025-07-25,COL,10,1,96.3
656686,FF,776966,2025-07-28,TOR,21,9,96.23
656686,FF,776962,2025-07-29,TOR,22,11,96.15
656686,FF,776902,2025-08-02,CHC,13,7,95.54
656686,FF,776877,2025-08-04,PHI,26,10,95.78
656686,FF,776811,2025-08-09,ATH,29,14,95.99
656686,FF,776705,2025-08-17,HOU,15,6,96.88
656686,FF,776684,2025-08-19,BOS,10,4,95.12
656686,FF,776655,2025-08-21,HOU,8,3,95.03
656686,FF,776643,2025-08-22,HOU,20,5,95.96
656686,FF,776604,2025-08-25,BOS,18,7,96.56
656686,FF,776533,2025-08-29,SF,40,18,95.83
656686,FF,776507,2025-08-31,SF,29,14,96.05
664991,FF,778180,2025-04-26,DET,16,2,94.5
664991,FF,778155,2025-04-27,DET,17,2,95.1
664991,FF,777129,2025-07-13,MIA,30,4,96.08
664991,FF,777110,2025-07-18,TB,20,1,96.0
664991,FF,777068,2025-07-21,CLE,39,4,95.1
664991,FF,777020,2025-07-25,COL,17,3,95.3
664991,FF,776948,2025-07-30,TOR,23,3,96.33
664991,FF,776902,2025-08-02,CHC,23,4,95.52
664991,FF,776868,2025-08-05,PHI,20,1,97.7
664991,FF,776811,2025-08-09,ATH,44,7,94.94
664991,FF,776705,2025-08-17,HOU,15,3,96.37
664991,FF,776655,2025-08-21,HOU,37,3,96.57
664991,FF,776604,2025-08-25,BOS,25,3,95.47
664991,FF,776533,2025-08-29,SF,42,12,95.16
664991,FF,776454,2025-09-05,LAD,11,2,97.6
664991,FF,776427,2025-09-07,LAD,31,15,94.49
664991,FF,776372,2025-09-11,PIT,22,4,96.1
664991,FF,776322,2025-09-14,TOR,15,1,95.3
664991,FF,776162,2025-09-27,NYY,31,5,96.64
665152,FF,778455,2025-04-04,KC,88,26,93.13
665152,FF,778380,2025-04-09,AZ,84,15,93.71
665152,FF,778301,2025-04-16,CLE,84,24,93.68
665152,FF,778222,2025-04-22,WSH,91,14,94.11
665152,FF,778155,2025-04-27,DET,96,41,94.22
665152,FF,778093,2025-05-02,KC,80,22,93.23
665152,FF,778007,2025-05-08,MIN,83,20,93.84
665152,FF,777924,2025-05-14,MIN,90,20,93.32
665152,FF,777860,2025-05-19,MIL,95,25,92.7
665152,FF,777785,2025-05-25,BOS,83,26,93.58
665152,FF,777699,2025-05-31,CWS,100,17,92.72
665152,FF,777613,2025-06-06,ATH,82,17,93.62
665152,FF,777540,2025-06-12,DET,92,24,93.08
665152,FF,777477,2025-06-17,TB,79,19,92.53
665152,FF,777406,2025-06-22,NYY,82,26,93.62
665152,FF,777317,2025-06-29,TB,31,10,92.34
665152,FF,777237,2025-07-05,ATL,85,22,93.2
665152,FF,777157,2025-07-11,MIA,93,39,93.48
665152,FF,777095,2025-07-19,TB,97,20,92.03
665152,FF,777020,2025-07-25,COL,91,19,92.98
665152,FF,776948,2025-07-30,TOR,81,29,93.07
665152,FF,776868,2025-08-05,PHI,99,26,93.94
665152,FF,776776,2025-08-12,SEA,100,23,92.6
665152,FF,776705,2025-08-17,HOU,114,32,93.16
665152,FF,776629,2025-08-23,HOU,66,23,92.69
665152,FF,776533,2025-08-29,SF,76,30,93.0
665152,FF,776454,2025-09-05,LAD,56,14,93.81
665152,FF,776306,2025-09-16,CWS,92,31,93.69
665152,FF,776223,2025-09-23,TB,95,23,92.57
665152,FF,776140,2025-09-28,NYY,17,10,94.27
666974,FF,778422,2025-04-06,KC,12,2,95.1
666974,FF,778413,2025-04-07,AZ,15,1,95.3
666974,FF,778344,2025-04-13,TOR,21,1,95.5
666974,FF,778301,2025-04-16,CLE,14,1,95.8
666974,FF,778262,2025-04-19,CIN,13,1,95.5
666974,FF,778140,2025-04-28,NYY,13,2,95.45
666974,FF,778062,2025-05-04,KC,18,3,95.5
666974,FF,777938,2025-05-14,MIN,20,2,94.75
666974,FF,777860,2025-05-19,MIL,25,5,95.0
666974,FF,777809,2025-05-24,BOS,15,1,95.4
666974,FF,777613,2025-06-06,ATH,10,2,95.25
666974,FF,777573,2025-06-10,DET,19,2,96.35
666974,FF,777539,2025-06-13,LAA,14,4,95.55
666974,FF,777463,2025-06-18,TB,25,9,95.63
666974,FF,777438,2025-06-20,NYY,24,1,96.6
666974,FF,777422,2025-06-21,NYY,15,5,95.9
666974,FF,777268,2025-07-02,TEX,16,1,95.7
666974,FF,777237,2025-07-05,ATL,13,2,95.25
666974,FF,777222,2025-07-06,ATL,14,4,94.45
666974,FF,777198,2025-07-08,NYM,21,2,95.5
666974,FF,777129,2025-07-13,MIA,27,3,94.8
666974,FF,777076,2025-07-20,TB,7,1,93.9
666974,FF,777056,2025-07-22,CLE,17,6,94.63
666974,FF,777036,2025-07-23,CLE,13,3,93.73
666974,FF,776986,2025-07-27,COL,24,2,95.35
666974,FF,776948,2025-07-30,TOR,20,4,95.22
666974,FF,776804,2025-08-10,ATH,26,5,94.56
666974,FF,776722,2025-08-16,HOU,14,4,94.58
666974,FF,776695,2025-08-18,BOS,19,3,94.2
666974,FF,776684,2025-08-19,BOS,12,4,94.1
666974,FF,776591,2025-08-26,BOS,8,1,94.8
666974,FF,776533,2025-08-29,SF,20,5,94.46
666974,FF,776507,2025-08-31,SF,20,2,94.1
666974,FF,776465,2025-09-03,SD,14,3,93.9
666974,FF,776454,2025-09-05,LAD,14,1,95.0
666974,FF,776427,2025-09-07,LAD,12,2,94.15
666974,FF,776343,2025-09-13,TOR,16,1,94.9
666974,FF,776278,2025-09-18,NYY,21,4,94.92
666974,FF,776257,2025-09-20,NYY,20,3,94.07
666974,FF,776203,2025-09-24,TB,14,3,93.5
669211,FF,778470,2025-04-03,BOS,15,11,93.09
669211,FF,778441,2025-04-05,KC,31,17,90.59
669211,FF,778396,2025-04-08,AZ,17,10,92.89
669211,FF,778362,2025-04-12,TOR,4,1,92.1
669211,FF,778344,2025-04-13,TOR,19,11,92.76
669211,FF,778301,2025-04-16,CLE,11,3,92.23
669211,FF,778292,2025-04-17,CLE,16,5,92.34
669211,FF,778262,2025-04-19,CIN,12,4,94.18
669211,FF,778222,2025-04-22,WSH,10,2,92.65
669211,FF,778180,2025-04-26,DET,31,11,92.66
669211,FF,778140,2025-04-28,NYY,17,6,93.33
669211,FF,778115,2025-04-30,NYY,35,19,93.72
669211,FF,778062,2025-05-04,KC,16,7,93.87
669211,FF,778011,2025-05-07,MIN,12,7,92.71
669211,FF,777986,2025-05-09,LAA,8,6,92.07
669211,FF,777924,2025-05-14,MIN,39,15,93.61
669211,FF,777907,2025-05-16,WSH,14,6,92.92
669211,FF,777873,2025-05-18,WSH,20,12,94.55
669211,FF,777844,2025-05-20,MIL,18,8,94.21
669211,FF,777809,2025-05-24,BOS,25,16,94.13
669211,FF,777785,2025-05-25,BOS,18,10,93.76
669211,FF,777754,2025-05-27,STL,17,10,93.74
669211,FF,777699,2025-05-31,CWS,13,5,92.38
669211,FF,777628,2025-06-05,SEA,9,8,94.35
669211,FF,777613,2025-06-06,ATH,10,6,94.13
669211,FF,777599,2025-06-07,ATH,1,1,92.2
669211,FF,777562,2025-06-11,DET,4,4,94.25
669211,FF,777540,2025-06-12,DET,27,11,94.55
669211,FF,777519,2025-06-14,LAA,16,9,93.64
669211,FF,777477,2025-06-17,TB,29,13,93.98
669211,FF,777438,2025-06-20,NYY,30,16,93.54
669211,FF,777406,2025-06-22,NYY,3,3,94.37
669211,FF,777380,2025-06-24,TEX,20,9,93.96
669211,FF,777343,2025-06-27,TB,23,14,94.27
669211,FF,777317,2025-06-29,TB,16,11,93.45
669211,FF,777292,2025-06-30,TEX,19,10,93.69
669211,FF,776962,2025-07-29,TOR,17,11,93.88
669211,FF,776902,2025-08-02,CHC,27,15,94.42
669211,FF,776888,2025-08-03,CHC,3,1,92.8
669211,FF,776851,2025-08-06,PHI,15,5,94.64
669211,FF,776831,2025-08-08,ATH,11,5,94.1
669211,FF,776804,2025-08-10,ATH,22,9,94.62
669211,FF,776750,2025-08-14,SEA,23,7,93.43
669211,FF,776722,2025-08-16,HOU,4,1,92.2
669211,FF,776684,2025-08-19,BOS,19,8,94.24
669211,FF,776612,2025-08-24,HOU,21,10,94.63
669211,FF,776591,2025-08-26,BOS,13,5,94.5
669211,FF,776579,2025-08-27,BOS,26,12,94.67
669211,FF,776494,2025-09-01,SD,18,11,94.95
669211,FF,776465,2025-09-03,SD,24,11,95.09
669211,FF,776427,2025-09-07,LAD,19,9,93.99
669211,FF,776401,2025-09-09,PIT,15,6,94.27
669211,FF,776372,2025-09-11,PIT,13,7,94.17
669211,FF,776343,2025-09-13,TOR,12,7,94.73
669211,FF,776306,2025-09-16,CWS,20,14,94.34
669211,FF,776285,2025-09-17,CWS,15,9,93.33
669211,FF,776273,2025-09-19,NYY,9,6,94.0
669211,FF,776240,2025-09-21,NYY,17,11,94.37
669211,FF,776191,2025-09-25,TB,10,7,94.59
669211,FF,776140,2025-09-28,NYY,21,12,93.52
669330,FF,776480,2025-09-02,SD,85,29,92.9
669330,FF,776387,2025-09-10,PIT,89,32,92.85
669330,FF,776285,2025-09-17,CWS,89,29,92.99
669330,FF,776203,2025-09-24,TB,79,35,92.55
669432,FF,777790,2025-05-24,BOS,87,43,93.32
669432,FF,777463,2025-06-18,TB,71,28,94.15
669432,FF,777394,2025-06-23,TEX,101,31,93.95
669432,FF,777292,2025-06-30,TEX,91,42,93.14
669432,FF,777222,2025-07-06,ATL,88,33,92.41
669432,FF,777141,2025-07-12,MIA,99,41,94.3
669432,FF,777076,2025-07-20,TB,91,35,92.32
669432,FF,776999,2025-07-26,COL,96,50,92.74
669432,FF,776915,2025-08-01,CHC,88,40,92.94
669432,FF,776851,2025-08-06,PHI,104,35,93.44
669432,FF,776761,2025-08-13,SEA,95,41,93.3
669432,FF,776695,2025-08-18,BOS,97,26,92.85
669432,FF,776612,2025-08-24,HOU,93,46,92.07
669432,FF,776516,2025-08-30,SF,92,30,93.04
669432,FF,776443,2025-09-06,LAD,96,37,93.64
669432,FF,776353,2025-09-12,TOR,79,39,92.1
669432,FF,776273,2025-09-19,NYY,106,47,93.2
669432,FF,776174,2025-09-26,NYY,52,21,91.82
669704,FF,777343,2025-06-27,TB,24,9,95.51
669704,FF,776999,2025-07-26,COL,17,3,95.67
669704,FF,776966,2025-07-28,TOR,16,2,95.3
669704,FF,776948,2025-07-30,TOR,23,5,95.34
669704,FF,776888,2025-08-03,CHC,23,4,96.0
669704,FF,776684,2025-08-19,BOS,9,1,96.1
669704,FF,776643,2025-08-22,HOU,12,1,95.7
669704,FF,776564,2025-08-28,BOS,19,1,97.0
669704,FF,776507,2025-08-31,SF,25,3,97.07
669704,FF,776480,2025-09-02,SD,20,2,95.95
669704,FF,776454,2025-09-05,LAD,23,12,96.04
669704,FF,776427,2025-09-07,LAD,17,7,95.64
669704,FF,776372,2025-09-11,PIT,13,2,95.95
669704,FF,776343,2025-09-13,TOR,14,5,95.92
669704,FF,776314,2025-09-15,CWS,16,5,94.98
669704,FF,776278,2025-09-18,NYY,11,3,95.8
669704,FF,776240,2025-09-21,NYY,20,7,96.1
669704,FF,776191,2025-09-25,TB,10,1,96.6
669704,FF,776140,2025-09-28,NYY,5,1,95.6
672335,FF,778483,2025-04-02,BOS,31,3,95.13
672335,FF,778455,2025-04-04,KC,37,8,92.25
672335,FF,778380,2025-04-09,AZ,34,3,95.9
672335,FF,778317,2025-04-15,CLE,19,3,94.73
672335,FF,778250,2025-04-20,CIN,44,3,95.9
672335,FF,778168,2025-04-26,DET,21,1,96.6
672335,FF,778133,2025-04-29,NYY,27,4,96.52
672335,FF,778072,2025-05-03,KC,23,1,96.4
672335,FF,778028,2025-05-06,MIN,16,6,97.48
672335,FF,777973,2025-05-10,LAA,16,1,96.5
672335,FF,777938,2025-05-14,MIN,14,1,97.1
672335,FF,777911,2025-05-15,MIN,27,3,96.37
672335,FF,777815,2025-05-23,BOS,34,4,96.38
680694,FF,776591,2025-08-26,BOS,81,24,94.32
680694,FF,776494,2025-09-01,SD,84,21,95.06
680694,FF,776401,2025-09-09,PIT,81,15,94.25
680694,FF,776314,2025-09-15,CWS,88,21,93.2
680694,FF,776240,2025-09-21,NYY,91,22,94.71
680694,FF,776140,2025-09-28,NYY,69,9,95.59
681882,FF,778380,2025-04-09,AZ,21,5,95.92
681882,FF,778180,2025-04-26,DET,11,4,96.52
681882,FF,777973,2025-05-10,LAA,23,2,96.0
681882,FF,777484,2025-06-16,TB,24,4,96.05
681882,FF,777129,2025-07-13,MIA,26,5,95.62
681882,FF,777110,2025-07-18,TB,13,1,96.0
681882,FF,777068,2025-07-21,CLE,22,8,95.58
681882,FF,777036,2025-07-23,CLE,23,1,94.6
681882,FF,776966,2025-07-28,TOR,10,1,95.7
681882,FF,776174,2025-09-26,NYY,26,1,95.4
682274,FF,777754,2025-05-27,STL,22,13,93.6
682274,FF,776999,2025-07-26,COL,11,7,95.31
682274,FF,778372,2025-07-29,TOR,29,16,95.14
682274,FF,776877,2025-08-04,PHI,18,4,95.9
682274,FF,776868,2025-08-05,PHI,15,8,95.48
682274,FF,776811,2025-08-09,ATH,36,6,93.87
682274,FF,776733,2025-08-15,HOU,10,1,94.7
682274,FF,776722,2025-08-16,HOU,12,4,95.48
682274,FF,776684,2025-08-19,BOS,34,7,95.17
682274,FF,776655,2025-08-21,HOU,8,4,93.45
682274,FF,776629,2025-08-23,HOU,6,6,96.1
682274,FF,776591,2025-08-26,BOS,36,9,95.19
682274,FF,776306,2025-09-16,CWS,19,9,95.08
682274,FF,776285,2025-09-17,CWS,8,5,95.38
682274,FF,776240,2025-09-21,NYY,15,8,95.71
682274,FF,776223,2025-09-23,TB,16,5,93.78
682274,FF,776191,2025-09-25,TB,9,1,93.7
682274,FF,776162,2025-09-27,NYY,10,6,94.45
687064,FF,778262,2025-04-19,CIN,81,24,93.83
687064,FF,778168,2025-04-26,DET,95,39,93.26
687064,FF,777365,2025-06-25,TEX,61,25,93.44
687064,FF,777282,2025-07-01,TEX,70,34,92.94
687064,FF,777198,2025-07-08,NYM,66,33,94.42
687064,FF,777129,2025-07-13,MIA,76,42,93.92
687064,FF,777056,2025-07-22,CLE,73,32,94.52
687064,FF,776962,2025-07-29,TOR,86,40,94.24
687064,FF,776888,2025-08-03,CHC,80,34,94.53
687064,FF,776811,2025-08-09,ATH,74,28,93.3
687064,FF,776733,2025-08-15,HOU,93,38,94.12
687064,FF,776655,2025-08-21,HOU,84,42,92.61
694646,FF,777938,2025-05-14,MIN,65,46,93.06
694646,FF,777844,2025-05-20,MIL,75,35,93.05
694646,FF,776306,2025-09-16,CWS,30,14,96.22
694646,FF,776278,2025-09-18,NYY,24,10,93.37
700249,FF,778422,2025-04-06,KC,85,29,92.13
700249,FF,778344,2025-04-13,TOR,69,26,92.08
700249,FF,778276,2025-04-18,CIN,81,30,91.9
700249,FF,778193,2025-04-24,WSH,84,29,92.12
700249,FF,778115,2025-04-30,NYY,85,31,92.64
700249,FF,778028,2025-05-06,MIN,86,31,92.53
700249,FF,777907,2025-05-16,WSH,92,39,92.31
700249,FF,777815,2025-05-23,BOS,92,41,91.61
700249,FF,777740,2025-05-28,STL,89,25,91.79
700249,FF,777645,2025-06-04,SEA,79,38,92.43
700249,FF,777573,2025-06-10,DET,95,38,92.62
700249,FF,777501,2025-06-15,LAA,53,27,92.91
700249,FF,776877,2025-08-04,PHI,89,32,92.07
700249,FF,776804,2025-08-10,ATH,87,42,92.08
700249,FF,776722,2025-08-16,HOU,91,35,92.41
700249,FF,776643,2025-08-22,HOU,96,39,92.32
700249,FF,776564,2025-08-28,BOS,81,42,91.82
700249,FF,776465,2025-09-03,SD,83,43,92.08
700249,FF,776372,2025-09-11,PIT,93,28,92.05
700249,FF,776278,2025-09-18,NYY,88,10,92.25
700249,FF,776191,2025-09-25,TB,99,35,92.24
458677,FF,778470,2025-04-03,BAL,23,11,95.31
458677,FF,778443,2025-04-06,STL,25,12,94.07
458677,FF,778377,2025-04-10,TOR,12,7,94.51
458677,FF,778349,2025-04-12,CWS,4,3,93.53
458677,FF,778319,2025-04-15,TB,20,14,94.06
458677,FF,778245,2025-04-20,CWS,9,6,95.43
458677,FF,778224,2025-04-22,SEA,19,7,93.23
458677,FF,778169,2025-04-26,CLE,17,7,94.59
458677,FF,778089,2025-05-02,MIN,2,2,94.0
458677,FF,778073,2025-05-03,MIN,14,6,94.52
458677,FF,778018,2025-05-07,TEX,19,10,94.7
458677,FF,777990,2025-05-09,KC,12,8,93.91
458677,FF,777965,2025-05-11,KC,12,7,94.89
458677,FF,777940,2025-05-13,DET,4,1,95.4
458677,FF,777927,2025-05-14,DET,10,5,94.44
458677,FF,777856,2025-05-19,NYM,23,5,93.92
458677,FF,777851,2025-05-20,NYM,14,8,93.86
458677,FF,777815,2025-05-23,BAL,15,6,94.03
458677,FF,777809,2025-05-24,BAL,19,9,94.7
458677,FF,777747,2025-05-27,MIL,16,3,94.57
458677,FF,777719,2025-05-30,ATL,6,3,92.17
458677,FF,777649,2025-06-04,LAA,16,10,95.76
458677,FF,777605,2025-06-07,NYY,23,13,95.14
458677,FF,777593,2025-06-08,NYY,15,5,93.28
458677,FF,777561,2025-06-11,TB,12,6,95.08
458677,FF,777516,2025-06-14,NYY,17,8,94.55
458677,FF,777486,2025-06-16,SEA,16,3,93.47
458677,FF,777425,2025-06-20,SF,14,10,93.12
458677,FF,777395,2025-06-22,SF,12,6,94.05
458677,FF,777376,2025-06-24,LAA,7,4,94.18
458677,FF,777245,2025-07-04,WSH,4,2,94.15
458677,FF,777213,2025-07-06,WSH,20,9,95.73
458677,FF,777155,2025-07-11,TB,16,7,94.71
458677,FF,777130,2025-07-13,TB,7,5,95.7
458677,FF,777038,2025-07-23,PHI,24,10,95.33
458677,FF,776998,2025-07-26,LAD,13,6,94.72
458677,FF,776983,2025-07-27,LAD,17,9,94.81
458677,FF,776954,2025-07-29,MIN,17,7,93.2
458677,FF,776909,2025-08-02,HOU,10,1,94.4
458677,FF,776880,2025-08-04,KC,10,7,93.57
458677,FF,776769,2025-08-12,HOU,8,4,94.52
458677,FF,776741,2025-08-15,MIA,8,3,94.33
458677,FF,776724,2025-08-16,MIA,6,4,94.18
458677,FF,776684,2025-08-19,BAL,15,7,94.9
458677,FF,776654,2025-08-21,NYY,21,10,94.97
458677,FF,776627,2025-08-23,NYY,4,3,95.57
458677,FF,776591,2025-08-26,BAL,17,6,94.25
458677,FF,776579,2025-08-27,BAL,1,1,93.6
458677,FF,776549,2025-08-29,PIT,7,2,94.05
458677,FF,776505,2025-09-01,CLE,6,2,94.25
458677,FF,776424,2025-09-06,AZ,15,6,95.12
458677,FF,776379,2025-09-10,ATH,21,9,95.4
458677,FF,776363,2025-09-12,NYY,20,6,93.53
458677,FF,776310,2025-09-16,ATH,6,2,93.95
458677,FF,776299,2025-09-17,ATH,16,11,93.96
458677,FF,776247,2025-09-20,TB,21,12,94.51
458677,FF,776217,2025-09-23,TOR,24,16,94.15
458677,FF,776186,2025-09-25,TOR,10,5,94.06
521230,FF,778245,2025-04-20,CWS,24,11,95.33
521230,FF,778224,2025-04-22,SEA,7,4,95.05
521230,FF,778196,2025-04-24,SEA,32,19,95.08
521230,FF,778157,2025-04-27,CLE,18,10,95.05
521230,FF,778089,2025-05-02,MIN,10,6,95.12
521230,FF,778063,2025-05-04,MIN,8,4,93.32
521230,FF,778006,2025-05-08,TEX,18,15,95.19
521230,FF,777977,2025-05-10,KC,16,9,95.66
521230,FF,777927,2025-05-14,DET,5,5,94.94
521230,FF,777908,2025-05-16,ATL,21,13,95.65
521230,FF,777831,2025-05-21,NYM,27,10,95.34
521230,FF,777809,2025-05-24,BAL,11,7,92.51
521230,FF,777785,2025-05-25,BAL,18,8,94.21
521230,FF,777747,2025-05-27,MIL,16,7,94.46
547973,FF,778483,2025-04-02,BAL,16,8,98.66
547973,FF,778463,2025-04-04,STL,10,9,97.29
547973,FF,778443,2025-04-06,STL,19,16,97.89
547973,FF,778386,2025-04-09,TOR,14,11,98.45
547973,FF,778377,2025-04-10,TOR,11,6,99.68
547973,FF,778349,2025-04-12,CWS,16,8,98.25
547973,FF,778338,2025-04-13,CWS,18,9,99.06
547973,FF,778319,2025-04-15,TB,5,3,98.5
547973,FF,778264,2025-04-19,CWS,12,8,99.95
547973,FF,778238,2025-04-21,CWS,16,11,99.07
547973,FF,778169,2025-04-26,CLE,10,4,98.2
547973,FF,778114,2025-04-30,TOR,11,2,98.35
547973,FF,778018,2025-05-07,TEX,18,4,99.05
547973,FF,777990,2025-05-09,KC,16,2,98.45
547973,FF,777965,2025-05-11,KC,17,7,98.86
547973,FF,777940,2025-05-13,DET,12,8,99.66
547973,FF,777927,2025-05-14,DET,14,10,98.31
547973,FF,777893,2025-05-17,ATL,25,7,99.33
547973,FF,777856,2025-05-19,NYM,7,2,99.75
547973,FF,777851,2025-05-20,NYM,6,2,99.15
547973,FF,777809,2025-05-24,BAL,8,3,97.63
547973,FF,777747,2025-05-27,MIL,19,8,97.96
547973,FF,777736,2025-05-28,MIL,18,2,99.05
547973,FF,777719,2025-05-30,ATL,13,4,98.42
547973,FF,777692,2025-06-01,ATL,16,5,96.38
547973,FF,777667,2025-06-03,LAA,8,5,98.94
547973,FF,777605,2025-06-07,NYY,11,6,99.98
547973,FF,777584,2025-06-09,TB,14,6,96.95
547973,FF,777561,2025-06-11,TB,11,6,99.58
547973,FF,777537,2025-06-13,NYY,14,4,99.72
547973,FF,777486,2025-06-16,SEA,13,3,97.63
547973,FF,777453,2025-06-18,SEA,14,4,98.65
547973,FF,777425,2025-06-20,SF,14,3,99.7
547973,FF,777376,2025-06-24,LAA,20,7,98.13
547973,FF,777310,2025-06-29,TOR,12,2,95.6
547973,FF,777294,2025-07-01,CIN,12,8,99.55
547973,FF,777213,2025-07-06,WSH,13,6,98.73
547973,FF,777170,2025-07-10,TB,15,7,97.36
547973,FF,777130,2025-07-13,TB,17,4,98.68
547973,FF,777063,2025-07-21,PHI,23,3,98.3
547973,FF,777038,2025-07-23,PHI,14,4,99.4
547973,FF,776998,2025-07-26,LAD,16,9,97.72
547973,FF,776983,2025-07-27,LAD,11,5,94.2
547973,FF,776954,2025-07-29,MIN,3,1,98.8
547973,FF,776922,2025-08-01,HOU,9,5,99.34
547973,FF,776909,2025-08-02,HOU,12,3,99.67
547973,FF,776807,2025-08-09,SD,8,1,99.7
547973,FF,776741,2025-08-15,MIA,11,2,97.6
547973,FF,776724,2025-08-16,MIA,3,1,97.9
547973,FF,776684,2025-08-19,BAL,13,2,96.05
547973,FF,776654,2025-08-21,NYY,14,7,96.71
547973,FF,776647,2025-08-22,NYY,10,4,99.65
547973,FF,776604,2025-08-25,BAL,7,2,97.05
547973,FF,776579,2025-08-27,BAL,24,11,97.28
547973,FF,776517,2025-08-31,PIT,14,6,98.12
547973,FF,776505,2025-09-01,CLE,5,1,98.7
547973,FF,776415,2025-09-07,AZ,23,3,96.53
547973,FF,776379,2025-09-10,ATH,13,3,97.2
547973,FF,776344,2025-09-13,NYY,20,6,96.63
547973,FF,776330,2025-09-14,NYY,11,4,99.07
547973,FF,776299,2025-09-17,ATH,19,10,99.23
547973,FF,776247,2025-09-20,TB,25,16,97.92
547973,FF,776217,2025-09-23,TOR,14,9,97.97
547973,FF,776181,2025-09-26,DET,19,9,99.74
547973,FF,813074,2025-09-30,NYY,24,17,99.15
592254,FF,776151,2025-09-28,DET,101,48,90.57
608337,FF,778114,2025-04-30,TOR,90,51,93.3
608337,FF,778037,2025-05-06,TEX,73,44,91.6
608337,FF,777965,2025-05-11,KC,88,43,94.02
608337,FF,777893,2025-05-17,ATL,87,33,93.85
608337,FF,777790,2025-05-24,BAL,99,37,93.38
608337,FF,777719,2025-05-30,ATL,85,33,92.21
608337,FF,777649,2025-06-04,LAA,43,15,93.71
608337,FF,777565,2025-06-10,TB,97,55,94.14
608337,FF,777486,2025-06-16,SEA,91,47,94.46
608337,FF,777395,2025-06-22,SF,83,46,93.38
608337,FF,777323,2025-06-28,TOR,105,58,93.36
608337,FF,777245,2025-07-04,WSH,108,54,94.2
608337,FF,777179,2025-07-09,COL,92,56,94.27
608337,FF,777101,2025-07-18,CHC,98,44,93.4
608337,FF,777038,2025-07-23,PHI,57,24,94.02
608337,FF,776954,2025-07-29,MIN,101,48,92.97
608337,FF,776895,2025-08-03,HOU,103,51,92.83
608337,FF,776807,2025-08-09,SD,97,48,92.66
608337,FF,776741,2025-08-15,MIA,92,51,93.28
608337,FF,776654,2025-08-21,NYY,97,40,92.97
608337,FF,776591,2025-08-26,BAL,104,53,93.87
608337,FF,776517,2025-08-31,PIT,95,39,92.66
608337,FF,776424,2025-09-06,AZ,94,45,92.79
608337,FF,776363,2025-09-12,NYY,99,41,92.62
608337,FF,776299,2025-09-17,ATH,90,39,92.42
608337,FF,776217,2025-09-23,TOR,98,49,92.07
656557,FF,778470,2025-04-03,BAL,82,9,94.17
656557,FF,778386,2025-04-09,TOR,90,2,95.25
656557,FF,778328,2025-04-14,TB,61,6,96.4
656557,FF,778245,2025-04-20,CWS,89,5,94.16
656557,FF,778179,2025-04-26,CLE,94,6,94.48
656557,FF,778095,2025-05-01,TOR,86,3,96.07
656557,FF,778018,2025-05-07,TEX,89,5,95.74
656557,FF,777951,2025-05-12,DET,69,2,94.5
656794,FF,778443,2025-04-06,STL,94,31,92.84
656794,FF,778366,2025-04-11,CWS,94,39,92.37
656794,FF,778298,2025-04-16,TB,71,29,92.49
656794,FF,778207,2025-04-23,SEA,97,28,92.52
656794,FF,778157,2025-04-27,CLE,16,7,93.53
656794,FF,778037,2025-05-06,TEX,77,21,92.13
656794,FF,777990,2025-05-09,KC,6,3,92.2
656794,FF,777951,2025-05-12,DET,98,18,92.54
656794,FF,777876,2025-05-18,ATL,79,11,92.64
656794,FF,777831,2025-05-21,NYM,31,4,92.85
656794,FF,777809,2025-05-24,BAL,28,5,92.52
656794,FF,777727,2025-05-29,TOR,44,17,92.71
656794,FF,777669,2025-06-02,MIN,26,6,92.47
656794,FF,777636,2025-06-05,MIN,45,12,94.68
656794,FF,777588,2025-06-08,BAL,40,10,93.28
656794,FF,777469,2025-06-17,HOU,26,10,93.22
656794,FF,777456,2025-06-18,HOU,26,7,92.23
656794,FF,777411,2025-06-21,CLE,34,17,93.08
656794,FF,777337,2025-06-27,NYY,40,9,94.01
656794,FF,777296,2025-06-30,TB,2,1,94.7
656794,FF,777286,2025-07-01,TB,24,7,93.9
656794,FF,777227,2025-07-05,SF,20,5,93.62
656794,FF,777156,2025-07-10,ATL,20,7,95.37
656794,FF,777132,2025-07-12,TOR,12,3,94.63
656794,FF,777116,2025-07-13,TOR,17,6,93.23
656794,FF,777057,2025-07-21,TEX,24,10,93.85
656794,FF,777043,2025-07-22,TEX,13,5,93.48
656794,FF,776991,2025-07-26,HOU,20,10,95.71
656794,FF,776957,2025-07-28,SEA,10,4,93.82
656794,FF,776944,2025-07-29,SEA,20,7,93.7
656794,FF,776914,2025-08-01,AZ,11,4,94.22
656794,FF,776881,2025-08-03,AZ,12,2,94.6
656794,FF,776850,2025-08-06,WSH,22,8,94.2
656794,FF,776804,2025-08-10,BAL,15,3,94.83
656794,FF,776751,2025-08-13,TB,17,4,93.95
656794,FF,776718,2025-08-16,LAA,32,10,94.11
656794,FF,776699,2025-08-17,LAA,19,9,93.17
656794,FF,776665,2025-08-20,MIN,24,8,93.86
656794,FF,776620,2025-08-23,SEA,15,4,93.62
656794,FF,776590,2025-08-25,DET,33,12,94.32
656794,FF,776524,2025-08-30,TEX,21,8,94.08
656794,FF,776483,2025-09-02,STL,26,8,94.44
656794,FF,776414,2025-09-07,LAA,17,7,95.33
656794,FF,776379,2025-09-10,BOS,29,8,94.06
656794,FF,776358,2025-09-12,CIN,18,5,95.02
656794,FF,776327,2025-09-14,CIN,13,4,93.32
657514,SI,778463,2025-04-04,STL,12,2,92.2
657514,SI,778432,2025-04-06,STL,11,5,90.88
657514,SI,778377,2025-04-10,TOR,13,3,91.23
657514,SI,778366,2025-04-11,CWS,19,5,90.9
657514,SI,778328,2025-04-14,TB,19,4,91.05
657514,SI,778275,2025-04-18,CWS,7,3,91.03
657514,SI,778245,2025-04-20,CWS,15,4,91.58
657514,SI,778207,2025-04-23,SEA,28,9,91.02
657514,SI,778179,2025-04-26,CLE,12,6,91.77
657514,SI,778127,2025-04-29,TOR,11,6,91.88
657514,SI,778073,2025-05-03,MIN,10,4,90.82
657514,SI,778037,2025-05-06,TEX,29,8,90.54
657514,SI,777990,2025-05-09,KC,8,1,91.7
657514,SI,777977,2025-05-10,KC,10,3,89.2
657514,SI,777940,2025-05-13,DET,19,9,92.02
657514,SI,777908,2025-05-16,ATL,15,8,91.04
657514,SI,777893,2025-05-17,ATL,15,8,90.52
657514,SI,777851,2025-05-20,NYM,23,7,89.61
657514,SI,777831,2025-05-21,NYM,20,7,90.13
657514,SI,777815,2025-05-23,BAL,9,5,88.8
657514,SI,777790,2025-05-24,BAL,18,4,90.42
657514,SI,777747,2025-05-27,MIL,12,5,90.74
657514,SI,777736,2025-05-28,MIL,6,4,90.82
657514,SI,777719,2025-05-30,ATL,7,5,91.28
657514,SI,777706,2025-05-31,ATL,1,1,90.2
657514,SI,777649,2025-06-04,LAA,11,1,92.5
657514,SI,777627,2025-06-06,NYY,21,8,91.49
657514,SI,777593,2025-06-08,NYY,21,11,91.75
657514,SI,777584,2025-06-09,TB,16,9,90.54
657514,SI,777500,2025-06-15,NYY,10,7,91.54
657514,SI,777473,2025-06-17,SEA,22,10,91.27
657514,SI,777425,2025-06-20,SF,13,4,91.08
657514,SI,777362,2025-06-25,LAA,11,5,91.18
657514,SI,777345,2025-06-27,TOR,38,29,90.59
657514,SI,777310,2025-06-29,TOR,4,2,88.5
657514,SI,777277,2025-07-02,CIN,29,16,90.4
657514,SI,777228,2025-07-05,WSH,17,11,90.29
657514,SI,777209,2025-07-07,COL,12,5,91.36
657514,SI,777155,2025-07-11,TB,35,15,90.81
657514,SI,777101,2025-07-18,CHC,19,13,90.09
657514,SI,777045,2025-07-22,PHI,29,14,91.06
657514,SI,777038,2025-07-23,PHI,6,5,90.28
657514,SI,777012,2025-07-25,LAD,8,6,90.07
657514,SI,776983,2025-07-27,LAD,9,5,90.7
657514,SI,776961,2025-07-28,MIN,18,7,90.97
657514,SI,776684,2025-08-19,BAL,6,3,89.97
657514,SI,776616,2025-08-24,NYY,18,10,89.93
657514,SI,776604,2025-08-25,BAL,14,7,90.66
657514,SI,776549,2025-08-29,PIT,7,2,90.35
657514,SI,776539,2025-08-30,PIT,21,12,89.37
657514,SI,776493,2025-09-02,CLE,11,5,88.96
657514,SI,776474,2025-09-03,CLE,17,11,91.05
657514,SI,776424,2025-09-06,AZ,18,8,90.99
663462,FF,777179,2025-07-09,COL,24,6,95.37
663462,FF,776856,2025-08-06,KC,30,6,96.48
663462,FF,776820,2025-08-08,SD,8,2,95.2
663462,FF,776789,2025-08-10,SD,23,3,96.33
663462,FF,776782,2025-08-11,HOU,7,1,95.1
663462,FF,776724,2025-08-16,MIA,17,2,96.95
669684,FF,777323,2025-06-28,TOR,31,9,94.1
669684,FF,777277,2025-07-02,CIN,28,7,93.83
669684,FF,777209,2025-07-07,COL,26,10,93.9
669684,FF,777170,2025-07-10,TB,16,5,93.62
669684,FF,777155,2025-07-11,TB,10,1,94.3
669684,FF,777096,2025-07-19,CHC,36,11,94.09
669684,FF,777045,2025-07-22,PHI,35,12,93.91
669684,FF,777012,2025-07-25,LAD,31,14,94.73
669684,FF,776961,2025-07-28,MIN,22,7,93.24
669684,FF,776935,2025-07-30,MIN,24,11,93.78
669684,FF,776895,2025-08-03,HOU,10,4,94.88
669684,FF,776856,2025-08-06,KC,29,12,92.96
669684,FF,776820,2025-08-08,SD,34,14,93.86
669684,FF,776789,2025-08-10,SD,11,5,95.18
669684,FF,776448,2025-09-05,AZ,43,9,94.99
669684,FF,776396,2025-09-09,ATH,24,4,94.6
669684,FF,776344,2025-09-13,NYY,24,9,94.27
669684,FF,776299,2025-09-17,ATH,4,1,96.6
669684,FF,776261,2025-09-19,TB,29,6,94.3
669684,FF,776186,2025-09-25,TOR,31,13,96.02
669684,FF,776157,2025-09-27,DET,49,15,95.19
669711,FF,778463,2025-04-04,STL,17,7,93.61
669711,FF,778443,2025-04-06,STL,4,1,94.1
669711,FF,778426,2025-04-07,TOR,31,13,93.2
669711,FF,778386,2025-04-09,TOR,12,2,92.45
669711,FF,778328,2025-04-14,TB,14,5,93.48
669711,FF,778298,2025-04-16,TB,20,7,94.04
669711,FF,778264,2025-04-19,CWS,22,8,94.1
669711,FF,778224,2025-04-22,SEA,10,3,94.27
669711,FF,778196,2025-04-24,SEA,20,6,94.25
669711,FF,778179,2025-04-26,CLE,11,5,93.36
669711,FF,778089,2025-05-02,MIN,14,6,94.45
669711,FF,778073,2025-05-03,MIN,31,13,93.88
669711,FF,778018,2025-05-07,TEX,11,8,93.44
669711,FF,777990,2025-05-09,KC,19,7,93.5
669711,FF,777965,2025-05-11,KC,4,2,93.1
669711,FF,777940,2025-05-13,DET,25,12,94.02
669711,FF,777908,2025-05-16,ATL,9,2,95.25
669711,FF,777856,2025-05-19,NYM,16,4,93.72
669711,FF,777851,2025-05-20,NYM,6,1,92.6
669711,FF,777809,2025-05-24,BAL,14,9,94.13
669711,FF,777785,2025-05-25,BAL,15,6,93.72
669711,FF,777747,2025-05-27,MIL,26,5,94.48
669711,FF,777719,2025-05-30,ATL,9,3,93.97
669711,FF,777692,2025-06-01,ATL,12,3,94.63
669711,FF,777667,2025-06-03,LAA,13,7,94.5
669711,FF,777649,2025-06-04,LAA,9,1,94.4
669711,FF,777605,2025-06-07,NYY,12,7,95.5
669711,FF,777593,2025-06-08,NYY,10,3,94.77
669711,FF,777561,2025-06-11,TB,15,7,94.94
669711,FF,777516,2025-06-14,NYY,13,1,93.7
669711,FF,777486,2025-06-16,SEA,19,6,93.57
669711,FF,777453,2025-06-18,SEA,12,6,95.4
669711,FF,777425,2025-06-20,SF,4,1,93.7
669711,FF,777395,2025-06-22,SF,12,2,94.95
669711,FF,777376,2025-06-24,LAA,17,6,94.12
669711,FF,777310,2025-06-29,TOR,14,7,94.24
669711,FF,777300,2025-06-30,CIN,19,5,94.62
669711,FF,777277,2025-07-02,CIN,30,10,94.75
669711,FF,777228,2025-07-05,WSH,11,4,93.95
669711,FF,777213,2025-07-06,WSH,20,10,95.2
669711,FF,777155,2025-07-11,TB,9,3,94.9
669711,FF,777101,2025-07-18,CHC,8,3,93.57
669711,FF,777045,2025-07-22,PHI,14,4,94.42
669711,FF,777038,2025-07-23,PHI,9,4,94.55
669711,FF,776983,2025-07-27,LAD,14,6,93.05
669711,FF,776961,2025-07-28,MIN,11,3,94.73
669711,FF,776922,2025-08-01,HOU,12,6,93.3
669711,FF,776864,2025-08-05,KC,17,6,94.05
669711,FF,776820,2025-08-08,SD,22,9,93.87
669711,FF,776789,2025-08-10,SD,28,7,93.47
669711,FF,776753,2025-08-13,HOU,14,4,94.18
669711,FF,776714,2025-08-17,MIA,8,2,94.3
669711,FF,776684,2025-08-19,BAL,18,5,93.5
669711,FF,776654,2025-08-21,NYY,23,5,94.64
669711,FF,776627,2025-08-23,NYY,12,1,94.8
669711,FF,776579,2025-08-27,BAL,8,3,94.3
669711,FF,776549,2025-08-29,PIT,11,1,94.7
669711,FF,776539,2025-08-30,PIT,13,4,94.72
669711,FF,776448,2025-09-05,AZ,22,3,94.27
669711,FF,776424,2025-09-06,AZ,15,4,93.72
669711,FF,776396,2025-09-09,ATH,6,2,94.9
669711,FF,776379,2025-09-10,ATH,15,4,94.6
669711,FF,776310,2025-09-16,ATH,22,3,94.87
669711,FF,776281,2025-09-18,ATH,21,10,93.47
669711,FF,776236,2025-09-21,TB,15,7,94.64
669711,FF,776181,2025-09-26,DET,22,6,94.87
669711,FF,776151,2025-09-28,DET,21,11,94.9
670174,FF,778404,2025-04-08,TOR,21,3,94.67
670174,FF,778386,2025-04-09,TOR,8,2,93.8
670174,FF,778366,2025-04-11,CWS,49,11,94.09
670174,FF,778328,2025-04-14,TB,15,6,96.2
670174,FF,778275,2025-04-18,CWS,34,21,95.26
670174,FF,778207,2025-04-23,SEA,80,18,94.06
676477,SI,778470,2025-04-03,BAL,37,19,96.71
676477,SI,778443,2025-04-06,STL,43,16,94.47
676477,SI,778377,2025-04-10,TOR,31,11,95.3
676477,SI,778338,2025-04-13,CWS,22,12,96.01
676477,SI,778298,2025-04-16,TB,24,8,95.61
676477,SI,778264,2025-04-19,CWS,15,8,96.52
676477,SI,778224,2025-04-22,SEA,32,11,93.95
676477,SI,778157,2025-04-27,CLE,11,5,95.42
676477,SI,778114,2025-04-30,TOR,37,20,95.39
676477,SI,778063,2025-05-04,MIN,32,16,95.12
676477,SI,778006,2025-05-08,TEX,24,11,96.44
676477,SI,777990,2025-05-09,KC,16,7,95.79
676477,SI,777940,2025-05-13,DET,32,14,96.73
676477,SI,777893,2025-05-17,ATL,22,10,96.27
676477,SI,777851,2025-05-20,NYM,19,4,94.95
676477,SI,777815,2025-05-23,BAL,30,16,95.66
676477,SI,777764,2025-05-26,MIL,28,11,94.99
676477,SI,777719,2025-05-30,ATL,33,19,95.59
676477,SI,777667,2025-06-03,LAA,14,9,96.64
676477,SI,777649,2025-06-04,LAA,16,7,97.19
676477,SI,777593,2025-06-08,NYY,13,4,96.55
676477,SI,777565,2025-06-10,TB,22,9,95.96
676477,SI,777537,2025-06-13,NYY,17,7,96.56
676477,SI,777500,2025-06-15,NYY,14,8,95.96
676477,SI,777453,2025-06-18,SEA,9,4,96.68
676477,SI,777425,2025-06-20,SF,34,17,95.84
676477,SI,777381,2025-06-23,LAA,42,29,96.16
676477,SI,777310,2025-06-29,TOR,10,4,96.6
676477,SI,777245,2025-07-04,WSH,17,7,97.11
676477,SI,777213,2025-07-06,WSH,17,10,96.14
676477,SI,777209,2025-07-07,COL,4,1,96.7
676477,SI,777170,2025-07-10,TB,15,8,96.34
676477,SI,777130,2025-07-13,TB,24,15,96.23
676477,SI,777075,2025-07-20,CHC,12,6,96.98
676477,SI,777063,2025-07-21,PHI,13,3,96.53
676477,SI,777038,2025-07-23,PHI,13,6,96.07
676477,SI,776998,2025-07-26,LAD,10,2,95.55
676477,SI,776954,2025-07-29,MIN,12,5,96.8
676477,SI,776922,2025-08-01,HOU,12,9,96.29
676477,SI,776909,2025-08-02,HOU,16,3,95.5
676477,SI,776880,2025-08-04,KC,9,3,95.43
676477,SI,776820,2025-08-08,SD,8,6,94.38
676477,SI,776782,2025-08-11,HOU,17,8,95.4
676477,SI,776741,2025-08-15,MIA,4,3,95.33
676477,SI,776714,2025-08-17,MIA,21,7,95.86
676477,SI,776684,2025-08-19,BAL,16,10,95.18
676477,SI,776654,2025-08-21,NYY,7,3,94.93
676477,SI,776647,2025-08-22,NYY,14,10,95.76
676477,SI,776604,2025-08-25,BAL,22,8,95.29
676477,SI,776564,2025-08-28,BAL,20,13,96.6
676477,SI,776517,2025-08-31,PIT,23,11,96.25
676477,SI,776493,2025-09-02,CLE,16,7,95.61
676477,SI,776415,2025-09-07,AZ,18,9,96.07
676477,SI,776344,2025-09-13,NYY,22,12,95.37
676477,SI,776330,2025-09-14,NYY,17,6,96.2
676477,SI,776299,2025-09-17,ATH,15,7,94.24
676477,SI,776247,2025-09-20,TB,13,5,95.74
676477,SI,776217,2025-09-23,TOR,9,6,95.58
676477,SI,776181,2025-09-26,DET,16,5,95.08
676979,FF,778483,2025-04-02,BAL,102,50,96.19
676979,FF,778404,2025-04-08,TOR,107,55,94.77
676979,FF,778338,2025-04-13,CWS,76,39,95.89
676979,FF,778264,2025-04-19,CWS,96,41,95.82
676979,FF,778196,2025-04-24,SEA,110,49,96.46
676979,FF,778127,2025-04-29,TOR,94,39,96.02
676979,FF,778063,2025-05-04,MIN,89,15,94.0
676979,FF,777977,2025-05-10,KC,106,52,96.75
676979,FF,777908,2025-05-16,ATL,103,42,96.58
676979,FF,777831,2025-05-21,NYM,85,28,96.46
676979,FF,777764,2025-05-26,MIL,108,45,96.3
676979,FF,777692,2025-06-01,ATL,112,53,96.13
676979,FF,777605,2025-06-07,NYY,97,40,96.0
676979,FF,777537,2025-06-13,NYY,107,49,97.42
676979,FF,777453,2025-06-18,SEA,96,27,95.68
676979,FF,777376,2025-06-24,LAA,103,41,96.83
676979,FF,777300,2025-06-30,CIN,89,34,96.08
676979,FF,777213,2025-07-06,WSH,98,42,95.73
676979,FF,777144,2025-07-12,TB,100,23,96.9
676979,FF,777075,2025-07-20,CHC,100,31,96.88
676979,FF,776998,2025-07-26,LAD,100,36,96.8
676979,FF,776864,2025-08-05,KC,105,26,97.27
676979,FF,776782,2025-08-11,HOU,86,27,96.86
676979,FF,776714,2025-08-17,MIA,94,27,97.39
676979,FF,776627,2025-08-23,NYY,101,20,97.26
676979,FF,776564,2025-08-28,BAL,96,21,97.02
676979,FF,776493,2025-09-02,CLE,79,23,96.64
676979,FF,776410,2025-09-08,ATH,98,29,96.06
676979,FF,776330,2025-09-14,NYY,95,30,97.79
676979,FF,776261,2025-09-19,TB,97,21,96.81
676979,FF,776206,2025-09-24,TOR,95,36,97.24
676979,FF,813074,2025-09-30,NYY,114,38,97.55
677161,FF,778470,2025-04-03,BAL,5,2,95.0
677161,FF,778463,2025-04-04,STL,22,7,96.07
677161,FF,778404,2025-04-08,TOR,35,4,95.28
677161,FF,778349,2025-04-12,CWS,27,10,96.2
677161,FF,778319,2025-04-15,TB,43,19,96.33
677161,FF,778245,2025-04-20,CWS,9,1,94.2
677161,FF,777785,2025-05-25,BAL,25,5,96.46
677161,FF,777667,2025-06-03,LAA,12,4,95.88
677161,FF,777627,2025-06-06,NYY,35,4,97.0
677161,FF,777584,2025-06-09,TB,23,1,97.7
677161,FF,777473,2025-06-17,SEA,16,1,96.6
677161,FF,777425,2025-06-20,SF,14,4,96.3
677161,FF,777395,2025-06-22,SF,23,7,95.61
677161,FF,777362,2025-06-25,LAA,31,2,97.8
677161,FF,777310,2025-06-29,TOR,28,5,96.4
677161,FF,776474,2025-09-03,CLE,63,17,95.5
677161,FF,776363,2025-09-12,NYY,20,4,96.55
677161,FF,776310,2025-09-16,ATH,16,2,96.55
677161,FF,776299,2025-09-17,ATH,8,1,97.3
677161,FF,776261,2025-09-19,TB,18,5,95.36
677161,FF,776236,2025-09-21,TB,20,3,96.4
677161,FF,776186,2025-09-25,TOR,10,1,97.1
677161,FF,776181,2025-09-26,DET,17,1,97.0
678394,FF,778224,2025-04-22,SEA,97,6,95.38
678394,FF,778157,2025-04-27,CLE,43,8,94.32
678394,FF,778089,2025-05-02,MIN,102,19,94.24
678394,FF,778006,2025-05-08,TEX,83,13,94.58
678394,FF,777940,2025-05-13,DET,92,27,94.71
678394,FF,777876,2025-05-18,ATL,92,4,94.22
678394,FF,777815,2025-05-23,BAL,87,7,95.17
678394,FF,777736,2025-05-28,MIL,77,7,94.29
678394,FF,777667,2025-06-03,LAA,103,8,95.49
678394,FF,777584,2025-06-09,TB,82,15,95.16
678394,FF,777500,2025-06-15,NYY,114,21,95.13
678394,FF,777417,2025-06-21,SF,94,13,95.28
678394,FF,777345,2025-06-27,TOR,104,23,94.74
678394,FF,777294,2025-07-01,CIN,62,8,95.51
678394,FF,777196,2025-07-08,COL,107,26,94.73
678394,FF,777130,2025-07-13,TB,105,29,95.22
678394,FF,777096,2025-07-19,CHC,92,21,95.67
678394,FF,777012,2025-07-25,LAD,98,17,95.3
678394,FF,776935,2025-07-30,MIN,93,10,95.11
678394,FF,776880,2025-08-04,KC,102,19,95.57
678394,FF,776789,2025-08-10,SD,106,15,94.24
678394,FF,776724,2025-08-16,MIA,78,6,95.27
678394,FF,776647,2025-08-22,NYY,92,16,95.8
678394,FF,776579,2025-08-27,BAL,94,6,94.53
678394,FF,776505,2025-09-01,CLE,100,20,94.94
678394,FF,776415,2025-09-07,AZ,91,6,96.12
678394,FF,776344,2025-09-13,NYY,92,16,95.68
678394,FF,776281,2025-09-18,ATH,70,4,94.93
678394,FF,776186,2025-09-25,TOR,89,2,95.15
681867,SI,778463,2025-04-04,STL,22,10,90.26
681867,SI,778432,2025-04-06,STL,64,17,88.68
681867,SI,777649,2025-06-04,LAA,25,5,90.7
681867,SI,777627,2025-06-06,NYY,41,10,89.27
681867,SI,777277,2025-07-02,CIN,30,7,89.29
681867,SI,776922,2025-08-01,HOU,84,27,89.39
686580,FF,778470,2025-04-03,BAL,20,5,96.64
686580,FF,778443,2025-04-06,STL,10,2,96.25
686580,FF,778386,2025-04-09,TOR,8,3,96.63
686580,FF,778349,2025-04-12,CWS,9,7,96.66
686580,FF,778298,2025-04-16,TB,11,4,97.8
686580,FF,778264,2025-04-19,CWS,15,6,96.65
686580,FF,778238,2025-04-21,CWS,12,9,97.83
686580,FF,778169,2025-04-26,CLE,19,6,97.05
686580,FF,778114,2025-04-30,TOR,11,7,98.03
686580,FF,778095,2025-05-01,TOR,29,13,97.34
686580,FF,778063,2025-05-04,MIN,19,7,96.27
686580,FF,778006,2025-05-08,TEX,13,3,96.6
686580,FF,777990,2025-05-09,KC,15,5,96.94
686580,FF,777940,2025-05-13,DET,15,10,97.53
686580,FF,777927,2025-05-14,DET,11,4,97.4
686580,FF,777851,2025-05-20,NYM,12,3,96.93
686580,FF,777815,2025-05-23,BAL,8,1,97.3
686580,FF,777809,2025-05-24,BAL,20,6,97.13
686580,FF,777747,2025-05-27,MIL,20,4,96.55
686580,FF,777736,2025-05-28,MIL,16,4,95.65
686580,FF,776549,2025-08-29,PIT,23,4,95.2
686580,FF,776517,2025-08-31,PIT,23,10,96.09
686580,FF,776493,2025-09-02,CLE,12,5,95.94
686580,FF,776448,2025-09-05,AZ,18,4,96.12
686580,FF,776396,2025-09-09,ATH,18,8,96.72
686580,FF,776379,2025-09-10,ATH,10,4,95.22
686580,FF,776310,2025-09-16,ATH,5,2,96.25
686580,FF,776299,2025-09-17,ATH,15,8,96.06
686580,FF,776261,2025-09-19,TB,12,5,96.72
686580,FF,776247,2025-09-20,TB,6,2,96.75
686580,FF,776217,2025-09-23,TOR,13,6,96.22
686580,FF,776181,2025-09-26,DET,11,5,96.6
690916,FF,778426,2025-04-07,TOR,102,36,94.41
690916,FF,778349,2025-04-12,CWS,76,34,94.92
690916,FF,777747,2025-05-27,MIL,44,17,95.94
690916,FF,777670,2025-06-02,LAA,39,17,95.57
690916,FF,777362,2025-06-25,LAA,83,37,96.56
690916,FF,777294,2025-07-01,CIN,38,18,97.35
690916,FF,777209,2025-07-07,COL,91,33,96.78
690916,FF,777045,2025-07-22,PHI,65,27,95.36
690916,FF,776961,2025-07-28,MIN,58,27,96.66
690916,FF,776604,2025-08-25,BAL,68,20,96.1
690928,FF,778432,2025-04-06,STL,93,33,94.78
690928,FF,778275,2025-04-18,CWS,79,42,95.03
690928,FF,778073,2025-05-03,MIN,92,44,94.44
690928,FF,777990,2025-05-09,KC,81,28,96.07
690928,FF,777927,2025-05-14,DET,88,50,96.43
690928,FF,777856,2025-05-19,NYM,64,19,94.98
690928,FF,777809,2025-05-24,BAL,72,25,96.96
690928,FF,777736,2025-05-28,MIL,52,24,96.25
690928,FF,777670,2025-06-02,LAA,60,22,96.27
690928,FF,777593,2025-06-08,NYY,64,18,97.27
690928,FF,777516,2025-06-14,NYY,82,23,95.42
690928,FF,777425,2025-06-20,SF,75,39,94.06
690928,FF,777155,2025-07-11,TB,27,10,96.05
692285,FF,778196,2025-04-24,SEA,19,7,96.06
692285,FF,778179,2025-04-26,CLE,12,5,95.78
692285,FF,778127,2025-04-29,TOR,12,4,96.5
692285,FF,777790,2025-05-24,BAL,41,17,95.37
692285,FF,777670,2025-06-02,LAA,22,9,97.98
692285,FF,777649,2025-06-04,LAA,36,10,97.14
692285,FF,777584,2025-06-09,TB,39,11,96.14
692285,FF,777516,2025-06-14,NYY,17,5,97.84
692285,FF,777473,2025-06-17,SEA,10,6,97.1
692285,FF,777417,2025-06-21,SF,10,7,96.86
692285,FF,777381,2025-06-23,LAA,25,10,97.07
692285,FF,777362,2025-06-25,LAA,26,7,96.07
692285,FF,777345,2025-06-27,TOR,19,9,95.8
801139,FF,776549,2025-08-29,PIT,82,51,96.2
801139,FF,776448,2025-09-05,AZ,77,39,95.65
801139,FF,776379,2025-09-10,ATH,32,19,96.09
801139,FF,776281,2025-09-18,ATH,47,40,96.87
801139,FF,776236,2025-09-21,TB,22,19,96.82
801139,FF,776206,2025-09-24,TOR,26,18,99.03
801139,FF,776157,2025-09-27,DET,12,9,99.13
813349,FF,776396,2025-09-09,ATH,90,28,94.24
813349,FF,776310,2025-09-16,ATH,80,13,94.25
813349,FF,776236,2025-09-21,TB,67,26,93.4
813349,FF,776157,2025-09-27,DET,86,27,94.35
518489,FF,777791,2025-05-24,CIN,14,5,93.4
518489,FF,777779,2025-05-25,CIN,21,12,93.15
518489,FF,777751,2025-05-27,COL,6,4,93.05
518489,FF,777731,2025-05-28,COL,6,2,93.65
518489,FF,777687,2025-06-01,CIN,24,12,93.33
518489,FF,777594,2025-06-08,DET,6,2,93.9
518489,FF,777571,2025-06-10,PHI,16,3,92.7
518489,FF,777526,2025-06-13,PIT,15,5,93.4
518489,FF,777436,2025-06-20,SEA,18,8,95.2
518489,FF,777392,2025-06-23,STL,12,2,94.6
518489,FF,777357,2025-06-25,STL,8,4,93.98
518489,FF,777320,2025-06-28,HOU,12,6,94.87
518489,FF,777308,2025-06-29,HOU,18,5,94.3
518489,FF,777259,2025-07-03,CLE,8,4,94.98
518489,FF,777229,2025-07-05,STL,7,3,94.7
518489,FF,777173,2025-07-09,MIN,17,6,95.05
518489,FF,777096,2025-07-19,BOS,16,5,93.6
518489,FF,777065,2025-07-21,KC,11,5,93.58
518489,FF,777017,2025-07-25,CWS,19,7,93.59
518489,FF,776989,2025-07-27,CWS,19,4,94.38
518489,FF,776956,2025-07-29,MIL,10,2,94.8
518489,FF,776902,2025-08-02,BAL,10,5,94.48
518489,FF,776878,2025-08-04,CIN,13,3,94.8
518489,FF,776826,2025-08-08,STL,22,3,94.33
518489,FF,776737,2025-08-15,PIT,13,4,94.55
518489,FF,776676,2025-08-19,MIL,10,4,94.7
518489,FF,776651,2025-08-21,MIL,23,9,94.51
519141,FF,778182,2025-04-25,PHI,16,15,93.07
519141,FF,778174,2025-04-26,PHI,14,10,91.93
519141,FF,778112,2025-04-30,PIT,14,12,92.9
519141,FF,778054,2025-05-04,MIL,14,12,93.48
519141,FF,778027,2025-05-06,SF,14,11,92.81
519141,FF,778020,2025-05-07,SF,3,3,93.3
519141,FF,777982,2025-05-10,NYM,13,11,93.75
519141,FF,777952,2025-05-12,MIA,16,11,93.13
519141,FF,777921,2025-05-14,MIA,13,10,92.51
519141,FF,777872,2025-05-18,CWS,6,5,92.64
519141,FF,777863,2025-05-19,MIA,14,10,92.99
519141,FF,777811,2025-05-23,CIN,15,13,92.95
519141,FF,777779,2025-05-25,CIN,17,13,92.98
519141,FF,777757,2025-05-26,COL,6,5,93.3
519141,FF,777704,2025-05-31,CIN,9,8,91.81
519141,FF,777632,2025-06-05,WSH,14,12,92.64
519141,FF,777578,2025-06-09,PHI,7,3,93.77
519141,FF,777553,2025-06-11,PHI,16,13,92.15
519141,FF,777526,2025-06-13,PIT,18,11,92.67
519141,FF,777513,2025-06-14,PIT,16,11,91.76
519141,FF,777450,2025-06-19,MIL,14,13,93.09
519141,FF,777419,2025-06-21,SEA,16,11,92.44
519141,FF,777373,2025-06-24,STL,6,4,93.25
519141,FF,777348,2025-06-26,STL,15,14,93.28
519141,FF,777320,2025-06-28,HOU,13,10,91.72
519141,FF,777259,2025-07-03,CLE,20,15,93.09
519141,FF,777229,2025-07-05,STL,25,20,92.18
519141,FF,777173,2025-07-09,MIN,17,12,92.28
519141,FF,777122,2025-07-13,NYY,13,11,92.64
519141,FF,777101,2025-07-18,BOS,6,5,92.68
519141,FF,777075,2025-07-20,BOS,11,7,92.0
519141,FF,777031,2025-07-23,KC,21,14,90.89
519141,FF,777017,2025-07-25,CWS,18,12,91.12
519141,FF,776989,2025-07-27,CWS,20,15,91.89
519141,FF,776956,2025-07-29,MIL,17,15,93.31
519141,FF,776888,2025-08-03,BAL,20,17,92.37
519141,FF,776878,2025-08-04,CIN,15,14,92.36
519141,FF,776847,2025-08-06,CIN,4,3,93.5
519141,FF,776818,2025-08-09,STL,18,16,92.92
519141,FF,776747,2025-08-14,TOR,16,13,93.02
519141,FF,777459,2025-08-18,MIL,16,12,92.88
519141,FF,776691,2025-08-19,MIL,14,11,92.88
519141,FF,776651,2025-08-21,MIL,17,13,93.02
519141,FF,776576,2025-08-26,SF,8,7,92.97
519141,FF,776542,2025-08-29,COL,17,15,92.57
519141,FF,776487,2025-09-02,ATL,19,14,93.87
519141,FF,776473,2025-09-03,ATL,17,11,92.37
519141,FF,776440,2025-09-06,WSH,11,8,92.96
519141,FF,776420,2025-09-07,WSH,8,4,93.02
519141,FF,776352,2025-09-12,TB,11,8,92.69
519141,FF,776338,2025-09-13,TB,9,7,93.16
519141,FF,776308,2025-09-16,PIT,15,9,93.1
519141,FF,776287,2025-09-17,PIT,24,17,93.33
519141,FF,776254,2025-09-20,CIN,13,8,92.75
519141,FF,776209,2025-09-23,NYM,15,10,93.58
519141,FF,776187,2025-09-25,NYM,15,11,93.49
519141,FF,776164,2025-09-27,STL,11,9,92.77
519141,FF,813066,2025-09-30,SD,11,10,93.98
519151,FF,778494,2025-04-01,ATH,11,2,93.45
519151,FF,778460,2025-04-04,SD,33,12,93.26
519151,FF,778430,2025-04-06,SD,17,6,92.95
519151,FF,778401,2025-04-08,TEX,14,5,93.5
519151,FF,778331,2025-04-13,LAD,7,4,93.72
519151,FF,778305,2025-04-15,SD,16,6,93.08
519151,FF,778268,2025-04-18,AZ,7,2,92.4
519151,FF,778236,2025-04-20,AZ,11,3,92.8
519151,FF,778158,2025-04-27,PHI,18,5,93.28
519151,FF,778100,2025-05-01,PIT,13,4,92.9
519151,FF,778027,2025-05-06,SF,26,10,93.3
519151,FF,778001,2025-05-09,NYM,19,12,92.31
519151,FF,777936,2025-05-13,MIA,6,2,92.05
519151,FF,777900,2025-05-16,CWS,14,5,92.74
519151,FF,777872,2025-05-18,CWS,9,5,92.86
519151,FF,777863,2025-05-19,MIA,15,5,93.76
519151,FF,777811,2025-05-23,CIN,16,8,92.1
519151,FF,777757,2025-05-26,COL,17,5,92.76
519151,FF,777751,2025-05-27,COL,17,7,92.19
519151,FF,777687,2025-06-01,CIN,15,8,93.42
519151,FF,777659,2025-06-03,WSH,13,4,92.38
519151,FF,777632,2025-06-05,WSH,19,10,93.21
519151,FF,777578,2025-06-09,PHI,13,8,94.65
519151,FF,777571,2025-06-10,PHI,12,5,93.72
519151,FF,777541,2025-06-12,PIT,6,3,92.9
519151,FF,777513,2025-06-14,PIT,20,8,94.25
519151,FF,777497,2025-06-15,PIT,14,4,93.05
519151,FF,777436,2025-06-20,SEA,29,11,93.85
519151,FF,777373,2025-06-24,STL,6,2,95.1
519151,FF,777320,2025-06-28,HOU,12,7,94.64
519151,FF,777308,2025-06-29,HOU,11,4,93.45
519151,FF,777266,2025-07-02,CLE,7,3,93.37
519151,FF,777259,2025-07-03,CLE,13,5,94.02
519151,FF,777229,2025-07-05,STL,13,3,93.4
519151,FF,777173,2025-07-09,MIN,15,5,94.54
519151,FF,777101,2025-07-18,BOS,16,3,93.83
519151,FF,777075,2025-07-20,BOS,17,4,94.42
519151,FF,777031,2025-07-23,KC,13,3,93.7
519151,FF,776994,2025-07-26,CWS,16,5,93.12
519151,FF,776965,2025-07-28,MIL,11,4,93.45
519151,FF,776956,2025-07-29,MIL,27,9,93.52
552640,FF,777785,2025-05-25,BOS,23,3,93.9
552640,FF,777740,2025-05-28,STL,31,10,93.37
552640,FF,777599,2025-06-07,ATH,14,4,93.95
552640,FF,777540,2025-06-12,DET,10,1,96.0
552640,FF,777519,2025-06-14,LAA,15,1,95.1
552640,FF,777501,2025-06-15,LAA,8,1,94.7
552640,FF,777463,2025-06-18,TB,28,5,94.26
552640,FF,777422,2025-06-21,NYY,34,5,95.26
552640,FF,777380,2025-06-24,TEX,18,1,95.7
552640,FF,777365,2025-06-25,TEX,11,2,94.35
552640,FF,777330,2025-06-28,TB,26,4,94.72
552640,FF,777292,2025-06-30,TEX,14,1,94.3
552640,FF,777252,2025-07-04,ATL,12,1,95.0
552640,FF,777237,2025-07-05,ATL,10,1,94.4
552640,FF,777181,2025-07-10,NYM,9,1,94.9
552640,FF,777157,2025-07-11,MIA,23,6,94.62
552640,FF,777129,2025-07-13,MIA,8,1,92.8
552640,FF,777056,2025-07-22,CLE,6,1,95.1
552640,FF,777036,2025-07-23,CLE,10,2,94.7
552640,FF,776962,2025-07-29,TOR,17,2,95.45
552640,FF,776948,2025-07-30,TOR,8,2,94.15
552640,FF,776888,2025-08-03,BAL,18,1,94.5
552640,FF,776737,2025-08-15,PIT,16,2,95.8
552640,FF,776719,2025-08-16,PIT,15,3,95.97
552640,FF,776704,2025-08-17,PIT,10,2,96.7
552640,FF,776676,2025-08-19,MIL,10,3,95.63
552640,FF,776640,2025-08-22,LAA,20,2,95.75
552640,FF,776605,2025-08-24,LAA,27,1,95.4
552640,FF,776526,2025-08-30,COL,11,1,95.3
552640,FF,776506,2025-09-01,ATL,13,2,95.95
552640,FF,776402,2025-09-09,ATL,10,3,95.27
552640,FF,776381,2025-09-10,ATL,11,3,94.53
552640,FF,776352,2025-09-12,TB,7,1,94.8
552640,FF,776254,2025-09-20,CIN,19,1,95.4
552640,FF,776209,2025-09-23,NYM,8,1,95.0
552640,FF,813066,2025-09-30,SD,14,1,96.0
571510,FF,778450,2025-04-05,SD,85,40,92.66
571510,FF,778356,2025-04-11,LAD,98,40,93.32
571510,FF,778288,2025-04-16,SD,97,48,92.92
571510,FF,778205,2025-04-23,LAD,92,47,94.06
571510,FF,778112,2025-04-30,PIT,83,34,93.19
571510,FF,778044,2025-05-05,SF,94,53,92.97
571510,FF,777968,2025-05-11,NYM,92,50,92.95
571510,FF,777881,2025-05-17,CWS,92,44,92.97
571510,FF,777811,2025-05-23,CIN,93,45,93.06
571510,FF,777731,2025-05-28,COL,95,46,92.97
571510,FF,777650,2025-06-04,WSH,95,44,93.1
571510,FF,777578,2025-06-09,PHI,73,33,93.0
571510,FF,777513,2025-06-14,PIT,93,45,92.9
571510,FF,777436,2025-06-20,SEA,76,31,93.72
571510,FF,777357,2025-06-25,STL,79,35,93.92
571510,FF,777287,2025-07-01,CLE,88,39,93.86
571510,FF,777219,2025-07-06,STL,87,43,93.76
571510,FF,777142,2025-07-12,NYY,85,33,94.41
571510,FF,777047,2025-07-22,KC,93,44,92.8
571510,FF,776965,2025-07-28,MIL,90,37,94.09
571510,FF,776902,2025-08-02,BAL,92,40,93.32
571510,FF,776826,2025-08-08,STL,92,35,93.15
571510,FF,776747,2025-08-14,TOR,78,38,93.76
571510,FF,776691,2025-08-19,MIL,90,48,93.26
571510,FF,776576,2025-08-26,SF,92,38,93.48
571510,FF,776511,2025-08-31,COL,91,52,92.88
571510,FF,776440,2025-09-06,WSH,87,43,93.4
571510,FF,776352,2025-09-12,TB,83,44,93.09
571510,FF,776287,2025-09-17,PIT,83,49,93.86
571510,FF,776205,2025-09-24,NYM,86,42,92.77
571510,FF,813066,2025-09-30,SD,58,27,92.6
573204,FF,778450,2025-04-05,SD,13,5,92.74
573204,FF,778430,2025-04-06,SD,24,7,92.74
573204,FF,778345,2025-04-12,LAD,14,5,92.18
573204,FF,778331,2025-04-13,LAD,15,5,91.74
573204,FF,778305,2025-04-15,SD,10,4,93.52
573204,FF,778268,2025-04-18,AZ,8,4,92.9
573204,FF,778257,2025-04-19,AZ,20,12,91.75
573204,FF,778182,2025-04-25,PHI,15,8,93.3
573204,FF,778158,2025-04-27,PHI,5,2,92.8
573204,FF,778135,2025-04-29,PIT,8,6,90.37
573204,FF,778112,2025-04-30,PIT,12,1,93.7
573204,FF,778044,2025-05-05,SF,10,4,91.5
573204,FF,778027,2025-05-06,SF,13,7,92.29
573204,FF,777936,2025-05-13,MIA,8,2,92.25
573204,FF,777900,2025-05-16,CWS,18,9,91.78
573204,FF,777863,2025-05-19,MIA,17,5,92.2
573204,FF,777833,2025-05-21,MIA,18,7,92.33
573204,FF,777779,2025-05-25,CIN,10,5,93.24
573204,FF,777757,2025-05-26,COL,11,8,93.26
573204,FF,777751,2025-05-27,COL,19,9,93.2
573204,FF,777687,2025-06-01,CIN,6,4,92.32
573204,FF,777659,2025-06-03,WSH,17,6,92.4
573204,FF,777632,2025-06-05,WSH,15,11,92.26
573204,FF,777609,2025-06-07,DET,15,10,92.8
573204,FF,777571,2025-06-10,PHI,11,6,92.72
573204,FF,777526,2025-06-13,PIT,2,1,92.7
573204,FF,777497,2025-06-15,PIT,18,10,93.8
573204,FF,777482,2025-06-17,MIL,12,6,93.02
573204,FF,777436,2025-06-20,SEA,18,9,94.28
573204,FF,777419,2025-06-21,SEA,12,5,93.32
573204,FF,777373,2025-06-24,STL,14,8,92.62
573204,FF,777348,2025-06-26,STL,15,8,91.79
573204,FF,777266,2025-07-02,CLE,12,7,92.59
573204,FF,777229,2025-07-05,STL,14,4,90.8
573204,FF,777190,2025-07-08,MIN,15,7,93.63
573204,FF,777153,2025-07-11,NYY,20,6,92.78
573204,FF,777101,2025-07-18,BOS,9,2,93.1
573204,FF,777075,2025-07-20,BOS,3,1,93.6
573204,FF,777047,2025-07-22,KC,6,2,91.9
573204,FF,776994,2025-07-26,CWS,8,4,90.92
573204,FF,776989,2025-07-27,CWS,12,3,92.5
573204,FF,776929,2025-07-30,MIL,8,2,93.65
573204,FF,776915,2025-08-01,BAL,9,3,92.73
573204,FF,776902,2025-08-02,BAL,14,8,93.12
573204,FF,776878,2025-08-04,CIN,9,2,92.6
573204,FF,776818,2025-08-09,STL,18,7,93.56
573204,FF,776757,2025-08-13,TOR,11,5,94.34
573204,FF,776704,2025-08-17,PIT,4,3,91.9
573204,FF,776691,2025-08-19,MIL,13,6,94.37
573204,FF,776663,2025-08-20,MIL,17,10,92.29
573204,FF,776605,2025-08-24,LAA,20,8,92.61
573204,FF,776511,2025-08-31,COL,8,5,93.5
573204,FF,776487,2025-09-02,ATL,11,3,94.0
573204,FF,776455,2025-09-05,WSH,13,5,93.36
573204,FF,776402,2025-09-09,ATL,13,5,93.22
573204,FF,776381,2025-09-10,ATL,18,7,94.04
573204,FF,776338,2025-09-13,TB,14,5,93.42
573204,FF,776321,2025-09-14,TB,5,1,95.4
573204,FF,776308,2025-09-16,PIT,12,6,94.42
573204,FF,776209,2025-09-23,NYM,18,4,93.32
573204,FF,776167,2025-09-26,STL,11,5,94.08
573204,FF,776164,2025-09-27,STL,15,4,94.55
592791,FF,778471,2025-04-02,ATH,94,44,93.12
592791,FF,778401,2025-04-08,TEX,85,41,92.44
592791,FF,778315,2025-04-14,SD,89,30,91.7
592791,FF,778236,2025-04-20,AZ,87,36,92.66
592791,FF,778158,2025-04-27,PHI,88,29,92.62
592791,FF,778071,2025-05-03,MIL,88,40,92.15
592791,FF,778001,2025-05-09,NYM,100,31,91.66
592791,FF,777921,2025-05-14,MIA,84,28,92.61
592791,FF,777850,2025-05-20,MIA,87,32,92.21
592791,FF,777757,2025-05-26,COL,82,21,92.36
592791,FF,777687,2025-06-01,CIN,97,36,91.78
592791,FF,777609,2025-06-07,DET,84,37,92.09
592791,FF,777541,2025-06-12,PIT,92,32,92.05
592791,FF,777450,2025-06-19,MIL,68,29,91.91
592791,FF,777373,2025-06-24,STL,81,30,92.44
592791,FF,777308,2025-06-29,HOU,107,31,92.57
592791,FF,776676,2025-08-19,MIL,92,34,91.89
592791,FF,776605,2025-08-24,LAA,62,21,91.71
592791,FF,776381,2025-09-10,ATL,79,38,92.25
592791,FF,776318,2025-09-15,PIT,88,32,92.31
592791,FF,776239,2025-09-21,CIN,82,30,91.96
592791,FF,776164,2025-09-27,STL,83,32,91.79
607067,FF,778411,2025-04-07,TEX,23,9,93.92
607067,FF,778331,2025-04-13,LAD,68,39,94.41
607067,FF,778268,2025-04-18,AZ,69,36,93.91
607067,FF,778182,2025-04-25,PHI,92,48,93.3
607067,FF,778100,2025-05-01,PIT,73,47,94.37
607067,FF,778027,2025-05-06,SF,92,48,93.97
607067,FF,777952,2025-05-12,MIA,98,55,93.32
607067,FF,777872,2025-05-18,CWS,93,39,93.38
607067,FF,777791,2025-05-24,CIN,108,40,93.7
607067,FF,777712,2025-05-30,CIN,90,32,93.48
607067,FF,777632,2025-06-05,WSH,80,40,93.42
607067,FF,777571,2025-06-10,PHI,82,29,94.7
607067,FF,777497,2025-06-15,PIT,81,31,94.25
607067,FF,777403,2025-06-22,SEA,89,23,93.8
607067,FF,777320,2025-06-28,HOU,79,27,94.36
607067,FF,777246,2025-07-04,STL,97,44,94.15
607067,FF,777166,2025-07-10,MIN,92,35,93.82
607067,FF,777101,2025-07-18,BOS,84,37,93.43
607067,FF,777031,2025-07-23,KC,82,30,93.72
607067,FF,776956,2025-07-29,MIL,82,29,94.19
607067,FF,776888,2025-08-03,BAL,77,34,93.67
607067,FF,776818,2025-08-09,STL,98,29,93.88
607067,FF,776737,2025-08-15,PIT,87,31,94.4
607067,FF,776663,2025-08-20,MIL,96,43,94.24
607067,FF,776557,2025-08-27,SF,88,36,94.2
607067,FF,776506,2025-09-01,ATL,72,33,93.74
607067,FF,776420,2025-09-07,WSH,61,21,93.23
607067,FF,776338,2025-09-13,TB,85,31,94.01
607067,FF,776282,2025-09-18,CIN,93,28,94.35
607067,FF,776167,2025-09-26,STL,77,30,93.34
623167,FF,778080,2025-05-02,MIL,54,26,91.65
623167,FF,778027,2025-05-06,SF,12,2,92.1
623167,FF,778020,2025-05-07,SF,13,9,90.97
623167,FF,777936,2025-05-13,MIA,30,10,91.61
623167,FF,777850,2025-05-20,MIA,22,10,91.36
623167,FF,777811,2025-05-23,CIN,14,3,92.6
623167,FF,777751,2025-05-27,COL,24,12,92.7
623167,FF,777712,2025-05-30,CIN,21,11,92.72
623167,FF,777594,2025-06-08,DET,25,9,92.6
623167,FF,777571,2025-06-10,PHI,17,7,93.29
623167,FF,777497,2025-06-15,PIT,16,6,93.12
623167,FF,777450,2025-06-19,MIL,46,23,93.0
623167,FF,777403,2025-06-22,SEA,34,10,93.18
623167,FF,777373,2025-06-24,STL,18,8,92.8
623167,FF,777336,2025-06-27,HOU,50,19,92.58
623167,FF,777259,2025-07-03,CLE,14,6,92.4
623167,FF,777229,2025-07-05,STL,64,31,92.91
623167,FF,777153,2025-07-11,NYY,68,32,93.07
623167,FF,777065,2025-07-21,KC,59,17,91.6
623167,FF,777017,2025-07-25,CWS,47,18,92.09
623167,FF,776965,2025-07-28,MIL,25,8,91.44
641745,FF,778471,2025-04-02,ATH,17,5,98.0
641745,FF,778450,2025-04-05,SD,9,2,96.35
641745,FF,778430,2025-04-06,SD,17,5,96.46
641745,FF,778331,2025-04-13,LAD,20,13,96.64
641745,FF,778315,2025-04-14,SD,23,4,98.8
641745,FF,778268,2025-04-18,AZ,12,6,96.58
641745,FF,778257,2025-04-19,AZ,10,8,96.61
641745,FF,778220,2025-04-22,LAD,21,11,97.86
641745,FF,778182,2025-04-25,PHI,25,15,96.96
641745,FF,778174,2025-04-26,PHI,9,3,94.87
641745,FF,778112,2025-04-30,PIT,20,8,97.02
641745,FF,778071,2025-05-03,MIL,28,10,97.32
641745,FF,778027,2025-05-06,SF,19,8,96.61
641745,FF,778020,2025-05-07,SF,14,4,96.18
641745,FF,777982,2025-05-10,NYM,17,11,97.71
641745,FF,777968,2025-05-11,NYM,14,5,96.94
641745,FF,777921,2025-05-14,MIA,16,9,97.09
641745,FF,777881,2025-05-17,CWS,20,9,97.29
641745,FF,777872,2025-05-18,CWS,12,4,96.18
641745,FF,777833,2025-05-21,MIA,17,6,97.03
641745,FF,777811,2025-05-23,CIN,17,11,97.42
641745,FF,777779,2025-05-25,CIN,20,12,97.03
641745,FF,777751,2025-05-27,COL,16,6,97.35
641745,FF,777731,2025-05-28,COL,12,4,97.08
641745,FF,777704,2025-05-31,CIN,7,4,96.35
641745,FF,777632,2025-06-05,WSH,13,8,97.12
641745,FF,777578,2025-06-09,PHI,14,8,97.04
641745,FF,777571,2025-06-10,PHI,16,4,97.08
641745,FF,777541,2025-06-12,PIT,16,6,96.25
641745,FF,777526,2025-06-13,PIT,17,5,96.74
641745,FF,777482,2025-06-17,MIL,16,7,97.41
641745,FF,777419,2025-06-21,SEA,31,12,97.66
641745,FF,777348,2025-06-26,STL,20,10,97.97
641745,FF,777308,2025-06-29,HOU,14,4,96.72
641745,FF,777287,2025-07-01,CLE,14,9,97.44
641745,FF,777266,2025-07-02,CLE,23,13,97.92
641745,FF,777229,2025-07-05,STL,31,11,96.94
641745,FF,777166,2025-07-10,MIN,20,7,97.43
641745,FF,777142,2025-07-12,NYY,14,4,97.05
641745,FF,777101,2025-07-18,BOS,9,3,97.73
641745,FF,777096,2025-07-19,BOS,19,7,98.2
641745,FF,776994,2025-07-26,CWS,6,2,97.15
641745,FF,776929,2025-07-30,MIL,26,10,97.59
641745,FF,776915,2025-08-01,BAL,18,7,97.36
641745,FF,776888,2025-08-03,BAL,17,8,97.94
641745,FF,776847,2025-08-06,CIN,8,3,97.77
641745,FF,776795,2025-08-10,STL,15,4,96.58
641745,FF,776757,2025-08-13,TOR,7,4,97.22
641745,FF,776737,2025-08-15,PIT,14,6,97.57
641745,FF,776719,2025-08-16,PIT,20,6,96.93
641745,FF,776691,2025-08-19,MIL,24,10,96.76
641745,FF,776663,2025-08-20,MIL,10,4,96.08
641745,FF,776640,2025-08-22,LAA,11,3,97.97
641745,FF,776605,2025-08-24,LAA,12,1,97.3
641745,FF,776550,2025-08-28,SF,18,11,97.24
641745,FF,776542,2025-08-29,COL,5,1,96.3
641745,FF,776526,2025-08-30,COL,8,2,97.65
641745,FF,776506,2025-09-01,ATL,26,17,97.79
641745,FF,776420,2025-09-07,WSH,11,5,97.62
641745,FF,776381,2025-09-10,ATL,16,7,97.54
641745,FF,776352,2025-09-12,TB,13,6,96.73
641745,FF,776338,2025-09-13,TB,17,5,96.72
641745,FF,776318,2025-09-15,PIT,4,2,97.65
641745,FF,776308,2025-09-16,PIT,12,4,97.9
641745,FF,776239,2025-09-21,CIN,11,6,97.55
641745,FF,776167,2025-09-26,STL,13,6,96.65
641745,FF,776164,2025-09-27,STL,26,13,96.34
641745,FF,813066,2025-09-30,SD,13,4,97.15
657006,FF,778494,2025-04-01,ATH,78,52,90.95
657006,FF,778411,2025-04-07,TEX,91,57,90.18
657240,FF,778494,2025-04-01,ATH,4,1,97.0
657240,FF,778430,2025-04-06,SD,22,8,95.54
657240,FF,778401,2025-04-08,TEX,14,8,95.88
657240,FF,778345,2025-04-12,LAD,17,8,96.26
657240,FF,778331,2025-04-13,LAD,15,7,96.67
657240,FF,778305,2025-04-15,SD,13,8,95.36
657240,FF,778268,2025-04-18,AZ,19,7,96.94
657240,FF,778236,2025-04-20,AZ,24,7,96.06
657240,FF,778205,2025-04-23,LAD,12,6,96.58
657240,FF,778158,2025-04-27,PHI,23,10,95.55
657240,FF,778100,2025-05-01,PIT,11,7,96.46
657240,FF,778071,2025-05-03,MIL,16,9,96.67
657240,FF,778054,2025-05-04,MIL,14,5,95.88
657240,FF,778020,2025-05-07,SF,21,13,95.61
657240,FF,777982,2025-05-10,NYM,19,9,96.21
657240,FF,777936,2025-05-13,MIA,30,16,94.76
657240,FF,777900,2025-05-16,CWS,9,7,97.2
657240,FF,777872,2025-05-18,CWS,14,5,96.82
657240,FF,777811,2025-05-23,CIN,32,17,95.46
663878,FF,778471,2025-04-02,ATH,12,5,96.78
663878,FF,778450,2025-04-05,SD,19,8,98.55
663878,FF,778385,2025-04-09,TEX,31,11,97.38
663878,FF,778345,2025-04-12,LAD,9,7,97.03
663878,FF,778315,2025-04-14,SD,20,11,96.82
663878,FF,777403,2025-06-22,SEA,41,18,96.77
663878,FF,776860,2025-08-05,CIN,29,19,97.11
663878,FF,776826,2025-08-08,STL,40,25,97.38
665871,FF,776768,2025-08-12,TOR,70,5,93.46
665871,FF,776704,2025-08-17,PIT,65,13,92.04
665871,FF,776640,2025-08-22,LAA,72,7,92.83
665871,FF,776455,2025-09-05,WSH,81,19,91.23
665871,FF,776321,2025-09-14,TB,46,4,93.75
665871,FF,776254,2025-09-20,CIN,74,10,92.97
665871,FF,776142,2025-09-28,STL,79,14,91.84
668970,FF,778220,2025-04-22,LAD,19,13,94.99
668970,FF,778044,2025-05-05,SF,31,15,94.91
668970,FF,778020,2025-05-07,SF,25,13,93.86
668970,FF,778001,2025-05-09,NYM,21,9,93.19
668970,FF,777968,2025-05-11,NYM,12,5,93.74
668970,FF,776956,2025-07-29,MIL,19,9,95.59
668970,FF,777459,2025-08-18,MIL,44,13,94.35
676962,FF,778430,2025-04-06,SD,79,46,95.29
676962,FF,778345,2025-04-12,LAD,84,56,95.64
676962,FF,778257,2025-04-19,AZ,100,56,95.48
676962,FF,778174,2025-04-26,PHI,80,43,94.79
676962,FF,778080,2025-05-02,MIL,74,45,95.36
676962,FF,778020,2025-05-07,SF,103,66,94.46
676962,FF,777936,2025-05-13,MIA,72,48,96.0
676962,FF,777863,2025-05-19,MIA,83,38,96.16
676962,FF,777779,2025-05-25,CIN,84,48,96.31
676962,FF,777704,2025-05-31,CIN,77,46,95.87
676962,FF,777626,2025-06-06,DET,92,57,96.84
676962,FF,777553,2025-06-11,PHI,100,44,96.85
676962,FF,777482,2025-06-17,MIL,86,55,95.99
676962,FF,777392,2025-06-23,STL,81,51,96.7
676962,FF,777065,2025-07-21,KC,63,35,96.36
676962,FF,776989,2025-07-27,CWS,57,28,96.25
676962,FF,776878,2025-08-04,CIN,56,24,95.94
676962,FF,776768,2025-08-12,TOR,54,28,95.82
676962,FF,776704,2025-08-17,PIT,54,31,96.57
676962,FF,776618,2025-08-23,LAA,44,18,96.33
676962,FF,776542,2025-08-29,COL,47,13,96.78
676962,FF,776473,2025-09-03,ATL,33,17,95.08
676962,FF,776402,2025-09-09,ATL,14,10,95.49
681799,FC,778385,2025-04-09,TEX,8,3,91.4
681799,FC,778356,2025-04-11,LAD,21,6,92.02
681799,FC,778331,2025-04-13,LAD,13,3,91.63
681799,FC,778315,2025-04-14,SD,16,5,91.16
681799,FC,778288,2025-04-16,SD,4,2,90.85
681799,FC,778268,2025-04-18,AZ,7,2,91.55
681799,FC,778236,2025-04-20,AZ,9,5,91.36
681799,FC,778220,2025-04-22,LAD,16,7,91.76
681799,FC,778174,2025-04-26,PHI,30,11,90.85
681799,FC,777075,2025-07-20,BOS,17,8,91.4
684007,FF,778460,2025-04-04,SD,91,54,90.35
684007,FF,778385,2025-04-09,TEX,76,36,90.2
684007,FF,778305,2025-04-15,SD,93,52,90.69
684007,FF,778220,2025-04-22,LAD,101,35,91.37
684007,FF,778135,2025-04-29,PIT,87,46,91.36
684007,FF,778054,2025-05-04,MIL,84,38,91.16
684007,FF,777348,2025-06-26,STL,75,48,90.72
684007,FF,777266,2025-07-02,CLE,78,40,90.52
684007,FF,777190,2025-07-08,MIN,83,36,89.58
684007,FF,777122,2025-07-13,NYY,91,43,90.49
684007,FF,777096,2025-07-19,BOS,96,55,90.78
684007,FF,777017,2025-07-25,CWS,85,37,89.07
684007,FF,776929,2025-07-30,MIL,89,44,90.72
684007,FF,776860,2025-08-05,CIN,92,49,91.02
684007,FF,776795,2025-08-10,STL,92,47,91.09
684007,FF,776719,2025-08-16,PIT,85,47,90.57
684007,FF,776651,2025-08-21,MIL,98,49,91.17
684007,FF,776550,2025-08-28,SF,92,51,90.81
684007,FF,776487,2025-09-02,ATL,78,45,91.1
684007,FF,776412,2025-09-08,ATL,80,25,90.92
684007,FF,776321,2025-09-14,TB,91,34,91.09
684007,FF,776267,2025-09-19,CIN,83,29,91.07
684007,FF,776187,2025-09-25,NYM,91,40,90.69
687863,FF,778494,2025-04-01,ATH,14,4,95.48
687863,FF,778460,2025-04-04,SD,15,10,96.24
687863,FF,778430,2025-04-06,SD,16,7,94.97
687863,FF,778401,2025-04-08,TEX,24,14,96.29
687863,FF,778331,2025-04-13,LAD,14,8,96.18
687863,FF,778305,2025-04-15,SD,10,6,96.97
687863,FF,778268,2025-04-18,AZ,31,12,95.47
687863,FF,778236,2025-04-20,AZ,5,3,94.9
687863,FF,778220,2025-04-22,LAD,11,5,96.66
687863,FF,778205,2025-04-23,LAD,14,5,95.12
687863,FF,778158,2025-04-27,PHI,13,5,95.2
687863,FF,778112,2025-04-30,PIT,10,4,96.32
687863,FF,778100,2025-05-01,PIT,26,18,97.19
687863,FF,778027,2025-05-06,SF,15,8,95.61
687863,FF,777982,2025-05-10,NYM,19,12,96.92
687863,FF,777968,2025-05-11,NYM,10,5,94.3
687863,FF,777921,2025-05-14,MIA,22,11,94.96
687863,FF,777881,2025-05-17,CWS,18,11,97.25
687863,FF,777357,2025-06-25,STL,13,8,94.65
687863,FF,777320,2025-06-28,HOU,19,10,95.27
687863,FF,777246,2025-07-04,STL,16,8,94.91
687863,FF,777229,2025-07-05,STL,14,6,95.1
687863,FF,777190,2025-07-08,MIN,27,16,94.79
687863,FF,776511,2025-08-31,COL,38,19,96.55
687863,FF,776473,2025-09-03,ATL,14,6,96.5
687863,FF,776455,2025-09-05,WSH,14,5,97.4
687863,FF,776420,2025-09-07,WSH,9,6,96.17
687863,FF,776381,2025-09-10,ATL,9,7,96.8
687863,FF,776352,2025-09-12,TB,17,9,97.28
687863,FF,776338,2025-09-13,TB,18,6,97.83
687863,FF,776318,2025-09-15,PIT,21,6,96.53
687863,FF,776287,2025-09-17,PIT,19,11,96.34
687863,FF,776267,2025-09-19,CIN,31,16,96.35
690990,FF,777982,2025-05-10,NYM,77,44,95.26
690990,FF,777900,2025-05-16,CWS,79,43,95.09
690990,FF,777833,2025-05-21,MIA,92,33,96.12
690990,FF,777751,2025-05-27,COL,83,40,95.58
690990,FF,777659,2025-06-03,WSH,77,45,95.8
690990,FF,777594,2025-06-08,DET,85,45,95.7
690990,FF,777526,2025-06-13,PIT,76,39,95.65
690990,FF,777419,2025-06-21,SEA,90,45,95.96
690990,FF,777336,2025-06-27,HOU,80,39,96.24
690990,FF,777259,2025-07-03,CLE,90,46,95.53
690990,FF,777173,2025-07-09,MIN,94,34,95.73
690990,FF,777075,2025-07-20,BOS,86,47,95.71
690990,FF,776994,2025-07-26,CWS,84,35,95.62
690990,FF,776915,2025-08-01,BAL,71,39,95.44
690990,FF,776847,2025-08-06,CIN,67,35,95.89
690990,FF,776757,2025-08-13,TOR,82,39,95.74
690990,FF,777459,2025-08-18,MIL,61,37,96.3
690990,FF,776618,2025-08-23,LAA,74,43,95.64
690990,FF,776542,2025-08-29,COL,70,27,96.12
690990,FF,776473,2025-09-03,ATL,75,37,95.74
690990,FF,776402,2025-09-09,ATL,87,52,95.59
690990,FF,776308,2025-09-16,PIT,79,40,96.03
690990,FF,776209,2025-09-23,NYM,29,15,96.18
694037,FF,778305,2025-04-15,SD,15,9,98.49
694037,FF,778288,2025-04-16,SD,25,20,99.2
694037,FF,778257,2025-04-19,AZ,27,23,98.95
694037,FF,778205,2025-04-23,LAD,15,12,98.63
694037,FF,778182,2025-04-25,PHI,15,12,98.1
694037,FF,778174,2025-04-26,PHI,18,13,97.5
694037,FF,778135,2025-04-29,PIT,16,13,98.62
694037,FF,778054,2025-05-04,MIL,13,9,99.87
694037,FF,778027,2025-05-06,SF,13,9,98.66
694037,FF,777982,2025-05-10,NYM,22,17,100.09
694037,FF,777952,2025-05-12,MIA,21,15,99.19
694037,FF,777900,2025-05-16,CWS,14,11,99.93
694037,FF,777881,2025-05-17,CWS,17,15,98.35
694037,FF,777863,2025-05-19,MIA,24,18,100.42
694037,FF,777833,2025-05-21,MIA,13,12,99.62
694037,FF,777779,2025-05-25,CIN,21,14,100.71
694037,FF,777757,2025-05-26,COL,13,11,98.65
694037,FF,777731,2025-05-28,COL,14,7,99.96
694037,FF,777704,2025-05-31,CIN,15,12,99.8
694037,FF,777609,2025-06-07,DET,20,17,100.06
694037,FF,777578,2025-06-09,PHI,14,10,99.76
694037,FF,777541,2025-06-12,PIT,15,10,100.28
694037,FF,777526,2025-06-13,PIT,12,8,98.71
694037,FF,777513,2025-06-14,PIT,11,8,98.92
694037,FF,777482,2025-06-17,MIL,11,10,99.86
694037,FF,777419,2025-06-21,SEA,12,9,99.53
694037,FF,777348,2025-06-26,STL,24,17,100.33
694037,FF,777287,2025-07-01,CLE,10,7,101.0
694037,FF,777266,2025-07-02,CLE,27,23,99.76
694037,FF,777219,2025-07-06,STL,5,3,99.57
694037,FF,777166,2025-07-10,MIN,12,8,100.41
694037,FF,777142,2025-07-12,NYY,9,7,100.67
694037,FF,777122,2025-07-13,NYY,14,11,100.19
694037,FF,777101,2025-07-18,BOS,7,6,99.68
694037,FF,777047,2025-07-22,KC,13,7,101.31
694037,FF,776989,2025-07-27,CWS,18,9,100.93
694037,FF,776929,2025-07-30,MIL,17,11,100.54
694037,FF,776915,2025-08-01,BAL,9,7,99.24
694037,FF,776888,2025-08-03,BAL,18,12,100.82
694037,FF,776847,2025-08-06,CIN,24,16,100.08
694037,FF,776757,2025-08-13,TOR,9,6,101.7
694037,FF,776737,2025-08-15,PIT,12,8,100.02
694037,FF,776691,2025-08-19,MIL,17,12,100.33
694037,FF,776663,2025-08-20,MIL,28,17,99.25
694037,FF,776640,2025-08-22,LAA,10,5,99.52
694037,FF,776605,2025-08-24,LAA,25,20,98.46
694037,FF,776550,2025-08-28,SF,12,8,99.59
694037,FF,776526,2025-08-30,COL,13,9,99.2
694037,FF,776511,2025-08-31,COL,4,2,98.9
694037,FF,776487,2025-09-02,ATL,20,16,99.68
694037,FF,776440,2025-09-06,WSH,10,7,100.4
694037,FF,776420,2025-09-07,WSH,17,11,98.65
694037,FF,776205,2025-09-24,NYM,10,6,99.58
694037,FF,776167,2025-09-26,STL,10,7,100.19
694037,FF,813066,2025-09-30,SD,17,13,99.68
696136,FF,778236,2025-04-20,AZ,31,13,94.12
696136,FF,777219,2025-07-06,STL,41,22,94.3
696136,FF,777153,2025-07-11,NYY,68,20,95.15
696136,FF,776576,2025-08-26,SF,7,6,93.2
696136,FF,776557,2025-08-27,SF,10,4,93.78
696136,FF,776209,2025-09-23,NYM,14,4,95.05
696136,FF,776142,2025-09-28,STL,41,17,94.24
489119,FF,777647,2025-06-04,MIL,38,6,91.17
489119,FF,777580,2025-06-09,CLE,78,8,91.94
489119,FF,777505,2025-06-15,DET,89,31,92.39
573124,SI,778498,2025-04-01,TEX,13,5,92.04
573124,SI,778453,2025-04-04,MIL,15,10,91.93
573124,SI,778439,2025-04-05,MIL,10,6,93.1
573124,SI,778376,2025-04-09,SF,15,8,93.21
573124,SI,778374,2025-04-11,PIT,12,5,91.56
573124,SI,778304,2025-04-16,SEA,21,10,92.78
573124,SI,778285,2025-04-17,SEA,6,5,92.74
573124,SI,778262,2025-04-19,BAL,11,5,92.76
573124,SI,778250,2025-04-20,BAL,15,7,92.7
573124,SI,778181,2025-04-25,COL,11,5,91.82
573124,SI,778134,2025-04-30,STL,21,9,92.9
573124,SI,778107,2025-05-01,STL,11,6,93.5
573124,SI,778023,2025-05-07,ATL,10,7,93.66
573124,SI,778003,2025-05-08,ATL,17,7,93.4
573124,SI,777963,2025-05-11,HOU,38,17,93.23
573124,SI,777912,2025-05-15,CWS,17,11,93.85
573124,SI,777902,2025-05-16,CLE,12,7,93.31
573124,SI,777874,2025-05-18,CLE,3,3,93.03
573124,SI,777834,2025-05-21,PIT,26,15,93.14
573124,SI,777811,2025-05-23,CHC,10,6,92.28
573124,SI,777779,2025-05-25,CHC,14,7,93.83
573124,SI,777687,2025-06-01,CHC,11,6,93.18
573124,SI,777671,2025-06-02,MIL,6,2,93.05
573124,SI,777602,2025-06-08,AZ,28,12,93.21
573124,SI,777538,2025-06-13,DET,15,7,93.49
573124,SI,777452,2025-06-19,MIN,19,8,92.48
573124,SI,777433,2025-06-20,STL,20,10,92.49
573124,SI,777407,2025-06-22,STL,13,9,92.73
573124,SI,777367,2025-06-25,NYY,24,14,93.24
573124,SI,777346,2025-06-27,SD,25,10,93.3
573124,SI,777312,2025-06-29,SD,18,13,92.68
573124,SI,777277,2025-07-02,BOS,7,2,92.95
573124,SI,777255,2025-07-04,PHI,12,6,92.77
573124,SI,777208,2025-07-07,MIA,14,6,92.55
573124,SI,777092,2025-07-19,NYM,17,12,92.82
573124,SI,777064,2025-07-21,WSH,20,10,91.79
573124,SI,777042,2025-07-22,WSH,8,4,91.9
573124,SI,776967,2025-07-28,LAD,18,9,92.22
573124,SI,776902,2025-08-02,BAL,8,4,92.02
573124,SI,776878,2025-08-04,CIN,17,6,93.05
573124,SI,776860,2025-08-05,CIN,5,3,91.7
573124,SI,776818,2025-08-09,STL,26,14,92.46
573124,SI,776704,2025-08-17,PIT,16,6,92.7
573124,SI,777459,2025-08-18,MIL,16,7,92.47
573124,SI,776676,2025-08-19,MIL,19,9,92.96
573124,SI,776576,2025-08-26,SF,15,7,91.86
573124,SI,776557,2025-08-27,SF,22,13,92.3
573124,SI,776506,2025-09-01,ATL,21,9,92.62
573124,SI,776473,2025-09-03,ATL,17,8,91.99
573124,SI,776455,2025-09-05,WSH,11,2,91.6
573124,SI,776381,2025-09-10,ATL,10,2,91.8
573124,SI,776287,2025-09-17,PIT,14,5,92.06
573124,SI,776267,2025-09-19,CIN,36,16,92.48
573124,SI,776209,2025-09-23,NYM,14,6,92.68
573124,SI,776187,2025-09-25,NYM,23,11,92.58
594580,FF,778421,2025-04-06,MIL,23,10,90.14
594580,FF,777294,2025-07-01,BOS,26,4,91.12
594580,FF,777217,2025-07-06,PHI,9,3,93.33
594580,FF,777168,2025-07-10,MIA,7,1,93.5
594580,FF,777111,2025-07-18,NYM,22,4,91.45
594580,FF,777064,2025-07-21,WSH,29,6,92.83
594580,FF,776941,2025-07-30,LAD,15,3,93.03
594580,FF,776928,2025-07-31,ATL,12,3,90.7
594580,FF,776907,2025-08-02,ATL,15,1,91.7
594580,FF,776860,2025-08-05,CHC,15,5,92.98
594580,FF,776840,2025-08-07,PIT,13,2,92.55
594580,FF,776801,2025-08-10,PIT,14,2,91.6
594580,FF,776777,2025-08-12,PHI,20,9,93.18
594580,FF,776740,2025-08-15,MIL,17,5,93.26
594580,FF,776594,2025-08-25,LAD,13,2,91.2
594580,FF,776562,2025-08-27,LAD,12,2,91.7
594580,FF,776518,2025-08-31,STL,13,2,92.3
605130,FF,778498,2025-04-01,TEX,18,2,92.95
605130,FF,778439,2025-04-05,MIL,25,9,93.24
605130,FF,778357,2025-04-12,PIT,20,6,93.48
605130,FF,778304,2025-04-16,SEA,12,3,93.5
605130,FF,778276,2025-04-18,BAL,27,4,91.98
605130,FF,778250,2025-04-20,BAL,11,3,91.6
605130,FF,778161,2025-04-26,COL,14,7,93.36
605130,FF,778134,2025-04-30,STL,12,5,92.44
605130,FF,778087,2025-05-02,WSH,17,2,93.9
605130,FF,778058,2025-05-04,WSH,23,5,93.06
605130,FF,778049,2025-05-05,ATL,22,6,91.93
605130,FF,778023,2025-05-07,ATL,14,2,92.2
605130,FF,777979,2025-05-10,HOU,20,6,93.92
605130,FF,777963,2025-05-11,HOU,25,3,92.43
605130,FF,777928,2025-05-14,CWS,28,10,91.87
605130,FF,777874,2025-05-18,CLE,19,6,93.3
605130,FF,777859,2025-05-19,PIT,18,7,91.93
605130,FF,777811,2025-05-23,CHC,18,1,92.8
605130,FF,777779,2025-05-25,CHC,20,6,92.57
605130,FF,777733,2025-05-28,KC,22,6,92.82
605130,FF,777704,2025-05-31,CHC,18,2,91.4
605130,FF,777671,2025-06-02,MIL,19,4,93.15
605130,FF,777668,2025-06-03,MIL,7,2,93.05
605130,FF,777602,2025-06-08,AZ,18,3,93.97
605130,FF,777549,2025-06-11,CLE,16,2,93.35
605130,FF,777538,2025-06-13,DET,16,6,92.33
605130,FF,777505,2025-06-15,DET,18,3,92.0
605130,FF,777478,2025-06-17,MIN,17,3,92.4
605130,FF,777415,2025-06-21,STL,9,5,92.1
605130,FF,777390,2025-06-23,NYY,19,2,91.05
605130,FF,777328,2025-06-28,SD,18,6,93.82
605130,FF,777312,2025-06-29,SD,16,3,93.0
605130,FF,777294,2025-07-01,BOS,19,3,93.07
605130,FF,777255,2025-07-04,PHI,16,4,93.02
605130,FF,777217,2025-07-06,PHI,29,9,92.8
605130,FF,777197,2025-07-08,MIA,9,1,95.0
605130,FF,777160,2025-07-11,COL,12,2,92.2
605130,FF,777128,2025-07-13,COL,18,7,92.44
605130,FF,777092,2025-07-19,NYM,19,3,93.37
605130,FF,777042,2025-07-22,WSH,8,2,91.7
605130,FF,776967,2025-07-28,LAD,29,5,91.94
605130,FF,776963,2025-07-29,LAD,7,1,90.3
605130,FF,776941,2025-07-30,LAD,10,3,91.0
605130,FF,776921,2025-08-01,ATL,11,2,92.9
605130,FF,776907,2025-08-02,ATL,17,5,92.72
605130,FF,776878,2025-08-04,CHC,33,5,91.4
605130,FF,776801,2025-08-10,PIT,16,1,92.0
605130,FF,776792,2025-08-11,PHI,18,5,92.28
605130,FF,776765,2025-08-13,PHI,19,11,91.75
605130,FF,776740,2025-08-15,MIL,17,6,91.88
605130,FF,776681,2025-08-18,LAA,25,2,91.1
605130,FF,776652,2025-08-20,LAA,12,1,92.1
605130,FF,776594,2025-08-25,LAD,25,1,91.3
605130,FF,776562,2025-08-27,LAD,21,2,90.9
605130,FF,776536,2025-08-30,STL,30,4,91.52
605130,FF,776491,2025-09-02,TOR,34,11,90.24
605130,FF,776439,2025-09-06,NYM,21,2,92.35
605130,FF,776407,2025-09-08,SD,16,4,91.55
605130,FF,776340,2025-09-13,ATH,22,7,91.47
605130,FF,776327,2025-09-14,ATH,13,2,89.85
605130,FF,776300,2025-09-16,STL,20,7,90.69
605130,FF,776224,2025-09-23,PIT,14,3,92.23
605130,FF,776144,2025-09-28,MIL,20,6,90.38
605130,FF,813069,2025-09-30,LAD,30,10,90.46
607259,FF,778453,2025-04-04,MIL,92,11,92.52
607259,FF,778376,2025-04-09,SF,93,22,93.27
607259,FF,778304,2025-04-16,SEA,83,30,92.4
607259,FF,778219,2025-04-22,MIA,79,18,93.28
607259,FF,778141,2025-04-28,STL,76,22,91.85
607259,FF,778058,2025-05-04,WSH,86,21,92.54
607259,FF,777989,2025-05-09,HOU,84,6,92.72
607259,FF,777912,2025-05-15,CWS,96,29,92.85
607259,FF,777847,2025-05-20,PIT,91,30,92.31
607259,FF,777760,2025-05-26,KC,79,15,91.47
607259,FF,777687,2025-06-01,CHC,93,26,92.23
607259,FF,777612,2025-06-07,AZ,102,20,92.3
607259,FF,777538,2025-06-13,DET,89,24,91.17
607259,FF,777452,2025-06-19,MIN,52,9,91.54
607259,FF,777415,2025-06-21,STL,18,2,94.35
607259,FF,777390,2025-06-23,NYY,12,5,94.7
607259,FF,777346,2025-06-27,SD,112,18,93.06
607259,FF,777277,2025-07-02,BOS,89,13,92.72
607259,FF,777197,2025-07-08,MIA,85,24,92.77
607259,FF,777128,2025-07-13,COL,84,19,93.02
607259,FF,777092,2025-07-19,NYM,90,22,93.0
607259,FF,777013,2025-07-25,TB,93,15,92.31
607259,FF,776941,2025-07-30,LAD,103,15,92.99
607259,FF,776878,2025-08-04,CHC,33,4,91.65
607259,FF,776812,2025-08-09,PIT,94,14,92.87
607259,FF,776740,2025-08-15,MIL,63,18,92.6
607259,FF,776652,2025-08-20,LAA,90,17,93.04
607259,FF,776574,2025-08-26,LAD,104,23,92.96
607259,FF,776551,2025-08-29,STL,21,6,93.25
607259,FF,776518,2025-08-31,STL,6,1,93.3
607259,FF,776475,2025-09-03,TOR,23,6,93.33
607259,FF,776450,2025-09-05,NYM,31,5,92.52
607259,FF,776429,2025-09-07,NYM,7,1,93.3
607259,FF,776340,2025-09-13,ATH,47,4,92.6
607259,FF,776239,2025-09-21,CHC,34,8,93.41
607259,FF,776202,2025-09-24,PIT,12,1,91.8
607259,FF,776153,2025-09-27,MIL,31,6,94.05
608718,FF,778453,2025-04-04,MIL,11,3,84.43
608718,FF,778421,2025-04-06,MIL,34,11,85.94
608718,FF,778304,2025-04-16,SEA,12,6,84.88
608718,FF,778285,2025-04-17,SEA,5,3,85.77
608718,FF,778250,2025-04-20,BAL,63,19,86.27
608718,FF,778148,2025-04-27,COL,11,9,86.3
608718,FF,778119,2025-04-30,STL,40,12,87.03
608718,FF,778077,2025-05-03,WSH,33,10,86.25
608718,FF,778023,2025-05-07,ATL,23,7,86.83
608718,FF,777989,2025-05-09,HOU,33,18,86.93
608718,FF,777963,2025-05-11,HOU,9,5,86.48
608718,FF,777928,2025-05-14,CWS,21,13,86.73
608718,FF,777892,2025-05-17,CLE,47,20,86.66
608718,FF,777859,2025-05-19,PIT,5,4,85.9
608718,FF,777811,2025-05-23,CHC,35,18,86.24
608718,FF,777779,2025-05-25,CHC,14,6,86.5
608718,FF,777687,2025-06-01,CHC,26,16,85.78
608718,FF,777671,2025-06-02,MIL,19,9,85.62
608718,FF,777612,2025-06-07,AZ,17,7,86.57
608718,FF,777538,2025-06-13,DET,24,14,86.28
608718,FF,777452,2025-06-19,MIN,35,13,87.05
608718,FF,777415,2025-06-21,STL,31,13,87.4
608718,FF,777385,2025-06-24,NYY,17,5,87.68
608718,FF,777367,2025-06-25,NYY,23,15,86.81
608718,FF,777328,2025-06-28,SD,21,10,88.78
608718,FF,777300,2025-06-30,BOS,48,15,86.93
608718,FF,777233,2025-07-05,PHI,20,8,88.39
608718,FF,777208,2025-07-07,MIA,25,13,87.28
608718,FF,777087,2025-07-20,NYM,25,12,88.51
608718,FF,777064,2025-07-21,WSH,24,9,88.49
608718,FF,776967,2025-07-28,LAD,16,8,87.74
608718,FF,776928,2025-07-31,ATL,13,4,89.32
608718,FF,776907,2025-08-02,ATL,27,9,88.46
608718,FF,776840,2025-08-07,PIT,37,11,89.35
608718,FF,776801,2025-08-10,PIT,13,9,89.46
608718,FF,776777,2025-08-12,PHI,12,3,89.13
608718,FF,776740,2025-08-15,MIL,44,18,88.72
608718,FF,776652,2025-08-20,LAA,6,4,89.28
608718,FF,776635,2025-08-22,AZ,14,6,89.02
608718,FF,776622,2025-08-23,AZ,45,17,89.07
608718,FF,776574,2025-08-26,LAD,10,3,87.67
608718,FF,776562,2025-08-27,LAD,21,8,88.35
608718,FF,776536,2025-08-30,STL,15,4,88.92
608718,FF,776491,2025-09-02,TOR,43,15,87.87
608718,FF,776407,2025-09-08,SD,9,6,90.2
608718,FF,776300,2025-09-16,STL,8,4,89.3
608718,FF,813069,2025-09-30,LAD,34,15,87.99
641941,FF,778480,2025-04-02,TEX,14,7,94.81
641941,FF,778439,2025-04-05,MIL,23,19,94.63
641941,FF,778397,2025-04-08,SF,7,7,93.76
641941,FF,778376,2025-04-09,SF,2,1,95.5
641941,FF,778374,2025-04-11,PIT,10,8,93.7
641941,FF,778357,2025-04-12,PIT,14,11,94.14
641941,FF,778316,2025-04-15,SEA,12,9,95.17
641941,FF,778285,2025-04-17,SEA,13,8,94.82
641941,FF,778230,2025-04-21,MIA,10,6,95.37
641941,FF,778208,2025-04-23,MIA,9,6,96.48
641941,FF,778181,2025-04-25,COL,15,6,94.55
641941,FF,778161,2025-04-26,COL,18,12,95.63
641941,FF,778141,2025-04-28,STL,7,5,95.6
641941,FF,778087,2025-05-02,WSH,19,14,95.93
641941,FF,778034,2025-05-06,ATL,20,11,95.51
641941,FF,778023,2025-05-07,ATL,21,14,95.8
641941,FF,777979,2025-05-10,HOU,17,13,94.85
641941,FF,777945,2025-05-13,CWS,31,21,95.61
641941,FF,777902,2025-05-16,CLE,15,6,95.62
641941,FF,777892,2025-05-17,CLE,6,4,95.72
641941,FF,777874,2025-05-18,CLE,20,8,96.21
641941,FF,777791,2025-05-24,CHC,10,6,96.22
641941,FF,777760,2025-05-26,KC,21,13,94.26
641941,FF,777712,2025-05-30,CHC,8,4,96.3
641941,FF,777668,2025-06-03,MIL,13,9,96.2
641941,FF,777623,2025-06-06,AZ,9,5,96.06
641941,FF,777580,2025-06-09,CLE,13,10,95.95
641941,FF,777505,2025-06-15,DET,10,7,96.53
641941,FF,777478,2025-06-17,MIN,18,14,95.72
641941,FF,777415,2025-06-21,STL,16,13,95.91
641941,FF,777407,2025-06-22,STL,11,7,95.46
641941,FF,777390,2025-06-23,NYY,15,13,94.87
641941,FF,777312,2025-06-29,SD,15,12,96.1
641941,FF,777277,2025-07-02,BOS,14,10,97.03
641941,FF,777255,2025-07-04,PHI,14,10,97.27
641941,FF,777183,2025-07-09,MIA,13,11,97.13
641941,FF,777140,2025-07-12,COL,19,15,96.85
641941,FF,777128,2025-07-13,COL,14,9,96.22
641941,FF,777111,2025-07-18,NYM,6,5,96.32
641941,FF,777092,2025-07-19,NYM,18,13,96.88
641941,FF,777013,2025-07-25,TB,11,10,96.42
641941,FF,777000,2025-07-26,TB,10,7,96.49
641941,FF,776982,2025-07-27,TB,9,6,96.4
641941,FF,776963,2025-07-29,LAD,18,14,96.44
641941,FF,776928,2025-07-31,ATL,9,8,96.91
641941,FF,776921,2025-08-01,ATL,17,14,95.71
641941,FF,776878,2025-08-04,CHC,14,8,97.02
641941,FF,776812,2025-08-09,PIT,17,10,96.49
641941,FF,776765,2025-08-13,PHI,5,5,96.72
641941,FF,776721,2025-08-16,MIL,21,18,95.53
641941,FF,776709,2025-08-17,MIL,12,6,94.15
641941,FF,776635,2025-08-22,AZ,10,9,96.19
641941,FF,776609,2025-08-24,AZ,8,8,96.15
641941,FF,776551,2025-08-29,STL,8,5,96.12
641941,FF,776518,2025-08-31,STL,9,8,96.52
641941,FF,776503,2025-09-01,TOR,15,8,96.18
641941,FF,776450,2025-09-05,NYM,12,6,95.68
641941,FF,776439,2025-09-06,NYM,16,14,96.24
641941,FF,776407,2025-09-08,SD,8,6,96.18
641941,FF,776392,2025-09-09,SD,8,3,96.57
641941,FF,776312,2025-09-15,STL,8,6,95.73
641941,FF,776283,2025-09-17,STL,19,15,95.51
641941,FF,776267,2025-09-19,CHC,17,12,95.65
641941,FF,776254,2025-09-20,CHC,11,8,95.78
641941,FF,776202,2025-09-24,PIT,24,14,95.79
641941,FF,776190,2025-09-25,PIT,7,6,95.73
641941,FF,776171,2025-09-26,MIL,10,8,96.12
641941,FF,776153,2025-09-27,MIL,11,9,96.2
663574,FF,778480,2025-04-02,TEX,17,11,95.45
663574,FF,778453,2025-04-04,MIL,12,7,96.03
663574,FF,778439,2025-04-05,MIL,16,11,96.15
663574,FF,778410,2025-04-07,SF,5,5,96.68
663574,FF,778376,2025-04-09,SF,12,7,95.8
663574,FF,778357,2025-04-12,PIT,11,9,95.3
663574,FF,778343,2025-04-13,PIT,11,8,95.51
663574,FF,778316,2025-04-15,SEA,9,7,96.61
663574,FF,778285,2025-04-17,SEA,25,17,96.23
663574,FF,778219,2025-04-22,MIA,11,9,96.52
663574,FF,778208,2025-04-23,MIA,21,14,95.83
663574,FF,778181,2025-04-25,COL,25,12,95.43
663574,FF,778141,2025-04-28,STL,14,8,97.08
663574,FF,778087,2025-05-02,WSH,15,13,95.48
663574,FF,778034,2025-05-06,ATL,27,14,97.74
663574,FF,778023,2025-05-07,ATL,23,17,96.65
663574,FF,777979,2025-05-10,HOU,25,18,97.08
663574,FF,777945,2025-05-13,CWS,17,11,96.22
663574,FF,777902,2025-05-16,CLE,11,10,96.57
663574,FF,777892,2025-05-17,CLE,15,7,96.74
663574,FF,777874,2025-05-18,CLE,13,7,96.2
663574,FF,777811,2025-05-23,CHC,17,9,95.43
663574,FF,777791,2025-05-24,CHC,27,16,96.92
663574,FF,777760,2025-05-26,KC,9,6,93.82
663574,FF,777750,2025-05-27,KC,8,5,94.32
663574,FF,777712,2025-05-30,CHC,19,11,95.66
663574,FF,777668,2025-06-03,MIL,7,4,96.9
663574,FF,777623,2025-06-06,AZ,21,9,96.4
663574,FF,777602,2025-06-08,AZ,7,6,96.33
663574,FF,777580,2025-06-09,CLE,10,7,97.36
663574,FF,777517,2025-06-14,DET,18,12,96.46
663574,FF,777505,2025-06-15,DET,19,13,95.78
663574,FF,777478,2025-06-17,MIN,19,12,97.2
663574,FF,777433,2025-06-20,STL,12,7,96.24
663574,FF,777415,2025-06-21,STL,21,16,97.01
663574,FF,777390,2025-06-23,NYY,24,14,96.78
663574,FF,777385,2025-06-24,NYY,18,15,96.64
663574,FF,777312,2025-06-29,SD,10,10,95.18
663574,FF,777277,2025-07-02,BOS,13,10,96.47
663574,FF,777255,2025-07-04,PHI,28,17,96.62
663574,FF,777217,2025-07-06,PHI,19,11,95.9
663574,FF,777183,2025-07-09,MIA,4,3,96.1
663574,FF,777168,2025-07-10,MIA,13,7,95.93
663574,FF,777160,2025-07-11,COL,23,13,97.85
663574,FF,777128,2025-07-13,COL,21,11,96.54
663574,FF,777092,2025-07-19,NYM,14,9,96.57
663574,FF,777087,2025-07-20,NYM,17,9,95.97
663574,FF,777013,2025-07-25,TB,13,7,97.07
663574,FF,777000,2025-07-26,TB,21,14,97.01
663574,FF,776982,2025-07-27,TB,10,10,95.45
663574,FF,776963,2025-07-29,LAD,10,6,95.32
663574,FF,776941,2025-07-30,LAD,17,10,96.91
663574,FF,776921,2025-08-01,ATL,24,20,97.31
663574,FF,776878,2025-08-04,CHC,10,9,96.47
663574,FF,776829,2025-08-08,PIT,20,13,96.07
663574,FF,776812,2025-08-09,PIT,19,15,96.61
663574,FF,776792,2025-08-11,PHI,4,1,94.3
663574,FF,776721,2025-08-16,MIL,17,10,96.47
663574,FF,776709,2025-08-17,MIL,15,8,95.51
663574,FF,776668,2025-08-19,LAA,12,9,95.44
663574,FF,776635,2025-08-22,AZ,13,5,95.34
663574,FF,776609,2025-08-24,AZ,24,15,95.27
663574,FF,776551,2025-08-29,STL,20,14,96.26
663574,FF,776518,2025-08-31,STL,19,10,95.78
663574,FF,776503,2025-09-01,TOR,13,10,95.24
663574,FF,776439,2025-09-06,NYM,13,6,95.93
663574,FF,776429,2025-09-07,NYM,22,10,96.11
663574,FF,776407,2025-09-08,SD,15,11,96.08
663574,FF,776377,2025-09-10,SD,13,10,95.93
663574,FF,776327,2025-09-14,ATH,4,2,93.6
663574,FF,776312,2025-09-15,STL,15,10,95.38
663574,FF,776267,2025-09-19,CHC,14,11,96.95
663574,FF,776254,2025-09-20,CHC,8,8,96.42
663574,FF,776239,2025-09-21,CHC,23,18,96.63
663574,FF,776202,2025-09-24,PIT,17,15,95.47
663574,FF,776190,2025-09-25,PIT,16,8,95.6
663574,FF,776171,2025-09-26,MIL,10,5,95.8
663903,FF,778439,2025-04-05,MIL,91,12,91.79
663903,FF,778374,2025-04-11,PIT,88,5,90.8
663903,FF,778285,2025-04-17,SEA,95,6,90.42
663903,FF,778208,2025-04-23,MIA,88,19,92.08
663903,FF,778134,2025-04-30,STL,92,4,91.8
663903,FF,778049,2025-05-05,ATL,102,14,91.79
663903,FF,777979,2025-05-10,HOU,51,4,92.02
663903,FF,777902,2025-05-16,CLE,90,11,90.99
663903,FF,777834,2025-05-21,PIT,102,12,90.42
663903,FF,777750,2025-05-27,KC,99,7,92.0
663903,FF,777671,2025-06-02,MIL,97,3,91.4
663903,FF,777602,2025-06-08,AZ,77,1,92.6
663903,FF,777517,2025-06-14,DET,96,11,91.16
663903,FF,777433,2025-06-20,STL,102,27,91.66
663903,FF,777367,2025-06-25,NYY,103,19,91.07
663903,FF,777294,2025-07-01,BOS,56,11,90.79
663903,FF,777208,2025-07-07,MIA,96,7,90.74
663903,FF,777140,2025-07-12,COL,93,15,92.29
663903,FF,777064,2025-07-21,WSH,57,3,90.23
663903,FF,776982,2025-07-27,TB,97,14,91.7
663903,FF,776921,2025-08-01,ATL,97,12,90.23
663903,FF,776840,2025-08-07,PIT,86,11,90.7
663903,FF,776777,2025-08-12,PHI,71,2,91.2
663903,FF,776681,2025-08-18,LAA,88,19,91.05
663903,FF,776609,2025-08-24,AZ,95,2,91.4
663903,FF,776518,2025-08-31,STL,102,12,90.99
663903,FF,776439,2025-09-06,NYM,99,4,90.82
663903,FF,776358,2025-09-12,ATH,90,13,90.83
663903,FF,776283,2025-09-17,STL,97,9,91.09
663903,FF,776144,2025-09-28,MIL,71,3,90.87
664139,FF,778498,2025-04-01,TEX,17,11,93.82
664139,FF,778421,2025-04-06,MIL,18,13,94.28
664139,FF,778376,2025-04-09,SF,7,5,95.28
664139,FF,778357,2025-04-12,PIT,17,9,95.1
664139,FF,778343,2025-04-13,PIT,6,4,94.65
664139,FF,778304,2025-04-16,SEA,14,7,93.77
664139,FF,778285,2025-04-17,SEA,15,11,93.28
664139,FF,778250,2025-04-20,BAL,20,14,93.94
664139,FF,778208,2025-04-23,MIA,10,7,93.76
664139,FF,778181,2025-04-25,COL,13,7,92.56
664139,FF,777834,2025-05-21,PIT,10,3,93.47
664139,FF,777811,2025-05-23,CHC,12,6,94.67
664139,FF,777750,2025-05-27,KC,15,7,93.71
664139,FF,777733,2025-05-28,KC,7,1,94.0
664139,FF,777671,2025-06-02,MIL,14,8,94.15
664139,FF,777580,2025-06-09,CLE,15,6,93.95
664139,FF,777549,2025-06-11,CLE,21,7,94.03
664139,FF,777538,2025-06-13,DET,16,5,93.68
664139,FF,777452,2025-06-19,MIN,31,16,93.66
664139,FF,777415,2025-06-21,STL,22,12,94.21
664139,FF,777385,2025-06-24,NYY,18,5,94.04
664139,FF,777367,2025-06-25,NYY,15,5,94.38
664139,FF,777328,2025-06-28,SD,11,7,93.74
666157,FF,778468,2025-04-03,MIL,82,17,93.32
666157,FF,778397,2025-04-08,SF,87,27,92.8
666157,FF,778316,2025-04-15,SEA,90,24,92.74
666157,FF,778230,2025-04-21,MIA,99,19,93.26
666157,FF,778148,2025-04-27,COL,91,30,93.86
666157,FF,778077,2025-05-03,WSH,98,31,93.07
666157,FF,778003,2025-05-08,ATL,93,22,94.55
666157,FF,777928,2025-05-14,CWS,98,34,93.77
666157,FF,777859,2025-05-19,PIT,89,21,93.82
666157,FF,777779,2025-05-25,CHC,91,26,94.4
666157,FF,777704,2025-05-31,CHC,94,19,93.82
666157,FF,777623,2025-06-06,AZ,86,24,94.25
666157,FF,777549,2025-06-11,CLE,76,23,95.05
666157,FF,777474,2025-06-18,MIN,87,19,93.72
666157,FF,777390,2025-06-23,NYY,94,24,94.24
666157,FF,777312,2025-06-29,SD,95,41,93.64
666157,FF,777233,2025-07-05,PHI,85,35,94.07
666157,FF,777168,2025-07-10,MIA,91,35,94.28
666157,FF,777111,2025-07-18,NYM,97,28,93.15
666157,FF,777026,2025-07-23,WSH,105,26,93.8
666157,FF,776963,2025-07-29,LAD,94,28,94.05
666157,FF,776878,2025-08-04,CHC,23,4,94.35
666157,FF,776562,2025-08-27,LAD,76,21,94.23
666157,FF,776407,2025-09-08,SD,79,18,94.65
666157,FF,776327,2025-09-14,ATH,91,23,93.84
666157,FF,776267,2025-09-19,CHC,94,31,93.96
666157,FF,776190,2025-09-25,PIT,81,22,94.15
666157,FF,776144,2025-09-28,MIL,26,7,95.79
668881,FF,778480,2025-04-02,TEX,94,59,99.99
668881,FF,778410,2025-04-07,SF,104,59,99.11
668881,FF,778343,2025-04-13,PIT,98,54,99.25
668881,FF,778262,2025-04-19,BAL,76,37,98.8
668881,FF,778161,2025-04-26,COL,98,59,98.85
668881,FF,778087,2025-05-02,WSH,114,66,99.01
668881,FF,778023,2025-05-07,ATL,53,30,99.97
668881,FF,777811,2025-05-23,CHC,83,48,100.01
668881,FF,777733,2025-05-28,KC,87,45,98.78
668881,FF,777668,2025-06-03,MIL,85,45,99.74
668881,FF,776765,2025-08-13,PHI,85,43,99.33
668881,FF,776668,2025-08-19,LAA,98,50,99.58
668881,FF,776594,2025-08-25,LAD,99,43,100.3
668881,FF,776503,2025-09-01,TOR,101,57,99.53
668881,FF,776429,2025-09-07,NYM,98,46,100.22
668881,FF,776340,2025-09-13,ATH,84,38,99.71
668881,FF,776282,2025-09-18,CHC,109,60,99.96
668881,FF,776202,2025-09-24,PIT,96,49,99.14
668881,FF,813069,2025-09-30,LAD,65,39,100.28
668933,FC,778468,2025-04-03,MIL,12,10,96.58
668933,FC,778453,2025-04-04,MIL,3,3,94.5
668933,FC,778421,2025-04-06,MIL,10,8,95.62
668933,FC,778397,2025-04-08,SF,20,13,97.18
668933,FC,778374,2025-04-11,PIT,31,26,96.89
668933,FC,778316,2025-04-15,SEA,15,10,96.65
668933,FC,778285,2025-04-17,SEA,29,21,96.21
668933,FC,778219,2025-04-22,MIA,25,18,97.01
668933,FC,778181,2025-04-25,COL,25,19,96.7
668933,FC,778141,2025-04-28,STL,14,6,97.6
668933,FC,778107,2025-05-01,STL,31,14,98.69
668933,FC,778058,2025-05-04,WSH,18,9,96.61
668933,FC,778034,2025-05-06,ATL,25,11,96.91
668933,FC,778003,2025-05-08,ATL,26,14,96.43
668933,FC,777979,2025-05-10,HOU,29,16,97.08
668933,FC,777945,2025-05-13,CWS,16,10,97.55
668933,FC,777902,2025-05-16,CLE,5,5,97.58
668933,FC,777892,2025-05-17,CLE,14,5,96.58
668933,FC,777834,2025-05-21,PIT,12,7,96.73
668933,FC,777791,2025-05-24,CHC,30,22,97.71
668933,FC,777779,2025-05-25,CHC,23,15,96.57
668933,FC,777712,2025-05-30,CHC,11,9,98.21
668933,FC,777704,2025-05-31,CHC,29,13,97.01
668933,FC,777668,2025-06-03,MIL,17,9,97.47
668933,FC,777623,2025-06-06,AZ,35,12,95.82
668933,FC,777580,2025-06-09,CLE,22,11,96.74
668933,FC,777517,2025-06-14,DET,6,4,95.75
668933,FC,777505,2025-06-15,DET,14,8,96.58
668933,FC,777233,2025-07-05,PHI,10,2,99.05
668933,FC,777217,2025-07-06,PHI,22,4,98.35
668933,FC,777168,2025-07-10,MIA,17,13,97.29
668933,FC,777140,2025-07-12,COL,18,8,97.24
668933,FC,777128,2025-07-13,COL,8,5,97.06
668933,FC,777111,2025-07-18,NYM,10,5,97.34
668933,FC,777092,2025-07-19,NYM,6,5,96.98
668933,FC,777064,2025-07-21,WSH,9,4,96.57
668933,FC,777013,2025-07-25,TB,21,11,97.32
668933,FC,777000,2025-07-26,TB,25,12,95.92
668933,FC,776963,2025-07-29,LAD,27,18,96.98
668933,FC,776928,2025-07-31,ATL,25,12,98.52
668933,FC,776878,2025-08-04,CHC,16,4,97.42
668933,FC,776860,2025-08-05,CHC,9,3,97.27
668933,FC,776829,2025-08-08,PIT,11,3,98.87
668933,FC,776801,2025-08-10,PIT,24,11,98.33
668933,FC,776777,2025-08-12,PHI,13,6,97.82
668933,FC,776765,2025-08-13,PHI,16,6,97.63
668933,FC,776721,2025-08-16,MIL,15,4,97.45
668933,FC,776709,2025-08-17,MIL,10,5,98.26
668933,FC,776668,2025-08-19,LAA,14,5,97.44
668933,FC,776652,2025-08-20,LAA,21,9,97.52
668933,FC,776635,2025-08-22,AZ,15,6,98.33
668933,FC,776609,2025-08-24,AZ,10,5,97.88
668933,FC,776340,2025-09-13,ATH,16,9,95.86
668933,FC,776312,2025-09-15,STL,19,11,95.5
668933,FC,776283,2025-09-17,STL,5,1,94.7
668933,FC,776254,2025-09-20,CHC,6,3,96.87
668933,FC,776239,2025-09-21,CHC,17,12,97.42
668933,FC,776224,2025-09-23,PIT,13,8,97.15
668933,FC,776190,2025-09-25,PIT,8,5,98.7
668933,FC,776171,2025-09-26,MIL,9,2,97.6
668933,FC,776153,2025-09-27,MIL,11,6,96.78
668933,FC,813069,2025-09-30,LAD,25,14,97.63
671096,FF,778357,2025-04-12,PIT,81,36,91.39
671096,FF,778276,2025-04-18,BAL,93,46,91.11
671096,FF,778181,2025-04-25,COL,84,49,90.8
671096,FF,778107,2025-05-01,STL,71,33,91.83
671096,FF,778034,2025-05-06,ATL,91,39,92.76
671096,FF,777945,2025-05-13,CWS,96,53,91.95
671096,FF,777874,2025-05-18,CLE,96,45,93.0
671096,FF,777791,2025-05-24,CHC,83,37,92.36
671096,FF,777712,2025-05-30,CHC,93,41,92.45
671096,FF,777647,2025-06-04,MIL,100,35,92.97
671096,FF,777569,2025-06-10,CLE,110,58,92.87
671096,FF,777478,2025-06-17,MIN,90,45,92.94
671096,FF,777407,2025-06-22,STL,100,49,92.94
671096,FF,777328,2025-06-28,SD,102,51,92.81
671096,FF,777255,2025-07-04,PHI,66,30,93.5
671096,FF,777183,2025-07-09,MIA,100,40,93.28
671096,FF,777087,2025-07-20,NYM,95,50,92.91
671096,FF,777000,2025-07-26,TB,95,45,93.43
671096,FF,776928,2025-07-31,ATL,96,50,92.8
671096,FF,776847,2025-08-06,CHC,100,37,93.11
671096,FF,776792,2025-08-11,PHI,104,46,93.97
671096,FF,776709,2025-08-17,MIL,92,41,93.11
671096,FF,776622,2025-08-23,AZ,73,35,93.43
671096,FF,776536,2025-08-30,STL,96,51,93.25
671096,FF,776450,2025-09-05,NYM,98,49,92.89
671096,FF,776377,2025-09-10,SD,102,48,93.57
671096,FF,776300,2025-09-16,STL,96,37,93.06
671096,FF,776239,2025-09-21,CHC,86,38,93.4
671096,FF,776153,2025-09-27,MIL,85,46,93.12
680689,FF,778148,2025-04-27,COL,27,4,96.48
680689,FF,778119,2025-04-30,STL,26,6,95.28
680689,FF,778003,2025-05-08,ATL,29,2,95.9
680689,FF,777979,2025-05-10,HOU,32,9,95.41
680689,FF,777963,2025-05-11,HOU,15,2,95.75
680689,FF,777928,2025-05-14,CWS,16,2,95.4
680689,FF,777892,2025-05-17,CLE,33,9,95.49
680689,FF,777859,2025-05-19,PIT,12,2,94.75
680689,FF,777847,2025-05-20,PIT,21,2,94.15
680689,FF,777687,2025-06-01,CHC,29,6,95.78
680689,FF,777647,2025-06-04,MIL,14,1,95.6
680689,FF,777612,2025-06-07,AZ,10,1,95.9
680689,FF,777549,2025-06-11,CLE,33,9,96.21
680689,FF,777517,2025-06-14,DET,16,5,95.42
680689,FF,777452,2025-06-19,MIN,31,7,95.17
680689,FF,777415,2025-06-21,STL,21,4,95.82
680689,FF,777407,2025-06-22,STL,6,3,95.7
680689,FF,777385,2025-06-24,NYY,16,3,95.33
680689,FF,777328,2025-06-28,SD,18,1,96.8
680689,FF,777312,2025-06-29,SD,12,5,95.46
680689,FF,777294,2025-07-01,BOS,34,3,95.1
680689,FF,777255,2025-07-04,PHI,19,5,95.78
680689,FF,777208,2025-07-07,MIA,22,5,95.78
680689,FF,777197,2025-07-08,MIA,23,6,95.5
680689,FF,777160,2025-07-11,COL,8,3,95.6
680689,FF,777064,2025-07-21,WSH,30,10,96.07
680689,FF,777042,2025-07-22,WSH,13,2,94.55
680689,FF,777013,2025-07-25,TB,17,3,96.2
680689,FF,776967,2025-07-28,LAD,6,2,96.7
680689,FF,776928,2025-07-31,ATL,18,3,96.77
680689,FF,776907,2025-08-02,ATL,30,8,96.01
680689,FF,776475,2025-09-03,TOR,25,5,95.06
682825,SI,778107,2025-05-01,STL,15,14,98.96
682825,SI,778077,2025-05-03,WSH,30,22,97.91
682825,SI,778049,2025-05-05,ATL,11,8,98.15
682825,SI,778023,2025-05-07,ATL,8,8,98.95
682825,SI,778003,2025-05-08,ATL,22,20,99.06
682825,SI,777979,2025-05-10,HOU,14,10,100.54
682825,SI,777945,2025-05-13,CWS,9,7,97.37
682825,SI,777912,2025-05-15,CWS,12,7,98.86
682825,SI,777892,2025-05-17,CLE,16,16,100.3
682825,SI,777874,2025-05-18,CLE,19,15,97.35
682825,SI,777847,2025-05-20,PIT,28,19,98.72
682825,SI,777811,2025-05-23,CHC,23,22,99.13
682825,SI,777779,2025-05-25,CHC,19,9,97.68
682825,SI,777733,2025-05-28,KC,19,11,98.55
682825,SI,777452,2025-06-19,MIN,34,22,98.31
682825,SI,776941,2025-07-30,LAD,12,11,99.46
682825,SI,776907,2025-08-02,ATL,12,7,99.37
682825,SI,776847,2025-08-06,CHC,16,11,99.65
682825,SI,776840,2025-08-07,PIT,11,5,99.34
682825,SI,776801,2025-08-10,PIT,19,16,98.81
682825,SI,776740,2025-08-15,MIL,19,13,100.45
682825,SI,776681,2025-08-18,LAA,24,18,99.36
682825,SI,776668,2025-08-19,LAA,22,11,98.97
683175,FF,777433,2025-06-20,STL,21,14,98.31
683175,FF,777385,2025-06-24,NYY,13,6,98.0
683175,FF,777367,2025-06-25,NYY,13,5,96.98
683175,FF,777300,2025-06-30,BOS,31,18,97.98
683175,FF,776681,2025-08-18,LAA,19,10,97.27
683175,FF,776635,2025-08-22,AZ,17,6,98.25
683175,FF,776594,2025-08-25,LAD,24,15,98.66
683175,FF,776574,2025-08-26,LAD,10,3,98.8
683175,FF,776562,2025-08-27,LAD,13,8,97.15
683175,FF,776536,2025-08-30,STL,16,9,98.53
683175,FF,776491,2025-09-02,TOR,24,12,98.7
683175,FF,776450,2025-09-05,NYM,24,12,98.25
683175,FF,776407,2025-09-08,SD,13,6,98.58
683175,FF,776392,2025-09-09,SD,17,8,99.3
683175,FF,776340,2025-09-13,ATH,27,11,97.61
683175,FF,776312,2025-09-15,STL,17,8,98.7
683175,FF,776267,2025-09-19,CHC,17,5,98.84
683175,FF,776224,2025-09-23,PIT,20,8,99.2
683175,FF,776171,2025-09-26,MIL,16,9,97.34
683175,FF,776153,2025-09-27,MIL,14,12,97.93
683175,FF,776144,2025-09-28,MIL,11,3,97.13
683175,FF,813069,2025-09-30,LAD,23,10,98.09
686730,FF,778498,2025-04-01,TEX,85,10,91.91
686730,FF,778421,2025-04-06,MIL,66,12,91.55
686730,FF,778262,2025-04-19,BAL,94,13,93.09
686747,FF,777612,2025-06-07,AZ,20,4,93.6
686747,FF,777549,2025-06-11,CLE,16,3,94.77
686747,FF,777300,2025-06-30,BOS,32,13,91.72
686747,FF,776740,2025-08-15,MIL,13,1,94.2
686747,FF,776721,2025-08-16,MIL,19,4,91.98
687209,FF,776622,2025-08-23,AZ,35,21,100.47
687209,FF,776574,2025-08-26,LAD,24,14,99.19
687209,FF,776536,2025-08-30,STL,19,12,99.12
687209,FF,776491,2025-09-02,TOR,17,8,99.6
687209,FF,776475,2025-09-03,TOR,24,12,99.6
687209,FF,776392,2025-09-09,SD,16,13,99.82
687209,FF,776327,2025-09-14,ATH,22,11,99.39
687209,FF,776300,2025-09-16,STL,8,3,99.6
691172,FF,778077,2025-05-03,WSH,24,2,93.7
691172,FF,776847,2025-08-06,CHC,26,13,98.36
691172,FF,776840,2025-08-07,PIT,33,5,98.42
691172,FF,776475,2025-09-03,TOR,24,6,98.08
695505,FF,777385,2025-06-24,NYY,81,48,98.08
695505,FF,777300,2025-06-30,BOS,33,20,99.27
695505,FF,777217,2025-07-06,PHI,91,54,98.01
695505,FF,777160,2025-07-11,COL,94,58,97.71
695505,FF,777042,2025-07-22,WSH,98,45,98.37
695505,FF,776967,2025-07-28,LAD,91,59,99.02
695505,FF,776907,2025-08-02,ATL,18,12,99.2
695505,FF,776829,2025-08-08,PIT,97,56,98.94
695505,FF,776358,2025-09-12,ATH,36,16,98.95
695505,FF,776283,2025-09-17,STL,26,18,100.23
695505,FF,776254,2025-09-20,CHC,36,22,99.97
695505,FF,776202,2025-09-24,PIT,30,16,99.3
695505,FF,776144,2025-09-28,MIL,33,18,99.39
695534,FF,778119,2025-04-30,STL,69,12,96.12
695534,FF,777963,2025-05-11,HOU,90,23,96.67
695534,FF,777415,2025-06-21,STL,10,2,96.1
594902,FF,778476,2025-04-02,SD,86,20,88.3
594902,FF,778402,2025-04-08,CWS,79,29,89.13
594902,FF,778342,2025-04-13,KC,93,36,90.21
594902,FF,778254,2025-04-19,PIT,90,19,90.55
594902,FF,778179,2025-04-26,BOS,104,35,89.78
594902,FF,778108,2025-05-01,MIN,91,37,90.83
594902,FF,778046,2025-05-06,WSH,63,27,89.5
594902,FF,777960,2025-05-12,MIL,45,12,90.18
596001,FF,778476,2025-04-02,SD,20,5,90.1
596001,FF,778447,2025-04-04,LAA,15,2,87.9
596001,FF,778378,2025-04-10,CWS,20,2,90.25
596001,FF,778292,2025-04-17,BAL,13,1,88.3
596001,FF,778271,2025-04-18,PIT,19,1,91.5
596001,FF,778139,2025-04-28,MIN,31,3,91.43
596001,FF,778081,2025-05-02,TOR,22,1,92.1
596001,FF,778046,2025-05-06,WSH,29,1,90.2
596001,FF,777960,2025-05-12,MIL,22,1,88.1
596001,FF,777892,2025-05-17,CIN,16,1,91.9
596001,FF,777861,2025-05-19,MIN,41,3,90.8
596001,FF,777780,2025-05-25,DET,28,2,91.5
596001,FF,777753,2025-05-27,LAD,21,1,91.7
596001,FF,777721,2025-05-30,LAA,21,3,91.23
596001,FF,777608,2025-06-07,HOU,12,1,89.2
596001,FF,777580,2025-06-09,CIN,21,1,93.5
596001,FF,777368,2025-06-25,TOR,21,1,91.8
596001,FF,777349,2025-06-27,STL,27,2,93.2
596001,FF,777287,2025-07-01,CHC,13,1,91.2
596001,FF,776975,2025-07-27,KC,24,3,90.57
596001,FF,776892,2025-08-03,MIN,35,7,91.56
596001,FF,776833,2025-08-08,CWS,13,4,90.42
596001,FF,776738,2025-08-15,ATL,23,9,92.88
596001,FF,776672,2025-08-19,AZ,8,2,92.2
596001,FF,776611,2025-08-24,TEX,21,2,91.9
596001,FF,776601,2025-08-25,TB,9,2,90.65
596001,FF,776547,2025-08-29,SEA,25,10,90.63
596001,FF,776505,2025-09-01,BOS,15,1,92.1
596001,FF,776474,2025-09-03,BOS,29,5,90.1
596001,FF,776382,2025-09-10,KC,19,1,93.1
596001,FF,776303,2025-09-16,DET,14,1,92.3
596001,FF,776263,2025-09-19,MIN,27,2,90.85
596001,FF,776204,2025-09-24,DET,28,5,92.58
596001,FF,776175,2025-09-26,TEX,13,1,91.8
661403,FC,778476,2025-04-02,SD,9,6,98.88
661403,FC,778447,2025-04-04,LAA,27,18,99.02
661403,FC,778402,2025-04-08,CWS,9,6,97.93
661403,FC,778391,2025-04-09,CWS,23,17,99.22
661403,FC,778359,2025-04-12,KC,24,14,98.54
661403,FC,778317,2025-04-15,BAL,14,14,98.47
661403,FC,778271,2025-04-18,PIT,9,8,99.05
661403,FC,778254,2025-04-19,PIT,6,5,99.96
661403,FC,778242,2025-04-20,PIT,30,19,98.63
661403,FC,778179,2025-04-26,BOS,14,11,98.78
661403,FC,778129,2025-04-29,MIN,13,10,99.73
661403,FC,778116,2025-04-30,MIN,19,11,99.16
661403,FC,778064,2025-05-03,TOR,12,6,99.08
661403,FC,778056,2025-05-04,TOR,25,22,99.12
661403,FC,778022,2025-05-07,WSH,12,11,100.12
661403,FC,777971,2025-05-11,PHI,20,11,98.53
661403,FC,777944,2025-05-13,MIL,14,10,100.52
661403,FC,777892,2025-05-17,CIN,21,13,98.45
661403,FC,777829,2025-05-21,MIN,15,10,97.54
661403,FC,777807,2025-05-23,DET,12,11,99.3
661403,FC,777796,2025-05-24,DET,12,9,97.66
661403,FC,777739,2025-05-28,LAD,10,5,98.74
661403,FC,777703,2025-05-31,LAA,10,8,99.89
661403,FC,777683,2025-06-01,LAA,10,5,99.2
661403,FC,777653,2025-06-04,NYY,20,13,100.07
661403,FC,777608,2025-06-07,HOU,13,6,99.28
661403,FC,777591,2025-06-08,HOU,12,8,99.2
661403,FC,777549,2025-06-11,CIN,20,13,98.38
661403,FC,777507,2025-06-14,SEA,20,17,99.7
661403,FC,777472,2025-06-17,SF,20,14,99.48
661403,FC,777454,2025-06-18,SF,14,7,99.03
661403,FC,777411,2025-06-21,ATH,12,7,99.46
661403,FC,777400,2025-06-22,ATH,31,17,98.69
661403,FC,777368,2025-06-25,TOR,12,9,99.69
661403,FC,777309,2025-06-29,STL,9,3,98.5
661403,FC,777259,2025-07-03,CHC,12,9,99.28
661403,FC,777226,2025-07-06,DET,16,10,98.79
661403,FC,777202,2025-07-07,HOU,14,12,98.88
661403,FC,777192,2025-07-08,HOU,15,9,98.24
661403,FC,777164,2025-07-11,CWS,10,10,96.86
661403,FC,777120,2025-07-13,CWS,26,19,98.39
661403,FC,777105,2025-07-18,ATH,16,11,99.03
661403,FC,777056,2025-07-22,BAL,13,8,98.91
661403,FC,777036,2025-07-23,BAL,12,12,98.38
661403,FC,776990,2025-07-26,KC,12,11,98.28
661403,FC,777010,2025-07-26,KC,15,11,98.35
663465,FF,778169,2025-04-26,BOS,64,20,90.24
663465,FF,778108,2025-05-01,MIN,14,4,91.1
663465,FF,778064,2025-05-03,TOR,53,16,90.67
663465,FF,778022,2025-05-07,WSH,6,2,91.15
663465,FF,777960,2025-05-12,MIL,45,8,90.9
663465,FF,777874,2025-05-18,CIN,28,7,91.19
663465,FF,777861,2025-05-19,MIN,22,5,90.86
663465,FF,777739,2025-05-28,LAD,62,29,89.93
663465,FF,777664,2025-06-03,NYY,19,3,90.07
663465,FF,777644,2025-06-05,NYY,12,1,92.0
663465,FF,777580,2025-06-09,CIN,41,11,90.01
663465,FF,777520,2025-06-13,SEA,40,13,90.12
663465,FF,777384,2025-06-24,TOR,34,13,90.15
663465,FF,777354,2025-06-26,TOR,13,5,90.62
663465,FF,777329,2025-06-28,STL,42,16,91.16
663465,FF,777266,2025-07-02,CHC,41,14,90.64
663465,FF,777146,2025-07-11,CWS,12,5,89.68
663465,FF,777104,2025-07-19,ATH,30,14,89.17
663465,FF,777068,2025-07-21,BAL,14,7,89.66
663465,FF,777019,2025-07-24,BAL,16,9,89.54
663465,FF,776975,2025-07-27,KC,11,5,90.4
663465,FF,776942,2025-07-30,COL,42,24,89.62
663465,FF,776863,2025-08-05,NYM,16,7,89.7
663465,FF,776798,2025-08-10,CWS,32,16,89.99
663465,FF,776766,2025-08-13,MIA,29,11,89.36
663465,FF,776720,2025-08-16,ATL,44,22,89.84
663465,FF,776623,2025-08-23,TEX,56,28,89.26
663465,FF,776521,2025-08-31,SEA,34,18,90.32
663465,FF,776458,2025-09-04,TB,34,18,89.22
663465,FF,776275,2025-09-18,DET,22,8,90.66
663465,FF,777839,2025-09-20,MIN,28,9,90.68
663465,FF,776189,2025-09-25,DET,19,10,90.41
663465,FF,776147,2025-09-28,TEX,25,11,90.25
663671,FF,777780,2025-05-25,DET,36,26,93.07
663671,FF,777753,2025-05-27,LAD,32,22,93.08
663671,FF,777703,2025-05-31,LAA,18,12,93.43
663671,FF,777644,2025-06-05,NYY,11,6,93.78
663671,FF,777622,2025-06-06,HOU,21,10,92.97
663671,FF,777569,2025-06-10,CIN,10,7,93.99
663671,FF,777549,2025-06-11,CIN,34,20,93.12
663671,FF,777495,2025-06-15,SEA,13,8,93.26
663671,FF,777440,2025-06-19,SF,20,16,93.24
663671,FF,777384,2025-06-24,TOR,25,19,92.88
663671,FF,777368,2025-06-25,TOR,22,11,93.53
663671,FF,777146,2025-07-11,CWS,18,10,92.97
663671,FF,777104,2025-07-19,ATH,20,13,94.41
663671,FF,777036,2025-07-23,BAL,12,11,93.67
663671,FF,776990,2025-07-26,KC,21,16,93.16
663671,FF,776942,2025-07-30,COL,25,19,93.22
663671,FF,776924,2025-08-01,MIN,8,5,94.18
663671,FF,776905,2025-08-02,MIN,11,5,94.78
663671,FF,776876,2025-08-04,NYM,13,11,93.03
663671,FF,776814,2025-08-09,CWS,14,9,92.99
663671,FF,776778,2025-08-12,MIA,17,12,92.78
663671,FF,776745,2025-08-14,MIA,25,22,93.01
663671,FF,776706,2025-08-17,ATL,34,24,93.03
663671,FF,776672,2025-08-19,AZ,7,5,92.82
663671,FF,776611,2025-08-24,TEX,35,18,92.66
663671,FF,776580,2025-08-27,TB,19,8,93.05
663671,FF,776493,2025-09-02,BOS,11,8,91.69
668909,FF,778447,2025-04-04,LAA,75,43,97.04
668909,FF,778378,2025-04-10,CWS,94,41,95.77
668909,FF,778301,2025-04-16,BAL,102,55,96.61
668909,FF,778227,2025-04-21,NYY,104,57,97.0
668909,FF,778139,2025-04-28,MIN,61,30,96.87
668909,FF,778064,2025-05-03,TOR,100,50,97.96
668909,FF,777997,2025-05-09,PHI,98,41,97.68
668909,FF,777925,2025-05-14,MIL,95,41,96.92
668909,FF,777829,2025-05-21,MIN,98,48,95.69
668909,FF,777769,2025-05-26,LAD,109,35,97.08
668909,FF,777683,2025-06-01,LAA,103,31,95.41
668909,FF,777608,2025-06-07,HOU,92,16,95.72
668909,FF,777520,2025-06-13,SEA,89,30,94.8
668909,FF,777440,2025-06-19,SF,104,31,95.3
668909,FF,777368,2025-06-25,TOR,76,20,96.14
668909,FF,777287,2025-07-01,CHC,96,21,97.39
668909,FF,777226,2025-07-06,DET,97,34,96.5
668909,FF,777146,2025-07-11,CWS,102,39,96.31
668909,FF,777084,2025-07-20,ATH,96,15,95.93
668909,FF,777010,2025-07-26,KC,79,25,96.44
668909,FF,776924,2025-08-01,MIN,96,36,97.39
668909,FF,776846,2025-08-06,NYM,126,46,96.89
668909,FF,776766,2025-08-13,MIA,75,24,96.33
668909,FF,776682,2025-08-18,AZ,99,44,97.03
668909,FF,776611,2025-08-24,TEX,90,39,97.05
668909,FF,776537,2025-08-30,SEA,95,50,95.52
668909,FF,776451,2025-09-05,TB,95,29,95.48
668909,FF,776370,2025-09-11,KC,105,26,96.48
668909,FF,776296,2025-09-17,DET,100,26,96.9
668909,FF,776218,2025-09-23,DET,91,23,96.95
668909,FF,813072,2025-09-30,DET,88,17,96.84
670036,FF,778081,2025-05-02,TOR,16,8,91.71
670036,FF,778026,2025-05-06,WSH,9,4,91.82
670036,FF,778022,2025-05-07,WSH,18,10,91.15
670036,FF,777997,2025-05-09,PHI,22,5,91.38
670036,FF,777944,2025-05-13,MIL,12,9,91.94
670036,FF,777902,2025-05-16,CIN,28,13,91.32
670036,FF,777821,2025-05-22,DET,7,4,91.75
670036,FF,777796,2025-05-24,DET,5,3,92.57
670036,FF,777769,2025-05-26,LAD,26,7,91.59
670036,FF,777739,2025-05-28,LAD,8,4,92.68
670036,FF,777721,2025-05-30,LAA,11,6,91.7
670036,FF,777683,2025-06-01,LAA,6,4,91.78
670036,FF,777622,2025-06-06,HOU,22,8,92.08
670036,FF,777580,2025-06-09,CIN,15,8,92.2
670036,FF,777569,2025-06-10,CIN,11,3,91.37
670036,FF,777507,2025-06-14,SEA,15,3,91.0
670036,FF,777472,2025-06-17,SF,9,1,91.2
670036,FF,777454,2025-06-18,SF,8,2,91.35
670036,FF,777440,2025-06-19,SF,9,5,91.72
670036,FF,777384,2025-06-24,TOR,3,1,92.1
670036,FF,777329,2025-06-28,STL,13,7,93.06
670036,FF,777309,2025-06-29,STL,8,3,92.47
670036,FF,777249,2025-07-04,DET,27,18,92.53
670036,FF,777202,2025-07-07,HOU,17,10,91.55
670036,FF,777192,2025-07-08,HOU,14,3,92.4
670036,FF,777146,2025-07-11,CWS,4,3,91.4
670036,FF,777138,2025-07-12,CWS,15,4,91.75
670036,FF,777120,2025-07-13,CWS,9,4,91.6
670036,FF,777104,2025-07-19,ATH,16,11,92.85
670036,FF,777056,2025-07-22,BAL,8,8,92.31
670036,FF,777019,2025-07-24,BAL,5,2,92.75
670036,FF,776975,2025-07-27,KC,26,8,91.32
670036,FF,776951,2025-07-29,COL,17,11,92.69
670036,FF,776942,2025-07-30,COL,4,3,92.67
670036,FF,776905,2025-08-02,MIN,11,7,92.81
670036,FF,776863,2025-08-05,NYM,14,6,92.7
670036,FF,776833,2025-08-08,CWS,19,7,92.36
670036,FF,776798,2025-08-10,CWS,19,7,92.13
670036,FF,776766,2025-08-13,MIA,36,6,91.7
670036,FF,776738,2025-08-15,ATL,9,5,92.22
670036,FF,776720,2025-08-16,ATL,7,1,92.3
670036,FF,776682,2025-08-18,AZ,14,3,91.8
670036,FF,776658,2025-08-20,AZ,3,1,91.2
670036,FF,776641,2025-08-22,TEX,14,5,92.06
670036,FF,776611,2025-08-24,TEX,10,1,91.7
670036,FF,776580,2025-08-27,TB,14,1,92.5
670036,FF,776521,2025-08-31,SEA,12,6,92.82
670036,FF,776458,2025-09-04,TB,11,2,91.0
670036,FF,776421,2025-09-07,TB,17,5,91.86
670036,FF,776382,2025-09-10,KC,14,6,91.95
670036,FF,776370,2025-09-11,KC,15,6,92.38
670036,FF,776331,2025-09-14,CWS,14,4,91.85
670036,FF,776303,2025-09-16,DET,19,10,92.33
670036,FF,776296,2025-09-17,DET,8,2,93.05
670036,FF,776263,2025-09-19,MIN,12,8,91.9
670036,FF,776225,2025-09-21,MIN,5,1,93.1
670036,FF,776189,2025-09-25,DET,18,3,92.47
670036,FF,776175,2025-09-26,TEX,18,9,92.58
670036,FF,776147,2025-09-28,TEX,24,8,92.9
671106,FF,778485,2025-04-01,SD,65,19,91.06
671106,FF,778391,2025-04-09,CWS,76,29,90.63
671106,FF,778317,2025-04-15,BAL,85,35,90.17
671106,FF,778242,2025-04-20,PIT,91,31,90.54
671106,FF,778157,2025-04-27,BOS,18,5,89.28
671106,FF,778081,2025-05-02,TOR,93,31,90.42
671106,FF,778022,2025-05-07,WSH,81,30,89.95
671106,FF,777944,2025-05-13,MIL,80,17,90.34
671106,FF,777861,2025-05-19,MIN,43,14,90.86
671106,FF,777780,2025-05-25,DET,87,17,91.26
671106,FF,777703,2025-05-31,LAA,11,4,92.18
671106,FF,777622,2025-06-06,HOU,80,15,91.69
671106,FF,777549,2025-06-11,CIN,81,23,92.6
671106,FF,777454,2025-06-18,SF,86,21,90.99
671106,FF,777384,2025-06-24,TOR,95,34,91.88
671106,FF,777309,2025-06-29,STL,85,32,91.9
671106,FF,777240,2025-07-05,DET,79,27,91.43
671106,FF,777164,2025-07-11,CWS,78,50,90.41
671106,FF,777104,2025-07-19,ATH,62,39,91.07
671106,FF,777019,2025-07-24,BAL,89,66,91.09
671106,FF,776951,2025-07-29,COL,92,55,90.86
671106,FF,776863,2025-08-05,NYM,77,29,92.4
671106,FF,776778,2025-08-12,MIA,77,33,91.62
671106,FF,776706,2025-08-17,ATL,84,32,91.87
671106,FF,776623,2025-08-23,TEX,84,49,91.54
671106,FF,776547,2025-08-29,SEA,91,29,92.08
671106,FF,776458,2025-09-04,TB,79,34,91.88
671106,FF,776382,2025-09-10,KC,86,26,91.43
671106,FF,776243,2025-09-20,MIN,100,24,92.05
671106,FF,776147,2025-09-28,TEX,74,22,92.15
671922,FF,778476,2025-04-02,SD,12,8,95.72
671922,FF,778447,2025-04-04,LAA,16,12,96.8
671922,FF,778425,2025-04-06,LAA,20,16,94.87
671922,FF,778402,2025-04-08,CWS,25,19,93.47
671922,FF,778375,2025-04-11,KC,10,10,95.82
671922,FF,778359,2025-04-12,KC,11,9,95.44
671922,FF,778317,2025-04-15,BAL,20,18,95.18
671922,FF,778271,2025-04-18,PIT,14,11,97.35
671922,FF,778254,2025-04-19,PIT,13,12,96.42
671922,FF,778227,2025-04-21,NYY,6,6,96.88
671922,FF,778218,2025-04-22,NYY,4,4,97.65
671922,FF,778179,2025-04-26,BOS,14,13,95.83
671922,FF,778129,2025-04-29,MIN,18,17,95.36
671922,FF,778116,2025-04-30,MIN,6,6,93.0
671922,FF,778056,2025-05-04,TOR,10,10,97.58
671922,FF,778026,2025-05-06,WSH,20,20,96.6
671922,FF,778022,2025-05-07,WSH,13,13,96.72
671922,FF,777971,2025-05-11,PHI,12,8,96.25
671922,FF,777960,2025-05-12,MIL,18,16,96.24
671922,FF,777892,2025-05-17,CIN,10,9,96.11
671922,FF,777861,2025-05-19,MIN,15,15,94.36
671922,FF,777821,2025-05-22,DET,9,9,97.7
671922,FF,777796,2025-05-24,DET,18,11,96.54
671922,FF,777739,2025-05-28,LAD,11,9,95.14
671922,FF,777721,2025-05-30,LAA,7,5,95.34
671922,FF,777703,2025-05-31,LAA,11,8,96.21
671922,FF,777608,2025-06-07,HOU,18,12,98.12
671922,FF,777591,2025-06-08,HOU,16,14,97.49
671922,FF,777520,2025-06-13,SEA,10,6,95.88
671922,FF,777507,2025-06-14,SEA,12,8,98.02
671922,FF,777472,2025-06-17,SF,14,14,95.98
671922,FF,777454,2025-06-18,SF,14,13,96.77
671922,FF,777411,2025-06-21,ATH,20,18,96.48
671922,FF,777400,2025-06-22,ATH,17,15,96.55
671922,FF,777259,2025-07-03,CHC,9,5,97.14
671922,FF,777240,2025-07-05,DET,13,13,98.6
671922,FF,777226,2025-07-06,DET,13,10,97.73
671922,FF,777192,2025-07-08,HOU,26,18,98.47
671922,FF,777164,2025-07-11,CWS,8,7,94.79
671922,FF,777138,2025-07-12,CWS,11,11,96.48
671922,FF,777120,2025-07-13,CWS,15,14,96.24
671922,FF,777084,2025-07-20,ATH,11,11,96.85
671922,FF,777056,2025-07-22,BAL,23,23,97.19
671922,FF,777010,2025-07-26,KC,10,8,95.39
671922,FF,776968,2025-07-28,COL,18,17,96.74
671922,FF,776942,2025-07-30,COL,9,8,96.18
671922,FF,776924,2025-08-01,MIN,16,16,96.87
671922,FF,776876,2025-08-04,NYM,20,19,96.54
671922,FF,776863,2025-08-05,NYM,12,12,96.97
671922,FF,776833,2025-08-08,CWS,20,19,94.79
671922,FF,776814,2025-08-09,CWS,9,8,95.95
671922,FF,776778,2025-08-12,MIA,13,12,95.0
671922,FF,776745,2025-08-14,MIA,4,4,96.28
671922,FF,776706,2025-08-17,ATL,9,8,96.4
671922,FF,776682,2025-08-18,AZ,12,12,95.75
671922,FF,776658,2025-08-20,AZ,14,12,95.9
671922,FF,776641,2025-08-22,TEX,5,5,96.36
671922,FF,776584,2025-08-26,TB,12,11,97.09
671922,FF,776580,2025-08-27,TB,5,5,96.06
671922,FF,776537,2025-08-30,SEA,12,12,97.16
671922,FF,776493,2025-09-02,BOS,10,10,96.98
671922,FF,776451,2025-09-05,TB,15,7,96.54
671922,FF,776438,2025-09-06,TB,10,9,96.68
671922,FF,776421,2025-09-07,TB,12,9,97.04
671922,FF,776403,2025-09-09,KC,13,11,96.96
671922,FF,776370,2025-09-11,KC,10,10,96.73
671922,FF,776348,2025-09-13,CWS,12,12,96.38
671922,FF,776331,2025-09-14,CWS,8,7,96.2
671922,FF,776303,2025-09-16,DET,12,12,98.0
671922,FF,776296,2025-09-17,DET,5,4,95.8
671922,FF,776263,2025-09-19,MIN,9,9,95.81
671922,FF,776218,2025-09-23,DET,5,4,97.75
671922,FF,776204,2025-09-24,DET,2,1,96.4
671922,FF,776158,2025-09-27,TEX,11,9,97.1
671922,FF,813072,2025-09-30,DET,13,13,96.16
676282,FF,778485,2025-04-01,SD,43,19,91.68
676282,FF,778437,2025-04-05,LAA,22,11,90.93
676282,FF,778378,2025-04-10,CWS,33,11,91.45
676282,FF,778342,2025-04-13,KC,24,12,93.48
676282,FF,778317,2025-04-15,BAL,16,8,91.08
676282,FF,778301,2025-04-16,BAL,5,1,91.3
676282,FF,778242,2025-04-20,PIT,12,1,94.0
676282,FF,778227,2025-04-21,NYY,9,3,92.8
676282,FF,778206,2025-04-23,NYY,30,12,91.96
676282,FF,778157,2025-04-27,BOS,55,26,91.55
676282,FF,778108,2025-05-01,MIN,24,9,92.39
676282,FF,778081,2025-05-02,TOR,4,3,91.67
676282,FF,778026,2025-05-06,WSH,10,3,91.73
676282,FF,778022,2025-05-07,WSH,14,3,90.43
676282,FF,777983,2025-05-10,PHI,40,14,91.07
676282,FF,777925,2025-05-14,MIL,36,15,91.65
676282,FF,777892,2025-05-17,CIN,4,4,92.9
676282,FF,777861,2025-05-19,MIN,43,17,91.73
676282,FF,777796,2025-05-24,DET,14,5,92.56
676282,FF,777769,2025-05-26,LAD,42,19,91.89
676282,FF,777259,2025-07-03,CHC,68,26,91.33
676282,FF,777192,2025-07-08,HOU,84,27,91.9
676282,FF,777120,2025-07-13,CWS,89,37,91.94
676282,FF,777056,2025-07-22,BAL,95,34,92.2
676282,FF,776975,2025-07-27,KC,76,31,88.78
676282,FF,776892,2025-08-03,MIN,91,43,91.46
676282,FF,776814,2025-08-09,CWS,82,36,90.66
676282,FF,776738,2025-08-15,ATL,96,42,91.17
676282,FF,776474,2025-09-03,BOS,104,41,91.03
676282,FF,776403,2025-09-09,KC,92,45,92.77
676282,FF,776303,2025-09-16,DET,91,44,92.58
676282,FF,776225,2025-09-21,MIN,75,31,92.89
676282,FF,776158,2025-09-27,TEX,77,38,93.06
676440,FF,778437,2025-04-05,LAA,89,30,93.82
676440,FF,778375,2025-04-11,KC,96,39,94.31
676440,FF,778292,2025-04-17,BAL,99,31,94.18
676440,FF,778218,2025-04-22,NYY,106,39,95.49
676440,FF,778129,2025-04-29,MIN,92,15,95.15
676440,FF,778056,2025-05-04,TOR,86,32,95.04
676440,FF,777983,2025-05-10,PHI,96,13,94.94
676440,FF,777902,2025-05-16,CIN,105,35,93.9
676440,FF,777821,2025-05-22,DET,96,33,94.16
676440,FF,777753,2025-05-27,LAD,95,23,94.65
676440,FF,777664,2025-06-03,NYY,107,37,95.4
676440,FF,777591,2025-06-08,HOU,88,15,95.63
676440,FF,777507,2025-06-14,SEA,104,28,94.75
676440,FF,777429,2025-06-20,ATH,105,8,94.49
676440,FF,777354,2025-06-26,TOR,96,14,94.03
676440,FF,777266,2025-07-02,CHC,96,22,93.83
676440,FF,777202,2025-07-07,HOU,85,19,95.36
676440,FF,777138,2025-07-12,CWS,91,21,93.13
676440,FF,777068,2025-07-21,BAL,86,18,93.72
676440,FF,776990,2025-07-26,KC,93,12,94.22
676440,FF,776905,2025-08-02,MIN,93,25,94.41
676440,FF,776833,2025-08-08,CWS,98,34,94.12
676440,FF,776745,2025-08-14,MIA,102,47,93.32
676440,FF,776672,2025-08-19,AZ,92,31,94.78
676440,FF,776601,2025-08-25,TB,98,31,93.52
676440,FF,776521,2025-08-31,SEA,91,18,94.26
676440,FF,776438,2025-09-06,TB,92,23,93.8
676440,FF,776361,2025-09-12,CWS,103,36,94.58
676440,FF,776275,2025-09-18,DET,100,30,94.71
676440,FF,776204,2025-09-24,DET,105,26,94.37
677944,FF,777892,2025-05-17,CIN,77,32,95.34
677944,FF,777807,2025-05-23,DET,84,35,94.38
677944,FF,777703,2025-05-31,LAA,95,30,94.17
677944,FF,777644,2025-06-05,NYY,73,31,94.58
677944,FF,777569,2025-06-10,CIN,85,42,94.82
677944,FF,777472,2025-06-17,SF,82,36,93.97
677944,FF,777400,2025-06-22,ATH,79,29,94.41
677944,FF,777329,2025-06-28,STL,88,30,94.68
677944,FF,777249,2025-07-04,DET,105,47,93.74
677944,FF,777174,2025-07-09,HOU,98,31,93.79
677944,FF,777105,2025-07-18,ATH,107,48,94.0
677944,FF,777036,2025-07-23,BAL,85,33,94.04
677944,FF,776968,2025-07-28,COL,98,42,93.34
677944,FF,776876,2025-08-04,NYM,99,40,94.76
677944,FF,776798,2025-08-10,CWS,68,39,94.32
677944,FF,776720,2025-08-16,ATL,103,53,94.11
677944,FF,776641,2025-08-22,TEX,90,51,93.95
677944,FF,776580,2025-08-27,TB,99,42,94.73
677944,FF,776493,2025-09-02,BOS,82,42,94.54
677944,FF,776413,2025-09-08,KC,100,49,94.37
677944,FF,776331,2025-09-14,CWS,93,48,94.92
677944,FF,777839,2025-09-20,MIN,98,35,95.16
677944,FF,776175,2025-09-26,TEX,75,35,94.22
680951,FF,778169,2025-04-26,BOS,89,42,89.8
680951,FF,777249,2025-07-04,DET,18,8,92.41
681870,FF,777349,2025-06-27,STL,10,4,94.4
681870,FF,777287,2025-07-01,CHC,21,9,94.16
681870,FF,777259,2025-07-03,CHC,23,17,93.14
681870,FF,777226,2025-07-06,DET,19,15,94.68
681870,FF,777192,2025-07-08,HOU,17,11,93.95
681870,FF,777146,2025-07-11,CWS,24,18,92.91
681870,FF,777138,2025-07-12,CWS,15,12,92.64
681870,FF,777056,2025-07-22,BAL,23,17,94.31
681870,FF,777019,2025-07-24,BAL,10,7,94.21
681870,FF,777010,2025-07-26,KC,10,8,92.1
681870,FF,776924,2025-08-01,MIN,11,5,93.84
681870,FF,776905,2025-08-02,MIN,22,18,94.45
681870,FF,776876,2025-08-04,NYM,13,7,94.73
681870,FF,776833,2025-08-08,CWS,20,19,93.51
681870,FF,776814,2025-08-09,CWS,11,7,93.03
681870,FF,776778,2025-08-12,MIA,9,5,93.84
681870,FF,776745,2025-08-14,MIA,13,8,93.49
681870,FF,776682,2025-08-18,AZ,5,3,94.33
681870,FF,776611,2025-08-24,TEX,21,12,93.63
681870,FF,776580,2025-08-27,TB,22,16,94.96
681870,FF,776505,2025-09-01,BOS,22,12,94.42
681870,FF,776474,2025-09-03,BOS,19,14,94.08
681870,FF,776438,2025-09-06,TB,15,12,93.93
681870,FF,776382,2025-09-10,KC,14,14,94.84
681870,FF,776370,2025-09-11,KC,11,9,94.28
681870,FF,776348,2025-09-13,CWS,11,5,93.1
681870,FF,776303,2025-09-16,DET,12,7,93.67
681870,FF,776296,2025-09-17,DET,18,11,94.13
681870,FF,776225,2025-09-21,MIN,18,14,94.03
681870,FF,776218,2025-09-23,DET,10,6,94.53
681870,FF,776175,2025-09-26,TEX,20,12,94.38
681870,FF,776158,2025-09-27,TEX,10,8,93.46
681870,FF,813072,2025-09-30,DET,5,2,95.05
682120,FF,778476,2025-04-02,SD,16,2,94.3
682120,FF,778447,2025-04-04,LAA,23,9,94.07
682120,FF,778391,2025-04-09,CWS,13,4,94.02
682120,FF,778375,2025-04-11,KC,14,6,94.43
682120,FF,778359,2025-04-12,KC,7,4,94.75
682120,FF,778292,2025-04-17,BAL,11,2,95.6
682120,FF,778271,2025-04-18,PIT,11,3,96.13
682120,FF,778218,2025-04-22,NYY,14,5,95.02
682120,FF,778179,2025-04-26,BOS,17,3,94.63
682120,FF,778139,2025-04-28,MIN,18,5,93.78
682120,FF,778108,2025-05-01,MIN,25,4,94.45
682120,FF,778056,2025-05-04,TOR,8,2,94.65
682120,FF,778046,2025-05-06,WSH,18,5,92.54
682120,FF,778022,2025-05-07,WSH,14,4,94.18
682120,FF,777997,2025-05-09,PHI,13,4,94.4
682120,FF,777971,2025-05-11,PHI,19,4,95.8
682120,FF,777925,2025-05-14,MIL,10,1,95.0
682120,FF,777829,2025-05-21,MIN,20,3,93.67
682120,FF,777821,2025-05-22,DET,13,1,93.4
682120,FF,777796,2025-05-24,DET,13,3,93.97
682120,FF,777753,2025-05-27,LAD,12,1,95.8
682120,FF,777739,2025-05-28,LAD,7,1,94.8
682120,FF,777721,2025-05-30,LAA,19,5,95.18
682120,FF,777622,2025-06-06,HOU,12,2,95.3
682120,FF,777580,2025-06-09,CIN,10,1,94.7
682120,FF,777520,2025-06-13,SEA,21,3,93.07
682120,FF,777454,2025-06-18,SF,7,1,95.0
682120,FF,777368,2025-06-25,TOR,8,1,96.5
682120,FF,777329,2025-06-28,STL,11,2,96.9
682120,FF,777309,2025-06-29,STL,16,9,95.06
682120,FF,777266,2025-07-02,CHC,24,10,94.02
682120,FF,777240,2025-07-05,DET,17,5,93.88
682120,FF,776968,2025-07-28,COL,18,8,95.81
682120,FF,776951,2025-07-29,COL,12,5,96.2
682120,FF,776706,2025-08-17,ATL,12,2,96.85
682120,FF,776672,2025-08-19,AZ,12,4,94.92
682120,FF,776611,2025-08-24,TEX,12,3,94.13
682120,FF,776601,2025-08-25,TB,18,6,95.28
682120,FF,776547,2025-08-29,SEA,14,3,94.17
682120,FF,776493,2025-09-02,BOS,14,6,94.55
682120,FF,776451,2025-09-05,TB,21,5,93.94
682120,FF,776382,2025-09-10,KC,11,4,94.62
682120,FF,776303,2025-09-16,DET,16,6,95.03
682120,FF,776296,2025-09-17,DET,14,1,94.9
682120,FF,776275,2025-09-18,DET,15,4,94.38
682120,FF,776225,2025-09-21,MIN,12,2,95.8
682120,FF,776204,2025-09-24,DET,14,7,94.63
682120,FF,776189,2025-09-25,DET,21,4,94.65
682847,FF,778425,2025-04-06,LAA,81,25,96.11
682847,FF,778359,2025-04-12,KC,100,35,95.78
682847,FF,778271,2025-04-18,PIT,92,30,96.79
682847,FF,778206,2025-04-23,NYY,103,29,96.16
682847,FF,778116,2025-04-30,MIN,90,25,95.82
682847,FF,778026,2025-05-06,WSH,85,21,95.96
682847,FF,777971,2025-05-11,PHI,95,24,96.2
682847,FF,777874,2025-05-18,CIN,100,34,96.63
682847,FF,777796,2025-05-24,DET,89,31,96.05
682847,FF,777721,2025-05-30,LAA,97,19,96.73
682847,FF,777653,2025-06-04,NYY,92,25,97.67
682847,FF,777580,2025-06-09,CIN,88,22,97.36
682847,FF,777495,2025-06-15,SEA,104,26,96.35
682847,FF,777411,2025-06-21,ATH,92,25,97.42
682847,FF,777349,2025-06-27,STL,102,39,95.96
683769,FF,778447,2025-04-04,LAA,17,3,93.03
683769,FF,778402,2025-04-08,CWS,13,3,93.8
683769,FF,778391,2025-04-09,CWS,19,4,94.65
683769,FF,778375,2025-04-11,KC,9,2,94.3
683769,FF,778292,2025-04-17,BAL,8,3,95.07
683769,FF,778254,2025-04-19,PIT,9,4,95.0
683769,FF,778242,2025-04-20,PIT,22,8,94.34
683769,FF,778218,2025-04-22,NYY,22,5,94.34
683769,FF,778179,2025-04-26,BOS,15,4,94.5
683769,FF,778116,2025-04-30,MIN,20,3,93.23
683769,FF,778108,2025-05-01,MIN,19,4,93.42
683769,FF,778056,2025-05-04,TOR,20,6,94.52
683769,FF,778026,2025-05-06,WSH,17,2,93.0
683769,FF,778022,2025-05-07,WSH,7,4,95.1
683769,FF,777997,2025-05-09,PHI,20,4,93.42
683769,FF,777960,2025-05-12,MIL,20,11,95.21
683769,FF,777944,2025-05-13,MIL,8,4,93.35
683769,FF,777874,2025-05-18,CIN,14,3,95.43
683769,FF,777829,2025-05-21,MIN,12,5,94.26
683769,FF,777807,2025-05-23,DET,24,11,95.39
683769,FF,777753,2025-05-27,LAD,17,2,95.3
683769,FF,777703,2025-05-31,LAA,13,5,94.64
683769,FF,777683,2025-06-01,LAA,22,10,95.1
683769,FF,777653,2025-06-04,NYY,14,5,95.1
683769,FF,777608,2025-06-07,HOU,17,3,95.43
683769,FF,777569,2025-06-10,CIN,18,7,93.9
683769,FF,777507,2025-06-14,SEA,8,5,93.66
683769,FF,777472,2025-06-17,SF,26,8,94.84
683769,FF,777411,2025-06-21,ATH,9,1,94.2
683769,FF,777384,2025-06-24,TOR,21,8,94.14
683769,FF,777309,2025-06-29,STL,20,4,94.52
683769,FF,777259,2025-07-03,CHC,24,6,94.2
683769,FF,777226,2025-07-06,DET,16,5,95.2
683769,FF,777202,2025-07-07,HOU,5,3,94.5
683769,FF,777192,2025-07-08,HOU,25,10,94.84
683769,FF,777164,2025-07-11,CWS,14,5,93.36
683769,FF,777068,2025-07-21,BAL,12,7,95.73
683769,FF,777036,2025-07-23,BAL,15,8,95.78
683769,FF,776990,2025-07-26,KC,6,3,94.73
683769,FF,777010,2025-07-26,KC,6,1,95.3
683769,FF,776968,2025-07-28,COL,15,3,94.97
683769,FF,776942,2025-07-30,COL,12,5,95.56
683769,FF,776924,2025-08-01,MIN,8,2,95.3
683769,FF,776905,2025-08-02,MIN,15,8,95.08
683769,FF,776876,2025-08-04,NYM,16,5,94.58
683769,FF,776846,2025-08-06,NYM,3,1,94.8
683769,FF,776814,2025-08-09,CWS,18,7,94.21
683769,FF,776778,2025-08-12,MIA,13,6,94.75
683769,FF,776745,2025-08-14,MIA,10,2,95.0
683769,FF,776706,2025-08-17,ATL,22,9,95.4
683769,FF,776682,2025-08-18,AZ,21,8,93.36
683769,FF,776658,2025-08-20,AZ,12,6,94.22
683769,FF,776641,2025-08-22,TEX,14,5,95.06
683769,FF,776584,2025-08-26,TB,9,4,94.68
683769,FF,776537,2025-08-30,SEA,14,7,93.36
683769,FF,776493,2025-09-02,BOS,13,9,93.61
683769,FF,776438,2025-09-06,TB,17,2,94.8
683769,FF,776421,2025-09-07,TB,15,5,94.66
683769,FF,776382,2025-09-10,KC,7,3,94.9
683769,FF,776370,2025-09-11,KC,5,1,95.4
683769,FF,776348,2025-09-13,CWS,6,5,95.66
683769,FF,776331,2025-09-14,CWS,16,9,95.67
683769,FF,776303,2025-09-16,DET,16,6,94.08
683769,FF,776275,2025-09-18,DET,18,4,95.2
683769,FF,776225,2025-09-21,MIN,9,3,95.67
683769,FF,776218,2025-09-23,DET,19,6,95.32
683769,FF,776204,2025-09-24,DET,6,3,95.67
683769,FF,776158,2025-09-27,TEX,20,3,94.5
683769,FF,813072,2025-09-30,DET,19,5,94.72
687849,FF,778206,2025-04-23,NYY,60,15,92.9
687849,FF,778046,2025-05-06,WSH,12,3,92.83
687849,FF,777925,2025-05-14,MIL,35,8,94.21
687849,FF,777354,2025-06-26,TOR,36,6,93.2
687849,FF,776505,2025-09-01,BOS,37,17,92.8
687849,FF,776413,2025-09-08,KC,39,16,90.55
687849,FF,776243,2025-09-20,MIN,12,5,93.52
687849,FF,776225,2025-09-21,MIN,19,6,92.08
687849,FF,776189,2025-09-25,DET,12,3,92.33
687849,FF,776175,2025-09-26,TEX,25,7,92.2
687849,FF,776147,2025-09-28,TEX,20,7,93.93
800048,FF,776658,2025-08-20,AZ,83,37,93.32
800048,FF,776584,2025-08-26,TB,98,44,92.8
800048,FF,776505,2025-09-01,BOS,82,23,92.51
800048,FF,776421,2025-09-07,TB,86,26,92.59
800048,FF,776348,2025-09-13,CWS,93,36,92.3
800048,FF,776263,2025-09-19,MIN,94,21,93.08
800048,FF,776189,2025-09-25,DET,89,38,93.06
596295,FF,777504,2025-06-15,ATL,64,19,89.07
596295,FF,777430,2025-06-20,AZ,70,33,87.38
596295,FF,777344,2025-06-26,LAD,65,31,89.74
596295,FF,777269,2025-07-02,HOU,76,25,89.0
596295,FF,777209,2025-07-07,BOS,91,32,89.47
596295,FF,777128,2025-07-13,CIN,90,32,89.7
596295,FF,777053,2025-07-21,STL,87,35,90.7
596295,FF,776986,2025-07-27,BAL,78,28,89.17
596295,FF,776904,2025-08-02,PIT,89,25,89.95
596295,FF,776825,2025-08-08,AZ,92,25,90.04
596295,FF,776758,2025-08-13,STL,85,32,89.4
596295,FF,776671,2025-08-19,LAD,75,23,89.75
607536,FF,778482,2025-04-02,PHI,90,15,92.27
607536,FF,778394,2025-04-08,MIL,99,9,91.58
607536,FF,778330,2025-04-13,SD,84,16,92.2
607536,FF,778235,2025-04-20,WSH,36,5,91.18
607536,FF,778181,2025-04-25,CIN,89,20,91.22
607536,FF,778098,2025-05-01,SF,91,26,91.43
607536,FF,778004,2025-05-08,DET,65,16,90.31
607536,FF,777934,2025-05-13,TEX,84,11,91.75
607536,FF,777852,2025-05-19,PHI,91,36,91.74
607536,FF,777782,2025-05-24,NYY,85,32,92.15
607536,FF,777718,2025-05-30,NYM,90,29,91.61
607536,FF,777652,2025-06-04,MIA,90,42,91.76
607536,FF,777547,2025-06-11,SF,90,28,92.64
607536,FF,777339,2025-06-27,MIL,67,28,92.81
607536,FF,777264,2025-07-03,HOU,92,32,92.96
607536,FF,777196,2025-07-08,BOS,88,25,92.7
607536,FF,777102,2025-07-18,MIN,95,43,91.92
607536,FF,777020,2025-07-25,BAL,93,30,91.39
607536,FF,776942,2025-07-30,CLE,40,24,87.41
607536,FF,776836,2025-08-06,TOR,76,37,90.82
607536,FF,776775,2025-08-12,STL,92,40,91.47
607536,FF,776693,2025-08-18,LAD,72,35,91.8
607536,FF,776632,2025-08-23,PIT,94,39,91.29
607536,FF,776555,2025-08-28,HOU,90,26,90.9
607536,FF,776486,2025-09-02,SF,8,4,90.82
607536,FF,776442,2025-09-05,SD,88,42,91.33
607536,FF,776380,2025-09-10,LAD,86,40,91.85
607536,FF,776293,2025-09-16,MIA,73,36,90.62
607536,FF,776232,2025-09-21,LAA,85,17,91.51
607536,FF,776146,2025-09-27,SF,87,34,92.02
608566,FF,778442,2025-04-05,ATH,89,33,94.75
608566,FF,778361,2025-04-11,SD,72,26,95.4
608566,FF,778287,2025-04-16,LAD,37,14,95.19
608566,FF,778190,2025-04-24,KC,78,26,95.16
608566,FF,778120,2025-04-29,ATL,86,24,95.18
608566,FF,778048,2025-05-04,SF,68,16,94.76
608566,FF,777955,2025-05-11,SD,78,24,96.0
608566,FF,777887,2025-05-17,AZ,82,25,95.07
608566,FF,777817,2025-05-22,PHI,79,19,95.12
608566,FF,777751,2025-05-27,CHC,84,39,95.31
608566,FF,777673,2025-06-02,MIA,93,23,95.8
608566,FF,777604,2025-06-07,NYM,79,26,95.47
608566,FF,777535,2025-06-13,ATL,84,21,95.05
608566,FF,777461,2025-06-18,WSH,92,25,95.07
608566,FF,777379,2025-06-24,LAD,68,25,95.0
608566,FF,777301,2025-06-29,MIL,103,59,95.2
608566,FF,777232,2025-07-05,CWS,90,30,93.93
608566,FF,777160,2025-07-11,CIN,94,34,95.01
608566,FF,777072,2025-07-20,MIN,58,17,93.62
608566,FF,776542,2025-08-29,CHC,64,27,93.94
608566,FF,776467,2025-09-03,SF,85,30,94.62
608566,FF,776389,2025-09-09,LAD,89,43,94.22
608566,FF,776323,2025-09-14,SD,74,23,93.46
608566,FF,776241,2025-09-20,LAA,84,32,94.0
608566,FF,776166,2025-09-26,SF,92,38,92.99
622608,FF,778467,2025-04-03,PHI,92,49,93.63
622608,FF,778379,2025-04-09,MIL,78,46,95.52
622608,FF,778326,2025-04-14,LAD,91,49,94.08
622608,FF,778266,2025-04-20,WSH,83,56,93.56
622608,FF,778161,2025-04-26,CIN,94,51,94.16
622608,FF,778082,2025-05-02,SF,93,42,94.48
622608,FF,777993,2025-05-09,SD,90,49,95.95
622608,FF,777918,2025-05-14,TEX,97,59,95.37
622608,FF,777842,2025-05-20,PHI,88,44,94.0
622608,FF,777768,2025-05-25,NYY,75,37,94.63
622608,FF,777700,2025-05-31,NYM,82,54,95.69
622608,FF,777616,2025-06-06,NYM,84,45,93.87
622608,FF,777534,2025-06-12,SF,92,43,95.46
622608,FF,777480,2025-06-17,WSH,83,50,95.01
622608,FF,777399,2025-06-22,AZ,84,43,95.26
622608,FF,777321,2025-06-28,MIL,85,55,95.03
622608,FF,777243,2025-07-04,CWS,95,63,95.27
622608,FF,777179,2025-07-09,BOS,76,55,96.02
622608,FF,777080,2025-07-19,MIN,78,46,96.13
622608,FF,776999,2025-07-26,BAL,77,45,95.62
622608,FF,776919,2025-08-01,PIT,31,16,93.79
622608,FF,776701,2025-08-17,AZ,61,28,93.76
622608,FF,776637,2025-08-22,PIT,86,32,95.35
622608,FF,776542,2025-08-29,CHC,56,33,94.47
622608,FF,776486,2025-09-02,SF,66,38,93.36
622608,FF,776417,2025-09-07,SD,71,46,97.28
622608,FF,776341,2025-09-13,SD,51,32,96.28
622608,FF,776194,2025-09-24,SEA,51,35,96.18
622608,FF,776137,2025-09-28,SF,16,12,95.77
623433,FF,776999,2025-07-26,BAL,32,18,95.4
623433,FF,776886,2025-08-03,PIT,21,8,95.51
623433,FF,776836,2025-08-06,TOR,25,13,95.72
623433,FF,776825,2025-08-08,AZ,17,5,95.42
623433,FF,776783,2025-08-11,STL,18,10,95.15
623433,FF,776758,2025-08-13,STL,10,5,95.04
623433,FF,776742,2025-08-14,AZ,15,6,95.15
623433,FF,776715,2025-08-16,AZ,26,12,95.58
623433,FF,776671,2025-08-19,LAD,23,12,94.81
623433,FF,776644,2025-08-21,LAD,31,15,94.85
623433,FF,776632,2025-08-23,PIT,8,5,95.26
623433,FF,776571,2025-08-27,HOU,15,7,94.63
623474,FF,778394,2025-04-08,MIL,22,1,93.7
623474,FF,778352,2025-04-12,SD,21,1,88.9
623474,FF,778247,2025-04-19,WSH,15,1,92.9
623474,FF,778235,2025-04-20,WSH,21,1,93.3
623474,FF,778190,2025-04-24,KC,33,1,94.3
623474,FF,778148,2025-04-27,CIN,34,1,94.1
623474,FF,778120,2025-04-29,ATL,24,1,92.1
623474,FF,778082,2025-05-02,SF,10,1,93.3
623474,FF,777993,2025-05-09,SD,38,2,92.3
623474,FF,777897,2025-05-16,AZ,34,2,94.2
623474,FF,777842,2025-05-20,PHI,39,2,92.25
623474,FF,777768,2025-05-25,NYY,31,4,93.05
623474,FF,777718,2025-05-30,NYM,13,1,92.9
623474,FF,777604,2025-06-07,NYM,29,2,92.95
623474,FF,777534,2025-06-12,SF,42,6,93.38
623474,FF,777488,2025-06-16,WSH,9,1,92.4
623474,FF,777445,2025-06-19,WSH,18,1,92.9
623474,FF,777410,2025-06-21,AZ,39,5,93.0
623474,FF,777379,2025-06-24,LAD,22,4,91.92
623474,FF,777339,2025-06-27,MIL,25,1,92.9
623474,FF,777285,2025-07-01,HOU,22,1,92.2
623474,FF,777232,2025-07-05,CWS,33,1,93.9
623474,FF,777209,2025-07-07,BOS,16,2,93.75
623474,FF,777179,2025-07-09,BOS,11,1,92.5
623474,FF,777140,2025-07-12,CIN,14,2,93.25
623474,FF,777128,2025-07-13,CIN,25,2,93.1
623474,FF,777072,2025-07-20,MIN,32,3,93.43
623474,FF,777028,2025-07-23,STL,29,2,93.55
623474,FF,776986,2025-07-27,BAL,17,2,91.7
623474,FF,776951,2025-07-29,CLE,43,6,92.75
623474,FF,776919,2025-08-01,PIT,37,4,92.68
623474,FF,776854,2025-08-05,TOR,20,2,94.35
623474,FF,776809,2025-08-09,AZ,35,3,93.27
623474,FF,776758,2025-08-13,STL,12,1,92.5
623474,FF,776730,2025-08-15,AZ,27,2,93.05
623474,FF,776701,2025-08-17,AZ,20,1,94.3
623474,FF,776610,2025-08-24,PIT,24,2,92.55
623474,FF,776587,2025-08-26,HOU,17,1,94.0
623474,FF,776526,2025-08-30,CHC,28,3,92.67
623474,FF,776486,2025-09-02,SF,13,1,93.9
623474,FF,776431,2025-09-06,SD,28,2,93.3
623474,FF,776365,2025-09-11,SD,17,1,92.1
623474,FF,776357,2025-09-12,SD,10,2,91.6
623474,FF,776323,2025-09-14,SD,18,2,94.35
623474,FF,776253,2025-09-19,LAA,16,2,93.7
623474,FF,776232,2025-09-21,LAA,13,1,93.7
623474,FF,776212,2025-09-23,SEA,15,3,92.67
623474,FF,776166,2025-09-26,SF,22,1,93.4
623474,FF,776146,2025-09-27,SF,13,1,92.7
641755,FF,778467,2025-04-03,PHI,31,9,94.02
641755,FF,778394,2025-04-08,MIL,10,2,94.0
641755,FF,778379,2025-04-09,MIL,19,10,94.6
641755,FF,778352,2025-04-12,SD,11,4,95.58
641755,FF,778326,2025-04-14,LAD,36,10,94.63
641755,FF,778287,2025-04-16,LAD,20,10,95.01
641755,FF,778247,2025-04-19,WSH,16,2,94.55
641755,FF,778266,2025-04-20,WSH,17,4,95.2
641755,FF,778215,2025-04-22,KC,18,3,95.23
641755,FF,778161,2025-04-26,CIN,40,10,95.37
641755,FF,778082,2025-05-02,SF,6,3,94.33
641755,FF,778048,2025-05-04,SF,26,4,94.92
641755,FF,778029,2025-05-08,DET,34,12,95.48
641755,FF,777976,2025-05-10,SD,15,7,95.17
641755,FF,777949,2025-05-12,TEX,8,3,94.83
641755,FF,777918,2025-05-14,TEX,6,3,95.1
641755,FF,777887,2025-05-17,AZ,20,5,95.82
641755,FF,777870,2025-05-18,AZ,17,7,95.64
641755,FF,777817,2025-05-22,PHI,22,8,95.1
641755,FF,777768,2025-05-25,NYY,23,6,95.85
641755,FF,777751,2025-05-27,CHC,28,5,94.46
641755,FF,777686,2025-06-01,NYM,8,2,94.95
641755,FF,777673,2025-06-02,MIA,15,3,95.9
641755,FF,777652,2025-06-04,MIA,15,4,96.5
641755,FF,777616,2025-06-06,NYM,24,5,96.42
641755,FF,777583,2025-06-08,NYM,22,1,96.2
641755,FF,777563,2025-06-10,SF,16,4,95.18
641755,FF,777547,2025-06-11,SF,27,3,95.7
641755,FF,777504,2025-06-15,ATL,8,4,95.38
641755,FF,777480,2025-06-17,WSH,20,5,93.9
641755,FF,777461,2025-06-18,WSH,11,1,94.9
641755,FF,777399,2025-06-22,AZ,20,3,95.57
641755,FF,777358,2025-06-25,LAD,6,1,96.6
641755,FF,777344,2025-06-26,LAD,20,8,95.3
641755,FF,777321,2025-06-28,MIL,11,2,95.4
641755,FF,777301,2025-06-29,MIL,12,1,96.8
641755,FF,777269,2025-07-02,HOU,10,3,96.47
641755,FF,777243,2025-07-04,CWS,23,6,95.13
641755,FF,777209,2025-07-07,BOS,25,5,95.68
641755,FF,777179,2025-07-09,BOS,19,7,95.79
641755,FF,777140,2025-07-12,CIN,13,5,95.46
641755,FF,777128,2025-07-13,CIN,16,2,95.05
641755,FF,777080,2025-07-19,MIN,13,3,95.73
641755,FF,777053,2025-07-21,STL,18,4,95.0
641755,FF,777028,2025-07-23,STL,11,2,95.2
641755,FF,777020,2025-07-25,BAL,13,2,94.65
641755,FF,776968,2025-07-28,CLE,17,6,94.97
641755,FF,776928,2025-07-31,CIN,19,1,95.8
641755,FF,776907,2025-08-02,CIN,16,4,95.52
641755,FF,776869,2025-08-05,MIL,26,7,95.11
641755,FF,778431,2025-08-09,MIA,18,1,94.7
641755,FF,776803,2025-08-10,MIA,17,5,94.7
641755,FF,776756,2025-08-13,NYM,23,4,94.35
641755,FF,776696,2025-08-18,CWS,13,2,94.7
641755,FF,776626,2025-08-23,NYM,14,4,94.12
641755,FF,776581,2025-08-26,MIA,10,2,95.25
641755,FF,776522,2025-08-31,PHI,14,2,95.05
641755,FF,776473,2025-09-03,CHC,12,4,94.68
641755,FF,776460,2025-09-05,SEA,14,3,93.87
641755,FF,776412,2025-09-08,CHC,12,2,94.6
641755,FF,776381,2025-09-10,CHC,20,3,94.5
641755,FF,776307,2025-09-16,WSH,18,1,95.9
641755,FF,776268,2025-09-19,DET,11,1,95.1
641755,FF,776200,2025-09-24,WSH,16,2,95.95
641755,FF,776156,2025-09-27,PIT,13,2,95.6
663372,FF,778456,2025-04-04,ATH,90,22,93.11
663372,FF,778371,2025-04-10,MIL,86,37,93.65
663372,FF,778302,2025-04-15,LAD,81,30,93.72
663372,FF,778215,2025-04-22,KC,87,27,93.99
663372,FF,778137,2025-04-28,ATL,95,30,92.79
669020,FF,777934,2025-05-13,TEX,9,5,92.22
669020,FF,777897,2025-05-16,AZ,20,11,92.83
669020,FF,777870,2025-05-18,AZ,21,7,92.83
669020,FF,777842,2025-05-20,PHI,11,5,92.96
669020,FF,777782,2025-05-24,NYY,40,14,93.09
669020,FF,777731,2025-05-28,CHC,17,7,92.59
669020,FF,777700,2025-05-31,NYM,31,11,92.45
669020,FF,777616,2025-06-06,NYM,15,8,93.1
669020,FF,777604,2025-06-07,NYM,25,7,92.81
669020,FF,777547,2025-06-11,SF,11,3,93.77
669020,FF,777535,2025-06-13,ATL,25,11,91.92
669020,FF,777504,2025-06-15,ATL,14,10,91.19
669020,FF,777445,2025-06-19,WSH,7,2,92.9
669020,FF,777430,2025-06-20,AZ,20,12,93.62
669020,FF,777379,2025-06-24,LAD,19,8,92.4
669020,FF,777339,2025-06-27,MIL,21,10,92.73
669020,FF,777269,2025-07-02,HOU,24,13,92.94
669020,FF,777232,2025-07-05,CWS,33,18,92.46
669020,FF,777209,2025-07-07,BOS,28,11,93.21
669020,FF,777179,2025-07-09,BOS,15,6,92.37
669020,FF,777072,2025-07-20,MIN,35,19,92.34
669020,FF,776999,2025-07-26,BAL,33,12,93.07
669020,FF,776886,2025-08-03,PIT,12,6,92.3
669020,FF,776872,2025-08-04,TOR,43,22,92.66
669020,FF,776794,2025-08-10,AZ,49,24,93.05
669020,FF,776715,2025-08-16,AZ,13,8,93.78
669020,FF,776492,2025-09-01,SF,23,13,93.98
669020,FF,776341,2025-09-13,SD,18,8,93.56
669020,FF,776277,2025-09-17,MIA,19,11,93.14
669020,FF,776270,2025-09-18,MIA,23,13,93.58
672710,FF,776579,2025-08-27,BOS,71,22,96.21
672710,FF,776431,2025-09-06,SD,30,15,94.53
672710,FF,776389,2025-09-09,LAD,44,20,95.88
672710,FF,776323,2025-09-14,SD,37,18,94.4
672710,FF,776277,2025-09-17,MIA,15,8,93.44
675848,FF,778195,2025-04-24,KC,19,7,94.34
675848,FF,778137,2025-04-28,ATL,13,5,96.58
675848,FF,778082,2025-05-02,SF,10,3,95.77
675848,FF,778048,2025-05-04,SF,18,10,97.45
675848,FF,778004,2025-05-08,DET,39,18,95.18
675848,FF,777976,2025-05-10,SD,44,24,95.83
675848,FF,777782,2025-05-24,NYY,20,15,95.64
675848,FF,777757,2025-05-26,CHC,38,27,95.76
675848,FF,777700,2025-05-31,NYM,19,9,97.43
675848,FF,777666,2025-06-03,MIA,33,18,96.89
675848,FF,777604,2025-06-07,NYM,13,10,97.38
675848,FF,777583,2025-06-08,NYM,28,21,97.14
675848,FF,777547,2025-06-11,SF,10,6,96.03
675848,FF,777534,2025-06-12,SF,27,13,96.25
675848,FF,777504,2025-06-15,ATL,11,7,95.49
675848,FF,777488,2025-06-16,WSH,17,10,95.65
675848,FF,777461,2025-06-18,WSH,23,15,96.34
675848,FF,777430,2025-06-20,AZ,20,14,96.65
675848,FF,777399,2025-06-22,AZ,6,5,96.2
675848,FF,777379,2025-06-24,LAD,17,10,97.43
675848,FF,777344,2025-06-26,LAD,10,7,95.99
675848,FF,777301,2025-06-29,MIL,13,10,96.8
675848,FF,777285,2025-07-01,HOU,18,13,95.3
675848,FF,777264,2025-07-03,HOU,22,11,96.76
675848,FF,777243,2025-07-04,CWS,6,5,94.78
675848,FF,777215,2025-07-06,CWS,27,21,96.42
675848,FF,777196,2025-07-08,BOS,14,9,95.87
675848,FF,777160,2025-07-11,CIN,14,11,96.78
675848,FF,777140,2025-07-12,CIN,12,7,95.84
675848,FF,777080,2025-07-19,MIN,22,13,96.09
675848,FF,777053,2025-07-21,STL,21,11,95.83
675848,FF,776986,2025-07-27,BAL,12,10,96.03
675848,FF,776942,2025-07-30,CLE,36,34,96.72
675848,FF,776904,2025-08-02,PIT,22,19,96.97
675848,FF,776825,2025-08-08,AZ,17,8,97.15
675848,FF,776809,2025-08-09,AZ,16,11,96.83
675848,FF,776783,2025-08-11,STL,22,13,97.35
675848,FF,776730,2025-08-15,AZ,21,17,97.07
675848,FF,776701,2025-08-17,AZ,22,17,97.48
675848,FF,776693,2025-08-18,LAD,17,14,97.09
675848,FF,776644,2025-08-21,LAD,14,11,97.12
675848,FF,776587,2025-08-26,HOU,21,18,97.56
675848,FF,776555,2025-08-28,HOU,16,10,97.88
675848,FF,776526,2025-08-30,CHC,15,12,96.54
675848,FF,776511,2025-08-31,CHC,11,8,97.49
675848,FF,776467,2025-09-03,SF,34,21,96.94
675848,FF,776408,2025-09-08,LAD,31,27,96.97
675848,FF,776357,2025-09-12,SD,19,17,96.71
675848,FF,776323,2025-09-14,SD,16,14,97.12
675848,FF,776277,2025-09-17,MIA,22,15,96.36
675848,FF,776253,2025-09-19,LAA,11,4,95.5
675848,FF,776232,2025-09-21,LAA,11,9,97.4
675848,FF,776212,2025-09-23,SEA,19,14,97.39
675848,FF,776166,2025-09-26,SF,22,14,96.47
675848,FF,776137,2025-09-28,SF,23,19,97.98
677955,FF,778215,2025-04-22,KC,17,3,96.73
677955,FF,778195,2025-04-24,KC,31,5,97.04
677955,FF,776986,2025-07-27,BAL,18,1,98.7
677955,FF,776951,2025-07-29,CLE,15,2,97.1
677955,FF,776942,2025-07-30,CLE,19,4,95.05
677955,FF,776904,2025-08-02,PIT,19,1,97.2
677955,FF,776854,2025-08-05,TOR,26,4,97.55
677955,FF,776836,2025-08-06,TOR,9,4,94.0
677955,FF,776794,2025-08-10,AZ,17,2,97.05
677955,FF,776758,2025-08-13,STL,13,2,96.4
677955,FF,776715,2025-08-16,AZ,14,3,96.47
677955,FF,776693,2025-08-18,LAD,35,11,96.51
677955,FF,776660,2025-08-20,LAD,19,3,97.0
677955,FF,776542,2025-08-29,CHC,18,5,96.42
677955,FF,776511,2025-08-31,CHC,11,4,97.12
677955,FF,776486,2025-09-02,SF,30,8,97.79
677955,FF,776431,2025-09-06,SD,30,10,96.18
677955,FF,776408,2025-09-08,LAD,8,3,96.83
677955,FF,776365,2025-09-11,SD,22,6,97.57
677955,FF,776277,2025-09-17,MIA,19,6,96.32
677955,FF,776253,2025-09-19,LAA,8,1,98.3
677955,FF,776241,2025-09-20,LAA,25,7,97.19
677955,FF,776212,2025-09-23,SEA,11,5,96.32
677955,FF,776166,2025-09-26,SF,33,8,96.8
677955,FF,776137,2025-09-28,SF,13,3,95.33
678020,FF,778482,2025-04-02,PHI,12,5,99.44
678020,FF,778456,2025-04-04,ATH,20,5,98.54
678020,FF,778379,2025-04-09,MIL,28,14,99.98
678020,FF,778371,2025-04-10,MIL,12,4,98.28
678020,FF,778302,2025-04-15,LAD,26,7,99.89
678020,FF,778235,2025-04-20,WSH,21,9,99.78
678020,FF,778215,2025-04-22,KC,11,4,99.98
678020,FF,778181,2025-04-25,CIN,11,7,99.74
678020,FF,778161,2025-04-26,CIN,8,4,100.0
678020,FF,778120,2025-04-29,ATL,12,6,99.75
678020,FF,778102,2025-04-30,ATL,15,8,100.58
678020,FF,778048,2025-05-04,SF,6,3,99.13
678020,FF,778013,2025-05-07,DET,24,10,100.26
678020,FF,777993,2025-05-09,SD,14,8,99.9
678020,FF,777955,2025-05-11,SD,10,6,100.75
678020,FF,777897,2025-05-16,AZ,21,8,100.6
678020,FF,777887,2025-05-17,AZ,14,10,100.61
678020,FF,777852,2025-05-19,PHI,19,8,100.45
678020,FF,777802,2025-05-23,NYY,13,9,100.84
678020,FF,777768,2025-05-25,NYY,15,9,99.67
678020,FF,777751,2025-05-27,CHC,8,4,99.18
678020,FF,777718,2025-05-30,NYM,11,6,99.52
678020,FF,777673,2025-06-02,MIA,17,11,101.36
678020,FF,777666,2025-06-03,MIA,15,10,100.41
678020,FF,777583,2025-06-08,NYM,18,9,100.57
678020,FF,777563,2025-06-10,SF,12,5,99.7
678020,FF,777534,2025-06-12,SF,13,9,99.12
678020,FF,777488,2025-06-16,WSH,15,13,100.04
678020,FF,777461,2025-06-18,WSH,14,8,101.26
678020,FF,777445,2025-06-19,WSH,4,1,99.5
678020,FF,777399,2025-06-22,AZ,12,6,100.88
678020,FF,777344,2025-06-26,LAD,8,2,100.25
678020,FF,777301,2025-06-29,MIL,29,15,101.11
678020,FF,777264,2025-07-03,HOU,26,15,101.27
678020,FF,777215,2025-07-06,CWS,12,10,100.16
678020,FF,777179,2025-07-09,BOS,22,13,97.85
678020,FF,777102,2025-07-18,MIN,17,14,100.92
678020,FF,777049,2025-07-22,STL,14,11,99.31
678020,FF,777020,2025-07-25,BAL,11,10,99.9
678020,FF,776968,2025-07-28,CLE,27,20,98.72
678020,FF,776904,2025-08-02,PIT,5,4,99.65
678821,FF,778467,2025-04-03,PHI,29,19,95.04
678821,FF,778423,2025-04-06,ATH,1,1,93.3
678821,FF,778379,2025-04-09,MIL,23,18,93.93
678821,FF,778361,2025-04-11,SD,13,12,94.95
678821,FF,778326,2025-04-14,LAD,38,25,94.08
678821,FF,778287,2025-04-16,LAD,36,26,94.33
678821,FF,778247,2025-04-19,WSH,27,16,93.87
678821,FF,776701,2025-08-17,AZ,12,9,94.27
678821,FF,776693,2025-08-18,LAD,14,8,95.42
678821,FF,776660,2025-08-20,LAD,10,8,94.86
678821,FF,776644,2025-08-21,LAD,17,9,94.57
678821,FF,776632,2025-08-23,PIT,22,16,95.06
678821,FF,776587,2025-08-26,HOU,19,14,95.14
678821,FF,776555,2025-08-28,HOU,13,7,94.63
678821,FF,776526,2025-08-30,CHC,17,13,95.27
678821,FF,776511,2025-08-31,CHC,19,14,94.89
678821,FF,776467,2025-09-03,SF,22,16,95.08
678821,FF,776417,2025-09-07,SD,37,27,94.81
678821,FF,776179,2025-09-25,SEA,28,22,94.61
678821,FF,776137,2025-09-28,SF,14,8,94.2
680767,FF,778456,2025-04-04,ATH,16,3,97.97
680767,FF,778423,2025-04-06,ATH,39,22,98.32
680767,FF,778379,2025-04-09,MIL,21,12,98.28
680767,FF,778330,2025-04-13,SD,19,11,98.91
680767,FF,778326,2025-04-14,LAD,11,7,97.84
680767,FF,778287,2025-04-16,LAD,26,13,97.88
680767,FF,777731,2025-05-28,CHC,18,9,99.16
680767,FF,777700,2025-05-31,NYM,16,10,98.16
680767,FF,777666,2025-06-03,MIA,10,6,98.98
680767,FF,777652,2025-06-04,MIA,17,9,98.42
680767,FF,777616,2025-06-06,NYM,18,13,98.78
680767,FF,777583,2025-06-08,NYM,36,19,98.24
680767,FF,777563,2025-06-10,SF,16,9,98.48
680767,FF,777535,2025-06-13,ATL,22,15,98.25
680767,FF,777488,2025-06-16,WSH,13,8,98.51
680767,FF,777480,2025-06-17,WSH,8,6,98.37
680767,FF,777445,2025-06-19,WSH,19,12,98.43
680767,FF,777410,2025-06-21,AZ,17,10,99.18
680767,FF,777399,2025-06-22,AZ,12,9,98.08
680767,FF,777344,2025-06-26,LAD,17,8,99.54
680767,FF,777301,2025-06-29,MIL,18,7,100.41
680767,FF,777285,2025-07-01,HOU,31,15,99.01
680767,FF,777264,2025-07-03,HOU,21,11,97.95
680767,FF,777215,2025-07-06,CWS,12,9,98.64
680767,FF,777160,2025-07-11,CIN,27,19,99.73
680767,FF,777140,2025-07-12,CIN,10,5,97.76
680767,FF,777102,2025-07-18,MIN,17,7,98.44
680767,FF,777049,2025-07-22,STL,18,10,98.51
680767,FF,776968,2025-07-28,CLE,29,15,99.21
680767,FF,776942,2025-07-30,CLE,19,11,98.67
680767,FF,776904,2025-08-02,PIT,19,9,99.81
680767,FF,776836,2025-08-06,TOR,24,15,98.58
680767,FF,776775,2025-08-12,STL,26,16,99.05
680767,FF,776758,2025-08-13,STL,10,6,97.33
680767,FF,776730,2025-08-15,AZ,12,8,99.28
680767,FF,776715,2025-08-16,AZ,12,8,99.31
680767,FF,776693,2025-08-18,LAD,13,7,98.59
680767,FF,776632,2025-08-23,PIT,22,10,99.65
680767,FF,776542,2025-08-29,CHC,8,5,98.04
680767,FF,776526,2025-08-30,CHC,17,10,98.93
680767,FF,776467,2025-09-03,SF,15,6,99.77
680767,FF,776442,2025-09-05,SD,16,11,99.53
680767,FF,776365,2025-09-11,SD,18,9,98.16
680767,FF,776357,2025-09-12,SD,21,10,98.72
680767,FF,776293,2025-09-16,MIA,10,4,96.58
680767,FF,776253,2025-09-19,LAA,21,14,97.99
680767,FF,776232,2025-09-21,LAA,17,10,97.81
680767,FF,776212,2025-09-23,SEA,12,6,98.85
680767,FF,776146,2025-09-27,SF,26,12,99.17
683409,FF,778482,2025-04-02,PHI,13,7,96.89
683409,FF,778456,2025-04-04,ATH,20,5,95.68
683409,FF,778394,2025-04-08,MIL,9,4,98.12
683409,FF,778379,2025-04-09,MIL,15,9,95.84
683409,FF,778361,2025-04-11,SD,35,14,97.06
683409,FF,778330,2025-04-13,SD,3,1,98.3
683409,FF,778287,2025-04-16,LAD,35,16,96.74
683409,FF,778235,2025-04-20,WSH,45,28,96.88
683409,FF,778181,2025-04-25,CIN,30,15,96.12
683409,FF,778137,2025-04-28,ATL,36,19,96.38
683409,FF,778098,2025-05-01,SF,10,3,96.9
683409,FF,778048,2025-05-04,SF,24,9,98.0
683409,FF,778004,2025-05-08,DET,39,19,96.62
683409,FF,777955,2025-05-11,SD,17,8,97.59
683409,FF,777918,2025-05-14,TEX,26,6,97.6
683409,FF,777887,2025-05-17,AZ,35,16,97.07
683409,FF,777823,2025-05-21,PHI,44,23,96.98
683409,FF,777782,2025-05-24,NYY,20,9,97.41
683409,FF,777379,2025-06-24,LAD,11,6,97.63
683409,FF,777344,2025-06-26,LAD,19,6,97.33
683409,FF,777321,2025-06-28,MIL,41,28,97.4
683409,FF,777285,2025-07-01,HOU,20,8,96.94
683409,FF,777269,2025-07-02,HOU,16,5,96.1
683409,FF,776951,2025-07-29,CLE,40,17,96.95
683409,FF,776919,2025-08-01,PIT,45,17,98.02
683409,FF,776886,2025-08-03,PIT,29,11,97.89
683409,FF,776854,2025-08-05,TOR,20,6,96.93
683409,FF,776836,2025-08-06,TOR,12,4,95.68
683409,FF,776637,2025-08-22,PIT,19,7,97.56
683409,FF,776610,2025-08-24,PIT,28,11,96.76
683409,FF,776571,2025-08-27,HOU,23,10,97.47
683409,FF,776511,2025-08-31,CHC,4,2,98.75
683409,FF,776486,2025-09-02,SF,34,12,97.82
683409,FF,776467,2025-09-03,SF,10,6,96.3
683409,FF,776431,2025-09-06,SD,29,18,96.51
683409,FF,776408,2025-09-08,LAD,19,6,97.87
683409,FF,776380,2025-09-10,LAD,13,6,97.4
683409,FF,776341,2025-09-13,SD,27,17,97.53
683409,FF,776277,2025-09-17,MIA,20,12,95.82
683409,FF,776241,2025-09-20,LAA,24,12,97.22
683409,FF,776194,2025-09-24,SEA,30,15,97.55
683627,FF,777918,2025-05-14,TEX,12,2,95.9
683627,FF,777523,2025-06-14,ATL,29,9,95.79
683627,FF,777480,2025-06-17,WSH,39,14,95.86
683627,FF,777430,2025-06-20,AZ,30,12,95.33
683627,FF,777358,2025-06-25,LAD,30,18,95.73
683627,FF,776854,2025-08-05,TOR,83,28,95.64
683627,FF,776742,2025-08-14,AZ,46,22,95.89
683627,FF,776701,2025-08-17,AZ,23,9,94.89
683627,FF,776671,2025-08-19,LAD,61,27,94.98
683627,FF,776637,2025-08-22,PIT,33,15,95.83
683627,FF,776492,2025-09-01,SF,58,29,95.22
683627,FF,776431,2025-09-06,SD,28,13,96.82
683627,FF,776417,2025-09-07,SD,12,7,95.5
683627,FF,776380,2025-09-10,LAD,38,19,96.05
683627,FF,776293,2025-09-16,MIA,31,16,95.66
683627,FF,776270,2025-09-18,MIA,22,14,95.66
683627,FF,776179,2025-09-25,SEA,33,16,95.59
685299,FF,778029,2025-05-08,DET,89,41,92.14
685299,FF,777802,2025-05-23,NYY,75,40,91.85
685299,FF,777731,2025-05-28,CHC,79,35,90.96
685299,FF,777028,2025-07-23,STL,96,46,91.98
685299,FF,776951,2025-07-29,CLE,71,46,91.27
685299,FF,776872,2025-08-04,TOR,67,35,92.43
685299,FF,776794,2025-08-10,AZ,77,42,92.6
685299,FF,776730,2025-08-15,AZ,78,40,92.73
685299,FF,776660,2025-08-20,LAD,92,48,92.54
685299,FF,776587,2025-08-26,HOU,93,48,92.89
685299,FF,776511,2025-08-31,CHC,81,43,92.38
685299,FF,776417,2025-09-07,SD,91,52,91.91
685299,FF,776357,2025-09-12,SD,88,55,93.1
685299,FF,776270,2025-09-18,MIA,97,53,92.11
685299,FF,776194,2025-09-24,SEA,70,33,92.87
685326,FF,776610,2025-08-24,PIT,75,41,94.42
685326,FF,776526,2025-08-30,CHC,84,45,93.5
685326,FF,776431,2025-09-06,SD,44,22,93.89
685326,FF,776365,2025-09-11,SD,81,48,94.34
685326,FF,776277,2025-09-17,MIA,74,48,93.68
685326,FF,776212,2025-09-23,SEA,81,49,95.74
685326,FF,776137,2025-09-28,SF,62,33,94.57
687134,FF,778442,2025-04-05,ATH,29,10,95.4
687134,FF,778148,2025-04-27,CIN,80,26,94.65
687134,FF,778069,2025-05-03,SF,75,25,94.25
687134,FF,777976,2025-05-10,SD,87,40,93.76
687134,FF,777140,2025-07-12,CIN,80,40,95.35
687134,FF,777049,2025-07-22,STL,73,40,94.41
687134,FF,776968,2025-07-28,CLE,84,41,93.88
687134,FF,776886,2025-08-03,PIT,93,47,94.44
687134,FF,776809,2025-08-09,AZ,96,49,95.54
687134,FF,776742,2025-08-14,AZ,79,44,94.31
687134,FF,776341,2025-09-13,SD,69,37,94.78
687134,FF,776253,2025-09-19,LAA,87,29,94.97
687134,FF,776179,2025-09-25,SEA,73,38,93.88
687223,FF,777897,2025-05-16,AZ,76,38,91.56
687223,FF,777823,2025-05-21,PHI,86,43,90.61
687223,FF,777757,2025-05-26,CHC,92,58,90.19
687223,FF,777686,2025-06-01,NYM,89,54,90.03
687223,FF,777563,2025-06-10,SF,97,41,89.33
687223,FF,777488,2025-06-16,WSH,89,43,89.72
687223,FF,777410,2025-06-21,AZ,62,34,89.88
687223,FF,776919,2025-08-01,PIT,64,32,91.02
687223,FF,776872,2025-08-04,TOR,50,27,91.79
688642,FF,778266,2025-04-20,WSH,13,3,97.03
688642,FF,778195,2025-04-24,KC,13,6,96.72
688642,FF,778181,2025-04-25,CIN,20,7,94.44
688642,FF,778148,2025-04-27,CIN,20,6,96.13
688642,FF,778102,2025-04-30,ATL,14,4,96.7
688642,FF,778098,2025-05-01,SF,11,1,94.6
688642,FF,778013,2025-05-07,DET,27,4,94.75
688642,FF,777993,2025-05-09,SD,23,5,96.0
688642,FF,777934,2025-05-13,TEX,23,2,95.05
688642,FF,777887,2025-05-17,AZ,20,9,95.88
688642,FF,777823,2025-05-21,PHI,6,1,95.3
688642,FF,777802,2025-05-23,NYY,13,1,96.6
688642,FF,777757,2025-05-26,CHC,5,1,95.1
688642,FF,777751,2025-05-27,CHC,8,1,94.9
688642,FF,777686,2025-06-01,NYM,14,1,95.5
688642,FF,777673,2025-06-02,MIA,11,1,96.3
688642,FF,777616,2025-06-06,NYM,26,5,96.0
688642,FF,777583,2025-06-08,NYM,23,12,96.66
688642,FF,777563,2025-06-10,SF,26,4,95.28
688642,FF,777547,2025-06-11,SF,22,5,95.8
688642,FF,777243,2025-07-04,CWS,31,13,96.29
688642,FF,777215,2025-07-06,CWS,22,9,95.39
688642,FF,777196,2025-07-08,BOS,23,6,95.35
688642,FF,777128,2025-07-13,CIN,17,6,95.88
688642,FF,777080,2025-07-19,MIN,21,11,96.28
688642,FF,777072,2025-07-20,MIN,9,3,95.63
688642,FF,777049,2025-07-22,STL,17,7,95.44
688642,FF,776999,2025-07-26,BAL,24,9,96.38
688642,FF,776179,2025-09-25,SEA,17,8,94.49
688642,FF,776137,2025-09-28,SF,8,4,95.32
699911,FF,776919,2025-08-01,PIT,17,9,94.32
699911,FF,776904,2025-08-02,PIT,9,5,92.48
699911,FF,776872,2025-08-04,TOR,24,14,93.7
699911,FF,776836,2025-08-06,TOR,11,5,94.54
699911,FF,776809,2025-08-09,AZ,14,9,93.37
699911,FF,776742,2025-08-14,AZ,21,11,93.67
699911,FF,776701,2025-08-17,AZ,21,11,93.47
699911,FF,776671,2025-08-19,LAD,21,12,93.66
699911,FF,776644,2025-08-21,LAD,35,22,93.66
801403,FF,778423,2025-04-06,ATH,79,34,97.77
801403,FF,778352,2025-04-12,SD,93,52,97.69
801403,FF,778247,2025-04-19,WSH,78,48,97.12
801403,FF,778195,2025-04-24,KC,92,44,97.82
801403,FF,778102,2025-04-30,ATL,88,42,97.44
801403,FF,778013,2025-05-07,DET,70,37,97.53
801403,FF,777949,2025-05-12,TEX,85,49,97.13
801403,FF,777870,2025-05-18,AZ,98,57,97.36
801403,FF,777666,2025-06-03,MIA,59,36,98.02
801403,FF,777583,2025-06-08,NYM,78,40,97.66
801403,FF,777523,2025-06-14,ATL,97,30,97.89
801403,FF,777445,2025-06-19,WSH,81,27,98.0
801403,FF,777358,2025-06-25,LAD,77,36,98.17
801403,FF,777285,2025-07-01,HOU,69,23,98.25
801403,FF,777215,2025-07-06,CWS,92,41,98.01
801403,FF,776783,2025-08-11,STL,92,52,98.52
801403,FF,776715,2025-08-16,AZ,95,42,98.49
801403,FF,776644,2025-08-21,LAD,97,38,98.81
801403,FF,776571,2025-08-27,HOU,98,43,98.63
801403,FF,776492,2025-09-01,SF,84,45,98.5
801403,FF,776408,2025-09-08,LAD,76,51,98.55
527048,FF,778433,2025-04-06,DET,82,7,88.77
527048,FF,778349,2025-04-12,BOS,91,2,88.05
527048,FF,778275,2025-04-18,BOS,52,1,88.2
527048,FF,776754,2025-08-13,DET,66,1,91.1
527048,FF,776669,2025-08-20,ATL,74,8,89.7
527048,FF,776583,2025-08-26,KC,85,3,90.4
527048,FF,776435,2025-09-06,DET,89,3,90.2
527048,FF,776361,2025-09-12,CLE,96,7,90.21
592155,FF,778474,2025-04-02,MIN,17,5,97.42
592155,FF,778445,2025-04-05,DET,20,8,96.49
592155,FF,778433,2025-04-06,DET,4,2,96.5
592155,FF,778366,2025-04-11,BOS,22,13,96.19
592155,FF,778338,2025-04-13,BOS,10,7,97.59
592155,FF,778264,2025-04-19,BOS,21,11,97.37
592155,FF,778245,2025-04-20,BOS,11,7,96.51
592155,FF,778201,2025-04-23,MIN,18,10,96.67
592155,FF,778149,2025-04-27,ATH,7,5,96.92
592155,FF,778111,2025-04-30,MIL,22,10,94.29
592155,FF,778079,2025-05-02,HOU,13,8,94.28
592155,FF,778043,2025-05-05,KC,13,9,96.01
592155,FF,778033,2025-05-06,KC,20,14,95.02
592155,FF,777991,2025-05-09,MIA,7,3,95.33
592155,FF,777945,2025-05-13,CIN,13,4,96.62
592155,FF,777881,2025-05-17,CHC,7,2,94.45
592155,FF,777857,2025-05-19,SEA,14,6,96.18
592155,FF,777846,2025-05-20,SEA,14,10,95.77
592155,FF,777805,2025-05-23,TEX,10,8,94.76
592155,FF,777777,2025-05-25,TEX,12,9,95.38
592155,FF,777758,2025-05-26,NYM,19,8,97.24
592155,FF,777661,2025-06-03,DET,19,8,95.41
592155,FF,777634,2025-06-05,DET,30,15,95.63
592155,FF,777606,2025-06-07,KC,13,7,94.5
592155,FF,777508,2025-06-14,TEX,11,7,93.94
592155,FF,777493,2025-06-15,TEX,14,4,95.05
592155,FF,777447,2025-06-19,STL,27,10,94.91
592155,FF,776798,2025-08-10,CLE,10,5,93.5
592155,FF,776556,2025-08-28,NYY,15,5,94.74
592155,FF,776514,2025-08-31,NYY,20,4,94.68
592155,FF,776502,2025-09-01,MIN,21,10,94.0
592155,FF,776250,2025-09-20,SD,21,6,92.85
592155,FF,776199,2025-09-24,NYY,21,6,94.62
592155,FF,776184,2025-09-25,NYY,5,2,94.7
592155,FF,776160,2025-09-27,WSH,6,1,93.1
612434,FF,777900,2025-05-16,CHC,24,11,95.87
612434,FF,777872,2025-05-18,CHC,26,11,95.24
612434,FF,777830,2025-05-21,SEA,11,5,94.82
612434,FF,777792,2025-05-24,TEX,12,8,95.04
612434,FF,777777,2025-05-25,TEX,13,6,94.52
612434,FF,777737,2025-05-28,NYM,19,9,94.59
621051,FF,778283,2025-04-17,ATH,11,2,93.2
621051,FF,778264,2025-04-19,BOS,18,5,94.78
621051,FF,778245,2025-04-20,BOS,24,8,93.0
621051,FF,778201,2025-04-23,MIN,17,4,93.22
621051,FF,778149,2025-04-27,ATH,15,3,94.1
621051,FF,778111,2025-04-30,MIL,19,6,93.42
621051,FF,778079,2025-05-02,HOU,12,5,93.72
621051,FF,778033,2025-05-06,KC,26,10,93.44
621051,FF,777991,2025-05-09,MIA,26,6,93.88
621051,FF,777978,2025-05-10,MIA,13,4,91.75
621051,FF,777945,2025-05-13,CIN,18,7,94.91
621051,FF,777872,2025-05-18,CHC,16,5,94.9
621051,FF,777846,2025-05-20,SEA,16,11,93.15
621051,FF,777830,2025-05-21,SEA,14,7,92.53
621051,FF,777805,2025-05-23,TEX,17,6,93.88
621051,FF,777758,2025-05-26,NYM,12,4,92.8
621051,FF,777639,2025-06-04,DET,28,9,93.6
621051,FF,777634,2025-06-05,DET,9,2,94.1
621051,FF,777606,2025-06-07,KC,23,7,94.61
621051,FF,777567,2025-06-10,HOU,21,4,94.7
621051,FF,777508,2025-06-14,TEX,21,7,93.07
621051,FF,777493,2025-06-15,TEX,13,5,92.16
621051,FF,777447,2025-06-19,STL,24,5,93.24
621051,FF,777383,2025-06-24,AZ,12,3,93.63
621051,FF,777370,2025-06-25,AZ,19,5,93.12
621051,FF,777280,2025-07-01,LAD,18,8,94.16
621051,FF,777267,2025-07-02,LAD,8,1,95.4
621051,FF,777232,2025-07-05,COL,12,3,94.37
621051,FF,777138,2025-07-12,CLE,33,11,92.82
621051,FF,777090,2025-07-19,PIT,16,4,93.98
621051,FF,777059,2025-07-21,TB,19,8,93.29
621051,FF,777030,2025-07-23,TB,19,6,93.18
621051,FF,777017,2025-07-25,CHC,28,9,93.67
621051,FF,776972,2025-07-28,PHI,11,3,94.33
621051,FF,776939,2025-07-30,PHI,16,7,93.63
621051,FF,776916,2025-08-01,LAA,23,6,93.77
621051,FF,776885,2025-08-03,LAA,14,1,93.2
621051,FF,776841,2025-08-06,SEA,9,2,94.25
621051,FF,776830,2025-08-07,SEA,12,2,93.2
621051,FF,776781,2025-08-11,DET,17,7,93.76
621051,FF,776754,2025-08-13,DET,6,2,93.7
621051,FF,776728,2025-08-15,KC,13,5,93.96
621051,FF,776702,2025-08-17,KC,19,7,94.56
621051,FF,776687,2025-08-19,ATL,10,3,93.33
621051,FF,776583,2025-08-26,KC,12,6,94.67
621051,FF,776556,2025-08-28,NYY,17,7,94.81
621051,FF,776514,2025-08-31,NYY,16,4,95.7
621051,FF,776502,2025-09-01,MIN,11,4,94.02
621051,FF,776462,2025-09-04,MIN,28,14,94.04
621051,FF,776435,2025-09-06,DET,17,6,94.1
621051,FF,776388,2025-09-09,TB,14,6,94.08
621051,FF,776361,2025-09-12,CLE,23,10,94.23
621051,FF,776314,2025-09-15,BAL,16,8,94.4
621051,FF,776285,2025-09-17,BAL,25,8,94.56
621051,FF,776250,2025-09-20,SD,19,9,94.88
621051,FF,776216,2025-09-23,NYY,9,3,95.17
621051,FF,776160,2025-09-27,WSH,13,5,94.92
656186,FF,777720,2025-05-30,BAL,15,4,96.95
656186,FF,777699,2025-05-31,BAL,18,3,94.6
656186,FF,777661,2025-06-03,DET,13,7,94.2
656186,FF,777634,2025-06-05,DET,17,9,95.03
656186,FF,777606,2025-06-07,KC,15,11,95.48
656186,FF,777546,2025-06-12,HOU,9,3,96.17
656186,FF,777524,2025-06-13,TEX,17,4,95.82
656186,FF,777493,2025-06-15,TEX,25,11,95.24
656186,FF,777458,2025-06-19,STL,10,5,96.7
656186,FF,777435,2025-06-20,TOR,13,2,96.2
656186,FF,777393,2025-06-23,AZ,25,6,95.98
656186,FF,777338,2025-06-27,SF,17,3,96.83
656186,FF,777311,2025-06-29,SF,22,2,96.0
656186,FF,777253,2025-07-03,LAD,18,2,96.85
656186,FF,777188,2025-07-08,TOR,17,2,97.0
656186,FF,777164,2025-07-11,CLE,22,3,95.33
656186,FF,777120,2025-07-13,CLE,19,2,95.95
656186,FF,777107,2025-07-18,PIT,13,1,98.4
656186,FF,777074,2025-07-20,PIT,10,1,97.3
656186,FF,777059,2025-07-21,TB,10,3,96.53
656186,FF,777030,2025-07-23,TB,17,5,96.84
656186,FF,776994,2025-07-26,CHC,25,8,96.46
656186,FF,776952,2025-07-29,PHI,21,7,96.86
656186,FF,776916,2025-08-01,LAA,21,5,97.66
656186,FF,776452,2025-09-05,DET,18,2,95.2
656186,FF,776435,2025-09-06,DET,14,9,96.0
656186,FF,776388,2025-09-09,TB,9,1,99.4
656457,FF,778402,2025-04-08,CLE,28,7,89.31
656457,FF,778338,2025-04-13,BOS,3,1,88.4
656457,FF,778294,2025-04-16,ATH,17,2,88.95
656457,FF,778275,2025-04-18,BOS,29,1,89.0
656457,FF,778178,2025-04-25,ATH,12,1,91.3
656457,FF,778125,2025-04-29,MIL,36,1,90.9
656457,FF,778012,2025-05-07,KC,13,2,90.9
656457,FF,777978,2025-05-10,MIA,22,8,90.29
656457,FF,777966,2025-05-11,MIA,12,2,89.7
656457,FF,777524,2025-06-13,TEX,32,1,90.5
656457,FF,777458,2025-06-19,STL,20,1,90.5
656457,FF,777435,2025-06-20,TOR,13,1,90.7
656457,FF,777393,2025-06-23,AZ,24,5,91.72
656457,FF,777338,2025-06-27,SF,13,1,88.4
656457,FF,777311,2025-06-29,SF,22,4,89.62
656457,FF,777253,2025-07-03,LAD,23,5,89.64
656457,FF,777188,2025-07-08,TOR,34,5,91.16
656457,FF,777146,2025-07-11,CLE,8,3,91.93
656457,FF,777138,2025-07-12,CLE,29,4,92.0
656457,FF,777090,2025-07-19,PIT,6,1,91.7
656457,FF,777030,2025-07-23,TB,10,1,88.4
656457,FF,777017,2025-07-25,CHC,15,1,89.7
656457,FF,776994,2025-07-26,CHC,13,1,89.4
656457,FF,776952,2025-07-29,PHI,20,2,88.55
656457,FF,776814,2025-08-09,CLE,26,2,89.5
656457,FF,776773,2025-08-12,DET,29,2,90.15
656457,FF,776687,2025-08-19,ATL,10,1,89.4
656457,FF,776639,2025-08-22,MIN,14,4,91.12
656457,FF,776599,2025-08-25,KC,22,8,90.79
656457,FF,776569,2025-08-27,KC,22,4,90.85
656457,FF,776452,2025-09-05,DET,42,3,89.87
656457,FF,776348,2025-09-13,CLE,23,1,90.8
656457,FF,776314,2025-09-15,BAL,10,1,92.7
656457,FF,776216,2025-09-23,NYY,9,4,91.05
656457,FF,776184,2025-09-25,NYY,39,6,91.88
656457,FF,776160,2025-09-27,WSH,27,5,90.98
663436,FF,778445,2025-04-05,DET,88,25,92.44
663436,FF,778366,2025-04-11,BOS,89,31,92.72
663436,FF,778283,2025-04-17,ATH,90,23,92.67
663436,FF,778216,2025-04-22,MIN,88,33,93.64
663436,FF,778149,2025-04-27,ATH,73,19,93.03
663436,FF,778066,2025-05-03,HOU,88,24,93.49
663436,FF,778008,2025-05-08,KC,86,32,94.25
663436,FF,777928,2025-05-14,CIN,94,25,94.94
663436,FF,777857,2025-05-19,SEA,92,24,93.35
663436,FF,777777,2025-05-25,TEX,100,34,93.54
663436,FF,777699,2025-05-31,BAL,82,28,94.07
663436,FF,777618,2025-06-06,KC,92,41,93.7
663436,FF,777546,2025-06-12,HOU,100,30,93.51
663436,FF,777048,2025-07-22,TB,76,27,93.85
663436,FF,776972,2025-07-28,PHI,94,31,94.59
663436,FF,776857,2025-08-05,SEA,93,34,94.59
663436,FF,776798,2025-08-10,CLE,96,42,94.23
663436,FF,776702,2025-08-17,KC,87,24,94.42
663436,FF,776619,2025-08-23,MIN,93,27,94.37
663436,FF,776556,2025-08-28,NYY,81,32,94.15
663436,FF,776484,2025-09-02,MIN,90,39,94.19
663436,FF,776425,2025-09-07,DET,97,29,93.97
663436,FF,776348,2025-09-13,CLE,85,30,94.65
663436,FF,776264,2025-09-19,SD,77,24,94.48
663436,FF,776184,2025-09-25,NYY,85,34,94.73
669060,FF,778458,2025-04-04,DET,64,15,90.97
669060,FF,778378,2025-04-10,CLE,19,1,92.8
669060,FF,778338,2025-04-13,BOS,25,7,92.41
669060,FF,778283,2025-04-17,ATH,21,1,92.4
669060,FF,778275,2025-04-18,BOS,18,1,91.4
669060,FF,778201,2025-04-23,MIN,55,6,93.07
669060,FF,778125,2025-04-29,MIL,58,5,93.0
669060,FF,778055,2025-05-04,HOU,89,10,92.47
669060,FF,777991,2025-05-09,MIA,82,13,92.32
669060,FF,777912,2025-05-15,CIN,90,11,92.47
669060,FF,777792,2025-05-24,TEX,95,26,93.4
669060,FF,777737,2025-05-28,NYM,5,2,92.1
669060,FF,777674,2025-06-02,DET,80,18,92.44
669060,FF,777618,2025-06-06,KC,13,4,93.7
669060,FF,777590,2025-06-08,KC,41,14,93.28
669060,FF,776484,2025-09-02,MIN,21,9,92.2
669391,FF,777550,2025-06-11,HOU,71,21,92.68
669391,FF,777458,2025-06-19,STL,30,11,92.12
669391,FF,776696,2025-08-18,ATL,18,6,91.4
673929,FF,778490,2025-04-01,MIN,20,8,95.05
673929,FF,778445,2025-04-05,DET,21,12,95.73
673929,FF,778433,2025-04-06,DET,10,4,95.9
673929,FF,778349,2025-04-12,BOS,22,16,96.66
673929,FF,778294,2025-04-16,ATH,20,11,95.57
673929,FF,778275,2025-04-18,BOS,10,4,96.05
673929,FF,778264,2025-04-19,BOS,14,9,96.79
673929,FF,778201,2025-04-23,MIN,13,5,96.68
673929,FF,778189,2025-04-24,MIN,22,11,94.88
673929,FF,778149,2025-04-27,ATH,6,4,98.25
673929,FF,778111,2025-04-30,MIL,9,4,95.85
673929,FF,778079,2025-05-02,HOU,25,9,96.13
673929,FF,778033,2025-05-06,KC,3,1,96.9
673929,FF,777991,2025-05-09,MIA,12,6,97.05
673929,FF,777978,2025-05-10,MIA,14,11,96.2
673929,FF,777945,2025-05-13,CIN,22,14,96.41
673929,FF,777928,2025-05-14,CIN,5,2,96.75
673929,FF,777846,2025-05-20,SEA,21,15,96.95
673929,FF,777830,2025-05-21,SEA,12,2,94.5
673929,FF,777805,2025-05-23,TEX,14,12,95.95
673929,FF,777777,2025-05-25,TEX,27,12,96.25
673929,FF,777699,2025-05-31,BAL,16,9,96.61
673929,FF,777661,2025-06-03,DET,16,9,95.87
673929,FF,777639,2025-06-04,DET,18,10,97.5
673929,FF,777618,2025-06-06,KC,21,13,97.02
673929,FF,777590,2025-06-08,KC,17,5,96.82
673929,FF,777508,2025-06-14,TEX,23,16,97.02
673929,FF,777467,2025-06-17,STL,26,17,95.37
673929,FF,777458,2025-06-19,STL,11,9,96.33
673929,FF,777408,2025-06-22,TOR,18,9,96.04
673929,FF,777383,2025-06-24,AZ,18,10,95.24
673929,FF,777311,2025-06-29,SF,22,11,94.98
673929,FF,777232,2025-07-05,COL,27,10,96.72
673929,FF,777172,2025-07-09,TOR,16,10,96.7
673929,FF,777146,2025-07-11,CLE,14,7,96.47
673929,FF,777138,2025-07-12,CLE,21,9,95.56
673929,FF,777090,2025-07-19,PIT,14,10,97.31
673929,FF,777059,2025-07-21,TB,14,6,96.2
673929,FF,777030,2025-07-23,TB,14,9,95.31
673929,FF,776994,2025-07-26,CHC,17,8,96.21
673929,FF,776972,2025-07-28,PHI,27,15,95.26
673929,FF,776916,2025-08-01,LAA,21,8,96.08
673929,FF,776898,2025-08-02,LAA,9,3,96.33
673929,FF,776830,2025-08-07,SEA,19,7,95.49
673929,FF,776814,2025-08-09,CLE,17,10,94.8
673929,FF,776798,2025-08-10,CLE,15,9,95.52
673929,FF,776773,2025-08-12,DET,5,2,96.7
673929,FF,776702,2025-08-17,KC,9,6,95.93
673929,FF,776696,2025-08-18,ATL,19,14,97.24
673929,FF,776669,2025-08-20,ATL,7,5,96.34
673929,FF,776619,2025-08-23,MIN,16,8,97.51
673929,FF,776583,2025-08-26,KC,26,20,96.18
673929,FF,776544,2025-08-29,NYY,14,9,96.56
673929,FF,776529,2025-08-30,NYY,17,8,96.48
673929,FF,776502,2025-09-01,MIN,14,8,97.21
673929,FF,776469,2025-09-03,MIN,17,6,96.55
673929,FF,776452,2025-09-05,DET,25,14,96.06
673929,FF,776425,2025-09-07,DET,22,14,96.26
673929,FF,776378,2025-09-10,TB,10,6,96.05
673929,FF,776364,2025-09-11,TB,13,8,96.59
673929,FF,776285,2025-09-17,BAL,19,9,95.91
673929,FF,776264,2025-09-19,SD,18,12,96.03
673929,FF,776235,2025-09-21,SD,7,4,97.08
673929,FF,776216,2025-09-23,NYY,15,11,96.73
673929,FF,776165,2025-09-26,WSH,22,9,96.07
673929,FF,776143,2025-09-28,WSH,12,6,96.45
678024,FF,778474,2025-04-02,MIN,25,3,93.43
678024,FF,778391,2025-04-09,CLE,46,6,92.78
678024,FF,778349,2025-04-12,BOS,35,5,93.82
678024,FF,778294,2025-04-16,ATH,29,3,92.17
678024,FF,778216,2025-04-22,MIN,53,7,92.91
678024,FF,778125,2025-04-29,MIL,28,4,92.9
678024,FF,778094,2025-05-01,MIL,12,2,94.4
678024,FF,778055,2025-05-04,HOU,31,2,94.05
678024,FF,778008,2025-05-08,KC,40,6,93.42
678024,FF,777928,2025-05-14,CIN,11,2,95.5
678024,FF,777881,2025-05-17,CHC,46,10,94.76
678024,FF,777792,2025-05-24,TEX,37,5,95.34
678024,FF,777737,2025-05-28,NYM,41,7,96.0
678024,FF,777639,2025-06-04,DET,58,14,94.82
678024,FF,777590,2025-06-08,KC,50,5,94.7
678024,FF,777508,2025-06-14,TEX,71,16,94.53
678024,FF,777458,2025-06-19,STL,72,16,95.17
678024,FF,777383,2025-06-24,AZ,67,7,95.76
678024,FF,777215,2025-07-06,COL,51,9,94.84
678024,FF,777146,2025-07-11,CLE,50,2,94.85
678024,FF,777074,2025-07-20,PIT,16,2,96.3
678024,FF,777048,2025-07-22,TB,11,3,94.97
678024,FF,776989,2025-07-27,CHC,34,1,94.5
678024,FF,776939,2025-07-30,PHI,55,8,94.48
678024,FF,776885,2025-08-03,LAA,32,3,95.73
678024,FF,776857,2025-08-05,SEA,20,1,95.5
678024,FF,776833,2025-08-08,CLE,61,17,94.08
678024,FF,776773,2025-08-12,DET,57,8,95.66
678024,FF,776712,2025-08-16,KC,27,7,94.01
678024,FF,776696,2025-08-18,ATL,22,4,94.82
678024,FF,776669,2025-08-20,ATL,19,2,96.25
678024,FF,776607,2025-08-24,MIN,36,5,95.34
678024,FF,776569,2025-08-27,KC,32,7,94.87
678024,FF,776544,2025-08-29,NYY,35,3,94.8
678024,FF,776514,2025-08-31,NYY,12,2,96.2
678024,FF,776469,2025-09-03,MIN,27,2,92.45
678024,FF,776425,2025-09-07,DET,8,1,95.9
678024,FF,776378,2025-09-10,TB,13,2,96.4
678024,FF,776314,2025-09-15,BAL,49,3,94.53
678024,FF,776235,2025-09-21,SD,42,6,95.0
678024,FF,776184,2025-09-25,NYY,31,8,94.88
678024,FF,776160,2025-09-27,WSH,24,3,93.67
680732,FF,778474,2025-04-02,MIN,77,25,94.96
680732,FF,778391,2025-04-09,CLE,79,35,93.83
680732,FF,778309,2025-04-15,ATH,69,21,93.4
680732,FF,778245,2025-04-20,BOS,94,39,94.15
680732,FF,778178,2025-04-25,ATH,86,34,94.24
680732,FF,778094,2025-05-01,MIL,94,40,93.94
680732,FF,778033,2025-05-06,KC,78,40,93.57
680732,FF,777966,2025-05-11,MIA,91,45,94.23
680732,FF,777881,2025-05-17,CHC,97,40,93.8
680732,FF,777805,2025-05-23,TEX,89,37,93.12
680732,FF,777720,2025-05-30,BAL,90,39,94.95
680732,FF,777634,2025-06-05,DET,96,35,93.67
680732,FF,777550,2025-06-11,HOU,73,25,94.48
680732,FF,777447,2025-06-19,STL,100,44,94.61
680732,FF,777370,2025-06-25,AZ,83,31,95.36
680732,FF,777267,2025-07-02,LAD,88,34,95.15
680732,FF,777212,2025-07-07,TOR,85,34,94.02
680732,FF,777138,2025-07-12,CLE,97,50,93.3
680732,FF,777059,2025-07-21,TB,89,47,93.58
680732,FF,776989,2025-07-27,CHC,91,33,95.15
680732,FF,776885,2025-08-03,LAA,84,40,95.14
680732,FF,776814,2025-08-09,CLE,88,46,94.49
680732,FF,776712,2025-08-16,KC,85,39,94.34
680732,FF,776378,2025-09-10,TB,68,39,95.53
680732,FF,776314,2025-09-15,BAL,89,42,95.35
680732,FF,776235,2025-09-21,SD,63,33,95.82
680732,FF,776160,2025-09-27,WSH,79,30,97.0
681343,FF,778490,2025-04-01,MIN,73,30,95.05
681343,FF,778402,2025-04-08,CLE,83,36,94.14
681343,FF,778338,2025-04-13,BOS,46,21,93.1
681343,FF,778264,2025-04-19,BOS,73,37,96.44
681343,FF,778189,2025-04-24,MIN,82,29,94.5
681343,FF,778111,2025-04-30,MIL,80,28,94.3
681343,FF,778043,2025-05-05,KC,91,44,95.95
681343,FF,777978,2025-05-10,MIA,87,40,94.93
681343,FF,777900,2025-05-16,CHC,89,39,95.43
681343,FF,777830,2025-05-21,SEA,87,34,93.7
681343,FF,777737,2025-05-28,NYM,86,40,95.37
681343,FF,777661,2025-06-03,DET,75,37,96.56
681343,FF,777567,2025-06-10,HOU,89,37,96.22
681343,FF,777467,2025-06-17,STL,87,48,95.49
681343,FF,777393,2025-06-23,AZ,64,28,95.65
681343,FF,777280,2025-07-01,LAD,97,40,95.96
681343,FF,777215,2025-07-06,COL,71,14,96.04
681343,FF,777164,2025-07-11,CLE,46,28,95.18
681343,FF,776916,2025-08-01,LAA,79,34,95.94
681343,FF,776830,2025-08-07,SEA,78,32,96.2
681343,FF,776754,2025-08-13,DET,92,36,95.59
681343,FF,776687,2025-08-19,ATL,101,40,95.87
681343,FF,776599,2025-08-25,KC,80,43,95.94
681343,FF,776529,2025-08-30,NYY,97,48,96.19
681343,FF,776452,2025-09-05,DET,91,48,95.82
681343,FF,776364,2025-09-11,TB,98,50,96.22
681343,FF,776306,2025-09-16,BAL,88,55,96.22
681343,FF,776216,2025-09-23,NYY,93,54,96.79
681343,FF,776143,2025-09-28,WSH,73,23,96.64
682171,FF,778490,2025-04-01,MIN,10,4,88.7
682171,FF,778433,2025-04-06,DET,19,6,88.65
682171,FF,778391,2025-04-09,CLE,10,5,87.88
682171,FF,778366,2025-04-11,BOS,20,6,87.72
682171,FF,778309,2025-04-15,ATH,18,4,88.72
682171,FF,778275,2025-04-18,BOS,33,13,88.16
682171,FF,778238,2025-04-21,BOS,17,5,87.14
682171,FF,778201,2025-04-23,MIN,19,8,88.74
682171,FF,778178,2025-04-25,ATH,12,3,88.47
682171,FF,778165,2025-04-26,ATH,1,1,87.4
682171,FF,778125,2025-04-29,MIL,22,7,87.61
682171,FF,778066,2025-05-03,HOU,14,7,87.73
682790,FF,777435,2025-06-20,TOR,37,18,95.2
682790,FF,777393,2025-06-23,AZ,48,22,94.91
682790,FF,777090,2025-07-19,PIT,15,9,95.8
682790,FF,776833,2025-08-08,CLE,21,13,94.68
682790,FF,776814,2025-08-09,CLE,13,9,94.17
682790,FF,776639,2025-08-22,MIN,28,16,95.66
682790,FF,776607,2025-08-24,MIN,12,8,95.65
682790,FF,776556,2025-08-28,NYY,30,20,95.66
682790,FF,776514,2025-08-31,NYY,13,6,96.4
682790,FF,776502,2025-09-01,MIN,26,16,95.3
682790,FF,776462,2025-09-04,MIN,23,12,95.98
682790,FF,776435,2025-09-06,DET,29,12,94.21
682790,FF,776378,2025-09-10,TB,10,8,95.02
682790,FF,776331,2025-09-14,CLE,19,11,94.24
682790,FF,776306,2025-09-16,BAL,27,16,94.56
682790,FF,776250,2025-09-20,SD,17,10,94.6
685126,FF,778490,2025-04-01,MIN,9,1,87.2
685126,FF,778458,2025-04-04,DET,25,1,89.3
685126,FF,778366,2025-04-11,BOS,19,8,88.48
685126,FF,778309,2025-04-15,ATH,23,5,90.26
685126,FF,778283,2025-04-17,ATH,29,3,89.33
685126,FF,778245,2025-04-20,BOS,23,6,89.05
685126,FF,778201,2025-04-23,MIN,22,4,90.6
685126,FF,778189,2025-04-24,MIN,14,4,88.92
685126,FF,778149,2025-04-27,ATH,13,4,91.25
685126,FF,778125,2025-04-29,MIL,20,2,91.95
685126,FF,778094,2025-05-01,MIL,11,6,89.92
685126,FF,778043,2025-05-05,KC,18,5,89.62
685126,FF,777991,2025-05-09,MIA,16,3,89.4
685126,FF,777978,2025-05-10,MIA,15,6,89.85
685126,FF,777945,2025-05-13,CIN,9,3,89.47
685126,FF,777928,2025-05-14,CIN,13,3,90.53
685126,FF,777900,2025-05-16,CHC,8,1,89.0
685126,FF,777872,2025-05-18,CHC,15,9,90.57
685126,FF,777846,2025-05-20,SEA,16,6,89.88
685126,FF,777830,2025-05-21,SEA,25,7,89.41
685126,FF,777792,2025-05-24,TEX,18,4,90.2
685126,FF,777758,2025-05-26,NYM,17,3,90.27
685126,FF,777737,2025-05-28,NYM,17,4,89.92
685126,FF,777684,2025-06-01,BAL,18,5,89.7
685126,FF,777661,2025-06-03,DET,14,7,90.64
685126,FF,777639,2025-06-04,DET,19,6,89.58
685126,FF,777618,2025-06-06,KC,17,3,89.8
685126,FF,777567,2025-06-10,HOU,10,2,91.4
685126,FF,777508,2025-06-14,TEX,9,1,89.1
685126,FF,777493,2025-06-15,TEX,6,2,89.7
685126,FF,777467,2025-06-17,STL,23,6,90.45
685126,FF,777447,2025-06-19,STL,14,4,89.38
685126,FF,777408,2025-06-22,TOR,12,3,91.27
685126,FF,777383,2025-06-24,AZ,26,7,89.29
685126,FF,777311,2025-06-29,SF,17,6,89.33
685126,FF,777267,2025-07-02,LAD,18,4,91.28
685126,FF,777232,2025-07-05,COL,17,4,90.57
685126,FF,777212,2025-07-07,TOR,19,4,89.12
685126,FF,777146,2025-07-11,CLE,19,6,90.37
685126,FF,777120,2025-07-13,CLE,21,8,90.46
685126,FF,777090,2025-07-19,PIT,8,3,89.4
685126,FF,777059,2025-07-21,TB,19,6,88.78
685126,FF,777030,2025-07-23,TB,15,8,88.86
685126,FF,776994,2025-07-26,CHC,24,8,90.52
685126,FF,776989,2025-07-27,CHC,12,5,88.58
685126,FF,776939,2025-07-30,PHI,8,3,89.7
685126,FF,776898,2025-08-02,LAA,18,9,88.58
685126,FF,776841,2025-08-06,SEA,28,11,90.11
685126,FF,776830,2025-08-07,SEA,8,2,89.45
685126,FF,776798,2025-08-10,CLE,20,10,90.0
685126,FF,776781,2025-08-11,DET,25,13,89.35
685126,FF,776728,2025-08-15,KC,15,6,88.17
685126,FF,776696,2025-08-18,ATL,15,4,90.15
685126,FF,776669,2025-08-20,ATL,6,3,87.33
685126,FF,776639,2025-08-22,MIN,25,7,89.47
685126,FF,776607,2025-08-24,MIN,24,7,89.83
685126,FF,776544,2025-08-29,NYY,15,6,89.35
685126,FF,776529,2025-08-30,NYY,16,10,89.04
685126,FF,776502,2025-09-01,MIN,22,10,89.15
685126,FF,776469,2025-09-03,MIN,16,6,89.35
685126,FF,776425,2025-09-07,DET,19,7,90.01
685126,FF,776378,2025-09-10,TB,21,7,90.11
685126,FF,776364,2025-09-11,TB,21,12,90.14
685126,FF,776331,2025-09-14,CLE,25,9,89.52
685126,FF,776306,2025-09-16,BAL,14,6,88.8
685126,FF,776285,2025-09-17,BAL,20,4,90.68
685126,FF,776264,2025-09-19,SD,5,1,90.3
685126,FF,776235,2025-09-21,SD,12,3,88.7
685126,FF,776216,2025-09-23,NYY,18,10,90.14
685126,FF,776165,2025-09-26,WSH,12,5,89.76
685126,FF,776160,2025-09-27,WSH,15,6,89.5
686563,FF,778458,2025-04-04,DET,88,13,93.16
686563,FF,778378,2025-04-10,CLE,102,18,93.69
686563,FF,778294,2025-04-16,ATH,88,12,93.44
686563,FF,778238,2025-04-21,BOS,90,17,94.15
686563,FF,778165,2025-04-26,ATH,95,14,93.33
686563,FF,778079,2025-05-02,HOU,92,11,94.0
686563,FF,778012,2025-05-07,KC,90,23,93.07
686563,FF,777945,2025-05-13,CIN,96,7,92.94
686563,FF,777872,2025-05-18,CHC,88,14,92.77
686563,FF,777749,2025-05-27,NYM,94,7,91.74
686563,FF,777674,2025-06-02,DET,85,26,91.82
686563,FF,777311,2025-06-29,SF,69,6,93.12
686563,FF,777232,2025-07-05,COL,78,12,94.56
686563,FF,777146,2025-07-11,CLE,87,18,93.96
686563,FF,777107,2025-07-18,PIT,86,8,94.59
686563,FF,777030,2025-07-23,TB,90,31,93.82
686563,FF,776952,2025-07-29,PHI,87,19,93.98
686563,FF,776841,2025-08-06,SEA,59,16,94.02
686563,FF,776462,2025-09-04,MIN,57,14,95.26
686563,FF,776199,2025-09-24,NYY,75,23,95.82
686563,FF,776143,2025-09-28,WSH,12,1,95.8
686642,FF,778490,2025-04-01,MIN,24,11,94.03
686642,FF,778445,2025-04-05,DET,12,6,93.78
686642,FF,778433,2025-04-06,DET,18,6,94.13
686642,FF,778391,2025-04-09,CLE,14,8,94.85
686642,FF,778111,2025-04-30,MIL,9,6,93.82
686642,FF,778066,2025-05-03,HOU,25,10,94.4
686642,FF,777164,2025-07-11,CLE,9,4,94.62
686642,FF,776502,2025-09-01,MIN,35,15,96.29
686642,FF,776462,2025-09-04,MIN,25,15,95.65
686642,FF,776388,2025-09-09,TB,17,6,95.08
686642,FF,776378,2025-09-10,TB,10,5,94.38
686642,FF,776348,2025-09-13,CLE,12,4,94.48
686642,FF,776331,2025-09-14,CLE,11,9,95.13
686642,FF,776306,2025-09-16,BAL,35,17,94.97
686642,FF,776250,2025-09-20,SD,26,14,94.19
686642,FF,776199,2025-09-24,NYY,30,22,95.7
686642,FF,776165,2025-09-26,WSH,5,3,95.57
691799,FF,777567,2025-06-10,HOU,12,7,100.49
691799,FF,777546,2025-06-12,HOU,16,8,98.95
691799,FF,777508,2025-06-14,TEX,30,16,98.64
691799,FF,777447,2025-06-19,STL,6,4,99.88
691799,FF,777435,2025-06-20,TOR,13,8,98.74
691799,FF,777408,2025-06-22,TOR,12,8,100.42
691799,FF,777370,2025-06-25,AZ,23,14,98.65
691799,FF,777327,2025-06-28,SF,31,18,99.81
691799,FF,777267,2025-07-02,LAD,28,14,98.21
691799,FF,777243,2025-07-04,COL,17,10,99.38
691799,FF,777172,2025-07-09,TOR,12,6,98.72
691799,FF,777146,2025-07-11,CLE,24,11,98.07
691799,FF,777120,2025-07-13,CLE,34,18,98.84
691799,FF,777074,2025-07-20,PIT,23,12,99.0
691799,FF,777030,2025-07-23,TB,12,7,97.5
691799,FF,776989,2025-07-27,CHC,21,13,98.56
691799,FF,776972,2025-07-28,PHI,15,6,99.0
691799,FF,776916,2025-08-01,LAA,8,2,99.05
691799,FF,776830,2025-08-07,SEA,15,7,99.23
691799,FF,776798,2025-08-10,CLE,8,5,98.76
691799,FF,776781,2025-08-11,DET,8,3,98.3
691799,FF,776702,2025-08-17,KC,24,14,98.64
691799,FF,776696,2025-08-18,ATL,12,8,97.94
691799,FF,776639,2025-08-22,MIN,26,11,97.25
691799,FF,776583,2025-08-26,KC,20,9,97.49
691799,FF,776544,2025-08-29,NYY,26,17,98.37
691799,FF,776529,2025-08-30,NYY,13,9,98.06
691799,FF,776469,2025-09-03,MIN,12,9,98.9
691799,FF,776462,2025-09-04,MIN,15,7,98.01
691799,FF,776425,2025-09-07,DET,14,9,98.6
691799,FF,776378,2025-09-10,TB,7,4,97.25
691799,FF,776285,2025-09-17,BAL,21,14,98.16
691799,FF,776264,2025-09-19,SD,12,7,98.97
691799,FF,776235,2025-09-21,SD,9,5,98.28
691799,FF,776216,2025-09-23,NYY,15,8,98.76
691799,FF,776165,2025-09-26,WSH,16,10,99.21
694363,FF,778264,2025-04-19,BOS,25,9,92.22
694363,FF,778201,2025-04-23,MIN,22,8,92.25
694363,FF,778178,2025-04-25,ATH,22,3,92.03
694363,FF,778125,2025-04-29,MIL,27,12,91.76
694363,FF,778094,2025-05-01,MIL,6,2,92.25
694363,FF,778066,2025-05-03,HOU,28,10,92.44
694363,FF,778008,2025-05-08,KC,42,17,92.36
694363,FF,777912,2025-05-15,CIN,17,7,94.21
694363,FF,777881,2025-05-17,CHC,9,2,93.6
694363,FF,777749,2025-05-27,NYM,31,7,92.97
694363,FF,777720,2025-05-30,BAL,19,3,92.4
694363,FF,777639,2025-06-04,DET,32,11,93.31
450203,FF,778470,2025-04-03,BOS,98,39,93.44
450203,FF,778396,2025-04-08,AZ,87,18,93.26
450203,FF,778317,2025-04-15,CLE,88,27,93.32
450203,FF,778250,2025-04-20,CIN,68,16,92.88
450203,FF,778180,2025-04-26,DET,80,30,94.06
450203,FF,778133,2025-04-29,NYY,43,14,93.81
450203,FF,778062,2025-05-04,KC,24,8,95.46
450203,FF,778011,2025-05-07,MIN,70,31,94.23
450203,FF,777973,2025-05-10,LAA,30,14,94.44
450203,FF,777938,2025-05-14,MIN,46,8,94.44
450203,FF,777890,2025-05-17,WSH,62,21,94.77
450203,FF,777771,2025-05-26,STL,86,19,94.31
450203,FF,777684,2025-06-01,CWS,100,23,93.93
450203,FF,777599,2025-06-07,ATH,76,22,94.05
450203,FF,777539,2025-06-13,LAA,78,14,94.43
450203,FF,777446,2025-06-19,TB,84,25,94.42
450203,FF,777380,2025-06-24,TEX,100,30,94.77
450203,FF,777252,2025-07-04,ATL,97,32,94.84
450203,FF,777165,2025-07-10,NYM,104,37,93.95
450203,FF,777110,2025-07-18,TB,86,12,93.78
450203,FF,777019,2025-07-24,CLE,107,26,94.98
450203,FF,778372,2025-07-29,TOR,100,26,94.51
450203,FF,776890,2025-08-03,PHI,84,36,94.86
450203,FF,776813,2025-08-09,LAA,90,16,94.19
450203,FF,776732,2025-08-15,MIN,98,25,94.48
450203,FF,776673,2025-08-20,HOU,94,15,93.63
450203,FF,776573,2025-08-26,ATH,86,15,94.43
450203,FF,776501,2025-09-01,NYM,86,17,94.26
450203,FF,776425,2025-09-07,CWS,72,13,94.07
450203,FF,776347,2025-09-13,MIA,76,17,93.14
450203,FF,776268,2025-09-19,ATL,45,12,94.72
450203,FF,776149,2025-09-28,PIT,23,12,94.75
592454,FF,778486,2025-04-01,SEA,16,1,90.6
592454,FF,778433,2025-04-06,CWS,12,1,93.1
592454,FF,778424,2025-04-07,NYY,14,5,92.8
592454,FF,778286,2025-04-17,KC,14,3,92.53
592454,FF,778277,2025-04-18,KC,14,3,93.97
592454,FF,778246,2025-04-20,KC,18,3,94.43
592454,FF,778209,2025-04-23,SD,10,3,93.83
592454,FF,778180,2025-04-26,BAL,17,2,93.3
592454,FF,778110,2025-04-30,HOU,22,4,92.62
592454,FF,778101,2025-05-01,LAA,11,1,92.2
592454,FF,778013,2025-05-07,COL,23,3,94.3
592454,FF,777996,2025-05-09,TEX,11,2,94.15
592454,FF,777940,2025-05-13,BOS,21,2,92.95
592454,FF,777927,2025-05-14,BOS,18,3,93.6
592454,FF,777906,2025-05-16,TOR,16,3,91.97
592454,FF,777871,2025-05-18,TOR,17,6,92.87
592454,FF,777840,2025-05-20,STL,12,2,94.75
592454,FF,777796,2025-05-24,CLE,22,1,94.0
592454,FF,777770,2025-05-26,SF,10,2,94.6
592454,FF,777738,2025-05-28,SF,17,1,96.2
592454,FF,777711,2025-05-30,KC,13,3,94.93
592454,FF,777677,2025-06-01,KC,13,1,94.7
592454,FF,777634,2025-06-05,CWS,13,3,92.3
592454,FF,777594,2025-06-08,CHC,11,3,95.57
592454,FF,777573,2025-06-10,BAL,11,1,92.1
592454,FF,777540,2025-06-12,BAL,17,1,92.7
592454,FF,777475,2025-06-17,PIT,14,3,95.03
592454,FF,777464,2025-06-19,PIT,12,1,94.5
592454,FF,777409,2025-06-22,TB,16,1,94.3
592454,FF,777324,2025-06-28,MIN,24,3,94.97
592454,FF,777314,2025-06-29,MIN,13,2,93.95
592454,FF,777265,2025-07-02,WSH,18,3,93.67
592454,FF,777249,2025-07-04,CLE,17,1,92.4
592454,FF,777240,2025-07-05,CLE,17,1,93.3
592454,FF,777145,2025-07-12,SEA,22,4,94.9
592454,FF,777121,2025-07-13,SEA,15,3,94.17
592454,FF,777098,2025-07-18,TEX,21,1,93.1
592454,FF,777060,2025-07-21,PIT,13,3,92.43
592454,FF,777003,2025-07-26,TOR,9,2,94.1
592454,FF,776973,2025-07-28,AZ,20,4,93.65
592454,FF,776940,2025-07-30,AZ,22,4,92.82
592454,FF,776874,2025-08-04,MIN,14,3,93.27
592454,FF,776859,2025-08-06,MIN,30,7,93.19
592454,FF,776806,2025-08-10,LAA,11,2,93.5
592454,FF,776773,2025-08-12,CWS,34,10,93.03
592454,FF,776732,2025-08-15,MIN,18,2,93.9
592454,FF,776615,2025-08-24,KC,11,2,95.2
592454,FF,776559,2025-08-27,ATH,7,1,93.5
592454,FF,776528,2025-08-30,KC,23,2,92.7
592454,FF,776478,2025-09-03,NYM,27,5,93.76
592454,FF,776425,2025-09-07,CWS,23,3,93.0
592454,FF,776368,2025-09-11,NYY,20,4,92.4
592454,FF,776332,2025-09-14,MIA,19,1,92.8
592454,FF,776218,2025-09-23,CLE,14,1,93.5
592454,FF,776189,2025-09-25,CLE,13,1,93.9
605154,FF,778469,2025-04-02,SEA,10,4,92.28
605154,FF,778445,2025-04-05,CWS,25,8,93.15
605154,FF,778433,2025-04-06,CWS,12,8,90.46
605154,FF,778387,2025-04-09,NYY,31,10,91.92
605154,FF,778348,2025-04-12,MIN,21,9,92.81
605154,FF,778310,2025-04-15,MIL,19,8,93.28
605154,FF,778277,2025-04-18,KC,31,12,92.48
605154,FF,777987,2025-05-10,TEX,28,17,92.16
605154,FF,777951,2025-05-12,BOS,17,9,93.16
605154,FF,777871,2025-05-18,TOR,22,15,92.83
605154,FF,777862,2025-05-19,STL,27,17,92.86
605154,FF,777821,2025-05-22,CLE,17,9,92.03
605154,FF,777738,2025-05-28,SF,7,2,93.5
605154,FF,777674,2025-06-02,CWS,12,7,93.36
605154,FF,777639,2025-06-04,CWS,19,9,92.41
605154,FF,777609,2025-06-07,CHC,14,7,93.34
605154,FF,777538,2025-06-13,CIN,31,20,92.79
605154,FF,777517,2025-06-14,CIN,22,16,92.28
605154,FF,776522,2025-08-31,PHI,14,8,92.64
605154,FF,776506,2025-09-01,CHC,25,5,91.36
605154,FF,776447,2025-09-06,SEA,45,21,92.57
608650,FF,777351,2025-06-26,ATH,59,37,93.06
608650,FF,777258,2025-07-03,WSH,63,25,92.78
608650,FF,777145,2025-07-12,SEA,19,9,93.44
608650,FF,777060,2025-07-21,PIT,32,12,93.16
608650,FF,777021,2025-07-24,TOR,27,10,94.06
608650,FF,776987,2025-07-27,TOR,7,4,92.88
608650,FF,776888,2025-08-03,CHC,39,13,94.2
608650,FF,776851,2025-08-06,PHI,24,11,94.32
608650,FF,776804,2025-08-10,ATH,9,4,93.7
608650,FF,776761,2025-08-13,SEA,11,7,94.74
608650,FF,776750,2025-08-14,SEA,19,4,94.22
608650,FF,776722,2025-08-16,HOU,26,15,94.87
608650,FF,776695,2025-08-18,BOS,19,11,93.85
608650,FF,776629,2025-08-23,HOU,30,18,94.78
608650,FF,776579,2025-08-27,BOS,34,15,94.53
608650,FF,776494,2025-09-01,SD,34,15,94.58
608650,FF,776454,2025-09-05,LAD,38,22,94.47
608650,FF,776401,2025-09-09,PIT,22,13,94.48
608650,FF,776353,2025-09-12,TOR,25,13,94.06
608650,FF,776314,2025-09-15,CWS,32,20,94.26
608650,FF,776273,2025-09-19,NYY,17,12,94.71
608650,FF,776240,2025-09-21,NYY,18,11,94.95
608650,FF,776203,2025-09-24,TB,28,18,94.32
623149,FF,778485,2025-04-01,SD,13,9,90.57
623149,FF,778447,2025-04-04,LAA,21,14,89.63
623149,FF,778425,2025-04-06,LAA,18,11,90.27
623149,FF,778402,2025-04-08,CWS,5,3,88.9
623149,FF,778391,2025-04-09,CWS,17,8,90.28
623149,FF,778359,2025-04-12,KC,14,9,90.19
623149,FF,778317,2025-04-15,BAL,4,3,88.87
623149,FF,778271,2025-04-18,PIT,20,9,91.19
623149,FF,778242,2025-04-20,PIT,6,4,90.85
623149,FF,778227,2025-04-21,NYY,19,11,90.68
623149,FF,778157,2025-04-27,BOS,9,3,90.03
623149,FF,778139,2025-04-28,MIN,15,8,91.36
623149,FF,777240,2025-07-05,DET,14,9,91.46
623149,FF,777202,2025-07-07,HOU,12,9,90.63
623149,FF,777174,2025-07-09,HOU,8,4,90.72
623149,FF,777146,2025-07-11,CWS,26,18,89.48
623149,FF,776268,2025-09-19,ATL,28,16,91.06
623149,FF,776238,2025-09-21,ATL,10,6,90.32
623149,FF,776204,2025-09-24,CLE,8,3,91.47
623149,FF,776151,2025-09-28,BOS,22,13,91.17
628317,FF,778458,2025-04-04,CWS,34,5,89.6
628317,FF,778335,2025-04-13,MIN,12,1,90.4
628317,FF,778323,2025-04-14,MIL,40,8,91.19
628317,FF,778277,2025-04-18,KC,19,5,90.52
628317,FF,778155,2025-04-27,BAL,17,2,88.8
628317,FF,778124,2025-04-29,HOU,19,1,90.2
656427,FF,778458,2025-04-04,CWS,95,45,91.98
656427,FF,778387,2025-04-09,NYY,92,34,92.36
656427,FF,778310,2025-04-15,MIL,98,43,92.43
656427,FF,778221,2025-04-22,SD,96,43,93.05
656427,FF,778142,2025-04-28,HOU,89,36,93.43
656427,FF,778067,2025-05-03,LAA,91,34,92.88
656427,FF,777987,2025-05-10,TEX,72,25,92.86
656427,FF,777906,2025-05-16,TOR,90,48,93.41
656427,FF,777821,2025-05-22,CLE,108,44,91.87
656427,FF,777755,2025-05-27,SF,97,51,92.94
656427,FF,777674,2025-06-02,CWS,99,49,91.67
656427,FF,777594,2025-06-08,CHC,94,51,93.12
656427,FF,777517,2025-06-14,CIN,94,51,92.48
656427,FF,777431,2025-06-20,TB,74,39,93.09
656427,FF,777371,2025-06-25,ATH,90,39,93.14
656427,FF,777265,2025-07-02,WSH,97,53,93.3
656427,FF,777121,2025-07-13,SEA,93,53,93.12
656427,FF,777060,2025-07-21,PIT,78,40,92.69
656427,FF,776987,2025-07-27,TOR,106,48,93.05
656427,FF,776913,2025-08-01,PHI,95,39,93.4
656427,FF,776859,2025-08-06,MIN,82,40,92.65
656427,FF,776773,2025-08-12,CWS,86,35,92.82
656427,FF,776692,2025-08-18,HOU,90,45,92.47
656427,FF,776615,2025-08-24,KC,87,39,92.72
656427,FF,776528,2025-08-30,KC,101,49,93.58
656427,FF,776452,2025-09-05,CWS,83,40,92.03
656427,FF,776383,2025-09-10,NYY,99,50,93.37
656427,FF,776296,2025-09-17,CLE,95,39,93.51
656427,FF,776204,2025-09-24,CLE,83,43,94.12
663554,FF,778486,2025-04-01,SEA,82,29,94.05
663554,FF,778424,2025-04-07,NYY,88,31,94.15
663554,FF,778335,2025-04-13,MIN,74,22,95.02
663554,FF,778265,2025-04-19,KC,88,33,94.94
663554,FF,778168,2025-04-26,BAL,87,23,95.26
663554,FF,778101,2025-05-01,LAA,95,18,94.55
663554,FF,778004,2025-05-08,COL,86,33,94.6
663554,FF,777796,2025-05-24,CLE,77,29,93.21
663554,FF,777711,2025-05-30,KC,79,30,93.71
663554,FF,777634,2025-06-05,CWS,93,31,94.15
663554,FF,777562,2025-06-11,BAL,90,26,95.6
663554,FF,777475,2025-06-17,PIT,92,28,94.42
663554,FF,777409,2025-06-22,TB,80,16,94.66
663554,FF,777324,2025-06-28,MIN,94,27,94.9
663554,FF,777240,2025-07-05,CLE,102,44,94.55
663554,FF,777145,2025-07-12,SEA,68,24,94.98
663554,FF,777044,2025-07-22,PIT,86,25,95.04
663554,FF,776953,2025-07-29,AZ,59,27,95.83
663554,FF,776874,2025-08-04,MIN,67,31,93.81
663554,FF,776806,2025-08-10,LAA,91,29,94.92
663554,FF,776716,2025-08-16,MIN,89,28,95.04
663554,FF,776649,2025-08-22,KC,87,33,94.28
663554,FF,776559,2025-08-27,ATH,78,29,94.43
663554,FF,776478,2025-09-03,NYM,69,23,95.5
663554,FF,776398,2025-09-09,NYY,88,30,95.49
663554,FF,776303,2025-09-16,CLE,87,25,94.22
663554,FF,776238,2025-09-21,ATL,97,41,93.75
663554,FF,776181,2025-09-26,BOS,80,25,94.92
663947,FF,778458,2025-04-04,CWS,16,4,90.75
663947,FF,778424,2025-04-07,NYY,13,3,90.5
663947,FF,778387,2025-04-09,NYY,31,2,90.8
663947,FF,778348,2025-04-12,MIN,18,2,91.9
663947,FF,778310,2025-04-15,MIL,20,2,90.85
663947,FF,778286,2025-04-17,KC,15,1,90.9
663947,FF,778246,2025-04-20,KC,28,2,91.35
663947,FF,778168,2025-04-26,BAL,29,3,91.17
663947,FF,778110,2025-04-30,HOU,35,9,91.7
663947,FF,778085,2025-05-02,LAA,13,1,92.7
663947,FF,777987,2025-05-10,TEX,20,2,91.15
663947,FF,777940,2025-05-13,BOS,22,2,92.45
663947,FF,777927,2025-05-14,BOS,16,3,93.13
663947,FF,777886,2025-05-17,TOR,11,1,91.9
663947,FF,777807,2025-05-23,CLE,19,1,90.3
663947,FF,777738,2025-05-28,SF,20,3,91.37
663947,FF,777677,2025-06-01,KC,16,1,91.4
663947,FF,777661,2025-06-03,CWS,17,1,92.1
663947,FF,777639,2025-06-04,CWS,18,2,91.3
663947,FF,777609,2025-06-07,CHC,21,3,91.4
663947,FF,777538,2025-06-13,CIN,14,1,92.0
663947,FF,777505,2025-06-15,CIN,11,2,92.25
663947,FF,777464,2025-06-19,PIT,20,3,92.47
663947,FF,777386,2025-06-24,ATH,7,3,92.63
663947,FF,777249,2025-07-04,CLE,41,6,92.52
663947,FF,777211,2025-07-07,TB,7,2,93.35
663947,FF,777161,2025-07-11,SEA,17,2,92.4
663947,FF,777121,2025-07-13,SEA,28,8,92.11
663947,FF,777098,2025-07-18,TEX,18,2,90.95
663947,FF,777073,2025-07-20,TEX,16,5,91.36
663947,FF,777044,2025-07-22,PIT,5,1,93.3
663947,FF,777016,2025-07-25,TOR,14,2,93.15
663947,FF,776987,2025-07-27,TOR,19,7,92.5
663947,FF,776953,2025-07-29,AZ,15,4,92.78
663947,FF,776913,2025-08-01,PHI,16,2,92.35
663947,FF,776890,2025-08-03,PHI,21,5,92.92
663947,FF,776859,2025-08-06,MIN,18,2,90.95
663947,FF,776781,2025-08-11,CWS,21,2,91.95
663947,FF,776744,2025-08-14,MIN,21,8,92.59
663947,FF,776716,2025-08-16,MIN,19,2,92.2
663947,FF,776528,2025-08-30,KC,15,3,92.07
663947,FF,776383,2025-09-10,NYY,14,1,93.0
663947,FF,776303,2025-09-16,CLE,18,3,92.47
663947,FF,776238,2025-09-21,ATL,17,1,93.3
669373,FF,778469,2025-04-02,SEA,93,43,96.65
669373,FF,778403,2025-04-08,NYY,87,21,97.38
669373,FF,778323,2025-04-14,MIL,91,21,97.97
669373,FF,778246,2025-04-20,KC,91,19,96.83
669373,FF,778155,2025-04-27,BAL,88,18,98.4
669373,FF,778085,2025-05-02,LAA,73,20,98.39
669373,FF,777996,2025-05-09,TEX,96,38,98.12
669373,FF,777927,2025-05-14,BOS,95,27,98.51
669373,FF,777840,2025-05-20,STL,94,20,98.09
669373,FF,777780,2025-05-25,CLE,94,29,98.09
669373,FF,777694,2025-05-31,KC,90,18,97.54
669373,FF,777626,2025-06-06,CHC,94,20,97.49
669373,FF,777540,2025-06-12,BAL,98,23,97.5
669373,FF,777451,2025-06-19,PIT,103,18,96.4
669373,FF,777386,2025-06-24,ATH,97,26,97.41
669373,FF,777314,2025-06-29,MIN,93,25,97.68
669373,FF,777226,2025-07-06,CLE,93,23,98.02
669373,FF,777161,2025-07-11,SEA,87,21,97.0
669373,FF,777073,2025-07-20,TEX,105,36,96.83
669373,FF,777003,2025-07-26,TOR,96,20,97.93
669373,FF,776912,2025-08-02,PHI,98,39,97.51
669373,FF,776832,2025-08-08,LAA,92,37,97.22
669373,FF,776744,2025-08-14,MIN,99,36,97.18
669373,FF,776685,2025-08-19,HOU,95,34,97.41
669373,FF,776590,2025-08-25,ATH,99,29,97.9
669373,FF,776512,2025-08-31,KC,93,39,96.52
669373,FF,776435,2025-09-06,CWS,90,34,97.06
669373,FF,776366,2025-09-12,MIA,45,8,97.84
669373,FF,776275,2025-09-18,CLE,102,31,98.51
669373,FF,776218,2025-09-23,CLE,95,30,99.04
669373,FF,813072,2025-09-30,CLE,107,30,99.12
669724,FF,778469,2025-04-02,SEA,16,2,95.25
669724,FF,778433,2025-04-06,CWS,17,1,95.7
669724,FF,778348,2025-04-12,MIN,13,2,97.1
669724,FF,778310,2025-04-15,MIL,38,6,96.37
669724,FF,778277,2025-04-18,KC,11,1,96.3
669724,FF,778265,2025-04-19,KC,12,1,97.3
669724,FF,778110,2025-04-30,HOU,30,3,97.03
669724,FF,778050,2025-05-04,LAA,21,1,96.0
669724,FF,777906,2025-05-16,TOR,30,2,97.25
669724,FF,777886,2025-05-17,TOR,12,2,97.9
669724,FF,777827,2025-05-21,STL,13,1,97.0
669724,FF,777796,2025-05-24,CLE,24,1,96.3
669724,FF,777738,2025-05-28,SF,20,2,95.9
669724,FF,777711,2025-05-30,KC,20,2,97.3
669724,FF,777661,2025-06-03,CWS,30,5,96.38
669724,FF,777634,2025-06-05,CWS,22,1,94.8
669724,FF,777594,2025-06-08,CHC,20,7,96.39
669724,FF,777562,2025-06-11,BAL,25,5,96.7
669724,FF,777517,2025-06-14,CIN,13,2,96.0
669724,FF,777505,2025-06-15,CIN,21,3,97.2
669724,FF,777475,2025-06-17,PIT,11,3,96.07
669724,FF,777431,2025-06-20,TB,29,5,95.7
669724,FF,777409,2025-06-22,TB,13,1,95.1
669724,FF,777265,2025-07-02,WSH,16,3,96.67
669724,FF,777258,2025-07-03,WSH,21,3,97.9
669724,FF,777211,2025-07-07,TB,18,6,96.03
669724,FF,777161,2025-07-11,SEA,27,2,96.75
669724,FF,777121,2025-07-13,SEA,13,3,96.0
669724,FF,777044,2025-07-22,PIT,14,1,97.3
669724,FF,777016,2025-07-25,TOR,11,2,93.65
669724,FF,776987,2025-07-27,TOR,8,1,95.0
669724,FF,776940,2025-07-30,AZ,25,6,94.58
669724,FF,776913,2025-08-01,PHI,18,2,95.95
669724,FF,776673,2025-08-20,HOU,22,2,95.85
669724,FF,776615,2025-08-24,KC,22,3,95.1
669724,FF,776501,2025-09-01,NYM,17,6,96.15
669724,FF,776490,2025-09-02,NYM,15,3,95.33
669724,FF,776383,2025-09-10,NYY,18,5,94.88
669724,FF,776368,2025-09-11,NYY,21,5,95.62
672456,FF,778295,2025-04-16,MIL,85,26,93.87
672456,FF,778228,2025-04-21,SD,91,15,93.39
672456,FF,778180,2025-04-26,BAL,77,27,93.89
672456,FF,778029,2025-05-08,COL,92,40,92.59
672456,FF,777940,2025-05-13,BOS,62,15,93.79
672456,FF,777862,2025-05-19,STL,98,21,93.69
672456,FF,777770,2025-05-26,SF,79,30,92.73
672456,FF,777677,2025-06-01,KC,72,18,94.07
672456,FF,777609,2025-06-07,CHC,69,23,94.62
672456,FF,777538,2025-06-13,CIN,83,28,94.78
672456,FF,777464,2025-06-19,PIT,77,21,94.81
672456,FF,777211,2025-07-07,TB,57,16,94.01
672456,FF,777145,2025-07-12,SEA,56,15,94.77
672456,FF,777088,2025-07-19,TEX,82,22,93.85
672456,FF,777016,2025-07-25,TOR,76,21,94.66
672456,FF,776452,2025-09-05,CWS,53,21,92.96
672456,FF,776368,2025-09-11,NYY,31,10,95.55
672456,FF,776332,2025-09-14,MIA,76,24,94.28
672456,FF,776258,2025-09-20,ATL,69,34,93.81
672456,FF,776157,2025-09-27,BOS,76,23,94.43
674944,SI,778180,2025-04-26,BAL,6,4,89.65
674944,SI,778155,2025-04-27,BAL,24,8,90.85
674944,SI,778067,2025-05-03,LAA,11,5,90.38
674944,SI,778004,2025-05-08,COL,18,9,90.04
674944,SI,777987,2025-05-10,TEX,28,12,89.32
674944,SI,777951,2025-05-12,BOS,23,7,89.44
674944,SI,777862,2025-05-19,STL,8,4,91.2
674944,SI,777827,2025-05-21,STL,11,4,90.15
674944,SI,777821,2025-05-22,CLE,25,10,89.53
675512,FF,777029,2025-07-23,PIT,90,26,97.01
675512,FF,776973,2025-07-28,AZ,86,37,97.08
675512,FF,776861,2025-08-05,MIN,37,18,97.64
675512,FF,776832,2025-08-08,LAA,46,24,96.81
675512,FF,776754,2025-08-13,CWS,56,22,95.82
675512,FF,776692,2025-08-18,HOU,9,4,96.15
675512,FF,776625,2025-08-23,KC,28,6,96.47
675512,FF,776573,2025-08-26,ATH,29,9,96.67
675512,FF,776540,2025-08-29,KC,24,8,96.59
675512,FF,776501,2025-09-01,NYM,46,19,97.2
675512,FF,776425,2025-09-07,CWS,44,22,97.69
675512,FF,776383,2025-09-10,NYY,31,16,97.38
675512,FF,776347,2025-09-13,MIA,32,13,97.55
675512,FF,776275,2025-09-18,CLE,27,11,97.37
675512,FF,776258,2025-09-20,ATL,21,11,96.77
675512,FF,776189,2025-09-25,CLE,49,28,97.71
676428,FF,778403,2025-04-08,NYY,40,2,90.2
676428,FF,778335,2025-04-13,MIN,17,1,91.8
676428,FF,778246,2025-04-20,KC,32,3,91.47
676428,FF,778180,2025-04-26,BAL,45,4,92.4
676428,FF,778013,2025-05-07,COL,26,2,91.5
676428,FF,777969,2025-05-11,TEX,27,1,92.2
676428,FF,777940,2025-05-13,BOS,27,2,92.65
676428,FF,777827,2025-05-21,STL,37,1,92.7
676428,FF,777711,2025-05-30,KC,26,2,91.8
676428,FF,777661,2025-06-03,CWS,23,3,91.33
676428,FF,777634,2025-06-05,CWS,22,2,92.25
676428,FF,777573,2025-06-10,BAL,44,3,92.77
676428,FF,777538,2025-06-13,CIN,18,1,91.8
676428,FF,777505,2025-06-15,CIN,23,3,92.77
676428,FF,777464,2025-06-19,PIT,23,2,92.55
676428,FF,777420,2025-06-21,TB,31,1,91.4
676428,FF,777409,2025-06-22,TB,18,2,91.35
676428,FF,777284,2025-07-02,WSH,51,4,92.28
676428,FF,777240,2025-07-05,CLE,10,1,92.7
676428,FF,777161,2025-07-11,SEA,28,3,92.77
676428,FF,777088,2025-07-19,TEX,31,2,91.9
676428,FF,777044,2025-07-22,PIT,46,2,92.9
676428,FF,777016,2025-07-25,TOR,33,1,92.5
676428,FF,776953,2025-07-29,AZ,37,3,91.73
676428,FF,776773,2025-08-12,CWS,30,1,92.1
676684,FF,778486,2025-04-01,SEA,9,5,97.62
676684,FF,778458,2025-04-04,CWS,18,13,96.09
676684,FF,778387,2025-04-09,NYY,17,8,96.51
676684,FF,778363,2025-04-11,MIN,29,19,96.7
676684,FF,778295,2025-04-16,MIL,12,10,96.87
676684,FF,778277,2025-04-18,KC,10,4,97.05
676684,FF,778265,2025-04-19,KC,22,18,96.1
676684,FF,778228,2025-04-21,SD,10,1,97.2
676684,FF,778209,2025-04-23,SD,12,4,97.72
676684,FF,778168,2025-04-26,BAL,33,20,96.99
676684,FF,778124,2025-04-29,HOU,34,18,97.18
676684,FF,778050,2025-05-04,LAA,16,7,98.27
676684,FF,778013,2025-05-07,COL,30,24,97.13
676684,FF,777996,2025-05-09,TEX,10,5,97.04
676684,FF,777940,2025-05-13,BOS,36,21,96.77
676684,FF,777927,2025-05-14,BOS,14,7,96.87
676684,FF,777886,2025-05-17,TOR,21,3,97.33
676684,FF,777871,2025-05-18,TOR,24,14,97.6
676684,FF,777840,2025-05-20,STL,18,9,97.07
676684,FF,777796,2025-05-24,CLE,11,7,96.5
676684,FF,777770,2025-05-26,SF,16,11,95.95
676684,FF,777755,2025-05-27,SF,21,15,96.72
676684,FF,777711,2025-05-30,KC,23,15,96.81
676684,FF,777677,2025-06-01,KC,9,4,97.5
676684,FF,777639,2025-06-04,CWS,18,10,96.37
676684,FF,777626,2025-06-06,CHC,21,11,97.3
676684,FF,777594,2025-06-08,CHC,11,8,96.14
676684,FF,777573,2025-06-10,BAL,20,13,97.21
676684,FF,777540,2025-06-12,BAL,19,11,96.89
676684,FF,777505,2025-06-15,CIN,28,20,96.16
676684,FF,777464,2025-06-19,PIT,26,14,96.1
676684,FF,777351,2025-06-26,ATH,10,5,96.74
676684,FF,777314,2025-06-29,MIN,8,2,97.6
676684,FF,777258,2025-07-03,WSH,7,3,96.4
676684,FF,777249,2025-07-04,CLE,25,13,97.28
676684,FF,777211,2025-07-07,TB,19,10,95.96
676684,FF,777121,2025-07-13,SEA,26,13,96.98
676684,FF,777073,2025-07-20,TEX,9,6,96.97
676684,FF,777003,2025-07-26,TOR,15,4,95.32
676684,FF,776973,2025-07-28,AZ,14,7,95.51
676684,FF,776913,2025-08-01,PHI,10,3,96.37
676684,FF,776912,2025-08-02,PHI,19,8,96.7
676684,FF,776859,2025-08-06,MIN,11,4,96.4
676684,FF,776806,2025-08-10,LAA,15,6,96.52
676684,FF,776781,2025-08-11,CWS,12,6,96.4
676684,FF,776754,2025-08-13,CWS,11,5,96.72
676684,FF,776716,2025-08-16,MIN,31,14,96.78
676684,FF,776685,2025-08-19,HOU,26,10,96.87
676684,FF,776649,2025-08-22,KC,20,7,96.7
676684,FF,776625,2025-08-23,KC,17,5,95.76
676684,FF,776573,2025-08-26,ATH,23,4,96.0
676684,FF,776540,2025-08-29,KC,12,7,95.77
676684,FF,776478,2025-09-03,NYM,21,9,95.53
676684,FF,776425,2025-09-07,CWS,15,6,96.38
676684,FF,776347,2025-09-13,MIA,22,12,96.8
676684,FF,776332,2025-09-14,MIA,19,13,96.03
676684,FF,776303,2025-09-16,CLE,22,10,95.45
676684,FF,776258,2025-09-20,ATL,25,14,96.85
676684,FF,776204,2025-09-24,CLE,19,13,97.33
676684,FF,776189,2025-09-25,CLE,12,6,96.58
676684,FF,776157,2025-09-27,BOS,9,4,97.0
676684,FF,813072,2025-09-30,CLE,15,3,95.4
681857,FF,778445,2025-04-05,CWS,94,9,93.88
681857,FF,778363,2025-04-11,MIN,90,21,95.39
681857,FF,778286,2025-04-17,KC,87,13,94.38
681857,FF,778209,2025-04-23,SD,85,13,94.38
681857,FF,778124,2025-04-29,HOU,90,1,95.6
681857,FF,778050,2025-05-04,LAA,94,16,94.94
681857,FF,777969,2025-05-11,TEX,83,12,93.76
681857,FF,777886,2025-05-17,TOR,85,20,95.18
681857,FF,777249,2025-07-04,CLE,89,28,94.2
681857,FF,777098,2025-07-18,TEX,90,23,93.32
681857,FF,777021,2025-07-24,TOR,95,25,93.42
681916,FF,777674,2025-06-02,CWS,21,15,95.29
681916,FF,777661,2025-06-03,CWS,27,22,94.9
681916,FF,777451,2025-06-19,PIT,23,11,94.71
681916,FF,777420,2025-06-21,TB,10,4,95.1
681916,FF,777371,2025-06-25,ATH,15,3,94.13
681916,FF,777334,2025-06-27,MIN,19,9,94.82
681916,FF,777284,2025-07-02,WSH,42,18,93.76
687830,FF,777639,2025-06-04,CWS,70,30,92.61
687830,FF,777573,2025-06-10,BAL,50,17,94.49
687830,FF,777505,2025-06-15,CIN,55,16,92.73
687830,FF,777420,2025-06-21,TB,68,13,92.68
687830,FF,777334,2025-06-27,MIN,77,18,92.51
687830,FF,776754,2025-08-13,CWS,17,5,92.6
687830,FF,776490,2025-09-02,NYM,70,17,92.39
687830,FF,776368,2025-09-11,NYY,43,15,92.19
689225,FF,778486,2025-04-01,SEA,22,12,95.84
689225,FF,778445,2025-04-05,CWS,9,3,95.03
689225,FF,778424,2025-04-07,NYY,19,9,94.97
689225,FF,778363,2025-04-11,MIN,28,15,95.59
689225,FF,778286,2025-04-17,KC,30,20,95.04
689225,FF,778067,2025-05-03,LAA,6,4,95.65
689225,FF,778050,2025-05-04,LAA,17,6,96.75
689225,FF,778029,2025-05-08,COL,17,10,95.47
689225,FF,777969,2025-05-11,TEX,35,13,95.14
689225,FF,777940,2025-05-13,BOS,16,7,96.51
689225,FF,777906,2025-05-16,TOR,18,5,96.46
689225,FF,777886,2025-05-17,TOR,15,4,96.45
689225,FF,777827,2025-05-21,STL,25,10,96.2
689225,FF,777807,2025-05-23,CLE,20,11,95.25
689225,FF,777770,2025-05-26,SF,15,9,95.69
689225,FF,777711,2025-05-30,KC,12,9,95.86
689225,FF,777694,2025-05-31,KC,11,5,95.86
689225,FF,777661,2025-06-03,CWS,26,15,95.47
689225,FF,777634,2025-06-05,CWS,6,2,93.9
689225,FF,777562,2025-06-11,BAL,25,13,96.53
690544,FF,778221,2025-04-22,SD,16,6,95.12
690544,FF,777258,2025-07-03,WSH,23,7,95.73
690544,FF,777226,2025-07-06,CLE,15,5,97.06
690544,FF,776732,2025-08-15,MIN,27,12,95.84
690544,FF,776700,2025-08-17,MIN,38,14,94.92
690544,FF,776490,2025-09-02,NYM,14,4,94.62
690544,FF,776452,2025-09-05,CWS,22,5,95.42
690544,FF,776368,2025-09-11,NYY,31,6,94.98
690544,FF,776303,2025-09-16,CLE,20,8,95.91
690544,FF,776296,2025-09-17,CLE,18,6,95.67
695445,FF,778221,2025-04-22,SD,26,11,89.74
695445,FF,778180,2025-04-26,BAL,11,1,90.9
695445,FF,778124,2025-04-29,HOU,16,5,90.64
695445,FF,778085,2025-05-02,LAA,18,4,89.32
695445,FF,778004,2025-05-08,COL,29,4,90.62
695445,FF,777987,2025-05-10,TEX,31,4,88.75
695445,FF,777969,2025-05-11,TEX,15,5,88.98
695445,FF,777827,2025-05-21,STL,23,5,90.12
695445,FF,777807,2025-05-23,CLE,22,4,89.1
695445,FF,777755,2025-05-27,SF,29,7,88.87
695445,FF,777661,2025-06-03,CWS,15,2,88.6
695445,FF,777609,2025-06-07,CHC,17,2,88.85
695445,FF,777573,2025-06-10,BAL,9,4,89.9
695445,FF,777538,2025-06-13,CIN,17,2,89.4
695445,FF,777505,2025-06-15,CIN,29,6,89.0
695445,FF,777475,2025-06-17,PIT,12,1,90.5
695445,FF,777431,2025-06-20,TB,17,4,88.92
695445,FF,777409,2025-06-22,TB,17,7,89.77
695445,FF,777386,2025-06-24,ATH,12,2,88.3
695445,FF,777351,2025-06-26,ATH,14,1,90.2
695445,FF,777324,2025-06-28,MIN,13,2,89.8
695445,FF,777265,2025-07-02,WSH,22,6,89.58
695445,FF,777226,2025-07-06,CLE,26,7,89.27
695445,FF,777145,2025-07-12,SEA,20,4,88.92
695445,FF,777098,2025-07-18,TEX,5,2,89.2
695445,FF,777060,2025-07-21,PIT,16,6,89.33
695445,FF,777029,2025-07-23,PIT,28,5,89.5
695445,FF,777003,2025-07-26,TOR,23,2,88.2
695445,FF,776953,2025-07-29,AZ,23,8,89.88
695549,FF,778433,2025-04-06,CWS,86,29,95.82
695549,FF,778348,2025-04-12,MIN,87,27,96.99
695549,FF,778277,2025-04-18,KC,87,18,97.01
695549,FF,778110,2025-04-30,HOU,77,17,97.0
695549,FF,778013,2025-05-07,COL,87,29,96.34
695549,FF,777951,2025-05-12,BOS,100,35,96.8
695549,FF,777871,2025-05-18,TOR,90,33,96.56
695549,FF,777807,2025-05-23,CLE,89,28,96.5
695549,FF,777738,2025-05-28,SF,95,26,95.09
518886,FF,777619,2025-06-06,SF,14,9,91.77
518886,FF,776612,2025-08-24,BAL,16,10,93.07
518886,FF,776543,2025-08-29,LAA,25,13,93.59
518886,FF,776531,2025-08-30,LAA,3,1,92.1
518886,FF,776499,2025-09-01,LAA,30,20,93.54
518886,FF,776464,2025-09-04,NYY,13,9,94.0
518886,FF,776449,2025-09-05,TEX,9,5,93.5
518886,FF,776418,2025-09-07,TEX,20,14,93.76
518886,FF,776393,2025-09-09,TOR,11,8,93.02
518886,FF,776329,2025-09-14,ATL,25,15,93.62
518886,FF,776292,2025-09-17,TEX,11,7,93.77
518886,FF,776262,2025-09-19,SEA,17,10,93.89
518886,FF,776228,2025-09-21,SEA,20,15,93.89
518886,FF,776155,2025-09-27,LAA,16,12,93.48
595345,FF,778489,2025-04-01,SF,20,11,92.8
595345,FF,778440,2025-04-05,MIN,16,5,91.84
595345,FF,778398,2025-04-08,SEA,15,8,92.39
595345,FF,778383,2025-04-09,SEA,19,7,91.04
595345,FF,778351,2025-04-12,LAA,22,12,92.42
595345,FF,778290,2025-04-16,STL,19,10,91.59
595345,FF,778269,2025-04-18,SD,14,6,92.97
595345,FF,778237,2025-04-20,SD,13,6,92.38
595345,FF,778187,2025-04-25,KC,13,6,92.08
595345,FF,778152,2025-04-27,KC,11,7,91.64
595345,FF,778142,2025-04-28,DET,9,2,92.65
595345,FF,778110,2025-04-30,DET,12,4,92.6
595345,FF,778055,2025-05-04,CWS,25,14,92.69
595345,FF,778031,2025-05-06,MIL,30,14,92.43
595345,FF,777979,2025-05-10,CIN,30,16,93.22
595345,FF,777948,2025-05-12,KC,25,11,91.71
595345,FF,777848,2025-05-20,TB,14,4,92.15
595345,FF,777832,2025-05-21,TB,6,1,90.5
595345,FF,777822,2025-05-22,SEA,15,7,92.86
595345,FF,777752,2025-05-27,ATH,6,2,92.45
595345,FF,777725,2025-05-29,TB,10,4,92.42
595345,FF,777693,2025-05-31,TB,14,4,91.98
595345,FF,777648,2025-06-04,PIT,14,5,92.7
595345,FF,777608,2025-06-07,CLE,11,2,92.05
595345,FF,777591,2025-06-08,CLE,21,9,92.16
595345,FF,777550,2025-06-11,CWS,21,8,92.84
595345,FF,777527,2025-06-13,MIN,12,5,93.1
595345,FF,777485,2025-06-16,ATH,15,5,92.62
595345,FF,777441,2025-06-19,ATH,21,12,92.33
595345,FF,777366,2025-06-25,PHI,14,8,93.75
595345,FF,777336,2025-06-27,CHC,6,2,93.15
595345,FF,777320,2025-06-28,CHC,5,1,92.6
595345,FF,777285,2025-07-01,COL,5,2,92.5
595345,FF,777269,2025-07-02,COL,15,5,92.96
595345,FF,777202,2025-07-07,CLE,14,7,92.36
595345,FF,777192,2025-07-08,CLE,11,6,91.13
595345,FF,777154,2025-07-11,TEX,10,5,91.38
595345,FF,777099,2025-07-18,SEA,11,9,91.81
595345,FF,777086,2025-07-19,SEA,28,11,91.84
595345,FF,777055,2025-07-21,AZ,19,7,91.53
595345,FF,777025,2025-07-24,ATH,16,6,90.72
595345,FF,776976,2025-07-27,ATH,29,10,91.26
595345,FF,776937,2025-07-30,WSH,14,5,91.14
595345,FF,776909,2025-08-02,BOS,14,2,92.25
595345,FF,776862,2025-08-05,MIA,26,10,91.18
595345,FF,776782,2025-08-11,BOS,19,7,92.71
595345,FF,776769,2025-08-12,BOS,12,6,91.38
595345,FF,776722,2025-08-16,BAL,16,5,93.7
595345,FF,776705,2025-08-17,BAL,24,11,90.98
595345,FF,776655,2025-08-21,BAL,14,5,90.42
595345,FF,776643,2025-08-22,BAL,3,1,91.9
595345,FF,776587,2025-08-26,COL,12,3,91.47
595345,FF,776555,2025-08-28,COL,17,9,91.12
595345,FF,776531,2025-08-30,LAA,15,7,92.0
595345,FF,776489,2025-09-02,NYY,23,8,90.82
595345,FF,776472,2025-09-03,NYY,16,5,90.86
595345,FF,776449,2025-09-05,TEX,16,4,91.5
595345,FF,776393,2025-09-09,TOR,17,4,91.38
595345,FF,776385,2025-09-10,TOR,12,7,91.49
595345,FF,776329,2025-09-14,ATL,21,8,90.74
595345,FF,776319,2025-09-15,TEX,17,7,91.83
595345,FF,776292,2025-09-17,TEX,17,10,91.48
595345,FF,776248,2025-09-20,SEA,11,4,91.9
595345,FF,776208,2025-09-23,ATH,11,3,91.7
595345,FF,776195,2025-09-24,ATH,12,4,90.75
595345,FF,776169,2025-09-26,LAA,19,9,91.48
605463,FF,778489,2025-04-01,SF,24,10,92.74
605463,FF,778440,2025-04-05,MIN,13,9,91.32
605463,FF,778405,2025-04-07,SEA,16,10,92.07
605463,FF,778398,2025-04-08,SEA,15,7,92.43
605463,FF,778368,2025-04-11,LAA,26,16,92.25
605463,FF,778290,2025-04-16,STL,13,5,92.7
605463,FF,778259,2025-04-19,SD,21,11,92.23
605463,FF,778237,2025-04-20,SD,7,5,91.46
605463,FF,778187,2025-04-25,KC,11,5,92.8
605463,FF,778152,2025-04-27,KC,24,12,92.03
605463,FF,778124,2025-04-29,DET,15,6,92.48
605463,FF,778079,2025-05-02,CWS,36,20,91.32
605463,FF,778055,2025-05-04,CWS,3,1,90.2
605463,FF,778031,2025-05-06,MIL,14,7,90.61
605463,FF,777979,2025-05-10,CIN,42,23,92.18
605463,FF,777948,2025-05-12,KC,19,11,92.29
605463,FF,777559,2025-06-10,SEA,32,19,92.39
605463,FF,777491,2025-06-15,SD,31,16,91.34
605463,FF,777462,2025-06-18,TOR,29,8,92.29
605463,FF,777399,2025-06-22,COL,33,20,92.12
605463,FF,777370,2025-06-25,CWS,21,7,91.33
605463,FF,777332,2025-06-27,MIA,37,13,91.1
605463,FF,776692,2025-08-18,DET,42,12,92.06
606160,FF,778475,2025-04-02,SF,9,7,95.53
606160,FF,778419,2025-04-06,MIN,39,16,95.65
606160,FF,778384,2025-04-10,PHI,14,6,93.82
606160,FF,778353,2025-04-12,TB,31,10,93.92
606160,FF,778311,2025-04-15,TOR,20,9,95.31
606160,FF,778267,2025-04-19,MIN,23,12,94.22
606160,FF,778229,2025-04-22,STL,24,8,94.3
606160,FF,778214,2025-04-23,STL,17,10,93.7
606160,FF,778147,2025-04-27,AZ,6,4,95.0
606160,FF,778120,2025-04-29,COL,10,6,94.93
606160,FF,778092,2025-05-02,LAD,14,10,94.78
606160,FF,778034,2025-05-06,CIN,18,11,94.74
606160,FF,778003,2025-05-08,CIN,17,9,94.78
606160,FF,777985,2025-05-10,PIT,14,2,94.75
606160,FF,777929,2025-05-14,WSH,29,13,94.65
606160,FF,777893,2025-05-17,BOS,14,9,94.71
606160,FF,777841,2025-05-20,WSH,18,5,94.32
606160,FF,777748,2025-05-27,PHI,1,1,94.1
606160,FF,777723,2025-05-29,PHI,26,11,95.0
606160,FF,777706,2025-05-31,BOS,15,10,95.23
606160,FF,777672,2025-06-03,AZ,39,13,95.37
606160,FF,777587,2025-06-08,SF,15,6,95.83
606160,FF,777523,2025-06-14,COL,30,14,95.5
606160,FF,777455,2025-06-19,NYM,13,9,96.19
606160,FF,777424,2025-06-21,MIA,24,10,96.33
606160,FF,777387,2025-06-24,NYM,7,2,95.35
606160,FF,777342,2025-06-27,PHI,8,5,95.8
606160,FF,777333,2025-06-28,PHI,17,6,95.27
606160,FF,777279,2025-07-02,LAA,16,3,95.5
606160,FF,777237,2025-07-05,BAL,22,11,96.35
606160,FF,777176,2025-07-09,ATH,22,4,96.68
606160,FF,777147,2025-07-11,STL,17,3,95.57
606160,FF,777133,2025-07-12,STL,14,3,95.23
606160,FF,777097,2025-07-19,NYY,29,9,96.39
606160,FF,777069,2025-07-21,SF,18,9,96.04
606160,FF,777009,2025-07-25,TEX,28,9,95.6
606160,FF,776971,2025-07-28,KC,14,5,95.18
606160,FF,776955,2025-07-29,KC,16,4,95.95
606160,FF,776861,2025-08-05,MIN,22,7,95.39
606160,FF,776813,2025-08-09,LAA,24,9,94.67
606160,FF,776806,2025-08-10,LAA,28,17,94.62
606160,FF,776744,2025-08-14,MIN,16,5,95.68
606160,FF,776673,2025-08-20,HOU,14,5,94.66
606160,FF,776615,2025-08-24,KC,24,14,95.13
606160,FF,776559,2025-08-27,ATH,36,12,95.12
606160,FF,776512,2025-08-31,KC,9,6,94.43
606160,FF,776501,2025-09-01,NYM,17,6,95.3
606160,FF,776478,2025-09-03,NYM,15,5,95.94
606160,FF,776435,2025-09-06,CWS,13,6,94.57
606160,FF,776425,2025-09-07,CWS,20,6,94.7
606160,FF,776366,2025-09-12,MIA,18,3,94.67
606160,FF,776347,2025-09-13,MIA,9,3,95.33
606160,FF,776303,2025-09-16,CLE,22,6,95.12
606160,FF,776268,2025-09-19,ATL,21,2,94.4
606160,FF,776258,2025-09-20,ATL,9,4,93.82
606160,FF,776218,2025-09-23,CLE,5,1,96.2
606160,FF,776204,2025-09-24,CLE,14,11,95.75
606160,FF,776157,2025-09-27,BOS,21,4,95.85
621121,FF,778055,2025-05-04,CWS,87,10,92.29
621121,FF,777979,2025-05-10,CIN,36,8,90.68
621121,FF,777895,2025-05-16,TEX,83,9,91.48
621121,FF,777822,2025-05-22,SEA,91,7,92.53
621121,FF,777567,2025-06-10,CWS,96,1,91.2
621121,FF,777235,2025-07-04,LAD,87,4,92.58
621121,FF,777154,2025-07-11,TEX,83,6,92.33
621121,FF,777086,2025-07-19,SEA,75,6,91.68
621121,FF,776135,2025-09-28,LAA,54,11,91.66
623352,SI,778462,2025-04-03,MIN,13,4,93.85
623352,SI,778419,2025-04-06,MIN,29,14,94.89
623352,SI,778398,2025-04-08,SEA,22,14,94.17
623352,SI,778329,2025-04-13,LAA,13,7,94.11
623352,SI,778308,2025-04-15,STL,10,4,94.78
623352,SI,778269,2025-04-18,SD,10,4,94.8
623352,SI,778259,2025-04-19,SD,15,10,95.47
623352,SI,778217,2025-04-22,TOR,14,11,94.82
623352,SI,778200,2025-04-23,TOR,23,13,94.87
623352,SI,778142,2025-04-28,DET,14,7,95.37
623352,SI,778124,2025-04-29,DET,16,8,94.76
623352,SI,778015,2025-05-07,MIL,19,12,95.8
623352,SI,777989,2025-05-09,CIN,20,12,96.07
623352,SI,777920,2025-05-14,KC,21,12,96.97
623352,SI,777895,2025-05-16,TEX,16,8,95.79
623352,SI,777869,2025-05-18,TEX,17,10,95.42
623352,SI,777858,2025-05-19,TB,11,9,95.29
623352,SI,777800,2025-05-23,SEA,9,3,94.67
623352,SI,777787,2025-05-24,SEA,17,8,95.48
623352,SI,777734,2025-05-28,ATH,22,10,96.58
623352,SI,777690,2025-06-01,TB,14,7,95.19
623352,SI,777663,2025-06-03,PIT,15,6,95.3
623352,SI,777622,2025-06-06,CLE,12,6,95.67
623352,SI,777608,2025-06-07,CLE,24,9,95.87
623352,SI,777546,2025-06-12,CWS,18,13,95.07
623352,SI,777510,2025-06-14,MIN,16,8,96.11
623352,SI,777494,2025-06-15,MIN,13,6,94.58
623352,SI,777441,2025-06-19,ATH,21,13,95.77
623352,SI,777428,2025-06-20,LAA,9,8,95.7
623352,SI,777397,2025-06-22,LAA,15,5,95.94
623352,SI,777377,2025-06-24,PHI,14,7,96.64
623352,SI,777366,2025-06-25,PHI,16,13,95.48
623352,SI,777336,2025-06-27,CHC,3,2,96.2
623352,SI,777308,2025-06-29,CHC,11,9,96.63
623352,SI,777285,2025-07-01,COL,13,7,96.49
623352,SI,777221,2025-07-05,LAD,24,12,96.6
623352,SI,777192,2025-07-08,CLE,32,18,95.46
623352,SI,777137,2025-07-12,TEX,27,14,96.39
623352,SI,777086,2025-07-19,SEA,35,19,95.8
623352,SI,777055,2025-07-21,AZ,18,11,93.65
623352,SI,777032,2025-07-23,AZ,18,7,94.61
623352,SI,776969,2025-07-28,WSH,11,6,93.43
623352,SI,776950,2025-07-29,WSH,13,7,94.36
623352,SI,776922,2025-08-01,BOS,20,10,96.46
623352,SI,776862,2025-08-05,MIA,19,11,95.08
623352,SI,776835,2025-08-08,NYY,36,14,96.66
650556,FF,778462,2025-04-03,MIN,17,12,98.01
650556,FF,778419,2025-04-06,MIN,15,8,97.9
650556,FF,778405,2025-04-07,SEA,15,10,98.09
650556,FF,778383,2025-04-09,SEA,30,18,97.67
650556,FF,778329,2025-04-13,LAA,23,6,96.82
650556,FF,778308,2025-04-15,STL,19,10,96.44
650556,FF,778269,2025-04-18,SD,15,8,96.91
650556,FF,778259,2025-04-19,SD,15,5,96.64
650556,FF,778217,2025-04-22,TOR,13,6,98.25
650556,FF,778200,2025-04-23,TOR,15,6,96.75
650556,FF,778142,2025-04-28,DET,5,3,97.97
650556,FF,778124,2025-04-29,DET,15,8,97.62
650556,FF,778066,2025-05-03,CWS,15,7,95.13
650556,FF,778031,2025-05-06,MIL,16,9,96.91
650556,FF,778015,2025-05-07,MIL,6,5,94.22
650556,FF,777989,2025-05-09,CIN,14,8,96.04
650556,FF,777931,2025-05-13,KC,11,3,97.1
650556,FF,777895,2025-05-16,TEX,7,3,96.5
650556,FF,777869,2025-05-18,TEX,17,9,95.26
650556,FF,777858,2025-05-19,TB,20,10,97.76
650556,FF,777800,2025-05-23,SEA,27,18,97.87
650556,FF,777787,2025-05-24,SEA,21,11,98.08
650556,FF,777734,2025-05-28,ATH,11,5,97.24
650556,FF,777690,2025-06-01,TB,21,12,96.87
650556,FF,777663,2025-06-03,PIT,11,4,96.65
650556,FF,777630,2025-06-05,PIT,15,10,95.68
650556,FF,777622,2025-06-06,CLE,14,5,96.58
650556,FF,777546,2025-06-12,CWS,16,8,97.19
650556,FF,777510,2025-06-14,MIN,22,13,98.82
650556,FF,777485,2025-06-16,ATH,9,4,97.4
650556,FF,777441,2025-06-19,ATH,20,11,96.95
650556,FF,777428,2025-06-20,LAA,30,15,97.16
650556,FF,777397,2025-06-22,LAA,18,6,96.67
650556,FF,777377,2025-06-24,PHI,12,5,97.66
650556,FF,777350,2025-06-26,PHI,22,11,98.52
650556,FF,777308,2025-06-29,CHC,23,11,97.31
650556,FF,777285,2025-07-01,COL,14,5,97.38
650556,FF,777221,2025-07-05,LAD,14,4,97.3
650556,FF,777206,2025-07-06,LAD,18,10,98.72
650556,FF,777137,2025-07-12,TEX,20,13,97.63
650556,FF,777086,2025-07-19,SEA,17,8,98.06
650556,FF,777067,2025-07-20,SEA,18,10,96.95
650556,FF,777040,2025-07-22,AZ,13,7,97.06
650556,FF,776991,2025-07-26,ATH,7,3,96.97
650556,FF,776969,2025-07-28,WSH,22,10,97.06
650556,FF,776950,2025-07-29,WSH,28,14,97.81
650556,FF,776922,2025-08-01,BOS,13,4,96.68
650556,FF,776875,2025-08-04,MIA,17,7,97.26
650556,FF,776862,2025-08-05,MIA,15,8,96.45
650556,FF,776835,2025-08-08,NYY,10,5,97.28
650556,FF,776797,2025-08-10,NYY,18,9,96.1
650556,FF,776753,2025-08-13,BOS,23,11,98.59
650556,FF,776722,2025-08-16,BAL,19,11,97.98
650556,FF,776685,2025-08-19,DET,18,10,96.56
650556,FF,776643,2025-08-22,BAL,21,8,97.71
650556,FF,776629,2025-08-23,BAL,9,4,97.98
650556,FF,776571,2025-08-27,COL,12,8,97.81
650556,FF,776555,2025-08-28,COL,11,4,97.6
650556,FF,776531,2025-08-30,LAA,28,17,98.08
650556,FF,776472,2025-09-03,NYY,30,15,97.75
650556,FF,776449,2025-09-05,TEX,19,10,96.68
650556,FF,776393,2025-09-09,TOR,30,20,97.13
650556,FF,776385,2025-09-10,TOR,11,4,96.68
650556,FF,776319,2025-09-15,TEX,12,7,96.71
650556,FF,776301,2025-09-16,TEX,32,14,97.29
650556,FF,776248,2025-09-20,SEA,11,3,97.17
650556,FF,776182,2025-09-25,ATH,12,5,95.4
650556,FF,776169,2025-09-26,LAA,8,3,95.83
656986,FF,778383,2025-04-09,SEA,13,8,94.54
656986,FF,778351,2025-04-12,LAA,15,9,95.42
656986,FF,778325,2025-04-14,STL,27,15,94.03
656986,FF,778290,2025-04-16,STL,4,3,95.3
656986,FF,778187,2025-04-25,KC,9,5,95.54
656986,FF,778124,2025-04-29,DET,26,11,95.3
656986,FF,778079,2025-05-02,CWS,6,5,93.82
656986,FF,778042,2025-05-05,MIL,29,14,95.54
656986,FF,777979,2025-05-10,CIN,23,11,95.15
656986,FF,777948,2025-05-12,KC,28,14,95.2
656986,FF,777882,2025-05-17,TEX,21,11,95.11
656986,FF,777832,2025-05-21,TB,25,9,95.79
656986,FF,777800,2025-05-23,SEA,10,2,95.5
656986,FF,777787,2025-05-24,SEA,11,4,94.72
656986,FF,777725,2025-05-29,TB,22,8,94.99
656986,FF,777648,2025-06-04,PIT,9,3,95.07
656986,FF,777608,2025-06-07,CLE,18,5,95.82
656986,FF,777567,2025-06-10,CWS,27,9,95.24
656986,FF,777527,2025-06-13,MIN,13,8,95.28
656986,FF,777494,2025-06-15,MIN,12,6,94.95
656986,FF,777469,2025-06-17,ATH,22,11,94.05
656986,FF,777428,2025-06-20,LAA,10,3,95.53
656986,FF,777366,2025-06-25,PHI,9,4,95.08
656986,FF,777336,2025-06-27,CHC,31,10,95.07
656986,FF,777285,2025-07-01,COL,9,4,95.6
656986,FF,777269,2025-07-02,COL,14,6,96.08
656986,FF,777221,2025-07-05,LAD,8,5,95.42
656986,FF,777206,2025-07-06,LAD,12,5,94.46
656986,FF,777174,2025-07-09,CLE,24,14,94.77
656986,FF,777137,2025-07-12,TEX,22,6,94.77
656986,FF,777099,2025-07-18,SEA,10,3,94.63
656986,FF,777086,2025-07-19,SEA,16,4,95.42
656986,FF,777055,2025-07-21,AZ,18,6,95.72
656986,FF,777032,2025-07-23,AZ,21,10,95.59
656986,FF,776991,2025-07-26,ATH,25,8,95.1
656986,FF,776950,2025-07-29,WSH,20,7,94.66
656986,FF,776922,2025-08-01,BOS,9,3,95.47
656986,FF,776849,2025-08-06,MIA,17,10,94.56
656986,FF,776835,2025-08-08,NYY,16,1,94.6
656986,FF,776797,2025-08-10,NYY,10,6,96.37
656986,FF,776753,2025-08-13,BOS,17,2,94.7
656986,FF,776722,2025-08-16,BAL,21,4,93.92
656986,FF,776685,2025-08-19,DET,15,3,94.97
660853,FF,778472,2025-04-02,LAD,15,6,95.12
660853,FF,778451,2025-04-05,MIA,12,5,96.06
660853,FF,778406,2025-04-08,PHI,25,12,95.85
660853,FF,778384,2025-04-10,PHI,11,3,96.27
660853,FF,778340,2025-04-13,TB,12,7,95.54
660853,FF,778284,2025-04-18,MIN,23,14,96.18
660853,FF,778249,2025-04-20,MIN,21,8,96.5
660853,FF,778229,2025-04-22,STL,26,7,96.07
660853,FF,778177,2025-04-25,AZ,20,8,96.45
660853,FF,778120,2025-04-29,COL,23,11,95.93
660853,FF,778076,2025-05-03,LAD,26,10,96.54
660853,FF,778049,2025-05-05,CIN,19,3,96.7
660853,FF,778023,2025-05-07,CIN,17,12,96.25
660853,FF,777998,2025-05-09,PIT,16,6,96.4
660853,FF,777967,2025-05-11,PIT,16,7,97.01
660853,FF,777929,2025-05-14,WSH,17,4,96.75
660853,FF,777893,2025-05-17,BOS,12,4,96.85
660853,FF,777820,2025-05-22,WSH,11,10,96.11
660853,FF,777803,2025-05-24,SD,11,4,97.08
660853,FF,777748,2025-05-27,PHI,12,5,97.22
660853,FF,777719,2025-05-30,BOS,16,9,96.23
660853,FF,777692,2025-06-01,BOS,7,4,96.2
660853,FF,777672,2025-06-03,AZ,17,5,96.32
660853,FF,777640,2025-06-05,AZ,23,12,95.79
660853,FF,777587,2025-06-08,SF,12,7,96.46
660853,FF,777535,2025-06-13,COL,13,11,96.12
660853,FF,777504,2025-06-15,COL,19,10,96.79
660853,FF,777455,2025-06-19,NYM,16,8,96.44
660853,FF,777424,2025-06-21,MIA,13,8,95.25
660853,FF,777387,2025-06-24,NYM,12,6,96.6
660853,FF,777342,2025-06-27,PHI,20,10,96.51
660853,FF,777298,2025-07-01,LAA,22,8,95.95
660853,FF,777261,2025-07-03,LAA,20,9,95.9
660853,FF,777237,2025-07-05,BAL,17,8,96.86
660853,FF,777189,2025-07-08,ATH,27,11,96.53
660853,FF,777147,2025-07-11,STL,20,10,96.98
660853,FF,777097,2025-07-19,NYY,22,10,96.32
660853,FF,777069,2025-07-21,SF,26,11,96.02
660853,FF,777009,2025-07-25,TEX,14,5,95.5
660853,FF,776993,2025-07-26,TEX,2,2,94.9
660853,FF,776955,2025-07-29,KC,38,14,95.92
660853,FF,776782,2025-08-11,BOS,9,6,96.18
660853,FF,776722,2025-08-16,BAL,13,9,95.61
660853,FF,776705,2025-08-17,BAL,13,8,94.02
660853,FF,776673,2025-08-20,DET,12,7,95.91
660853,FF,776643,2025-08-22,BAL,19,9,96.14
660853,FF,776629,2025-08-23,BAL,16,6,96.78
660853,FF,776543,2025-08-29,LAA,11,6,96.95
660853,FF,776531,2025-08-30,LAA,4,2,95.35
660853,FF,776489,2025-09-02,NYY,31,17,96.41
660853,FF,776464,2025-09-04,NYY,24,15,97.03
660853,FF,776432,2025-09-06,TEX,21,11,96.45
660853,FF,776393,2025-09-09,TOR,8,5,95.28
660853,FF,776385,2025-09-10,TOR,14,10,95.37
660853,FF,776346,2025-09-13,ATL,23,14,96.28
660853,FF,776329,2025-09-14,ATL,21,11,96.61
660853,FF,776301,2025-09-16,TEX,27,12,96.2
660853,FF,776262,2025-09-19,SEA,17,10,96.51
660853,FF,776228,2025-09-21,SEA,14,12,95.17
660853,FF,776208,2025-09-23,ATH,19,11,95.61
660853,FF,776182,2025-09-25,ATH,18,10,95.56
660853,FF,776155,2025-09-27,LAA,14,8,95.59
663321,FF,777456,2025-06-18,ATH,30,11,91.25
663321,FF,777414,2025-06-21,LAA,23,9,91.62
663321,FF,777007,2025-07-25,ATH,59,29,91.03
663321,FF,776909,2025-08-02,BOS,9,5,91.82
663321,FF,776895,2025-08-03,BOS,17,9,91.02
663321,FF,776360,2025-09-12,ATL,21,6,92.18
663321,FF,776262,2025-09-19,SEA,18,7,91.9
663321,FF,776228,2025-09-21,SEA,18,7,91.87
663321,FF,776195,2025-09-24,ATH,16,9,90.74
663321,FF,776182,2025-09-25,ATH,10,3,90.93
664285,SI,778475,2025-04-02,SF,88,39,94.7
664285,SI,778398,2025-04-08,SEA,94,35,94.45
664285,SI,778325,2025-04-14,STL,89,49,94.07
664285,SI,778237,2025-04-20,SD,87,49,94.62
664285,SI,778167,2025-04-26,KC,96,48,93.54
664285,SI,778079,2025-05-02,CWS,87,45,91.63
664285,SI,778015,2025-05-07,MIL,101,46,93.52
664285,SI,777931,2025-05-13,KC,89,36,94.02
664285,SI,777869,2025-05-18,TEX,98,43,93.74
664285,SI,777787,2025-05-24,SEA,101,61,93.9
664285,SI,777714,2025-05-30,TB,83,34,94.72
664285,SI,777630,2025-06-05,PIT,99,41,94.95
664285,SI,777546,2025-06-12,CWS,95,37,94.84
664285,SI,777456,2025-06-18,ATH,97,38,94.42
664285,SI,777377,2025-06-24,PHI,92,41,94.53
664285,SI,777308,2025-06-29,CHC,92,32,94.15
664285,SI,777221,2025-07-05,LAD,102,56,94.76
664285,SI,777137,2025-07-12,TEX,94,42,94.97
664285,SI,777040,2025-07-22,AZ,93,40,94.67
664285,SI,776969,2025-07-28,WSH,97,36,95.91
664285,SI,776895,2025-08-03,BOS,94,49,94.68
664285,SI,776815,2025-08-09,NYY,91,50,94.64
664285,SI,776733,2025-08-15,BAL,99,50,94.54
664285,SI,776673,2025-08-20,DET,96,52,92.95
664285,SI,776571,2025-08-27,COL,99,45,94.51
664285,SI,776489,2025-09-02,NYY,96,32,94.52
664285,SI,776418,2025-09-07,TEX,97,39,92.85
664285,SI,776329,2025-09-14,ATL,76,28,94.78
664285,SI,776248,2025-09-20,SEA,87,41,93.56
664285,SI,776182,2025-09-25,ATH,92,42,94.02
664299,FF,776782,2025-08-11,BOS,85,29,93.53
664299,FF,776705,2025-08-17,BAL,50,19,91.14
664299,FF,776629,2025-08-23,BAL,65,33,92.85
664299,FF,776543,2025-08-29,LAA,85,45,93.37
664299,FF,776464,2025-09-04,NYY,78,33,93.22
664299,FF,776369,2025-09-11,TOR,87,29,92.03
664299,FF,776292,2025-09-17,TEX,88,37,92.94
664299,FF,776208,2025-09-23,ATH,79,21,92.98
664351,FF,778475,2025-04-02,SF,20,7,91.7
664351,FF,778419,2025-04-06,MIN,39,24,91.45
664351,FF,778383,2025-04-09,SEA,21,13,91.07
664351,FF,778368,2025-04-11,LAA,15,6,92.45
664351,FF,778325,2025-04-14,STL,35,17,90.9
664351,FF,776976,2025-07-27,ATH,23,12,90.31
664351,FF,776937,2025-07-30,WSH,29,17,89.49
669713,FF,778489,2025-04-01,SF,88,49,94.59
669713,FF,778405,2025-04-07,SEA,82,29,94.25
669713,FF,778329,2025-04-13,LAA,93,26,93.89
669713,FF,778259,2025-04-19,SD,85,36,94.28
669713,FF,778187,2025-04-25,KC,80,26,92.26
669713,FF,778031,2025-05-06,MIL,80,20,92.74
669854,FF,778419,2025-04-06,MIN,62,22,92.98
669854,FF,778368,2025-04-11,LAA,83,39,93.39
669854,FF,778290,2025-04-16,STL,88,42,93.46
669854,FF,778217,2025-04-22,TOR,93,34,94.33
669854,FF,778142,2025-04-28,DET,84,27,93.55
669854,FF,778042,2025-05-05,MIL,98,32,92.41
669854,FF,777963,2025-05-11,CIN,101,29,92.86
669854,FF,777882,2025-05-17,TEX,92,29,92.76
669920,FF,778283,2025-04-17,CWS,10,2,92.05
669920,FF,777946,2025-05-15,LAD,75,10,92.46
669920,FF,777469,2025-06-17,ATH,95,6,92.9
669920,FF,777235,2025-07-04,LAD,57,2,91.8
669920,FF,777025,2025-07-24,ATH,96,12,91.65
669920,FF,776950,2025-07-29,WSH,80,12,92.91
669920,FF,776875,2025-08-04,MIA,97,11,92.51
669920,FF,776797,2025-08-10,NYY,87,7,91.3
669920,FF,776722,2025-08-16,BAL,76,6,92.07
669920,FF,776655,2025-08-21,BAL,91,21,91.62
669920,FF,776555,2025-08-28,COL,87,4,92.2
669920,FF,776472,2025-09-03,NYY,98,4,90.38
669920,FF,776385,2025-09-10,TOR,89,7,90.71
669920,FF,776319,2025-09-15,TEX,83,11,91.44
669920,FF,776228,2025-09-21,SEA,37,4,91.98
669920,FF,776169,2025-09-26,LAA,56,8,92.34
672391,FF,778142,2025-04-28,DET,21,15,96.13
672391,FF,778110,2025-04-30,DET,16,12,96.68
672391,FF,778079,2025-05-02,CWS,13,9,95.14
672391,FF,778055,2025-05-04,CWS,7,6,93.8
672391,FF,778042,2025-05-05,MIL,10,7,95.51
672391,FF,777989,2025-05-09,CIN,3,1,95.9
672391,FF,777979,2025-05-10,CIN,15,9,96.24
672391,FF,777948,2025-05-12,KC,12,8,96.74
672391,FF,777920,2025-05-14,KC,12,3,95.37
672391,FF,777895,2025-05-16,TEX,16,5,94.96
672391,FF,777848,2025-05-20,TB,19,7,96.21
672391,FF,777822,2025-05-22,SEA,29,16,96.49
672391,FF,777774,2025-05-25,SEA,20,13,96.54
672391,FF,777725,2025-05-29,TB,34,20,96.54
672391,FF,777693,2025-05-31,TB,18,5,93.8
672391,FF,777630,2025-06-05,PIT,18,13,97.22
672391,FF,777591,2025-06-08,CLE,17,7,96.59
672391,FF,777567,2025-06-10,CWS,23,12,96.51
672391,FF,777527,2025-06-13,MIN,11,8,96.5
672391,FF,777469,2025-06-17,ATH,8,8,95.5
672391,FF,777441,2025-06-19,ATH,9,5,96.94
672391,FF,777414,2025-06-21,LAA,26,14,96.89
672391,FF,777336,2025-06-27,CHC,17,10,97.58
672391,FF,777269,2025-07-02,COL,13,5,96.86
672391,FF,777264,2025-07-03,COL,12,6,95.62
672391,FF,777202,2025-07-07,CLE,21,9,97.48
672391,FF,777192,2025-07-08,CLE,1,1,95.3
672391,FF,777154,2025-07-11,TEX,18,12,97.42
672391,FF,777125,2025-07-13,TEX,6,2,96.2
672391,FF,777067,2025-07-20,SEA,26,7,96.94
672391,FF,777007,2025-07-25,ATH,38,21,96.74
672391,FF,776976,2025-07-27,ATH,10,4,95.08
672391,FF,776909,2025-08-02,BOS,17,12,97.02
672391,FF,776895,2025-08-03,BOS,24,10,94.97
672391,FF,776862,2025-08-05,MIA,10,6,95.63
672391,FF,776849,2025-08-06,MIA,10,5,95.92
672391,FF,776815,2025-08-09,NYY,13,7,97.79
672391,FF,776782,2025-08-11,BOS,13,11,96.65
672391,FF,776705,2025-08-17,BAL,30,15,96.08
672391,FF,776685,2025-08-19,DET,16,4,96.25
672391,FF,776655,2025-08-21,BAL,16,8,95.65
672391,FF,776643,2025-08-22,BAL,16,11,95.79
672391,FF,776587,2025-08-26,COL,17,10,97.42
672391,FF,776555,2025-08-28,COL,14,8,96.46
672391,FF,776543,2025-08-29,LAA,21,13,97.41
672391,FF,776499,2025-09-01,LAA,13,7,96.43
672391,FF,776472,2025-09-03,NYY,10,4,96.42
672391,FF,776464,2025-09-04,NYY,27,17,96.23
676467,FF,777920,2025-05-14,KC,85,38,91.32
676467,FF,777858,2025-05-19,TB,83,30,91.2
676467,FF,777774,2025-05-25,SEA,84,38,90.56
676467,FF,777693,2025-05-31,TB,75,25,90.98
676467,FF,777622,2025-06-06,CLE,75,22,92.1
676467,FF,777527,2025-06-13,MIN,102,46,91.39
676467,FF,777441,2025-06-19,ATH,91,25,91.6
676467,FF,777366,2025-06-25,PHI,80,35,91.24
676467,FF,777285,2025-07-01,COL,87,37,91.13
676467,FF,777202,2025-07-07,CLE,82,28,90.98
676467,FF,777125,2025-07-13,TEX,17,5,91.88
676467,FF,777055,2025-07-21,AZ,89,43,91.04
676467,FF,776976,2025-07-27,ATH,99,47,91.13
676467,FF,776909,2025-08-02,BOS,81,31,91.46
676467,FF,776769,2025-08-12,BOS,52,20,91.5
676467,FF,776449,2025-09-05,TEX,71,36,90.44
676467,FF,776360,2025-09-12,ATL,60,31,91.09
676467,FF,776301,2025-09-16,TEX,57,31,90.47
676467,FF,776248,2025-09-20,SEA,13,5,91.24
676467,FF,776135,2025-09-28,LAA,68,22,89.82
677651,FF,776499,2025-09-01,LAA,79,38,91.42
677651,FF,776393,2025-09-09,TOR,27,14,89.87
681151,FF,776464,2025-09-04,NYY,14,11,96.75
681151,FF,776432,2025-09-06,TEX,7,2,96.65
681151,FF,776360,2025-09-12,ATL,40,17,96.09
681151,FF,776319,2025-09-15,TEX,7,5,96.38
681151,FF,776301,2025-09-16,TEX,12,4,96.58
681151,FF,776248,2025-09-20,SEA,29,16,96.56
681151,FF,776208,2025-09-23,ATH,26,10,94.72
681151,FF,776169,2025-09-26,LAA,17,7,95.6
681151,FF,776135,2025-09-28,LAA,24,11,96.51
681293,FF,778440,2025-04-05,MIN,70,35,93.24
681293,FF,776849,2025-08-06,MIA,86,28,93.34
681293,FF,776769,2025-08-12,BOS,88,48,92.63
681293,FF,776692,2025-08-18,DET,90,24,92.25
681293,FF,776612,2025-08-24,BAL,97,17,93.92
681293,FF,776531,2025-08-30,LAA,98,18,92.76
681869,FF,777963,2025-05-11,CIN,21,14,94.57
681869,FF,777920,2025-05-14,KC,27,12,95.22
681869,FF,777895,2025-05-16,TEX,10,5,94.86
681869,FF,777848,2025-05-20,TB,31,14,94.34
681869,FF,777822,2025-05-22,SEA,11,6,95.85
681869,FF,777800,2025-05-23,SEA,10,3,93.87
681869,FF,777774,2025-05-25,SEA,22,8,95.29
681869,FF,777734,2025-05-28,ATH,27,11,94.43
681869,FF,777693,2025-05-31,TB,18,6,94.0
681869,FF,777663,2025-06-03,PIT,10,4,93.95
681869,FF,777622,2025-06-06,CLE,14,4,93.98
681869,FF,777608,2025-06-07,CLE,24,9,94.18
681869,FF,777567,2025-06-10,CWS,11,5,94.48
681869,FF,777546,2025-06-12,CWS,11,8,94.14
681869,FF,777494,2025-06-15,MIN,12,5,93.32
681869,FF,777485,2025-06-16,ATH,6,1,95.6
681869,FF,777428,2025-06-20,LAA,17,4,94.65
681869,FF,776769,2025-08-12,BOS,17,10,93.94
681869,FF,776733,2025-08-15,BAL,25,11,94.19
681869,FF,776705,2025-08-17,BAL,25,11,93.92
681869,FF,776673,2025-08-20,DET,14,6,93.7
681869,FF,776643,2025-08-22,BAL,28,8,94.25
681869,FF,776516,2025-08-30,SF,26,4,93.4
681869,FF,776480,2025-09-02,SD,19,3,95.27
681869,FF,776465,2025-09-03,SD,16,4,94.22
681869,FF,776387,2025-09-10,PIT,24,7,92.91
681869,FF,776353,2025-09-12,TOR,39,10,93.4
686613,FF,778462,2025-04-03,MIN,91,32,97.62
686613,FF,778383,2025-04-09,SEA,98,40,96.76
686613,FF,778308,2025-04-15,STL,97,42,97.02
686613,FF,778231,2025-04-21,TOR,96,35,97.59
686613,FF,778152,2025-04-27,KC,100,35,96.8
686613,FF,778066,2025-05-03,CWS,98,37,96.13
686613,FF,777989,2025-05-09,CIN,101,37,96.25
686613,FF,777910,2025-05-15,TEX,91,36,96.73
686613,FF,777832,2025-05-21,TB,91,35,96.04
686613,FF,777752,2025-05-27,ATH,88,27,97.26
686613,FF,777690,2025-06-01,TB,93,43,96.42
686613,FF,777608,2025-06-07,CLE,101,43,97.04
686613,FF,777510,2025-06-14,MIN,98,40,97.27
686613,FF,777428,2025-06-20,LAA,87,37,96.58
686613,FF,777350,2025-06-26,PHI,96,36,96.67
686613,FF,777269,2025-07-02,COL,102,40,97.48
686613,FF,777192,2025-07-08,CLE,91,39,96.92
686613,FF,777125,2025-07-13,TEX,93,44,96.45
686613,FF,777067,2025-07-20,SEA,89,41,97.32
686613,FF,776991,2025-07-26,ATH,98,24,96.21
686613,FF,776922,2025-08-01,BOS,97,48,95.72
686613,FF,776835,2025-08-08,NYY,89,45,96.77
686613,FF,776753,2025-08-13,BOS,93,32,96.52
686613,FF,776685,2025-08-19,DET,101,38,95.83
686613,FF,776587,2025-08-26,COL,93,20,96.38
686613,FF,776510,2025-08-31,LAA,94,19,95.48
686613,FF,776432,2025-09-06,TEX,107,52,95.54
686613,FF,776346,2025-09-13,ATL,108,40,95.15
686613,FF,776262,2025-09-19,SEA,99,32,96.1
686613,FF,776195,2025-09-24,ATH,86,18,96.33
687888,FF,777848,2025-05-20,TB,80,6,91.6
687888,FF,777591,2025-06-08,CLE,90,6,92.15
687888,FF,777494,2025-06-15,MIN,97,8,92.06
687888,FF,777414,2025-06-21,LAA,99,24,91.81
687888,FF,777336,2025-06-27,CHC,85,27,91.84
687888,FF,777264,2025-07-03,COL,91,23,92.08
687888,FF,777174,2025-07-09,CLE,95,14,91.71
687888,FF,777099,2025-07-18,SEA,95,33,91.75
687888,FF,777032,2025-07-23,AZ,82,16,91.12
687911,FF,778489,2025-04-01,SF,14,10,92.04
687911,FF,778462,2025-04-03,MIN,6,6,91.22
687911,FF,778419,2025-04-06,MIN,13,7,92.57
687911,FF,778398,2025-04-08,SEA,31,21,91.89
687911,FF,778351,2025-04-12,LAA,21,9,91.6
687911,FF,778329,2025-04-13,LAA,11,6,90.92
687911,FF,778308,2025-04-15,STL,15,10,91.26
687911,FF,778269,2025-04-18,SD,16,7,92.53
687911,FF,778237,2025-04-20,SD,15,9,92.26
687911,FF,778217,2025-04-22,TOR,1,1,90.1
687911,FF,778200,2025-04-23,TOR,8,3,90.8
687911,FF,778152,2025-04-27,KC,14,10,91.61
687911,FF,778142,2025-04-28,DET,12,8,92.14
687911,FF,778110,2025-04-30,DET,17,9,92.54
687911,FF,778066,2025-05-03,CWS,14,10,91.4
687911,FF,778031,2025-05-06,MIL,10,7,92.39
687911,FF,777989,2025-05-09,CIN,10,3,91.97
687911,FF,777920,2025-05-14,KC,19,12,92.22
687911,FF,777895,2025-05-16,TEX,10,6,91.22
687911,FF,777858,2025-05-19,TB,27,23,92.19
687911,FF,777822,2025-05-22,SEA,22,15,91.58
687911,FF,777800,2025-05-23,SEA,10,4,91.8
687911,FF,777774,2025-05-25,SEA,20,8,93.08
687911,FF,777725,2025-05-29,TB,23,15,91.29
687911,FF,777690,2025-06-01,TB,13,6,91.83
687911,FF,777648,2025-06-04,PIT,10,3,91.67
687911,FF,777622,2025-06-06,CLE,19,10,91.31
687911,FF,777550,2025-06-11,CWS,20,11,92.21
687911,FF,777546,2025-06-12,CWS,18,12,91.61
687911,FF,777485,2025-06-16,ATH,13,9,91.69
687911,FF,777428,2025-06-20,LAA,27,15,92.04
687911,FF,777397,2025-06-22,LAA,22,10,92.17
687911,FF,777366,2025-06-25,PHI,23,18,92.47
687911,FF,777350,2025-06-26,PHI,22,14,92.14
687911,FF,777285,2025-07-01,COL,18,15,92.09
687911,FF,777206,2025-07-06,LAD,18,11,92.84
687911,FF,777174,2025-07-09,CLE,16,8,91.58
687911,FF,777137,2025-07-12,TEX,15,12,92.62
687911,FF,777086,2025-07-19,SEA,11,7,92.34
687911,FF,777067,2025-07-20,SEA,14,9,90.77
687911,FF,777040,2025-07-22,AZ,11,7,92.56
687911,FF,776991,2025-07-26,ATH,12,7,92.87
687911,FF,776969,2025-07-28,WSH,17,11,92.46
687911,FF,776950,2025-07-29,WSH,19,10,91.27
687911,FF,776875,2025-08-04,MIA,26,18,92.39
687911,FF,776849,2025-08-06,MIA,10,7,91.49
687911,FF,776815,2025-08-09,NYY,12,10,91.97
687911,FF,776797,2025-08-10,NYY,14,9,92.49
687911,FF,776722,2025-08-16,BAL,15,8,92.7
687911,FF,776692,2025-08-18,DET,7,4,91.88
687911,FF,776685,2025-08-19,DET,15,9,93.13
687911,FF,776655,2025-08-21,BAL,20,12,92.64
687911,FF,776629,2025-08-23,BAL,27,15,93.1
687911,FF,776571,2025-08-27,COL,12,7,93.61
687911,FF,776555,2025-08-28,COL,13,9,92.04
687911,FF,776531,2025-08-30,LAA,10,9,92.41
687911,FF,776499,2025-09-01,LAA,12,9,91.77
687911,FF,776472,2025-09-03,NYY,7,3,91.57
687911,FF,776449,2025-09-05,TEX,18,14,91.49
687911,FF,776393,2025-09-09,TOR,21,18,91.64
687911,FF,776346,2025-09-13,ATL,22,11,92.09
687911,FF,776319,2025-09-15,TEX,19,15,91.09
687911,FF,776292,2025-09-17,TEX,14,10,91.72
687911,FF,776228,2025-09-21,SEA,11,6,92.3
687911,FF,776195,2025-09-24,ATH,13,8,91.3
687911,FF,776169,2025-09-26,LAA,13,9,90.59
701121,FF,778368,2025-04-11,LAA,24,10,92.9
701121,FF,778351,2025-04-12,LAA,14,5,93.16
701121,FF,778290,2025-04-16,STL,14,7,92.83
701121,FF,778237,2025-04-20,SD,8,2,92.05
701121,FF,778110,2025-04-30,DET,29,14,94.28
701121,FF,778066,2025-05-03,CWS,18,11,92.82
701121,FF,777979,2025-05-10,CIN,53,33,92.61
701121,FF,776673,2025-08-20,DET,10,7,92.56
701121,FF,776432,2025-09-06,TEX,12,7,92.43
805123,FF,778110,2025-04-30,DET,84,35,93.89
805123,FF,776862,2025-08-05,MIA,70,39,95.58
805123,FF,776629,2025-08-23,BAL,64,28,95.75
805123,FF,776510,2025-08-31,LAA,14,10,96.35
805123,FF,776489,2025-09-02,NYY,20,9,96.56
805123,FF,776449,2025-09-05,TEX,42,25,94.64
805123,FF,776393,2025-09-09,TOR,40,25,94.31
805123,FF,776360,2025-09-12,ATL,19,10,94.81
805123,FF,776301,2025-09-16,TEX,50,34,94.13
805123,FF,776228,2025-09-21,SEA,34,19,93.55
805123,FF,776155,2025-09-27,LAA,70,44,93.79
448179,FF,777047,2025-07-22,CHC,90,35,88.92
448179,FF,776971,2025-07-28,ATL,81,28,88.02
547179,FF,778488,2025-04-01,MIL,97,25,94.29
547179,FF,778412,2025-04-07,MIN,89,20,93.98
547179,FF,778359,2025-04-12,CLE,85,28,93.56
547179,FF,778286,2025-04-17,DET,102,23,93.71
547179,FF,778195,2025-04-24,COL,96,38,94.32
547179,FF,778128,2025-04-29,TB,88,20,94.9
547179,FF,778062,2025-05-04,BAL,85,23,95.1
547179,FF,777990,2025-05-09,BOS,90,30,94.71
547179,FF,777920,2025-05-14,HOU,84,18,95.45
547179,FF,777836,2025-05-20,SF,97,23,94.92
547179,FF,777760,2025-05-26,CIN,102,25,93.15
547179,FF,777660,2025-06-03,STL,74,14,94.36
547179,FF,777590,2025-06-08,CWS,92,19,93.81
547179,FF,777511,2025-06-14,ATH,89,10,92.97
547179,FF,777426,2025-06-20,SD,89,19,94.17
547179,FF,777353,2025-06-26,TB,81,7,92.9
547179,FF,777281,2025-07-01,SEA,89,33,94.51
547179,FF,777218,2025-07-06,AZ,82,13,94.7
547179,FF,776712,2025-08-16,CWS,82,17,92.86
547179,FF,776657,2025-08-21,TEX,89,16,92.84
547179,FF,776583,2025-08-26,CWS,78,11,94.05
547179,FF,776488,2025-09-02,LAA,95,16,92.78
547179,FF,776422,2025-09-07,MIN,82,4,93.15
547179,FF,776354,2025-09-12,PHI,72,12,93.35
547179,FF,776260,2025-09-19,TOR,113,23,92.46
547179,FF,776178,2025-09-25,LAA,84,24,92.55
607625,FF,778455,2025-04-04,BAL,85,26,91.79
607625,FF,778388,2025-04-09,MIN,109,27,92.04
607625,FF,778327,2025-04-14,NYY,98,22,92.15
607625,FF,778265,2025-04-19,DET,105,27,92.08
607625,FF,778187,2025-04-25,HOU,94,25,92.38
607625,FF,778097,2025-05-01,TB,93,16,91.67
607625,FF,778033,2025-05-06,CWS,98,14,91.43
607625,FF,777965,2025-05-11,BOS,96,20,92.36
607625,FF,777711,2025-05-30,DET,69,26,92.49
607625,FF,777618,2025-06-06,CWS,97,17,91.01
607625,FF,777536,2025-06-12,NYY,73,13,91.08
607625,FF,777468,2025-06-17,TEX,96,21,91.76
607625,FF,777396,2025-06-22,SD,90,15,91.89
607625,FF,777319,2025-06-28,LAD,107,20,91.12
607625,FF,777251,2025-07-03,SEA,101,21,91.34
607625,FF,777194,2025-07-08,PIT,82,10,90.58
607625,FF,777109,2025-07-18,MIA,83,12,91.11
607625,FF,777031,2025-07-23,CHC,95,22,91.69
607625,FF,776955,2025-07-29,ATL,92,10,91.01
607625,FF,776893,2025-08-03,TOR,91,14,91.41
607625,FF,776827,2025-08-08,MIN,82,20,92.01
607625,FF,776759,2025-08-13,WSH,92,27,90.63
607625,FF,776675,2025-08-19,TEX,102,29,91.92
607625,FF,776615,2025-08-24,DET,79,8,91.39
607625,FF,776540,2025-08-29,DET,85,20,92.16
608032,FF,778477,2025-04-02,MIL,27,15,95.32
608032,FF,778422,2025-04-06,BAL,9,4,92.08
608032,FF,778412,2025-04-07,MIN,23,15,94.61
608032,FF,778373,2025-04-10,MIN,13,7,94.17
608032,FF,778342,2025-04-13,CLE,21,12,95.15
608032,FF,778265,2025-04-19,DET,10,4,93.22
608032,FF,778246,2025-04-20,DET,24,11,94.9
608032,FF,778215,2025-04-22,COL,27,14,95.55
608032,FF,778190,2025-04-24,COL,12,9,94.61
608032,FF,778167,2025-04-26,HOU,6,3,95.27
608032,FF,778128,2025-04-29,TB,17,14,95.87
608032,FF,778113,2025-04-30,TB,23,11,95.23
608032,FF,778043,2025-05-05,CWS,8,3,94.73
608032,FF,778012,2025-05-07,CWS,21,10,95.85
608032,FF,777990,2025-05-09,BOS,16,8,95.69
608032,FF,777948,2025-05-12,HOU,16,8,96.38
608032,FF,777920,2025-05-14,HOU,13,6,96.4
608032,FF,777864,2025-05-18,STL,12,8,95.26
608032,FF,777855,2025-05-19,SF,9,6,96.03
608032,FF,777772,2025-05-25,MIN,16,8,94.81
608032,FF,777733,2025-05-28,CIN,16,7,95.1
608032,FF,777694,2025-05-31,DET,14,7,95.79
608032,FF,777660,2025-06-03,STL,18,11,96.15
608032,FF,777635,2025-06-05,STL,9,5,94.26
608032,FF,777642,2025-06-05,STL,10,6,95.9
608032,FF,777590,2025-06-08,CWS,18,10,96.5
608032,FF,777529,2025-06-13,ATH,6,2,95.2
608032,FF,777496,2025-06-15,ATH,27,9,94.73
608032,FF,777460,2025-06-18,TEX,12,4,94.92
608032,FF,777443,2025-06-19,TEX,11,8,94.99
608032,FF,777426,2025-06-20,SD,24,13,96.72
608032,FF,777353,2025-06-26,TB,14,9,93.38
608032,FF,777281,2025-07-01,SEA,12,6,95.5
608032,FF,777251,2025-07-03,SEA,33,18,96.32
608032,FF,777218,2025-07-06,AZ,12,5,95.38
608032,FF,777194,2025-07-08,PIT,11,5,95.32
608032,FF,777177,2025-07-09,PIT,16,4,95.95
608032,FF,777151,2025-07-11,NYM,16,6,97.27
608032,FF,777124,2025-07-13,NYM,14,3,95.6
608032,FF,777109,2025-07-18,MIA,6,3,96.47
608032,FF,777082,2025-07-20,MIA,5,4,95.38
608032,FF,777010,2025-07-26,CLE,20,7,97.51
608032,FF,776975,2025-07-27,CLE,15,10,96.45
608032,FF,776955,2025-07-29,ATL,22,10,97.78
608032,FF,776936,2025-07-30,ATL,10,8,94.68
608032,FF,776893,2025-08-03,TOR,29,17,97.17
608032,FF,776856,2025-08-06,BOS,10,5,97.84
608032,FF,776816,2025-08-09,MIN,16,9,97.02
608032,FF,776796,2025-08-10,MIN,9,6,95.55
608032,FF,776784,2025-08-11,WSH,18,9,96.93
608032,FF,776759,2025-08-13,WSH,25,14,96.86
608032,FF,776728,2025-08-15,CWS,20,14,97.06
608032,FF,776702,2025-08-17,CWS,8,3,94.6
608032,FF,776690,2025-08-18,TEX,12,8,96.94
608032,FF,776657,2025-08-21,TEX,13,10,95.35
608032,FF,776615,2025-08-24,DET,11,6,96.13
608032,FF,776583,2025-08-26,CWS,16,8,96.44
608032,FF,776528,2025-08-30,DET,23,14,96.57
608032,FF,776463,2025-09-04,LAA,16,7,96.76
608032,FF,776446,2025-09-05,MIN,19,14,96.13
608032,FF,776382,2025-09-10,CLE,15,9,96.79
608032,FF,776334,2025-09-14,PHI,8,2,95.6
608032,FF,776289,2025-09-17,SEA,17,11,96.66
608032,FF,776245,2025-09-20,TOR,13,4,96.2
608032,FF,776154,2025-09-27,ATH,21,15,96.58
608379,FF,778441,2025-04-05,BAL,93,24,92.59
608379,FF,778373,2025-04-10,MIN,88,33,92.94
608379,FF,778312,2025-04-15,NYY,80,26,94.2
608379,FF,778246,2025-04-20,DET,89,23,93.43
608379,FF,778167,2025-04-26,HOU,92,22,94.2
608379,FF,778093,2025-05-02,BAL,83,21,93.94
608379,FF,778012,2025-05-07,CWS,84,22,93.06
608379,FF,777948,2025-05-12,HOU,88,15,93.25
608379,FF,777864,2025-05-18,STL,83,27,92.83
608379,FF,777788,2025-05-24,MIN,62,21,92.89
608379,FF,777694,2025-05-31,DET,99,25,93.74
608379,FF,777606,2025-06-07,CWS,95,16,93.03
608379,FF,777529,2025-06-13,ATH,93,18,93.27
608379,FF,777443,2025-06-19,TEX,97,29,93.62
608379,FF,777359,2025-06-25,TB,93,16,93.24
608379,FF,777297,2025-06-30,SEA,94,26,93.53
608379,FF,777234,2025-07-05,AZ,97,23,93.21
608379,FF,777151,2025-07-11,NYM,83,26,93.95
608379,FF,777093,2025-07-19,MIA,78,18,93.01
608379,FF,777010,2025-07-26,CLE,80,31,92.25
608379,FF,776920,2025-08-01,TOR,100,23,93.44
608379,FF,776856,2025-08-06,BOS,74,17,92.59
608379,FF,776770,2025-08-12,WSH,79,26,92.03
608379,FF,776690,2025-08-18,TEX,93,32,92.55
608379,FF,776625,2025-08-23,DET,108,21,92.98
608379,FF,776512,2025-08-31,DET,71,22,93.11
608379,FF,776446,2025-09-05,MIN,83,24,93.27
608379,FF,776302,2025-09-16,SEA,47,11,92.36
608379,FF,776229,2025-09-21,TOR,89,16,92.89
608379,FF,776154,2025-09-27,ATH,83,25,91.71
640451,FF,778477,2025-04-02,MIL,12,7,96.17
640451,FF,778455,2025-04-04,BAL,17,11,95.19
640451,FF,778422,2025-04-06,BAL,6,6,94.38
640451,FF,778412,2025-04-07,MIN,15,10,95.14
640451,FF,776975,2025-07-27,CLE,8,3,97.03
640451,FF,776955,2025-07-29,ATL,7,3,96.87
640451,FF,776936,2025-07-30,ATL,16,6,95.92
640451,FF,776893,2025-08-03,TOR,13,8,97.89
640451,FF,776856,2025-08-06,BOS,22,10,96.79
640451,FF,776816,2025-08-09,MIN,18,11,97.14
663460,FF,778422,2025-04-06,BAL,99,43,91.95
663460,FF,778375,2025-04-11,CLE,92,40,92.1
663460,FF,778300,2025-04-16,NYY,94,31,92.15
663460,FF,778215,2025-04-22,COL,91,41,92.46
663460,FF,778152,2025-04-27,HOU,93,41,92.27
663460,FF,778072,2025-05-03,BAL,72,22,92.15
663460,FF,778008,2025-05-08,CWS,93,37,91.76
663460,FF,777931,2025-05-13,HOU,93,42,93.42
663460,FF,777855,2025-05-19,SF,91,33,92.85
663460,FF,777772,2025-05-25,MIN,91,21,92.69
663460,FF,777677,2025-06-01,DET,99,30,92.99
663460,FF,777551,2025-06-11,NYY,97,31,92.37
663460,FF,777460,2025-06-18,TEX,101,35,91.79
663460,FF,777378,2025-06-24,TB,91,31,91.62
663460,FF,777304,2025-06-29,LAD,90,33,92.1
663460,FF,777248,2025-07-04,AZ,98,38,92.19
663460,FF,777177,2025-07-09,PIT,83,31,91.94
663460,FF,777082,2025-07-20,MIA,66,22,90.49
663460,FF,776990,2025-07-26,CLE,66,34,90.17
663738,FF,778477,2025-04-02,MIL,16,4,94.12
663738,FF,778441,2025-04-05,BAL,19,10,92.84
663738,FF,778373,2025-04-10,MIN,16,5,93.56
663738,FF,778327,2025-04-14,NYY,16,4,94.1
663738,FF,778300,2025-04-16,NYY,11,3,94.3
663738,FF,778265,2025-04-19,DET,2,1,94.0
663738,FF,778246,2025-04-20,DET,25,3,93.8
663738,FF,778215,2025-04-22,COL,18,2,94.75
663738,FF,778195,2025-04-24,COL,25,5,94.8
663738,FF,778097,2025-05-01,TB,6,2,94.05
663738,FF,778072,2025-05-03,BAL,28,5,94.14
663738,FF,778043,2025-05-05,CWS,13,6,94.57
663738,FF,777990,2025-05-09,BOS,14,3,95.23
663738,FF,777965,2025-05-11,BOS,7,2,94.8
663738,FF,777864,2025-05-18,STL,14,2,93.7
663738,FF,777855,2025-05-19,SF,10,3,95.03
663738,FF,777819,2025-05-21,SF,40,14,93.73
663738,FF,777788,2025-05-24,MIN,21,3,94.5
663738,FF,777750,2025-05-27,CIN,42,12,93.5
663738,FF,777711,2025-05-30,DET,26,2,94.15
663738,FF,777660,2025-06-03,STL,23,5,94.48
663738,FF,777642,2025-06-05,STL,12,4,94.65
663738,FF,777618,2025-06-06,CWS,14,3,93.6
663738,FF,777572,2025-06-10,NYY,21,3,94.33
663738,FF,777551,2025-06-11,NYY,11,4,92.6
663738,FF,777511,2025-06-14,ATH,10,2,94.15
663738,FF,777468,2025-06-17,TEX,25,12,94.88
663738,FF,777413,2025-06-21,SD,2,1,94.0
663738,FF,777396,2025-06-22,SD,10,1,95.0
663738,FF,777378,2025-06-24,TB,21,3,94.47
663738,FF,777319,2025-06-28,LAD,19,2,93.6
663738,FF,777297,2025-06-30,SEA,35,8,94.26
663738,FF,777248,2025-07-04,AZ,20,4,93.95
663738,FF,777234,2025-07-05,AZ,26,2,94.75
663738,FF,776893,2025-08-03,TOR,14,6,93.45
663738,FF,776864,2025-08-05,BOS,15,2,93.05
663738,FF,776827,2025-08-08,MIN,35,7,94.23
663738,FF,776784,2025-08-11,WSH,31,16,93.23
663738,FF,776712,2025-08-16,CWS,30,8,93.51
663738,FF,776666,2025-08-20,TEX,11,2,94.2
663738,FF,776599,2025-08-25,CWS,34,6,94.35
663738,FF,776569,2025-08-27,CWS,11,1,95.2
663738,FF,776512,2025-08-31,DET,25,1,94.3
663738,FF,776413,2025-09-08,CLE,39,11,93.74
663738,FF,776354,2025-09-12,PHI,26,10,95.13
663738,FF,776302,2025-09-16,SEA,40,9,94.86
663738,FF,776272,2025-09-18,SEA,9,2,95.6
663738,FF,776138,2025-09-28,ATH,30,4,95.48
664199,FF,778093,2025-05-02,BAL,14,3,95.7
664199,FF,778062,2025-05-04,BAL,15,3,95.2
664199,FF,778033,2025-05-06,CWS,9,2,94.05
664199,FF,777977,2025-05-10,BOS,23,11,95.11
664199,FF,777965,2025-05-11,BOS,19,3,94.37
664199,FF,777819,2025-05-21,SF,29,14,95.38
664199,FF,777772,2025-05-25,MIN,14,3,94.8
664199,FF,777750,2025-05-27,CIN,27,7,94.01
664199,FF,777711,2025-05-30,DET,14,4,94.42
664199,FF,777660,2025-06-03,STL,15,8,95.61
664199,FF,777642,2025-06-05,STL,12,4,93.85
664199,FF,777618,2025-06-06,CWS,11,2,94.2
664199,FF,777572,2025-06-10,NYY,35,8,94.39
664199,FF,777529,2025-06-13,ATH,22,4,94.82
664199,FF,777413,2025-06-21,SD,16,3,94.13
664199,FF,777378,2025-06-24,TB,13,3,94.13
664199,FF,777359,2025-06-25,TB,8,2,95.45
664199,FF,777335,2025-06-27,LAD,16,2,94.95
664199,FF,777262,2025-07-02,SEA,10,2,95.45
664199,FF,777251,2025-07-03,SEA,10,1,95.1
664199,FF,777234,2025-07-05,AZ,14,2,95.4
664199,FF,777151,2025-07-11,NYM,21,7,94.3
664199,FF,777082,2025-07-20,MIA,12,2,94.75
664199,FF,777047,2025-07-22,CHC,19,3,95.53
664199,FF,776990,2025-07-26,CLE,34,13,94.48
664199,FF,776971,2025-07-28,ATL,22,2,95.15
664199,FF,776936,2025-07-30,ATL,12,1,94.2
664199,FF,776900,2025-08-02,TOR,22,4,94.78
664199,FF,776880,2025-08-04,BOS,11,2,94.6
664199,FF,776827,2025-08-08,MIN,24,4,94.88
664199,FF,776796,2025-08-10,MIN,14,6,94.83
664199,FF,776770,2025-08-12,WSH,20,9,95.46
664199,FF,776712,2025-08-16,CWS,20,3,95.27
664199,FF,776666,2025-08-20,TEX,15,3,94.53
664199,FF,776657,2025-08-21,TEX,17,1,95.1
664199,FF,776625,2025-08-23,DET,12,2,95.5
664199,FF,776583,2025-08-26,CWS,15,5,94.98
664199,FF,776540,2025-08-29,DET,26,5,94.12
664199,FF,776512,2025-08-31,DET,20,1,94.7
664199,FF,776413,2025-09-08,CLE,32,10,94.78
664199,FF,776354,2025-09-12,PHI,22,3,95.2
664199,FF,776342,2025-09-13,PHI,12,1,95.6
664199,FF,776302,2025-09-16,SEA,12,1,95.0
664199,FF,776272,2025-09-18,SEA,14,1,94.5
664199,FF,776245,2025-09-20,TOR,21,3,94.57
664199,FF,776207,2025-09-23,LAA,16,5,94.98
664199,FF,776172,2025-09-26,ATH,21,1,93.4
666142,FF,778477,2025-04-02,MIL,97,56,95.62
666142,FF,778400,2025-04-08,MIN,96,47,95.26
666142,FF,778342,2025-04-13,CLE,89,43,96.19
666142,FF,778277,2025-04-18,DET,96,40,96.44
666142,FF,778190,2025-04-24,COL,62,30,94.53
666142,FF,778043,2025-05-05,CWS,94,45,95.2
666142,FF,777977,2025-05-10,BOS,95,44,95.14
666142,FF,777901,2025-05-16,STL,83,35,94.14
666142,FF,777635,2025-06-05,STL,78,43,94.29
666142,FF,776289,2025-09-17,SEA,62,30,95.73
666142,FF,776207,2025-09-23,LAA,72,42,95.07
666142,FF,776138,2025-09-28,ATH,72,38,95.19
668674,FF,778477,2025-04-02,MIL,9,5,98.2
668674,FF,778455,2025-04-04,BAL,8,4,96.98
668674,FF,778422,2025-04-06,BAL,17,10,97.76
668674,FF,778412,2025-04-07,MIN,23,7,97.99
668674,FF,778373,2025-04-10,MIN,12,7,97.29
668674,FF,778342,2025-04-13,CLE,5,5,98.32
668674,FF,778277,2025-04-18,DET,17,6,97.53
668674,FF,778215,2025-04-22,COL,13,8,97.62
668674,FF,778190,2025-04-24,COL,7,2,97.7
668674,FF,778187,2025-04-25,HOU,13,1,97.3
668674,FF,778128,2025-04-29,TB,18,2,97.6
668674,FF,778113,2025-04-30,TB,15,1,97.7
668674,FF,778072,2025-05-03,BAL,20,9,98.82
668674,FF,778062,2025-05-04,BAL,8,1,99.4
668674,FF,778012,2025-05-07,CWS,17,5,97.64
668674,FF,777990,2025-05-09,BOS,16,6,97.58
668674,FF,777931,2025-05-13,HOU,12,1,97.9
668674,FF,777864,2025-05-18,STL,26,4,98.4
668674,FF,777819,2025-05-21,SF,23,6,98.73
668674,FF,777799,2025-05-23,MIN,12,5,96.96
668674,FF,777788,2025-05-24,MIN,15,5,97.22
668674,FF,777536,2025-06-12,NYY,24,3,98.27
668674,FF,777496,2025-06-15,ATH,19,3,97.2
668674,FF,777460,2025-06-18,TEX,16,3,97.17
668674,FF,777426,2025-06-20,SD,29,5,97.54
668674,FF,777396,2025-06-22,SD,23,4,97.45
668674,FF,777335,2025-06-27,LAD,17,2,97.35
668674,FF,777297,2025-06-30,SEA,19,5,97.5
668674,FF,777281,2025-07-01,SEA,8,5,97.1
668674,FF,777251,2025-07-03,SEA,12,5,97.3
668674,FF,777194,2025-07-08,PIT,22,3,97.6
668674,FF,777177,2025-07-09,PIT,10,1,96.0
668674,FF,777136,2025-07-12,NYM,18,7,97.61
668674,FF,777124,2025-07-13,NYM,15,2,97.8
668674,FF,777109,2025-07-18,MIA,23,6,97.37
668674,FF,777093,2025-07-19,MIA,18,2,96.75
668674,FF,777031,2025-07-23,CHC,6,1,97.9
668674,FF,777010,2025-07-26,CLE,9,5,96.36
668674,FF,776975,2025-07-27,CLE,16,5,97.0
668674,FF,776955,2025-07-29,ATL,20,3,98.23
668674,FF,776936,2025-07-30,ATL,22,7,96.81
668674,FF,776893,2025-08-03,TOR,20,9,97.3
668674,FF,776856,2025-08-06,BOS,20,6,97.98
668674,FF,776816,2025-08-09,MIN,17,7,97.77
668674,FF,776796,2025-08-10,MIN,12,4,97.78
668674,FF,776770,2025-08-12,WSH,7,3,98.17
668674,FF,776728,2025-08-15,CWS,6,2,96.0
668674,FF,776702,2025-08-17,CWS,18,6,97.32
668674,FF,776690,2025-08-18,TEX,21,10,97.74
668674,FF,776666,2025-08-20,TEX,12,3,96.57
668674,FF,776615,2025-08-24,DET,21,4,97.2
668674,FF,776528,2025-08-30,DET,15,6,97.35
668674,FF,776466,2025-09-03,LAA,28,6,97.88
668674,FF,776463,2025-09-04,LAA,11,8,96.7
668674,FF,776382,2025-09-10,CLE,26,17,97.58
668674,FF,776342,2025-09-13,PHI,12,6,97.9
668674,FF,776289,2025-09-17,SEA,19,10,97.46
669674,FF,778488,2025-04-01,MIL,19,8,94.22
669674,FF,778477,2025-04-02,MIL,14,6,94.1
669674,FF,778441,2025-04-05,BAL,25,10,92.44
669674,FF,778388,2025-04-09,MIN,31,8,93.56
669674,FF,778359,2025-04-12,CLE,32,12,93.08
669674,FF,777413,2025-06-21,SD,17,3,92.7
669674,FF,777378,2025-06-24,TB,16,6,91.98
669674,FF,777353,2025-06-26,TB,9,5,92.1
669674,FF,777319,2025-06-28,LAD,23,9,93.4
669674,FF,777304,2025-06-29,LAD,17,8,91.22
669674,FF,777248,2025-07-04,AZ,19,6,92.65
669674,FF,777234,2025-07-05,AZ,18,4,93.28
669674,FF,777136,2025-07-12,NYM,13,5,93.9
669674,FF,777082,2025-07-20,MIA,17,5,93.9
669674,FF,777047,2025-07-22,CHC,12,2,94.25
669674,FF,776990,2025-07-26,CLE,25,6,93.15
669674,FF,776971,2025-07-28,ATL,30,10,92.78
669674,FF,776936,2025-07-30,ATL,18,6,93.18
669674,FF,776880,2025-08-04,BOS,43,12,93.43
669674,FF,776827,2025-08-08,MIN,19,10,94.66
669674,FF,776770,2025-08-12,WSH,25,15,92.95
669674,FF,776759,2025-08-13,WSH,18,9,92.4
669674,FF,776702,2025-08-17,CWS,12,3,93.47
669674,FF,776666,2025-08-20,TEX,42,15,93.23
669674,FF,776625,2025-08-23,DET,24,6,92.72
669674,FF,776599,2025-08-25,CWS,16,7,92.23
669674,FF,776583,2025-08-26,CWS,19,9,93.22
669674,FF,776540,2025-08-29,DET,13,5,92.56
669674,FF,776512,2025-08-31,DET,30,5,92.64
669674,FF,776434,2025-09-06,MIN,18,4,93.3
669674,FF,776422,2025-09-07,MIN,12,3,92.67
669674,FF,776382,2025-09-10,CLE,14,7,92.31
669674,FF,776354,2025-09-12,PHI,26,11,93.6
669674,FF,776302,2025-09-16,SEA,17,4,93.5
669674,FF,776207,2025-09-23,LAA,24,11,93.59
669674,FF,776138,2025-09-28,ATH,18,6,94.77
670167,FF,778488,2025-04-01,MIL,14,3,92.27
670167,FF,778477,2025-04-02,MIL,19,7,92.74
670167,FF,778400,2025-04-08,MIN,23,4,91.55
670167,FF,778373,2025-04-10,MIN,18,2,92.55
670167,FF,778327,2025-04-14,NYY,11,3,92.73
670167,FF,778300,2025-04-16,NYY,9,1,93.3
670167,FF,778277,2025-04-18,DET,6,2,92.35
670167,FF,778246,2025-04-20,DET,20,5,93.24
670167,FF,778215,2025-04-22,COL,16,4,94.0
670167,FF,778195,2025-04-24,COL,9,2,94.45
670167,FF,778167,2025-04-26,HOU,14,6,94.6
670167,FF,778113,2025-04-30,TB,13,3,95.27
670167,FF,778072,2025-05-03,BAL,8,1,96.3
670167,FF,778043,2025-05-05,CWS,15,5,94.94
670167,FF,777990,2025-05-09,BOS,12,3,95.33
670167,FF,777965,2025-05-11,BOS,3,1,93.1
670167,FF,777948,2025-05-12,HOU,15,3,95.3
670167,FF,777901,2025-05-16,STL,24,1,94.0
670167,FF,777864,2025-05-18,STL,11,3,93.9
670167,FF,777855,2025-05-19,SF,13,1,94.3
670167,FF,777799,2025-05-23,MIN,14,4,94.42
670167,FF,777788,2025-05-24,MIN,8,3,92.67
670167,FF,777750,2025-05-27,CIN,30,3,93.4
670167,FF,777733,2025-05-28,CIN,10,1,94.2
670167,FF,777694,2025-05-31,DET,21,10,94.26
670167,FF,777660,2025-06-03,STL,19,5,94.22
670167,FF,777642,2025-06-05,STL,18,3,93.6
670167,FF,777590,2025-06-08,CWS,15,4,95.12
670167,FF,777536,2025-06-12,NYY,21,7,94.1
670167,FF,777496,2025-06-15,ATH,13,2,94.0
670167,FF,777460,2025-06-18,TEX,6,2,92.7
670167,FF,777443,2025-06-19,TEX,12,3,93.03
670167,FF,777353,2025-06-26,TB,25,7,94.13
670167,FF,777319,2025-06-28,LAD,14,5,93.58
670167,FF,777281,2025-07-01,SEA,20,8,94.68
670167,FF,777262,2025-07-02,SEA,19,4,93.98
670167,FF,777234,2025-07-05,AZ,12,4,93.95
670167,FF,777177,2025-07-09,PIT,22,8,93.96
670167,FF,777136,2025-07-12,NYM,28,12,94.15
670167,FF,777124,2025-07-13,NYM,5,3,93.83
670167,FF,777093,2025-07-19,MIA,22,7,94.4
670167,FF,777065,2025-07-21,CHC,15,11,94.81
670167,FF,777031,2025-07-23,CHC,25,7,93.77
670167,FF,777010,2025-07-26,CLE,20,14,93.45
670167,FF,776955,2025-07-29,ATL,8,3,94.03
670167,FF,776936,2025-07-30,ATL,16,8,93.88
670167,FF,776893,2025-08-03,TOR,12,5,94.64
670167,FF,776864,2025-08-05,BOS,24,9,93.51
670167,FF,776796,2025-08-10,MIN,7,1,93.7
670167,FF,776784,2025-08-11,WSH,5,4,94.08
670167,FF,776770,2025-08-12,WSH,2,1,93.4
670167,FF,776728,2025-08-15,CWS,7,2,93.7
670167,FF,776690,2025-08-18,TEX,15,6,93.68
670167,FF,776675,2025-08-19,TEX,11,4,93.92
670167,FF,776657,2025-08-21,TEX,7,1,94.1
670167,FF,776649,2025-08-22,DET,5,2,93.3
670167,FF,776615,2025-08-24,DET,19,12,93.7
670167,FF,776583,2025-08-26,CWS,14,5,94.46
670167,FF,776528,2025-08-30,DET,19,9,94.48
670167,FF,776488,2025-09-02,LAA,22,7,92.7
670167,FF,776466,2025-09-03,LAA,19,5,92.62
670167,FF,776446,2025-09-05,MIN,6,4,93.2
670167,FF,776370,2025-09-11,CLE,18,8,93.18
670167,FF,776334,2025-09-14,PHI,10,3,94.1
670167,FF,776289,2025-09-17,SEA,15,7,93.99
670167,FF,776245,2025-09-20,TOR,10,2,93.9
670167,FF,776229,2025-09-21,TOR,8,3,93.33
670167,FF,776207,2025-09-23,LAA,9,3,93.27
670167,FF,776178,2025-09-25,LAA,18,3,92.23
670167,FF,776154,2025-09-27,ATH,15,11,92.85
670950,FF,777606,2025-06-07,CWS,18,5,92.98
670950,FF,777590,2025-06-08,CWS,20,9,91.71
670950,FF,777572,2025-06-10,NYY,38,23,91.67
670950,FF,777055,2025-07-21,HOU,19,15,91.19
670950,FF,777032,2025-07-23,HOU,21,16,90.48
672582,FF,778477,2025-04-02,MIL,12,2,94.45
672582,FF,778400,2025-04-08,MIN,21,4,94.05
672582,FF,778359,2025-04-12,CLE,14,3,93.9
672582,FF,778312,2025-04-15,NYY,19,3,95.8
672582,FF,778190,2025-04-24,COL,36,14,95.41
672582,FF,778152,2025-04-27,HOU,16,7,96.09
672582,FF,778128,2025-04-29,TB,16,3,96.2
672582,FF,778097,2025-05-01,TB,15,3,95.97
672582,FF,778062,2025-05-04,BAL,20,3,96.57
672582,FF,778033,2025-05-06,CWS,27,8,95.26
672582,FF,777977,2025-05-10,BOS,35,3,95.93
672582,FF,777901,2025-05-16,STL,20,1,94.8
672582,FF,777885,2025-05-17,STL,8,1,96.0
672582,FF,777819,2025-05-21,SF,17,7,96.16
672582,FF,777788,2025-05-24,MIN,12,5,96.42
672582,FF,777760,2025-05-26,CIN,15,2,94.75
672582,FF,777750,2025-05-27,CIN,9,2,95.85
672582,FF,777677,2025-06-01,DET,21,3,96.67
672582,FF,777635,2025-06-05,STL,42,12,96.34
672582,FF,777590,2025-06-08,CWS,16,6,97.03
672582,FF,777551,2025-06-11,NYY,11,4,96.82
672582,FF,777536,2025-06-12,NYY,19,2,96.65
672582,FF,777496,2025-06-15,ATH,29,7,96.79
672582,FF,777443,2025-06-19,TEX,10,1,96.1
672582,FF,777426,2025-06-20,SD,11,2,95.65
672582,FF,777396,2025-06-22,SD,14,2,96.85
672582,FF,777335,2025-06-27,LAD,13,3,96.9
672582,FF,777304,2025-06-29,LAD,9,1,95.9
672582,FF,777281,2025-07-01,SEA,13,5,96.38
672582,FF,777194,2025-07-08,PIT,13,2,96.3
672582,FF,777151,2025-07-11,NYM,29,7,96.66
672582,FF,777136,2025-07-12,NYM,15,2,97.4
672582,FF,777109,2025-07-18,MIA,14,6,97.07
672582,FF,777010,2025-07-26,CLE,9,2,96.45
672582,FF,776975,2025-07-27,CLE,14,3,96.4
672582,FF,776955,2025-07-29,ATL,16,1,96.3
672582,FF,776936,2025-07-30,ATL,16,3,97.43
672582,FF,776880,2025-08-04,BOS,15,1,97.2
672582,FF,776864,2025-08-05,BOS,13,5,96.76
672582,FF,776816,2025-08-09,MIN,5,1,97.8
672582,FF,776796,2025-08-10,MIN,15,2,97.55
672582,FF,776784,2025-08-11,WSH,17,7,96.26
672582,FF,776728,2025-08-15,CWS,9,1,96.9
672582,FF,776702,2025-08-17,CWS,18,5,96.62
672582,FF,776675,2025-08-19,TEX,29,4,96.55
672582,FF,776649,2025-08-22,DET,12,1,96.8
672582,FF,776615,2025-08-24,DET,10,1,95.5
672582,FF,776569,2025-08-27,CWS,15,3,97.03
672582,FF,776540,2025-08-29,DET,18,6,96.98
672582,FF,776446,2025-09-05,MIN,14,3,96.13
672582,FF,776382,2025-09-10,CLE,22,4,97.3
672582,FF,776342,2025-09-13,PHI,22,6,97.33
672582,FF,776289,2025-09-17,SEA,15,4,96.8
672582,FF,776229,2025-09-21,TOR,14,10,94.96
672582,FF,776172,2025-09-26,ATH,13,4,96.2
672582,FF,776154,2025-09-27,ATH,11,2,96.15
674444,FF,778375,2025-04-11,CLE,13,4,97.82
674444,FF,778359,2025-04-12,CLE,9,2,96.2
674444,FF,778312,2025-04-15,NYY,17,9,97.64
674444,FF,778286,2025-04-17,DET,3,1,98.9
674444,FF,778277,2025-04-18,DET,13,6,98.65
674444,FF,778190,2025-04-24,COL,21,11,98.36
674444,FF,778167,2025-04-26,HOU,12,7,96.86
674444,FF,778093,2025-05-02,BAL,7,3,99.33
674444,FF,778062,2025-05-04,BAL,9,3,98.93
674444,FF,778043,2025-05-05,CWS,10,7,98.63
674444,FF,778008,2025-05-08,CWS,12,3,98.33
674444,FF,777990,2025-05-09,BOS,8,3,98.5
674444,FF,777965,2025-05-11,BOS,9,5,96.88
674444,FF,777948,2025-05-12,HOU,9,6,98.68
674444,FF,777885,2025-05-17,STL,12,4,98.32
674444,FF,777836,2025-05-20,SF,9,5,98.82
674444,FF,777819,2025-05-21,SF,41,23,97.65
674444,FF,777788,2025-05-24,MIN,7,5,98.88
674444,FF,777760,2025-05-26,CIN,15,8,98.48
674444,FF,777750,2025-05-27,CIN,18,5,97.54
674444,FF,777660,2025-06-03,STL,19,7,97.71
674444,FF,777635,2025-06-05,STL,25,15,98.61
674444,FF,777606,2025-06-07,CWS,15,10,98.1
674444,FF,777551,2025-06-11,NYY,9,3,98.77
674444,FF,777529,2025-06-13,ATH,22,12,98.23
674444,FF,777511,2025-06-14,ATH,12,5,98.78
674444,FF,777468,2025-06-17,TEX,11,10,98.81
674444,FF,777460,2025-06-18,TEX,11,4,97.7
674444,FF,777426,2025-06-20,SD,15,7,98.57
674444,FF,777359,2025-06-25,TB,5,2,99.15
674444,FF,777335,2025-06-27,LAD,14,3,98.4
674444,FF,777304,2025-06-29,LAD,17,7,97.07
674444,FF,777281,2025-07-01,SEA,9,5,100.26
674444,FF,777262,2025-07-02,SEA,9,3,97.87
674444,FF,777204,2025-07-07,PIT,10,6,97.7
674444,FF,777151,2025-07-11,NYM,21,12,99.16
674444,FF,777136,2025-07-12,NYM,12,4,99.8
674444,FF,777082,2025-07-20,MIA,14,8,98.56
674444,FF,777031,2025-07-23,CHC,7,4,98.6
674444,FF,777010,2025-07-26,CLE,22,12,98.97
674444,FF,776971,2025-07-28,ATL,32,21,97.91
674444,FF,776936,2025-07-30,ATL,14,5,98.18
674444,FF,776900,2025-08-02,TOR,9,6,97.85
674444,FF,776229,2025-09-21,TOR,7,4,98.58
674444,FF,776207,2025-09-23,LAA,12,9,97.03
674444,FF,776178,2025-09-25,LAA,20,8,98.11
674444,FF,776138,2025-09-28,ATH,15,10,96.97
679883,FF,776759,2025-08-13,WSH,10,3,96.57
679883,FF,776488,2025-09-02,LAA,27,7,96.59
679883,FF,776434,2025-09-06,MIN,13,4,96.48
679883,FF,776422,2025-09-07,MIN,15,6,95.92
679883,FF,776382,2025-09-10,CLE,31,15,95.46
679883,FF,776354,2025-09-12,PHI,11,5,96.24
679883,FF,776334,2025-09-14,PHI,8,1,94.6
679883,FF,776302,2025-09-16,SEA,33,11,96.0
679883,FF,776260,2025-09-19,TOR,14,2,95.5
679883,FF,776229,2025-09-21,TOR,13,3,94.43
679883,FF,776178,2025-09-25,LAA,15,4,95.05
679883,FF,776138,2025-09-28,ATH,17,2,95.45
680742,FF,778152,2025-04-27,HOU,20,2,95.95
680742,FF,777836,2025-05-20,SF,14,6,96.1
680742,FF,777819,2025-05-21,SF,26,12,96.64
680742,FF,777772,2025-05-25,MIN,14,7,96.04
680742,FF,777750,2025-05-27,CIN,17,9,95.02
680742,FF,777711,2025-05-30,DET,23,6,96.37
680742,FF,777677,2025-06-01,DET,14,5,96.1
680742,FF,777642,2025-06-05,STL,14,6,96.57
680742,FF,777618,2025-06-06,CWS,38,8,95.44
680742,FF,777551,2025-06-11,NYY,29,6,94.67
680742,FF,777468,2025-06-17,TEX,17,7,95.54
680742,FF,777204,2025-07-07,PIT,21,7,95.59
680742,FF,777136,2025-07-12,NYM,45,13,96.15
680742,FF,777109,2025-07-18,MIA,10,3,95.93
680742,FF,777047,2025-07-22,CHC,27,4,96.02
680742,FF,776990,2025-07-26,CLE,48,18,95.12
680742,FF,776971,2025-07-28,ATL,15,6,95.38
680742,FF,776936,2025-07-30,ATL,33,7,97.2
680742,FF,776615,2025-08-24,DET,7,3,96.77
680742,FF,776569,2025-08-27,CWS,16,10,94.58
680742,FF,776540,2025-08-29,DET,25,9,95.6
680742,FF,776512,2025-08-31,DET,20,3,95.83
680742,FF,776466,2025-09-03,LAA,10,5,94.92
680742,FF,776463,2025-09-04,LAA,31,13,94.88
680742,FF,776413,2025-09-08,CLE,20,13,95.25
680742,FF,776382,2025-09-10,CLE,36,17,94.49
680742,FF,776342,2025-09-13,PHI,19,8,96.21
680742,FF,776302,2025-09-16,SEA,24,7,95.8
680742,FF,776289,2025-09-17,SEA,13,5,94.94
680742,FF,776229,2025-09-21,TOR,16,7,95.41
680742,FF,776197,2025-09-24,LAA,35,11,95.44
680742,FF,776172,2025-09-26,ATH,10,1,94.5
694851,FF,777711,2025-05-30,DET,43,17,95.16
694851,FF,777082,2025-07-20,MIA,20,10,95.21
694851,FF,777065,2025-07-21,CHC,21,13,94.6
694851,FF,776873,2025-08-04,SD,6,5,94.82
694851,FF,776852,2025-08-05,SD,6,6,93.92
694851,FF,776809,2025-08-09,COL,4,4,94.98
694851,FF,776785,2025-08-11,TEX,9,9,93.72
694851,FF,776730,2025-08-15,COL,7,6,95.38
694851,FF,776715,2025-08-16,COL,13,9,94.44
694851,FF,776672,2025-08-19,CLE,12,8,94.3
694851,FF,776152,2025-09-27,SD,18,15,93.74
702070,FF,778113,2025-04-30,TB,79,28,92.11
702070,FF,777885,2025-05-17,STL,81,27,90.46
702070,FF,777799,2025-05-23,MIN,82,20,91.74
702070,FF,777733,2025-05-28,CIN,92,18,92.25
702070,FF,777642,2025-06-05,STL,82,31,92.16
702070,FF,777572,2025-06-10,NYY,102,24,92.99
702070,FF,777496,2025-06-15,ATH,83,15,92.33
702070,FF,777413,2025-06-21,SD,88,30,92.21
702070,FF,777335,2025-06-27,LAD,84,25,93.26
702070,FF,777262,2025-07-02,SEA,80,20,92.86
702070,FF,777204,2025-07-07,PIT,109,38,92.21
702070,FF,777124,2025-07-13,NYM,93,17,93.03
702070,FF,777065,2025-07-21,CHC,101,30,92.87
702070,FF,776975,2025-07-27,CLE,83,15,92.19
702070,FF,776900,2025-08-02,TOR,94,24,91.95
702070,FF,776816,2025-08-09,MIN,91,26,91.58
702070,FF,776728,2025-08-15,CWS,79,24,92.77
702070,FF,776666,2025-08-20,TEX,89,20,92.52
702070,FF,776599,2025-08-25,CWS,88,29,91.3
702070,FF,776463,2025-09-04,LAA,93,28,93.23
702070,FF,776403,2025-09-09,CLE,100,26,93.12
702070,FF,776334,2025-09-14,PHI,97,20,92.55
702070,FF,776245,2025-09-20,TOR,98,24,92.12
702070,FF,776172,2025-09-26,ATH,96,12,93.11
445276,SI,778417,2025-04-08,TB,20,1,94.5
445276,SI,778351,2025-04-12,HOU,17,1,93.1
445276,SI,778260,2025-04-18,SF,16,1,94.1
445276,SI,778191,2025-04-24,PIT,18,3,91.77
445276,SI,778085,2025-05-02,DET,20,3,91.1
445276,SI,777986,2025-05-09,BAL,10,1,93.1
445276,SI,777947,2025-05-12,SD,17,1,93.3
445276,SI,777884,2025-05-17,LAD,16,2,92.9
445276,SI,777853,2025-05-19,ATH,16,1,93.6
445276,SI,777843,2025-05-20,ATH,20,4,93.6
445276,SI,777798,2025-05-23,MIA,23,3,93.23
445276,SI,777721,2025-05-30,CLE,25,5,93.86
445276,SI,777670,2025-06-02,BOS,10,2,93.1
445276,SI,777667,2025-06-03,BOS,19,3,93.47
445276,SI,777614,2025-06-06,SEA,8,1,93.0
445276,SI,777603,2025-06-07,SEA,14,1,93.4
445276,SI,777564,2025-06-10,ATH,14,1,91.8
445276,SI,777501,2025-06-15,BAL,19,1,92.6
445276,SI,777487,2025-06-16,NYY,22,2,95.8
445276,SI,777376,2025-06-24,BOS,21,5,93.08
445276,SI,777305,2025-06-29,WSH,17,2,93.15
445276,SI,777298,2025-07-01,ATL,18,1,96.9
445276,SI,777242,2025-07-04,TOR,14,1,95.1
445276,SI,777231,2025-07-05,TOR,13,2,94.0
445276,SI,777150,2025-07-11,AZ,10,1,92.4
445276,SI,777106,2025-07-18,PHI,7,1,93.8
445276,SI,777006,2025-07-25,SEA,9,1,92.3
445276,SI,776977,2025-07-27,SEA,10,2,95.5
445276,SI,776945,2025-07-29,TEX,11,1,93.5
445276,SI,776885,2025-08-03,CWS,18,1,94.8
445276,SI,776843,2025-08-06,TB,19,1,93.2
445276,SI,776813,2025-08-09,DET,12,2,93.0
445276,SI,776699,2025-08-17,ATH,28,2,93.35
445276,SI,776668,2025-08-19,CIN,22,2,92.65
445276,SI,776592,2025-08-25,TEX,10,1,90.4
445276,SI,776510,2025-08-31,HOU,11,1,93.0
445276,SI,776414,2025-09-07,ATH,9,2,93.35
445276,SI,776376,2025-09-10,MIN,9,2,92.9
445276,SI,776362,2025-09-11,SEA,20,2,93.0
445276,SI,776197,2025-09-24,KC,8,2,92.3
445276,SI,776169,2025-09-26,HOU,19,3,93.37
519326,FF,777843,2025-05-20,ATH,11,3,93.27
519326,FF,777812,2025-05-22,ATH,24,6,93.58
519326,FF,777763,2025-05-26,NYY,14,2,93.6
519326,FF,777683,2025-06-01,CLE,34,15,92.31
519326,FF,777670,2025-06-02,BOS,12,3,94.0
519326,FF,777649,2025-06-04,BOS,14,4,94.58
519326,FF,777589,2025-06-08,SEA,27,10,93.1
519326,FF,777564,2025-06-10,ATH,14,2,93.6
519326,FF,777539,2025-06-13,BAL,13,6,94.23
519326,FF,777519,2025-06-14,BAL,18,8,94.09
519326,FF,777476,2025-06-17,NYY,16,5,93.6
519326,FF,777428,2025-06-20,HOU,19,3,93.77
519326,FF,777397,2025-06-22,HOU,30,9,93.7
519326,FF,777376,2025-06-24,BOS,13,6,93.83
519326,FF,777331,2025-06-27,WSH,22,12,94.35
519326,FF,777279,2025-07-02,ATL,33,17,93.64
519326,FF,777214,2025-07-06,TOR,15,3,93.83
542881,FF,778425,2025-04-06,CLE,81,33,88.93
542881,FF,778351,2025-04-12,HOU,95,44,89.07
542881,FF,778260,2025-04-18,SF,96,44,88.64
542881,FF,778191,2025-04-24,PIT,89,36,87.99
542881,FF,778104,2025-04-30,SEA,96,32,88.96
542881,FF,778025,2025-05-06,TOR,93,40,88.82
542881,FF,777961,2025-05-11,BAL,94,37,89.69
542881,FF,777884,2025-05-17,LAD,104,26,89.3
542881,FF,777812,2025-05-22,ATH,99,43,88.52
542881,FF,777745,2025-05-27,NYY,97,43,88.71
542881,FF,777670,2025-06-02,BOS,93,35,88.4
542881,FF,777589,2025-06-08,SEA,94,28,88.83
542881,FF,777519,2025-06-14,BAL,91,31,89.61
542881,FF,777449,2025-06-19,NYY,97,25,89.69
542881,FF,777376,2025-06-24,BOS,82,35,89.81
542881,FF,777298,2025-07-01,ATL,87,29,90.08
542881,FF,777214,2025-07-06,TOR,91,33,89.67
542881,FF,777150,2025-07-11,AZ,84,37,89.22
542881,FF,777061,2025-07-21,NYM,87,30,90.05
542881,FF,776995,2025-07-26,SEA,88,37,90.06
542881,FF,776916,2025-08-01,CWS,88,42,90.39
542881,FF,776843,2025-08-06,TB,69,27,89.37
542881,FF,776718,2025-08-16,ATH,85,35,89.97
542881,FF,776640,2025-08-22,CHC,82,27,88.89
542881,FF,776543,2025-08-29,HOU,86,28,90.61
543294,FF,778495,2025-04-01,STL,97,20,86.85
543294,FF,778417,2025-04-08,TB,83,10,86.65
543294,FF,778329,2025-04-13,HOU,79,16,86.79
543294,FF,778243,2025-04-19,SF,63,9,86.38
543294,FF,778186,2025-04-25,MIN,90,9,86.44
543294,FF,778067,2025-05-03,DET,102,11,86.36
543294,FF,777986,2025-05-09,BAL,99,16,85.73
543294,FF,777914,2025-05-14,SD,85,9,86.1
543294,FF,777843,2025-05-20,ATH,90,17,86.81
543294,FF,777767,2025-05-25,MIA,87,23,86.54
543294,FF,777703,2025-05-31,CLE,86,11,86.55
543294,FF,777614,2025-06-06,SEA,85,10,85.59
543294,FF,777542,2025-06-11,ATH,88,10,85.68
543294,FF,777476,2025-06-17,NYY,98,14,87.33
543294,FF,777397,2025-06-22,HOU,69,9,86.5
543294,FF,777315,2025-06-28,WSH,74,10,87.38
543294,FF,777242,2025-07-04,TOR,82,17,87.58
543294,FF,777171,2025-07-09,TEX,78,16,86.42
543294,FF,777054,2025-07-22,NYM,67,13,86.71
543294,FF,776977,2025-07-27,SEA,71,10,86.41
543294,FF,776898,2025-08-02,CWS,73,4,87.25
543294,FF,776832,2025-08-08,DET,63,14,86.31
543294,FF,776752,2025-08-13,LAD,85,22,85.73
543294,FF,776668,2025-08-19,CIN,92,11,86.75
543294,FF,776605,2025-08-24,CHC,76,11,87.35
543294,FF,776531,2025-08-30,HOU,83,8,86.85
543294,FF,776463,2025-09-04,KC,84,11,86.77
543294,FF,776390,2025-09-09,MIN,80,5,85.9
543294,FF,776317,2025-09-14,SEA,69,10,86.35
543294,FF,776241,2025-09-20,COL,85,9,86.3
543294,FF,776169,2025-09-26,HOU,108,20,85.62
579328,FF,778473,2025-04-02,STL,104,42,94.42
579328,FF,778399,2025-04-09,TB,104,31,94.32
579328,FF,778306,2025-04-15,TEX,79,26,94.2
579328,FF,778232,2025-04-20,SF,102,47,94.19
579328,FF,778166,2025-04-26,MIN,66,27,93.8
579328,FF,778101,2025-05-01,DET,93,40,94.89
579328,FF,778009,2025-05-07,TOR,91,31,95.17
579328,FF,777947,2025-05-12,SD,98,40,94.62
579328,FF,777866,2025-05-18,LAD,98,37,94.84
579328,FF,777798,2025-05-23,MIA,110,33,94.81
579328,FF,777728,2025-05-28,NYY,93,27,95.27
579328,FF,777667,2025-06-03,BOS,99,38,95.44
579328,FF,777576,2025-06-09,ATH,104,38,94.27
579328,FF,777501,2025-06-15,BAL,92,39,95.24
579328,FF,777428,2025-06-20,HOU,103,23,95.54
579328,FF,777362,2025-06-25,BOS,105,26,95.48
579328,FF,777279,2025-07-02,ATL,100,36,94.99
579328,FF,777200,2025-07-07,TEX,97,30,94.86
579328,FF,777131,2025-07-12,AZ,93,23,94.89
579328,FF,777089,2025-07-19,PHI,91,41,95.74
579328,FF,777018,2025-07-24,SEA,96,32,95.35
579328,FF,776945,2025-07-29,TEX,105,39,95.16
579328,FF,776867,2025-08-04,TB,105,40,95.87
579328,FF,776813,2025-08-09,DET,102,31,95.25
579328,FF,776734,2025-08-15,ATH,94,25,93.62
579328,FF,776652,2025-08-20,CIN,88,34,94.24
579328,FF,776575,2025-08-26,TEX,81,25,93.43
579328,FF,776499,2025-09-01,HOU,97,40,94.91
579328,FF,776430,2025-09-06,ATH,61,28,95.01
579328,FF,776345,2025-09-12,SEA,98,18,95.32
579328,FF,776274,2025-09-18,MIL,92,32,95.06
579328,FF,776197,2025-09-24,KC,66,28,94.11
593576,FF,778025,2025-05-06,TOR,10,7,91.6
593576,FF,777986,2025-05-09,BAL,14,7,93.43
593576,FF,777973,2025-05-10,BAL,6,1,93.8
593576,FF,777932,2025-05-13,SD,9,4,91.7
593576,FF,777899,2025-05-16,LAD,6,5,92.04
593576,FF,777884,2025-05-17,LAD,22,15,91.93
593576,FF,777853,2025-05-19,ATH,9,4,92.38
593576,FF,777828,2025-05-21,ATH,8,3,92.77
593576,FF,777798,2025-05-23,MIA,10,4,91.2
593576,FF,777745,2025-05-27,NYY,24,8,92.05
593576,FF,777703,2025-05-31,CLE,6,1,90.4
593576,FF,777670,2025-06-02,BOS,18,10,92.38
593576,FF,777667,2025-06-03,BOS,8,1,92.7
593576,FF,777603,2025-06-07,SEA,16,6,92.15
593576,FF,777539,2025-06-13,BAL,14,1,92.7
593576,FF,777519,2025-06-14,BAL,16,8,93.51
593576,FF,777466,2025-06-18,NYY,13,4,93.38
593576,FF,777449,2025-06-19,NYY,12,2,93.35
593576,FF,777414,2025-06-21,HOU,4,1,91.7
593576,FF,777381,2025-06-23,BOS,10,3,92.67
593576,FF,777331,2025-06-27,WSH,19,4,91.45
593576,FF,777202,2025-07-07,CLE,20,10,93.49
593576,FF,777192,2025-07-08,CLE,15,7,93.19
593576,FF,777125,2025-07-13,TEX,12,5,92.5
593576,FF,777099,2025-07-18,SEA,28,14,91.99
593576,FF,777086,2025-07-19,SEA,8,6,91.75
593576,FF,777025,2025-07-24,ATH,24,10,92.51
593576,FF,776991,2025-07-26,ATH,25,13,91.82
593576,FF,776937,2025-07-30,WSH,19,11,92.65
593576,FF,776909,2025-08-02,BOS,20,9,92.88
593576,FF,776875,2025-08-04,MIA,16,3,90.93
593576,FF,776849,2025-08-06,MIA,38,12,92.95
593576,FF,776782,2025-08-11,BOS,18,6,91.92
596112,FF,777728,2025-05-28,NYY,12,2,98.2
596112,FF,776640,2025-08-22,CHC,8,2,95.9
596112,FF,776563,2025-08-27,TEX,20,5,95.52
596112,FF,776543,2025-08-29,HOU,19,3,96.57
596112,FF,776466,2025-09-03,KC,15,2,96.2
596112,FF,776430,2025-09-06,ATH,5,1,95.3
596112,FF,776411,2025-09-08,MIN,24,2,95.9
596112,FF,776362,2025-09-11,SEA,14,2,97.3
596112,FF,776291,2025-09-17,MIL,10,1,96.9
596112,FF,776253,2025-09-19,COL,14,3,96.57
608334,FF,777159,2025-07-10,TEX,88,29,92.51
608334,FF,777089,2025-07-19,PHI,17,4,92.82
608334,FF,777054,2025-07-22,NYM,17,6,92.8
608334,FF,776995,2025-07-26,SEA,42,11,93.15
608334,FF,776932,2025-07-30,TEX,20,5,92.8
608334,FF,776898,2025-08-02,CWS,10,4,93.57
608334,FF,776848,2025-08-05,TB,48,7,93.06
608334,FF,776806,2025-08-10,DET,85,33,92.98
608334,FF,776734,2025-08-15,ATH,54,9,91.72
608334,FF,776681,2025-08-18,CIN,27,5,92.14
608334,FF,776618,2025-08-23,CHC,35,1,92.8
641312,FF,777986,2025-05-09,BAL,34,9,91.7
641312,FF,777961,2025-05-11,BAL,50,19,91.7
641312,FF,777866,2025-05-18,LAD,38,10,93.05
641312,FF,777828,2025-05-21,ATH,24,6,92.7
641312,FF,777798,2025-05-23,MIA,33,6,92.63
641312,FF,777576,2025-06-09,ATH,14,6,93.57
641312,FF,776779,2025-08-11,LAD,23,4,91.28
641401,FF,778009,2025-05-07,TOR,9,2,95.75
641401,FF,778000,2025-05-08,TOR,34,15,95.17
641401,FF,777961,2025-05-11,BAL,25,13,95.31
641401,FF,777828,2025-05-21,ATH,13,6,96.97
641401,FF,777812,2025-05-22,ATH,12,5,96.86
641401,FF,777767,2025-05-25,MIA,16,3,95.4
641401,FF,777763,2025-05-26,NYY,23,9,95.38
641401,FF,777703,2025-05-31,CLE,19,8,95.81
641401,FF,777667,2025-06-03,BOS,17,6,96.73
641401,FF,777603,2025-06-07,SEA,29,15,94.21
641401,FF,777576,2025-06-09,ATH,9,3,94.83
641401,FF,777542,2025-06-11,ATH,13,3,94.73
641401,FF,777539,2025-06-13,BAL,14,5,94.62
641401,FF,777501,2025-06-15,BAL,21,11,94.89
641401,FF,777466,2025-06-18,NYY,7,2,96.9
641401,FF,777397,2025-06-22,HOU,26,11,95.13
641401,FF,777376,2025-06-24,BOS,22,8,95.21
641401,FF,777331,2025-06-27,WSH,21,8,95.48
641401,FF,777305,2025-06-29,WSH,27,9,95.9
641401,FF,777231,2025-07-05,TOR,13,6,96.23
641401,FF,777214,2025-07-06,TOR,15,7,95.83
641401,FF,777171,2025-07-09,TEX,9,4,96.55
641401,FF,777131,2025-07-12,AZ,13,7,95.86
641401,FF,777089,2025-07-19,PHI,19,5,96.02
641401,FF,777054,2025-07-22,NYM,23,6,95.18
641401,FF,777018,2025-07-24,SEA,2,1,96.9
641401,FF,776995,2025-07-26,SEA,20,4,96.15
641401,FF,776958,2025-07-28,TEX,15,6,96.23
641401,FF,776945,2025-07-29,TEX,19,7,95.41
641401,FF,776916,2025-08-01,CWS,24,13,95.31
641401,FF,776867,2025-08-04,TB,23,6,95.67
641401,FF,776843,2025-08-06,TB,17,6,95.98
641401,FF,776779,2025-08-11,LAD,3,2,97.0
641401,FF,776763,2025-08-12,LAD,9,1,97.8
641401,FF,776734,2025-08-15,ATH,36,22,95.55
641401,FF,776718,2025-08-16,ATH,29,14,94.03
641401,FF,776345,2025-09-12,SEA,41,16,95.52
641401,FF,776317,2025-09-14,SEA,23,11,94.35
641401,FF,776291,2025-09-17,MIL,46,23,95.54
641401,FF,776232,2025-09-21,COL,19,10,95.96
641401,FF,776178,2025-09-25,KC,36,13,96.28
641401,FF,776135,2025-09-28,HOU,27,20,95.15
656271,FF,778473,2025-04-02,STL,28,16,95.96
656271,FF,778425,2025-04-06,CLE,7,4,94.12
656271,FF,778417,2025-04-08,TB,21,13,95.08
656271,FF,778351,2025-04-12,HOU,10,9,96.28
656271,FF,778289,2025-04-16,TEX,20,14,95.91
656271,FF,778260,2025-04-18,SF,10,4,94.55
656271,FF,778232,2025-04-20,SF,24,16,95.84
656271,FF,778211,2025-04-22,PIT,23,6,93.78
656271,FF,778144,2025-04-27,MIN,18,3,95.73
656271,FF,778101,2025-05-01,DET,12,5,94.9
656271,FF,778067,2025-05-03,DET,20,11,95.24
656271,FF,778009,2025-05-07,TOR,11,7,94.86
656271,FF,778000,2025-05-08,TOR,19,1,93.1
656271,FF,777973,2025-05-10,BAL,18,11,96.9
656271,FF,777947,2025-05-12,SD,15,5,96.04
656271,FF,777914,2025-05-14,SD,6,4,93.18
656271,FF,777866,2025-05-18,LAD,16,9,96.04
656271,FF,777828,2025-05-21,ATH,17,5,94.92
656271,FF,777781,2025-05-24,MIA,15,7,95.27
656271,FF,777763,2025-05-26,NYY,4,1,94.5
656271,FF,777728,2025-05-28,NYY,19,4,96.9
656271,FF,777683,2025-06-01,CLE,31,15,96.85
656271,FF,777667,2025-06-03,BOS,11,5,95.1
656271,FF,777649,2025-06-04,BOS,32,13,94.72
656271,FF,777603,2025-06-07,SEA,5,4,95.18
656271,FF,777542,2025-06-11,ATH,11,7,93.71
656271,FF,777539,2025-06-13,BAL,23,7,95.57
656271,FF,777487,2025-06-16,NYY,8,4,95.5
656271,FF,777466,2025-06-18,NYY,6,1,94.7
656271,FF,777449,2025-06-19,NYY,13,4,96.95
656271,FF,777397,2025-06-22,HOU,21,12,96.76
656271,FF,777381,2025-06-23,BOS,4,2,95.0
656271,FF,777331,2025-06-27,WSH,15,5,97.9
656271,FF,777305,2025-06-29,WSH,11,6,95.53
656271,FF,777261,2025-07-03,ATL,15,7,97.31
656271,FF,777242,2025-07-04,TOR,9,2,97.1
656271,FF,777214,2025-07-06,TOR,10,3,96.37
656271,FF,777171,2025-07-09,TEX,5,2,100.05
656271,FF,777150,2025-07-11,AZ,13,3,96.07
656271,FF,777106,2025-07-18,PHI,15,8,96.58
656271,FF,777078,2025-07-20,PHI,14,8,97.06
656271,FF,777061,2025-07-21,NYM,12,3,97.57
656271,FF,777034,2025-07-23,NYM,13,9,95.99
656271,FF,777006,2025-07-25,SEA,12,5,96.42
656271,FF,776977,2025-07-27,SEA,27,10,97.79
656271,FF,776945,2025-07-29,TEX,6,3,95.53
656271,FF,776898,2025-08-02,CWS,22,8,96.59
656271,FF,776867,2025-08-04,TB,20,7,96.74
656271,FF,776843,2025-08-06,TB,24,4,98.28
656271,FF,776832,2025-08-08,DET,15,8,96.71
656271,FF,776813,2025-08-09,DET,19,5,96.72
656271,FF,776763,2025-08-12,LAD,8,6,96.33
656271,FF,776752,2025-08-13,LAD,15,7,96.37
656271,FF,776699,2025-08-17,ATH,7,1,96.5
656271,FF,776605,2025-08-24,CHC,10,7,96.03
656271,FF,776592,2025-08-25,TEX,23,5,97.44
656271,FF,776499,2025-09-01,HOU,26,13,97.61
656271,FF,776466,2025-09-03,KC,10,5,95.12
656271,FF,776430,2025-09-06,ATH,18,6,95.43
656271,FF,776390,2025-09-09,MIN,28,12,95.69
656271,FF,776362,2025-09-11,SEA,11,2,98.2
656271,FF,776253,2025-09-19,COL,9,3,96.53
656271,FF,776207,2025-09-23,KC,19,11,96.98
656271,FF,776169,2025-09-26,HOU,17,4,97.75
666120,FF,778495,2025-04-01,STL,11,4,93.92
666120,FF,778473,2025-04-02,STL,35,19,93.56
666120,FF,778437,2025-04-05,CLE,37,18,93.84
666120,FF,778368,2025-04-11,HOU,43,22,94.38
666120,FF,778281,2025-04-17,TEX,11,6,94.6
666120,FF,778232,2025-04-20,SF,37,20,93.66
666120,FF,778211,2025-04-22,PIT,28,15,92.67
666171,FF,778495,2025-04-01,STL,8,5,98.24
666171,FF,778447,2025-04-04,CLE,10,5,97.18
666171,FF,778425,2025-04-06,CLE,16,7,98.11
666171,FF,778351,2025-04-12,HOU,11,1,98.7
666171,FF,778281,2025-04-17,TEX,17,10,98.17
666171,FF,778260,2025-04-18,SF,25,6,97.17
666171,FF,778191,2025-04-24,PIT,24,2,97.35
666171,FF,778144,2025-04-27,MIN,25,12,97.39
666171,FF,778101,2025-05-01,DET,15,2,96.75
666171,FF,778085,2025-05-02,DET,14,2,96.05
666171,FF,778009,2025-05-07,TOR,20,5,95.98
666171,FF,777973,2025-05-10,BAL,6,1,97.9
666171,FF,777932,2025-05-13,SD,27,4,96.82
666171,FF,777884,2025-05-17,LAD,26,3,98.07
666171,FF,777853,2025-05-19,ATH,17,2,97.5
666171,FF,777828,2025-05-21,ATH,14,6,98.27
666171,FF,777812,2025-05-22,ATH,13,9,96.74
666171,FF,777728,2025-05-28,NYY,16,5,98.22
666171,FF,777721,2025-05-30,CLE,21,9,98.03
666171,FF,777703,2025-05-31,CLE,34,10,97.43
666171,FF,777670,2025-06-02,BOS,15,6,97.6
666171,FF,777614,2025-06-06,SEA,10,3,96.7
666171,FF,777603,2025-06-07,SEA,8,2,96.15
666171,FF,777576,2025-06-09,ATH,7,3,95.47
666171,FF,777542,2025-06-11,ATH,21,5,97.92
666171,FF,777487,2025-06-16,NYY,9,2,96.05
666171,FF,777476,2025-06-17,NYY,11,2,98.25
666171,FF,777466,2025-06-18,NYY,10,1,94.7
666171,FF,777381,2025-06-23,BOS,16,7,97.0
666171,FF,777362,2025-06-25,BOS,31,17,97.96
666171,FF,777315,2025-06-28,WSH,13,4,96.62
666171,FF,777305,2025-06-29,WSH,12,9,98.82
666171,FF,777279,2025-07-02,ATL,16,12,97.19
666171,FF,777231,2025-07-05,TOR,23,9,98.57
666171,FF,777171,2025-07-09,TEX,17,7,98.6
666171,FF,777131,2025-07-12,AZ,9,4,98.98
666171,FF,777106,2025-07-18,PHI,17,5,98.74
666171,FF,777054,2025-07-22,NYM,20,1,98.4
666171,FF,777006,2025-07-25,SEA,18,2,98.2
666171,FF,776958,2025-07-28,TEX,28,11,97.33
666171,FF,776898,2025-08-02,CWS,9,1,97.8
666171,FF,776867,2025-08-04,TB,17,7,96.64
666171,FF,776843,2025-08-06,TB,11,2,96.2
666171,FF,776813,2025-08-09,DET,23,3,97.5
666171,FF,776763,2025-08-12,LAD,14,3,97.53
666171,FF,776752,2025-08-13,LAD,36,14,97.34
666171,FF,776718,2025-08-16,ATH,37,15,95.92
666171,FF,776668,2025-08-19,CIN,12,5,96.96
666171,FF,776618,2025-08-23,CHC,11,2,94.9
666171,FF,776605,2025-08-24,CHC,12,3,97.8
666171,FF,776575,2025-08-26,TEX,17,9,95.94
666171,FF,776543,2025-08-29,HOU,14,5,97.92
666171,FF,776499,2025-09-01,HOU,21,9,98.36
666171,FF,776463,2025-09-04,KC,15,5,96.78
666171,FF,776444,2025-09-05,ATH,22,12,96.11
666171,FF,776178,2025-09-25,KC,21,6,97.43
666171,FF,776135,2025-09-28,HOU,21,4,95.85
667755,FF,778447,2025-04-04,CLE,90,3,98.7
667755,FF,778382,2025-04-10,TB,93,1,97.8
667755,FF,778289,2025-04-16,TEX,89,1,97.6
667755,FF,778211,2025-04-22,PIT,84,10,96.84
667755,FF,778144,2025-04-27,MIN,90,7,96.57
667755,FF,778085,2025-05-02,DET,94,19,97.67
667755,FF,778000,2025-05-08,TOR,90,7,97.91
667755,FF,777932,2025-05-13,SD,107,12,97.8
667755,FF,777853,2025-05-19,ATH,100,5,98.32
667755,FF,777781,2025-05-24,MIA,97,10,98.71
667755,FF,777721,2025-05-30,CLE,96,3,97.13
667755,FF,777649,2025-06-04,BOS,99,11,98.21
667755,FF,777564,2025-06-10,ATH,109,3,98.83
667755,FF,777487,2025-06-16,NYY,101,11,97.1
667755,FF,777414,2025-06-21,HOU,96,7,97.64
667755,FF,777331,2025-06-27,WSH,82,16,96.86
667755,FF,777261,2025-07-03,ATL,101,8,98.0
667755,FF,777180,2025-07-08,TEX,82,7,97.31
667755,FF,777115,2025-07-13,AZ,91,10,98.56
667755,FF,777078,2025-07-20,PHI,93,5,98.92
667755,FF,777006,2025-07-25,SEA,87,3,98.1
667755,FF,776932,2025-07-30,TEX,96,7,98.5
667755,FF,776848,2025-08-05,TB,65,4,99.82
667755,FF,776779,2025-08-11,LAD,91,5,98.64
667755,FF,776699,2025-08-17,ATH,102,12,98.18
667755,FF,776592,2025-08-25,TEX,91,24,98.11
667755,FF,776510,2025-08-31,HOU,93,7,97.81
667755,FF,776444,2025-09-05,ATH,80,12,97.98
667755,FF,776362,2025-09-11,SEA,96,6,98.2
667755,FF,776291,2025-09-17,MIL,25,1,97.2
671109,FF,778144,2025-04-27,MIN,14,9,93.77
671109,FF,778104,2025-04-30,SEA,11,6,93.02
671109,FF,778085,2025-05-02,DET,12,5,92.34
671109,FF,777767,2025-05-25,MIA,28,16,93.1
671109,FF,777745,2025-05-27,NYY,22,11,93.53
671109,FF,777115,2025-07-13,AZ,56,21,93.66
671109,FF,777106,2025-07-18,PHI,61,18,92.99
671109,FF,777034,2025-07-23,NYM,98,49,92.68
671111,SI,776411,2025-09-08,MIN,51,16,88.81
671111,SI,776362,2025-09-11,SEA,17,6,89.23
671111,SI,776333,2025-09-13,SEA,32,8,89.78
671111,SI,776295,2025-09-16,MIL,40,15,88.59
671111,SI,776135,2025-09-28,HOU,13,4,89.18
672282,FF,778473,2025-04-02,STL,4,2,94.65
672282,FF,778447,2025-04-04,CLE,15,9,93.73
672282,FF,778399,2025-04-09,TB,22,10,94.03
672282,FF,778329,2025-04-13,HOU,29,16,94.77
672282,FF,778306,2025-04-15,TEX,21,13,93.96
672282,FF,778243,2025-04-19,SF,38,26,94.29
672282,FF,778202,2025-04-23,PIT,30,8,94.92
672282,FF,778166,2025-04-26,MIN,29,14,94.58
672282,FF,778104,2025-04-30,SEA,12,5,94.38
672282,FF,778101,2025-05-01,DET,29,16,94.89
672282,FF,778009,2025-05-07,TOR,9,3,94.83
672282,FF,777986,2025-05-09,BAL,16,5,96.68
672282,FF,777914,2025-05-14,SD,12,5,95.48
672282,FF,777884,2025-05-17,LAD,37,18,96.04
672282,FF,777843,2025-05-20,ATH,20,7,95.69
672282,FF,777812,2025-05-22,ATH,18,8,96.11
672282,FF,777745,2025-05-27,NYY,22,10,96.27
672282,FF,777728,2025-05-28,NYY,21,11,96.29
672282,FF,777721,2025-05-30,CLE,7,2,95.25
672282,FF,777670,2025-06-02,BOS,28,11,96.36
672282,FF,777667,2025-06-03,BOS,11,6,96.55
672282,FF,777614,2025-06-06,SEA,18,13,96.01
672282,FF,777603,2025-06-07,SEA,20,12,96.15
672282,FF,777564,2025-06-10,ATH,12,5,96.56
672282,FF,777542,2025-06-11,ATH,10,2,97.3
672282,FF,777487,2025-06-16,NYY,13,4,96.98
672282,FF,777476,2025-06-17,NYY,14,5,97.26
672282,FF,777428,2025-06-20,HOU,22,11,97.09
672282,FF,777381,2025-06-23,BOS,10,6,95.67
672282,FF,777376,2025-06-24,BOS,13,4,95.3
672282,FF,777315,2025-06-28,WSH,22,6,97.13
672282,FF,777305,2025-06-29,WSH,13,9,95.82
672282,FF,777298,2025-07-01,ATL,11,5,96.5
672282,FF,777242,2025-07-04,TOR,19,10,97.11
672282,FF,777231,2025-07-05,TOR,21,9,95.81
672282,FF,777200,2025-07-07,TEX,11,5,97.52
672282,FF,777171,2025-07-09,TEX,22,12,96.37
672282,FF,777150,2025-07-11,AZ,19,10,95.43
672282,FF,777131,2025-07-12,AZ,9,4,96.98
672282,FF,777106,2025-07-18,PHI,14,5,97.0
672282,FF,777061,2025-07-21,NYM,19,2,96.6
672282,FF,777006,2025-07-25,SEA,17,8,97.8
672282,FF,776977,2025-07-27,SEA,10,5,97.16
672282,FF,776945,2025-07-29,TEX,15,6,97.37
672282,FF,776932,2025-07-30,TEX,20,9,96.22
672282,FF,776898,2025-08-02,CWS,8,1,98.7
672282,FF,776885,2025-08-03,CWS,11,4,97.95
672282,FF,776843,2025-08-06,TB,14,9,96.89
672282,FF,776832,2025-08-08,DET,18,9,95.91
672282,FF,776763,2025-08-12,LAD,15,4,97.85
672282,FF,776752,2025-08-13,LAD,21,12,97.38
672282,FF,776699,2025-08-17,ATH,19,6,96.92
672282,FF,776652,2025-08-20,CIN,13,7,96.53
672282,FF,776640,2025-08-22,CHC,19,9,96.66
672282,FF,776592,2025-08-25,TEX,20,7,95.51
672282,FF,776531,2025-08-30,HOU,15,4,96.12
672282,FF,776488,2025-09-02,KC,18,7,96.09
672282,FF,776466,2025-09-03,KC,13,7,96.33
672282,FF,776414,2025-09-07,ATH,21,9,96.4
672282,FF,776376,2025-09-10,MIN,14,4,93.8
680729,SI,778495,2025-04-01,STL,18,8,91.89
680729,SI,778437,2025-04-05,CLE,19,13,91.85
680729,SI,778417,2025-04-08,TB,16,6,92.93
680729,SI,778368,2025-04-11,HOU,14,5,93.26
680729,SI,778329,2025-04-13,HOU,23,8,93.46
680729,SI,778211,2025-04-22,PIT,27,9,91.9
680729,SI,778166,2025-04-26,MIN,10,1,93.6
680729,SI,778121,2025-04-29,SEA,16,9,91.76
680729,SI,778101,2025-05-01,DET,24,13,91.49
681217,FF,776605,2025-08-24,CHC,24,10,95.66
681217,FF,776575,2025-08-26,TEX,22,5,94.98
681217,FF,776499,2025-09-01,HOU,11,4,96.05
681217,FF,776430,2025-09-06,ATH,32,12,95.6
681217,FF,776362,2025-09-11,SEA,10,5,95.08
681217,FF,776333,2025-09-13,SEA,16,5,96.02
681217,FF,776295,2025-09-16,MIL,22,8,95.78
681217,FF,776253,2025-09-19,COL,27,12,94.74
681217,FF,776197,2025-09-24,KC,19,10,95.11
681217,FF,776169,2025-09-26,HOU,14,4,95.18
682989,SI,778186,2025-04-25,MIN,56,29,94.67
682989,SI,777200,2025-07-07,TEX,23,13,96.35
682989,SI,776763,2025-08-12,LAD,72,38,94.62
682989,SI,776681,2025-08-18,CIN,95,38,94.71
682989,SI,776618,2025-08-23,CHC,63,35,93.63
686799,FF,778437,2025-04-05,CLE,79,14,95.82
686799,FF,778368,2025-04-11,HOU,86,11,96.38
686799,FF,778281,2025-04-17,TEX,72,21,94.92
686799,FF,778202,2025-04-23,PIT,81,15,96.25
686799,FF,778121,2025-04-29,SEA,91,17,94.54
686799,FF,778050,2025-05-04,DET,77,19,95.02
686799,FF,777973,2025-05-10,BAL,95,27,96.59
686799,FF,777899,2025-05-16,LAD,104,15,95.67
686799,FF,777828,2025-05-21,ATH,99,9,96.37
686799,FF,777763,2025-05-26,NYY,92,8,96.28
686799,FF,777683,2025-06-01,CLE,84,7,95.59
686799,FF,777603,2025-06-07,SEA,75,14,95.08
686799,FF,777539,2025-06-13,BAL,53,3,97.13
686799,FF,777466,2025-06-18,NYY,90,16,96.51
686799,FF,777381,2025-06-23,BOS,84,13,95.51
686799,FF,777305,2025-06-29,WSH,62,14,96.26
686799,FF,777231,2025-07-05,TOR,82,9,96.02
686799,FF,777159,2025-07-10,TEX,70,14,95.08
686799,FF,776958,2025-07-28,TEX,75,23,95.05
686799,FF,776885,2025-08-03,CWS,80,12,95.06
686799,FF,776806,2025-08-10,DET,84,21,95.24
686799,FF,776563,2025-08-27,TEX,79,20,93.6
691951,FF,777649,2025-06-04,BOS,49,23,91.44
691951,FF,777180,2025-07-08,TEX,64,33,91.02
691951,FF,776207,2025-09-23,KC,94,46,91.67
691951,FF,776135,2025-09-28,HOU,96,41,92.08
696147,SI,777519,2025-06-14,BAL,9,7,98.09
696147,SI,777449,2025-06-19,NYY,17,5,98.26
696147,SI,777414,2025-06-21,HOU,22,11,96.45
696147,SI,777381,2025-06-23,BOS,12,6,98.4
696147,SI,777376,2025-06-24,BOS,9,4,98.25
696147,SI,777331,2025-06-27,WSH,19,8,97.64
696147,SI,777315,2025-06-28,WSH,8,2,97.7
696147,SI,777261,2025-07-03,ATL,20,10,97.77
696147,SI,777242,2025-07-04,TOR,5,4,96.95
696147,SI,777200,2025-07-07,TEX,14,4,97.88
696147,SI,777171,2025-07-09,TEX,15,7,97.31
696147,SI,777131,2025-07-12,AZ,16,5,98.44
696147,SI,777106,2025-07-18,PHI,10,2,97.65
696147,SI,777089,2025-07-19,PHI,20,9,97.79
696147,SI,777034,2025-07-23,NYM,14,5,96.56
696147,SI,777018,2025-07-24,SEA,6,1,96.9
696147,SI,776932,2025-07-30,TEX,17,7,96.27
696147,SI,776575,2025-08-26,TEX,23,6,93.98
696147,SI,776232,2025-09-21,COL,19,1,96.4
696147,SI,776207,2025-09-23,KC,20,4,97.25
696147,SI,776178,2025-09-25,KC,25,4,95.78
696147,SI,776135,2025-09-28,HOU,12,2,95.8
696270,SI,778495,2025-04-01,STL,17,2,91.85
696270,SI,778382,2025-04-10,TB,11,2,95.15
696270,SI,778306,2025-04-15,TEX,26,4,93.65
696270,SI,778281,2025-04-17,TEX,21,4,94.28
696270,SI,778191,2025-04-24,PIT,18,4,94.02
696270,SI,778166,2025-04-26,MIN,33,13,94.38
696270,SI,778104,2025-04-30,SEA,28,6,93.47
696270,SI,778085,2025-05-02,DET,18,2,96.05
696270,SI,778025,2025-05-06,TOR,19,2,95.25
696270,SI,778000,2025-05-08,TOR,11,2,95.9
702674,FF,778447,2025-04-04,CLE,56,28,94.78
702674,FF,777781,2025-05-24,MIA,63,35,93.56
702674,FF,776466,2025-09-03,KC,70,37,94.84
702674,FF,776411,2025-09-08,MIN,99,39,94.5
702674,FF,776295,2025-09-16,MIL,92,42,95.75
702674,FF,776232,2025-09-21,COL,89,34,95.3
702674,FF,776155,2025-09-27,HOU,93,38,95.35
815083,FF,776488,2025-09-02,KC,70,31,90.73
815083,FF,776414,2025-09-07,ATH,76,37,90.04
815083,FF,776333,2025-09-13,SEA,85,38,90.38
815083,FF,776253,2025-09-19,COL,90,49,89.14
815083,FF,776178,2025-09-25,KC,84,47,91.36
820862,FF,778166,2025-04-26,MIN,19,12,96.1
820862,FF,778121,2025-04-29,SEA,22,9,96.0
820862,FF,778101,2025-05-01,DET,11,7,96.64
820862,FF,778050,2025-05-04,DET,21,9,96.58
820862,FF,778025,2025-05-06,TOR,13,11,95.5
820862,FF,778000,2025-05-08,TOR,19,12,97.26
820862,FF,777973,2025-05-10,BAL,22,17,97.19
820862,FF,777947,2025-05-12,SD,14,5,95.72
820862,FF,777914,2025-05-14,SD,29,24,96.19
820862,FF,777589,2025-06-08,SEA,28,15,97.24
820862,FF,777315,2025-06-28,WSH,11,6,97.02
820862,FF,777305,2025-06-29,WSH,8,1,95.6
820862,FF,777298,2025-07-01,ATL,17,11,97.11
820862,FF,777242,2025-07-04,TOR,14,11,97.04
820862,FF,777231,2025-07-05,TOR,27,10,96.77
820862,FF,777171,2025-07-09,TEX,11,8,98.0
820862,FF,777150,2025-07-11,AZ,12,6,97.03
820862,FF,777131,2025-07-12,AZ,22,15,96.91
820862,FF,777106,2025-07-18,PHI,11,7,97.47
820862,FF,777089,2025-07-19,PHI,16,10,97.56
820862,FF,777061,2025-07-21,NYM,13,9,96.9
820862,FF,777018,2025-07-24,SEA,12,1,97.7
820862,FF,776995,2025-07-26,SEA,15,6,97.18
820862,FF,776681,2025-08-18,CIN,18,10,96.7
820862,FF,776640,2025-08-22,CHC,25,6,97.22
820862,FF,776605,2025-08-24,CHC,18,7,96.13
820862,FF,776563,2025-08-27,TEX,18,8,96.49
820862,FF,776531,2025-08-30,HOU,11,1,96.6
820862,FF,776488,2025-09-02,KC,14,4,96.78
820862,FF,776463,2025-09-04,KC,18,4,96.48
820862,FF,776430,2025-09-06,ATH,25,10,96.86
820862,FF,776411,2025-09-08,MIN,5,1,96.3
820862,FF,776376,2025-09-10,MIN,18,9,97.52
820862,FF,776274,2025-09-18,MIL,13,8,97.36
820862,FF,776241,2025-09-20,COL,13,2,97.3
820862,FF,776197,2025-09-24,KC,11,5,96.38
820862,FF,776169,2025-09-26,HOU,19,7,97.33
477132,FF,777884,2025-05-17,LAA,83,28,89.18
477132,FF,777808,2025-05-23,NYM,26,17,88.37
477132,FF,777739,2025-05-28,CLE,74,27,89.34
477132,FF,777657,2025-06-03,NYM,92,33,89.29
477132,FF,777582,2025-06-08,STL,82,32,89.59
477132,FF,777506,2025-06-14,SF,80,32,88.43
477132,FF,777427,2025-06-20,WSH,78,20,87.93
477132,FF,777344,2025-06-26,COL,69,26,89.03
477132,FF,777267,2025-07-02,CWS,100,33,89.35
477132,FF,777193,2025-07-08,MIL,85,30,89.56
477132,FF,777070,2025-07-20,MIL,81,28,88.7
477132,FF,776998,2025-07-26,BOS,91,31,89.08
477132,FF,776918,2025-08-01,TB,87,29,88.62
477132,FF,776823,2025-08-08,TOR,74,26,88.73
477132,FF,776727,2025-08-15,SD,76,25,89.17
477132,FF,776644,2025-08-21,COL,84,24,89.12
477132,FF,776574,2025-08-26,CIN,72,20,88.07
477132,FF,776427,2025-09-07,BAL,82,31,89.2
477132,FF,776328,2025-09-13,SF,66,23,89.16
477132,FF,776256,2025-09-19,SF,91,34,89.14
477132,FF,776193,2025-09-24,AZ,15,6,90.38
477132,FF,776139,2025-09-28,SEA,94,32,88.91
489446,FF,778472,2025-04-02,ATL,13,3,92.13
489446,FF,778459,2025-04-04,PHI,18,7,91.94
489446,FF,778392,2025-04-09,WSH,12,5,91.62
489446,FF,778356,2025-04-11,CHC,12,7,93.1
489446,FF,778326,2025-04-14,COL,20,11,91.9
489446,FF,778302,2025-04-15,COL,24,15,92.13
489446,FF,778263,2025-04-18,TEX,10,5,93.3
489446,FF,778251,2025-04-19,TEX,7,3,92.7
489446,FF,778220,2025-04-22,CHC,10,3,92.77
489446,FF,778205,2025-04-23,CHC,9,6,92.77
489446,FF,778163,2025-04-26,PIT,21,10,92.45
489446,FF,778132,2025-04-28,MIA,6,2,92.85
489446,FF,778092,2025-05-02,ATL,14,6,93.97
489446,FF,778076,2025-05-03,ATL,16,6,93.0
489446,FF,778047,2025-05-05,MIA,16,9,93.41
489446,FF,777975,2025-05-10,AZ,25,13,94.0
489446,FF,777917,2025-05-14,ATH,20,13,93.4
489446,FF,777884,2025-05-17,LAA,23,13,92.62
489446,FF,777582,2025-06-08,STL,10,7,94.17
489446,FF,777579,2025-06-09,SD,20,13,93.03
489446,FF,777543,2025-06-11,SD,3,3,92.47
489446,FF,777498,2025-06-15,SF,16,10,93.34
489446,FF,777490,2025-06-16,SD,10,7,93.34
489446,FF,777427,2025-06-20,WSH,9,5,93.68
489446,FF,777379,2025-06-24,COL,28,20,93.48
489446,FF,777344,2025-06-26,COL,23,14,92.68
489446,FF,777304,2025-06-29,KC,11,8,92.55
489446,FF,777253,2025-07-03,CWS,11,7,92.86
489446,FF,777193,2025-07-08,MIL,20,12,93.0
489446,FF,777175,2025-07-09,MIL,5,2,92.35
489446,FF,777103,2025-07-18,MIL,18,11,92.57
489446,FF,777070,2025-07-20,MIL,13,12,92.97
489446,FF,777051,2025-07-21,MIN,9,6,93.4
489446,FF,777022,2025-07-23,MIN,18,14,93.58
489446,FF,776998,2025-07-26,BOS,17,12,93.08
489446,FF,776603,2025-08-24,SD,12,8,92.6
489446,FF,776534,2025-08-29,AZ,22,15,92.51
489446,FF,776523,2025-08-30,AZ,21,10,90.92
489446,FF,776461,2025-09-04,PIT,14,9,92.27
489446,FF,776389,2025-09-09,COL,15,10,92.64
489446,FF,776380,2025-09-10,COL,12,6,91.67
489446,FF,776328,2025-09-13,SF,23,13,92.73
489446,FF,776325,2025-09-14,SF,12,9,91.6
489446,FF,776256,2025-09-19,SF,9,7,92.99
489446,FF,776233,2025-09-20,SF,18,14,91.92
595014,FF,778487,2025-04-01,ATL,23,5,95.06
595014,FF,778434,2025-04-06,PHI,20,3,94.37
595014,FF,778356,2025-04-11,CHC,14,1,95.7
595014,FF,778331,2025-04-13,CHC,20,2,92.7
595014,FF,776967,2025-07-28,CIN,25,4,95.52
595014,FF,776889,2025-08-03,TB,26,4,95.2
595014,FF,776823,2025-08-08,TOR,14,1,95.6
595014,FF,776788,2025-08-10,TOR,17,3,95.4
595014,FF,776763,2025-08-12,LAA,23,4,95.28
595014,FF,776697,2025-08-17,SD,23,4,95.85
595014,FF,776454,2025-09-05,BAL,11,1,96.0
595014,FF,776443,2025-09-06,BAL,22,4,95.88
595014,FF,776350,2025-09-12,SF,7,1,95.8
595014,FF,776311,2025-09-15,PHI,12,1,95.4
595014,FF,776271,2025-09-18,SF,24,3,95.13
595014,FF,776227,2025-09-21,SF,30,6,95.8
595014,FF,776168,2025-09-26,SEA,20,4,95.25
595014,FF,776150,2025-09-27,SEA,15,3,94.97
595014,FF,813069,2025-09-30,CIN,17,4,96.58
605483,FF,778472,2025-04-02,ATL,80,46,94.34
605483,FF,776901,2025-08-02,TB,86,39,95.21
605483,FF,776808,2025-08-09,TOR,90,44,96.25
605483,FF,776717,2025-08-16,SD,96,53,95.84
605483,FF,776636,2025-08-22,SD,97,37,95.16
605483,FF,776534,2025-08-29,AZ,86,26,93.72
605483,FF,776461,2025-09-04,PIT,90,35,94.5
605483,FF,776380,2025-09-10,COL,104,49,94.96
605483,FF,776280,2025-09-17,PHI,112,38,95.41
605483,FF,776193,2025-09-24,AZ,95,49,94.83
605483,FF,813069,2025-09-30,CIN,91,33,95.98
607192,FF,778434,2025-04-06,PHI,60,33,94.73
607192,FF,778331,2025-04-13,CHC,98,44,95.36
607192,FF,778234,2025-04-20,TEX,52,23,94.33
607192,FF,778145,2025-04-27,PIT,17,7,95.07
607192,FF,777175,2025-07-09,MIL,85,28,96.79
607192,FF,777103,2025-07-18,MIL,88,37,97.34
607192,FF,777022,2025-07-23,MIN,106,27,96.18
607192,FF,776963,2025-07-29,CIN,84,28,96.14
607192,FF,776870,2025-08-04,STL,101,43,96.51
607192,FF,776788,2025-08-10,TOR,86,39,95.65
607192,FF,776697,2025-08-17,SD,91,25,95.76
607192,FF,776617,2025-08-23,SD,83,22,94.86
607192,FF,776523,2025-08-30,AZ,100,36,95.92
607192,FF,776408,2025-09-08,COL,105,20,95.9
607192,FF,776325,2025-09-14,SF,108,36,94.87
607192,FF,776233,2025-09-20,SF,101,37,94.78
607192,FF,776150,2025-09-27,SEA,36,11,96.13
607455,FF,778487,2025-04-01,ATL,29,10,96.14
607455,FF,778448,2025-04-05,PHI,11,6,95.13
607455,FF,778418,2025-04-07,WSH,16,8,94.76
607455,FF,778392,2025-04-09,WSH,11,5,94.58
607455,FF,778326,2025-04-14,COL,25,13,95.32
607455,FF,778287,2025-04-16,COL,17,9,94.74
607455,FF,778234,2025-04-20,TEX,14,10,95.37
607455,FF,778220,2025-04-22,CHC,16,6,95.07
607455,FF,778205,2025-04-23,CHC,12,4,96.48
607455,FF,778132,2025-04-28,MIA,21,7,95.96
607455,FF,778109,2025-04-30,MIA,11,1,95.7
607455,FF,778076,2025-05-03,ATL,14,1,95.3
607455,FF,778035,2025-05-06,MIA,14,2,94.5
607455,FF,777988,2025-05-09,AZ,31,4,96.3
607455,FF,777937,2025-05-13,ATH,19,4,95.75
607455,FF,777946,2025-05-15,ATH,14,1,95.4
607455,FF,777866,2025-05-18,LAA,33,15,96.28
607455,FF,777808,2025-05-23,NYM,10,3,96.03
607455,FF,777789,2025-05-24,NYM,20,5,95.28
607455,FF,777698,2025-05-31,NYY,19,2,97.15
607455,FF,777682,2025-06-01,NYY,18,3,96.2
607455,FF,777638,2025-06-04,NYM,11,2,96.05
607455,FF,777579,2025-06-09,SD,23,5,96.18
607455,FF,777543,2025-06-11,SD,6,2,95.0
607455,FF,777506,2025-06-14,SF,7,4,95.75
607455,FF,777490,2025-06-16,SD,21,8,96.64
607455,FF,777471,2025-06-17,SD,21,5,97.34
607455,FF,777398,2025-06-22,WSH,13,1,96.1
607455,FF,777379,2025-06-24,COL,21,9,96.04
607455,FF,777335,2025-06-27,KC,8,1,95.3
607455,FF,777319,2025-06-28,KC,13,1,95.7
607455,FF,777280,2025-07-01,CWS,17,3,96.9
607455,FF,777235,2025-07-04,HOU,26,14,95.76
607455,FF,777206,2025-07-06,HOU,9,1,95.3
607455,FF,777201,2025-07-07,MIL,15,3,96.07
607455,FF,777143,2025-07-11,SF,21,5,95.16
607455,FF,777103,2025-07-18,MIL,10,1,96.3
607455,FF,777070,2025-07-20,MIL,18,2,96.8
607455,FF,776941,2025-07-30,CIN,15,1,95.7
607455,FF,776870,2025-08-04,STL,20,1,96.2
607455,FF,776858,2025-08-05,STL,15,3,97.27
607455,FF,776823,2025-08-08,TOR,17,2,95.6
607455,FF,776779,2025-08-11,LAA,17,4,96.0
607455,FF,776752,2025-08-13,LAA,16,5,96.12
607455,FF,776717,2025-08-16,SD,11,2,97.75
607455,FF,776697,2025-08-17,SD,14,2,96.4
607455,FF,776671,2025-08-19,COL,10,2,97.5
607455,FF,776594,2025-08-25,CIN,25,13,97.15
607455,FF,776454,2025-09-05,BAL,24,2,96.95
607455,FF,776380,2025-09-10,COL,17,1,95.4
607455,FF,776311,2025-09-15,PHI,16,1,95.7
607455,FF,776271,2025-09-18,SF,12,3,97.03
607455,FF,776233,2025-09-20,SF,10,3,96.57
607455,FF,776185,2025-09-25,AZ,12,1,98.0
607455,FF,776168,2025-09-26,SEA,14,2,95.5
608717,FF,778455,2025-04-04,BAL,20,11,89.2
608717,FF,778441,2025-04-05,BAL,36,16,89.75
608717,FF,778388,2025-04-09,MIN,22,10,91.04
608717,FF,778375,2025-04-11,CLE,32,14,90.63
608717,FF,778286,2025-04-17,DET,37,17,91.89
608717,FF,778277,2025-04-18,DET,17,6,92.12
608717,FF,778152,2025-04-27,HOU,21,5,91.98
608717,FF,778097,2025-05-01,TB,16,4,92.85
608717,FF,778008,2025-05-08,CWS,15,4,92.45
608717,FF,777977,2025-05-10,BOS,32,13,92.22
608717,FF,777901,2025-05-16,STL,36,7,91.8
608717,FF,777698,2025-05-31,NYY,18,8,92.41
608717,FF,777682,2025-06-01,NYY,42,19,91.55
608717,FF,777620,2025-06-06,STL,20,8,92.0
656629,FF,777582,2025-06-08,STL,9,8,97.21
656629,FF,777543,2025-06-11,SD,19,15,98.17
656629,FF,777506,2025-06-14,SF,15,12,97.91
656629,FF,777490,2025-06-16,SD,11,9,97.69
656629,FF,777471,2025-06-17,SD,16,15,98.1
656629,FF,777427,2025-06-20,WSH,13,13,96.7
656629,FF,777358,2025-06-25,COL,18,10,98.16
656629,FF,777344,2025-06-26,COL,13,10,97.7
656629,FF,776454,2025-09-05,BAL,13,10,98.22
656629,FF,776380,2025-09-10,COL,25,22,96.31
656629,FF,776328,2025-09-13,SF,26,24,98.5
656629,FF,776325,2025-09-14,SF,22,19,96.88
656629,FF,776271,2025-09-18,SF,18,16,96.6
656945,FF,778487,2025-04-01,ATL,10,6,94.98
656945,FF,778448,2025-04-05,PHI,3,2,96.15
656945,FF,778392,2025-04-09,WSH,12,5,95.5
656945,FF,778356,2025-04-11,CHC,16,9,96.13
656945,FF,778326,2025-04-14,COL,18,11,96.15
656945,FF,778287,2025-04-16,COL,11,5,95.72
656945,FF,778263,2025-04-18,TEX,17,9,95.01
656945,FF,778234,2025-04-20,TEX,14,12,96.19
656945,FF,778220,2025-04-22,CHC,12,10,97.27
656945,FF,778163,2025-04-26,PIT,18,9,96.43
656945,FF,778132,2025-04-28,MIA,11,7,96.41
656945,FF,778092,2025-05-02,ATL,18,10,95.63
656945,FF,778047,2025-05-05,MIA,12,6,96.92
656945,FF,778035,2025-05-06,MIA,10,6,96.82
656945,FF,777988,2025-05-09,AZ,19,11,97.19
656945,FF,777954,2025-05-11,AZ,6,4,97.02
656945,FF,777884,2025-05-17,LAA,12,7,97.14
656945,FF,777838,2025-05-20,AZ,28,13,96.91
656945,FF,777824,2025-05-21,AZ,14,8,96.38
656945,FF,777808,2025-05-23,NYM,25,13,95.25
656945,FF,777769,2025-05-26,CLE,24,10,95.98
656945,FF,777739,2025-05-28,CLE,26,9,95.76
656945,FF,777708,2025-05-30,NYY,2,1,96.5
656945,FF,777675,2025-06-02,NYM,19,8,96.02
656945,FF,777657,2025-06-03,NYM,10,3,95.07
656945,FF,777631,2025-06-05,NYM,21,16,96.62
656945,FF,777582,2025-06-08,STL,14,10,97.55
656945,FF,777579,2025-06-09,SD,16,11,96.6
656945,FF,777543,2025-06-11,SD,15,11,97.39
656945,FF,777498,2025-06-15,SF,13,9,97.49
656945,FF,777490,2025-06-16,SD,7,5,97.26
656945,FF,777471,2025-06-17,SD,13,11,96.97
656945,FF,777427,2025-06-20,WSH,19,12,96.55
656945,FF,777379,2025-06-24,COL,11,5,95.92
656945,FF,777344,2025-06-26,COL,17,11,96.92
656945,FF,777335,2025-06-27,KC,16,9,95.92
656945,FF,777253,2025-07-03,CWS,17,12,96.97
656945,FF,777206,2025-07-06,HOU,24,15,96.3
656945,FF,777175,2025-07-09,MIL,21,11,96.89
656945,FF,777127,2025-07-12,SF,12,6,96.43
656945,FF,777119,2025-07-13,SF,17,10,95.43
656945,FF,777085,2025-07-19,MIL,12,7,96.33
656945,FF,777051,2025-07-21,MIN,22,7,95.27
656945,FF,776603,2025-08-24,SD,6,3,97.37
656945,FF,776574,2025-08-26,CIN,15,8,97.28
656945,FF,776509,2025-08-31,AZ,22,12,97.97
656945,FF,776454,2025-09-05,BAL,17,11,97.85
656945,FF,776443,2025-09-06,BAL,3,3,96.57
656945,FF,776408,2025-09-08,COL,9,2,96.6
656945,FF,776350,2025-09-12,SF,9,1,96.5
656945,FF,776328,2025-09-13,SF,13,3,96.43
656945,FF,776311,2025-09-15,PHI,10,2,97.0
656945,FF,776280,2025-09-17,PHI,21,4,97.72
656945,FF,776256,2025-09-19,SF,23,5,97.4
656945,FF,776213,2025-09-23,AZ,21,3,97.73
656945,FF,776185,2025-09-25,AZ,20,11,97.55
656945,FF,776168,2025-09-26,SEA,19,8,97.39
660271,FF,777490,2025-06-16,SD,28,9,99.06
660271,FF,777398,2025-06-22,WSH,18,6,97.92
660271,FF,777319,2025-06-28,KC,27,11,98.79
660271,FF,777221,2025-07-05,HOU,31,14,97.85
660271,FF,777127,2025-07-12,SF,36,23,97.8
660271,FF,777051,2025-07-21,MIN,46,28,97.32
660271,FF,776941,2025-07-30,CIN,51,13,98.85
660271,FF,776839,2025-08-06,STL,54,32,98.8
660271,FF,776752,2025-08-13,LAA,80,32,98.4
660271,FF,776660,2025-08-20,COL,66,8,97.16
660271,FF,776562,2025-08-27,CIN,87,15,98.06
660271,FF,776454,2025-09-05,BAL,70,22,99.69
660271,FF,776297,2025-09-16,PHI,68,35,99.17
660271,FF,776213,2025-09-23,AZ,91,44,98.18
664062,FF,778109,2025-04-30,MIA,77,29,92.64
664062,FF,778035,2025-05-06,MIA,82,35,94.09
664062,FF,777954,2025-05-11,AZ,84,39,93.55
664062,FF,777866,2025-05-18,LAA,97,35,94.05
664062,FF,777789,2025-05-24,NYM,88,37,93.01
664062,FF,777708,2025-05-30,NYY,91,35,93.1
664062,FF,777638,2025-06-04,NYM,90,35,93.95
664747,FF,778316,2025-04-15,SEA,26,21,92.56
664747,FF,778285,2025-04-17,SEA,15,10,92.93
664747,FF,778276,2025-04-18,BAL,15,12,93.18
664747,FF,778230,2025-04-21,MIA,30,22,93.12
664747,FF,778161,2025-04-26,COL,11,5,93.8
664747,FF,778134,2025-04-30,STL,34,17,93.02
664747,FF,777039,2025-07-22,MIN,13,7,92.39
664747,FF,776998,2025-07-26,BOS,17,9,93.98
664747,FF,776963,2025-07-29,CIN,8,6,94.88
664747,FF,776901,2025-08-02,TB,14,9,93.02
664747,FF,776858,2025-08-05,STL,31,23,94.73
664747,FF,776808,2025-08-09,TOR,28,17,94.38
664747,FF,776779,2025-08-11,LAA,17,11,93.03
664747,FF,776727,2025-08-15,SD,20,12,93.7
664747,FF,776697,2025-08-17,SD,15,5,93.14
664747,FF,776402,2025-09-09,CHC,28,12,93.42
664747,FF,776360,2025-09-12,HOU,14,6,94.53
664747,FF,776315,2025-09-15,WSH,25,11,94.0
669160,FF,778487,2025-04-01,ATL,81,21,95.23
669160,FF,778418,2025-04-07,WSH,85,19,94.98
669160,FF,778326,2025-04-14,COL,76,15,94.93
669160,FF,778220,2025-04-22,CHC,95,23,94.42
669160,FF,778132,2025-04-28,MIA,83,17,95.12
669160,FF,778060,2025-05-04,ATL,97,7,95.74
669160,FF,777899,2025-05-16,LAA,95,13,94.86
669160,FF,777824,2025-05-21,AZ,88,9,95.89
669160,FF,777753,2025-05-27,CLE,90,8,95.65
669160,FF,777675,2025-06-02,NYM,88,7,95.91
669160,FF,777579,2025-06-09,SD,89,13,95.11
669160,FF,777498,2025-06-15,SF,94,5,96.1
669160,FF,777416,2025-06-21,WSH,84,11,95.47
669160,FF,777335,2025-06-27,KC,84,13,95.54
669160,FF,777253,2025-07-03,CWS,86,17,96.89
669160,FF,777143,2025-07-11,SF,85,33,95.96
669160,FF,777051,2025-07-21,MIN,100,24,96.29
669160,FF,776983,2025-07-27,BOS,77,8,96.04
669160,FF,776856,2025-08-06,KC,91,27,94.76
669160,FF,776769,2025-08-12,HOU,92,17,96.71
669160,FF,776695,2025-08-18,BAL,100,19,95.06
669160,FF,776616,2025-08-24,NYY,70,9,95.86
669160,FF,776539,2025-08-30,PIT,97,9,94.12
669160,FF,776474,2025-09-03,CLE,53,17,93.74
669422,FF,778418,2025-04-07,WSH,24,1,93.4
669422,FF,778123,2025-04-29,MIA,78,18,94.45
669422,FF,778017,2025-05-07,MIA,42,4,94.38
669422,FF,777954,2025-05-11,AZ,9,1,94.8
669422,FF,777946,2025-05-15,ATH,68,12,92.7
669422,FF,777854,2025-05-19,AZ,27,7,94.83
669422,FF,777808,2025-05-23,NYM,55,15,93.71
669422,FF,777560,2025-06-10,SD,111,21,94.01
669422,FF,777471,2025-06-17,SD,54,20,94.98
669422,FF,776644,2025-08-21,COL,44,13,94.12
676263,FF,778472,2025-04-02,ATL,22,11,92.43
676263,FF,778434,2025-04-06,PHI,36,18,92.62
676263,FF,778392,2025-04-09,WSH,25,8,92.59
676263,FF,778331,2025-04-13,CHC,9,4,93.02
676263,FF,778302,2025-04-15,COL,27,11,91.82
676263,FF,778251,2025-04-19,TEX,12,2,93.45
676263,FF,778234,2025-04-20,TEX,8,4,91.92
676263,FF,778205,2025-04-23,CHC,30,14,92.94
676263,FF,778163,2025-04-26,PIT,24,4,91.12
676263,FF,778123,2025-04-29,MIA,28,11,92.09
676263,FF,778060,2025-05-04,ATL,9,4,92.18
676263,FF,778047,2025-05-05,MIA,10,2,92.65
676263,FF,777999,2025-05-08,AZ,34,12,91.5
676263,FF,777954,2025-05-11,AZ,17,8,93.88
676263,FF,777899,2025-05-16,LAA,30,16,92.16
676263,FF,777854,2025-05-19,AZ,38,16,92.91
676263,FF,777824,2025-05-21,AZ,14,5,91.54
676263,FF,777773,2025-05-25,NYM,16,8,93.05
676263,FF,777753,2025-05-27,CLE,12,6,93.22
676263,FF,777708,2025-05-30,NYY,12,4,92.92
676263,FF,777675,2025-06-02,NYM,15,6,92.55
676263,FF,777631,2025-06-05,NYM,31,18,92.27
676263,FF,777582,2025-06-08,STL,28,14,93.01
676263,FF,777543,2025-06-11,SD,16,9,93.14
676263,FF,777471,2025-06-17,SD,34,12,93.94
676263,FF,777427,2025-06-20,WSH,12,6,93.15
676263,FF,777416,2025-06-21,WSH,8,3,91.27
676263,FF,777379,2025-06-24,COL,14,7,92.33
676263,FF,777304,2025-06-29,KC,20,13,93.38
676263,FF,777280,2025-07-01,CWS,20,11,90.99
676263,FF,777235,2025-07-04,HOU,30,15,92.78
676263,FF,777201,2025-07-07,MIL,32,19,91.93
676263,FF,777143,2025-07-11,SF,11,5,92.64
676263,FF,777119,2025-07-13,SF,8,3,92.6
676263,FF,777085,2025-07-19,MIL,25,9,92.22
676263,FF,777039,2025-07-22,MIN,27,13,93.27
676263,FF,776983,2025-07-27,BOS,9,4,93.0
676263,FF,776967,2025-07-28,CIN,3,1,92.3
676263,FF,776963,2025-07-29,CIN,9,3,92.57
676263,FF,776901,2025-08-02,TB,18,5,92.04
676263,FF,776858,2025-08-05,STL,5,3,92.53
676263,FF,776808,2025-08-09,TOR,26,11,93.6
676263,FF,776779,2025-08-11,LAA,13,6,93.55
676263,FF,776763,2025-08-12,LAA,12,7,93.04
676263,FF,776717,2025-08-16,SD,16,10,93.22
676263,FF,776671,2025-08-19,COL,8,4,93.8
676263,FF,776660,2025-08-20,COL,17,8,92.59
676263,FF,776603,2025-08-24,SD,12,4,92.52
676263,FF,776594,2025-08-25,CIN,11,6,93.6
676263,FF,776562,2025-08-27,CIN,14,6,93.58
676263,FF,776534,2025-08-29,AZ,15,7,91.71
676263,FF,776461,2025-09-04,PIT,11,8,92.61
676263,FF,776454,2025-09-05,BAL,18,9,92.33
676263,FF,776427,2025-09-07,BAL,14,9,92.4
676263,FF,776350,2025-09-12,SF,19,12,93.59
676263,FF,776311,2025-09-15,PHI,17,9,92.76
676263,FF,776297,2025-09-16,PHI,13,5,93.48
676263,FF,776271,2025-09-18,SF,11,4,93.25
676263,FF,776233,2025-09-20,SF,15,5,92.94
676263,FF,776213,2025-09-23,AZ,14,8,93.18
676263,FF,776193,2025-09-24,AZ,11,3,92.73
676263,FF,776150,2025-09-27,SEA,17,6,92.78
676263,FF,813069,2025-09-30,CIN,19,10,93.0
676272,FF,778287,2025-04-16,COL,84,29,97.59
676272,FF,777789,2025-05-24,NYM,31,2,97.6
676508,FF,778472,2025-04-02,ATL,29,14,95.35
676508,FF,778448,2025-04-05,PHI,23,8,96.48
676508,FF,778409,2025-04-08,WSH,35,18,95.29
676508,FF,778345,2025-04-12,CHC,41,13,95.55
676508,FF,778287,2025-04-16,COL,47,13,95.66
676508,FF,778234,2025-04-20,TEX,23,10,95.56
676508,FF,778205,2025-04-23,CHC,40,15,96.33
676508,FF,778145,2025-04-27,PIT,54,7,96.74
676508,FF,778047,2025-05-05,MIA,70,22,96.93
676508,FF,777954,2025-05-11,AZ,23,9,97.76
676508,FF,777917,2025-05-14,ATH,6,2,95.3
676508,FF,777884,2025-05-17,LAA,37,11,97.03
676508,FF,777808,2025-05-23,NYM,46,12,95.52
676508,FF,777753,2025-05-27,CLE,20,7,96.44
676508,FF,777708,2025-05-30,NYY,20,5,96.12
676508,FF,777657,2025-06-03,NYM,28,8,95.8
676508,FF,777601,2025-06-07,STL,22,8,95.85
676508,FF,777543,2025-06-11,SD,54,21,96.87
676508,FF,777490,2025-06-16,SD,62,29,96.23
676508,FF,777398,2025-06-22,WSH,77,17,96.33
676508,FF,777319,2025-06-28,KC,75,22,95.5
676508,FF,777235,2025-07-04,HOU,59,23,96.44
676508,FF,777175,2025-07-09,MIL,25,10,96.92
676508,FF,777119,2025-07-13,SF,18,5,96.94
676508,FF,777085,2025-07-19,MIL,37,8,96.42
676508,FF,777039,2025-07-22,MIN,17,5,95.02
676508,FF,777012,2025-07-25,BOS,19,3,95.1
676508,FF,776963,2025-07-29,CIN,14,5,94.98
676508,FF,776889,2025-08-03,TB,4,1,95.0
676508,FF,776858,2025-08-05,STL,17,2,96.5
676508,FF,776823,2025-08-08,TOR,19,4,95.72
676508,FF,776763,2025-08-12,LAA,15,4,95.0
676508,FF,776697,2025-08-17,SD,9,1,99.2
676508,FF,776671,2025-08-19,COL,11,1,99.0
676508,FF,776644,2025-08-21,COL,6,2,96.35
676508,FF,776617,2025-08-23,SD,6,2,96.05
676508,FF,776574,2025-08-26,CIN,20,3,95.77
676508,FF,776534,2025-08-29,AZ,25,3,96.57
676508,FF,776479,2025-09-03,PIT,22,5,96.04
676508,FF,776454,2025-09-05,BAL,13,3,96.3
680736,FF,778409,2025-04-08,WSH,87,40,93.06
680736,FF,777946,2025-05-15,ATH,45,14,95.99
680736,FF,777620,2025-06-06,STL,103,12,97.0
680736,FF,777522,2025-06-13,SF,66,19,96.83
680736,FF,777457,2025-06-18,SD,74,11,97.74
680736,FF,777379,2025-06-24,COL,86,33,96.69
680736,FF,777304,2025-06-29,KC,83,25,95.65
680736,FF,777221,2025-07-05,HOU,87,25,96.66
680736,FF,776983,2025-07-27,BOS,37,12,96.06
680736,FF,776918,2025-08-01,TB,39,9,95.84
680736,FF,776839,2025-08-06,STL,58,13,95.52
680736,FF,776788,2025-08-10,TOR,11,3,97.77
680736,FF,776752,2025-08-13,LAA,36,13,95.91
680736,FF,776617,2025-08-23,SD,48,18,97.12
680736,FF,776562,2025-08-27,CIN,26,11,96.99
680736,FF,776479,2025-09-03,PIT,24,6,95.98
680736,FF,776427,2025-09-07,BAL,44,16,96.67
680736,FF,776328,2025-09-13,SF,30,8,96.9
680736,FF,776297,2025-09-16,PHI,19,5,94.86
680736,FF,776256,2025-09-19,SF,26,9,96.93
680736,FF,776233,2025-09-20,SF,5,1,93.9
680736,FF,776193,2025-09-24,AZ,8,1,97.6
680736,FF,776168,2025-09-26,SEA,40,8,96.76
681911,FF,778487,2025-04-01,ATL,9,3,92.0
681911,FF,778448,2025-04-05,PHI,19,12,92.53
681911,FF,778434,2025-04-06,PHI,18,10,90.15
681911,FF,778392,2025-04-09,WSH,16,8,91.61
681911,FF,778331,2025-04-13,CHC,21,10,93.28
681911,FF,778302,2025-04-15,COL,11,7,92.2
681911,FF,778287,2025-04-16,COL,14,6,93.12
681911,FF,778251,2025-04-19,TEX,6,3,92.5
681911,FF,778220,2025-04-22,CHC,27,15,92.57
681911,FF,778176,2025-04-25,PIT,17,7,92.86
681911,FF,778145,2025-04-27,PIT,16,5,91.88
681911,FF,778109,2025-04-30,MIA,18,10,92.33
681911,FF,778076,2025-05-03,ATL,15,7,90.9
681911,FF,778035,2025-05-06,MIA,22,14,92.69
681911,FF,777988,2025-05-09,AZ,17,10,93.4
681911,FF,777975,2025-05-10,AZ,5,1,92.3
681911,FF,777917,2025-05-14,ATH,11,7,92.06
681911,FF,777884,2025-05-17,LAA,16,9,92.53
681911,FF,777838,2025-05-20,AZ,13,8,93.49
681911,FF,777808,2025-05-23,NYM,15,7,92.3
681911,FF,777769,2025-05-26,CLE,23,13,93.14
681911,FF,777739,2025-05-28,CLE,15,7,92.73
681911,FF,777708,2025-05-30,NYY,11,7,93.73
681911,FF,777657,2025-06-03,NYM,14,8,93.41
681911,FF,777631,2025-06-05,NYM,8,5,93.34
681911,FF,777601,2025-06-07,STL,12,4,92.58
681911,FF,777579,2025-06-09,SD,17,10,94.23
681911,FF,777543,2025-06-11,SD,14,11,93.57
681911,FF,777498,2025-06-15,SF,13,7,92.79
681911,FF,777490,2025-06-16,SD,8,7,93.1
681911,FF,777427,2025-06-20,WSH,21,15,93.17
681911,FF,777398,2025-06-22,WSH,9,6,92.48
681911,FF,777379,2025-06-24,COL,5,3,92.53
681911,FF,777358,2025-06-25,COL,6,2,92.9
681911,FF,777335,2025-06-27,KC,12,9,92.29
681911,FF,777267,2025-07-02,CWS,17,13,92.95
681911,FF,777206,2025-07-06,HOU,16,6,93.25
681911,FF,777193,2025-07-08,MIL,14,8,93.22
681911,FF,777175,2025-07-09,MIL,18,9,93.23
681911,FF,777127,2025-07-12,SF,7,3,91.63
681911,FF,777119,2025-07-13,SF,18,13,92.63
681911,FF,777070,2025-07-20,MIL,29,18,92.31
681911,FF,777022,2025-07-23,MIN,10,4,92.72
681911,FF,777012,2025-07-25,BOS,15,10,92.5
681911,FF,776967,2025-07-28,CIN,16,8,92.61
681911,FF,776963,2025-07-29,CIN,12,7,92.7
681911,FF,776889,2025-08-03,TB,20,15,92.09
681911,FF,776839,2025-08-06,STL,30,18,92.93
681911,FF,776788,2025-08-10,TOR,17,14,92.41
681911,FF,776763,2025-08-12,LAA,23,18,92.67
681911,FF,776727,2025-08-15,SD,20,12,93.52
681911,FF,776697,2025-08-17,SD,20,13,93.48
681911,FF,776644,2025-08-21,COL,25,13,92.62
681911,FF,776389,2025-09-09,COL,15,7,92.5
681911,FF,776380,2025-09-10,COL,10,7,92.84
681911,FF,776311,2025-09-15,PHI,17,10,92.4
681911,FF,776280,2025-09-17,PHI,15,9,93.29
681911,FF,776271,2025-09-18,SF,11,9,93.5
681911,FF,776213,2025-09-23,AZ,17,8,92.18
681911,FF,776193,2025-09-24,AZ,20,10,92.43
681911,FF,776150,2025-09-27,SEA,13,7,92.39
681911,FF,813069,2025-09-30,CIN,22,13,92.85
683618,FF,777039,2025-07-22,MIN,14,7,100.67
683618,FF,777012,2025-07-25,BOS,7,2,100.9
683618,FF,776763,2025-08-12,LAA,12,6,101.05
683618,FF,776752,2025-08-13,LAA,17,3,102.3
683618,FF,776717,2025-08-16,SD,19,2,102.6
683618,FF,776693,2025-08-18,COL,13,3,100.53
683618,FF,776636,2025-08-22,SD,14,3,101.5
683618,FF,776574,2025-08-26,CIN,6,1,98.4
683618,FF,776562,2025-08-27,CIN,22,5,101.56
683618,FF,776523,2025-08-30,AZ,19,7,100.14
683618,FF,776461,2025-09-04,PIT,13,1,101.4
683618,FF,776427,2025-09-07,BAL,7,4,100.62
683618,FF,776328,2025-09-13,SF,15,3,100.67
683618,FF,776297,2025-09-16,PHI,12,6,101.03
683618,FF,776256,2025-09-19,SF,22,5,101.28
683618,FF,776213,2025-09-23,AZ,6,2,100.8
683618,FF,776193,2025-09-24,AZ,17,4,100.32
683618,FF,776150,2025-09-27,SEA,12,6,101.07
683618,FF,813069,2025-09-30,CIN,18,5,100.74
686218,FF,777457,2025-06-18,SD,65,28,95.21
686218,FF,777206,2025-07-06,HOU,79,38,96.11
686218,FF,777127,2025-07-12,SF,55,24,96.95
686218,FF,777085,2025-07-19,MIL,64,33,95.94
686218,FF,777012,2025-07-25,BOS,78,39,94.88
686218,FF,776941,2025-07-30,CIN,70,41,95.79
686218,FF,776858,2025-08-05,STL,76,32,95.4
686218,FF,776763,2025-08-12,LAA,85,43,95.17
686218,FF,776671,2025-08-19,COL,91,40,95.26
686218,FF,776594,2025-08-25,CIN,94,38,96.66
686218,FF,776479,2025-09-03,PIT,82,33,97.02
686218,FF,776389,2025-09-09,COL,92,37,96.1
686218,FF,776311,2025-09-15,PHI,90,57,94.52
686218,FF,776227,2025-09-21,SF,79,40,94.82
686218,FF,776168,2025-09-26,SEA,22,13,96.0
689017,FF,778392,2025-04-09,WSH,69,28,93.24
689017,FF,778302,2025-04-15,COL,65,33,92.92
689017,FF,778017,2025-05-07,MIA,75,41,93.84
689017,FF,777937,2025-05-13,ATH,94,41,93.39
689017,FF,777854,2025-05-19,AZ,106,56,93.02
689017,FF,777773,2025-05-25,NYM,91,35,92.33
689017,FF,777698,2025-05-31,NYY,101,56,92.86
689017,FF,777631,2025-06-05,NYM,86,38,92.75
689017,FF,776139,2025-09-28,SEA,55,33,93.03
694361,FF,777416,2025-06-21,WSH,33,21,97.97
694361,FF,777358,2025-06-25,COL,36,21,98.02
694361,FF,777267,2025-07-02,CWS,23,16,98.31
694361,FF,777206,2025-07-06,HOU,23,10,97.79
694361,FF,777201,2025-07-07,MIL,26,17,97.29
694361,FF,777143,2025-07-11,SF,22,12,97.53
694361,FF,777103,2025-07-18,MIL,16,10,98.15
694361,FF,777070,2025-07-20,MIL,18,7,98.46
694361,FF,777039,2025-07-22,MIN,21,13,97.63
694361,FF,776998,2025-07-26,BOS,21,12,97.99
694361,FF,776233,2025-09-20,SF,16,8,99.18
694361,FF,776227,2025-09-21,SF,6,2,98.2
694361,FF,776185,2025-09-25,AZ,14,5,99.4
694361,FF,776168,2025-09-26,SEA,30,21,97.24
808963,FF,778448,2025-04-05,PHI,40,35,96.89
808963,FF,778345,2025-04-12,CHC,58,47,96.41
808963,FF,778251,2025-04-19,TEX,53,30,94.66
808963,FF,778163,2025-04-26,PIT,64,42,96.11
808963,FF,778076,2025-05-03,ATL,67,53,94.78
808963,FF,777988,2025-05-09,AZ,30,22,94.85
808963,FF,776193,2025-09-24,AZ,7,5,99.36
808963,FF,776168,2025-09-26,SEA,6,6,99.13
808967,FF,778459,2025-04-04,PHI,97,42,96.01
808967,FF,778356,2025-04-11,CHC,103,35,95.36
808967,FF,778263,2025-04-18,TEX,102,31,94.97
808967,FF,778176,2025-04-25,PIT,94,32,95.24
808967,FF,778092,2025-05-02,ATL,90,27,94.75
808967,FF,777999,2025-05-08,AZ,88,33,94.76
808967,FF,777917,2025-05-14,ATH,88,31,94.22
808967,FF,777838,2025-05-20,AZ,109,41,95.75
808967,FF,777769,2025-05-26,CLE,87,38,95.07
808967,FF,777682,2025-06-01,NYY,95,35,95.45
808967,FF,777601,2025-06-07,STL,94,30,94.77
808967,FF,777522,2025-06-13,SF,102,46,94.69
808967,FF,777442,2025-06-19,SD,100,44,95.11
808967,FF,777358,2025-06-25,COL,56,11,94.92
808967,FF,777280,2025-07-01,CWS,98,44,95.08
808967,FF,777201,2025-07-07,MIL,41,19,94.99
808967,FF,777119,2025-07-13,SF,91,32,95.42
808967,FF,777039,2025-07-22,MIN,101,44,95.11
808967,FF,776967,2025-07-28,CIN,101,29,95.13
808967,FF,776889,2025-08-03,TB,88,35,95.2
808967,FF,776779,2025-08-11,LAA,99,34,95.14
808967,FF,776693,2025-08-18,COL,103,26,95.02
808967,FF,776603,2025-08-24,SD,92,19,96.09
808967,FF,776509,2025-08-31,AZ,98,26,96.08
808967,FF,776443,2025-09-06,BAL,112,45,96.69
808967,FF,776350,2025-09-12,SF,91,30,96.18
808967,FF,776271,2025-09-18,SF,106,40,96.39
808967,FF,776185,2025-09-25,AZ,94,19,95.71
615698,FF,778451,2025-04-05,ATL,66,6,92.65
615698,FF,778337,2025-04-13,WSH,74,7,92.79
615698,FF,778252,2025-04-19,PHI,86,2,93.25
615698,FF,778175,2025-04-25,SEA,78,10,93.16
615698,FF,778109,2025-04-30,LAD,72,3,92.4
615698,FF,778035,2025-05-06,LAD,73,7,92.91
615698,FF,777952,2025-05-12,CHC,83,11,93.02
615698,FF,777877,2025-05-18,TB,81,21,93.48
615698,FF,777781,2025-05-24,LAA,44,8,93.44
615698,FF,777717,2025-05-30,SF,87,19,93.72
615698,FF,777652,2025-06-04,COL,83,19,93.45
615698,FF,777552,2025-06-11,PIT,95,16,94.18
615698,FF,777481,2025-06-17,PHI,70,10,93.96
615698,FF,777364,2025-06-24,SF,82,16,93.29
615698,FF,777303,2025-06-29,AZ,84,18,94.11
615698,FF,777238,2025-07-05,MIL,71,13,93.98
615698,FF,777168,2025-07-10,CIN,76,10,93.46
615698,FF,777093,2025-07-19,KC,61,11,93.74
615698,FF,777008,2025-07-25,MIL,62,21,93.74
615698,FF,776934,2025-07-30,STL,64,7,94.46
615698,FF,776862,2025-08-05,HOU,81,19,94.34
615698,FF,776803,2025-08-10,ATL,47,3,93.47
615698,FF,776724,2025-08-16,BOS,70,12,94.0
615698,FF,776626,2025-08-23,NYM,78,13,94.11
615698,FF,776560,2025-08-28,PHI,48,7,93.64
622786,FF,778354,2025-04-12,WSH,17,2,94.4
622786,FF,778337,2025-04-13,WSH,17,2,95.2
622786,FF,778274,2025-04-18,PHI,11,1,94.1
622786,FF,778109,2025-04-30,LAD,21,2,95.6
622786,FF,778035,2025-05-06,LAD,23,2,95.35
622786,FF,777936,2025-05-13,CHC,17,1,97.5
622786,FF,777921,2025-05-14,CHC,11,4,95.78
622786,FF,777877,2025-05-18,TB,12,4,95.78
622786,FF,777863,2025-05-19,CHC,20,2,95.8
622786,FF,777756,2025-05-26,SD,17,4,93.85
622786,FF,777726,2025-05-28,SD,16,5,95.48
622786,FF,777689,2025-06-01,SF,13,1,93.4
645261,FF,778497,2025-04-01,NYM,70,13,95.95
645261,FF,778354,2025-04-12,WSH,87,8,97.85
645261,FF,778274,2025-04-18,PHI,61,19,97.61
645261,FF,778208,2025-04-23,CIN,102,25,97.8
645261,FF,778123,2025-04-29,LAD,79,4,97.38
645261,FF,778047,2025-05-05,LAD,87,32,97.69
645261,FF,777966,2025-05-11,CWS,107,37,96.98
645261,FF,777889,2025-05-17,TB,101,26,98.29
645261,FF,777798,2025-05-23,LAA,100,26,96.98
645261,FF,777726,2025-05-28,SD,71,14,96.74
645261,FF,777666,2025-06-03,COL,70,8,97.94
645261,FF,777566,2025-06-10,PIT,85,16,97.84
645261,FF,777483,2025-06-16,PHI,100,19,97.65
645261,FF,777402,2025-06-22,ATL,95,16,97.66
645261,FF,777318,2025-06-28,AZ,91,13,97.29
645261,FF,777254,2025-07-04,MIL,96,11,97.39
645261,FF,777183,2025-07-09,CIN,108,14,97.25
645261,FF,777109,2025-07-18,KC,97,23,98.18
645261,FF,777037,2025-07-23,SD,98,6,99.12
645261,FF,776946,2025-07-29,STL,94,5,98.58
645261,FF,776875,2025-08-04,HOU,100,6,98.6
645261,FF,776819,2025-08-09,ATL,91,7,97.93
645261,FF,776741,2025-08-15,BOS,86,11,98.15
645261,FF,776670,2025-08-20,STL,114,21,98.57
645261,FF,776581,2025-08-26,ATL,104,15,97.61
645261,FF,776519,2025-08-31,NYM,104,25,98.8
645261,FF,776433,2025-09-06,PHI,102,13,97.75
645261,FF,776366,2025-09-12,DET,96,12,98.41
645261,FF,776270,2025-09-18,COL,104,12,97.79
645261,FF,776173,2025-09-26,NYM,100,19,97.48
656848,FF,778340,2025-04-13,TB,33,19,97.11
656848,FF,777723,2025-05-29,PHI,19,12,98.25
656848,FF,777352,2025-06-26,NYM,17,9,98.04
656848,FF,777342,2025-06-27,PHI,61,31,96.47
656848,FF,776498,2025-09-01,WSH,17,11,98.15
656848,FF,776477,2025-09-03,WSH,18,9,96.4
656848,FF,776456,2025-09-05,PHI,16,10,97.1
656848,FF,776426,2025-09-07,PHI,16,15,97.41
656848,FF,776367,2025-09-11,WSH,19,10,98.82
656848,FF,776347,2025-09-13,DET,22,14,98.17
656848,FF,776293,2025-09-16,COL,29,12,96.58
656848,FF,776251,2025-09-19,TEX,21,9,98.57
656848,FF,776226,2025-09-21,TEX,12,7,98.11
656848,FF,776215,2025-09-23,PHI,19,10,98.29
656848,FF,776161,2025-09-27,NYM,8,5,97.74
661527,FF,776565,2025-08-27,ATL,43,12,90.12
661527,FF,776548,2025-08-29,NYM,13,4,90.15
661527,FF,776498,2025-09-01,WSH,14,4,90.75
661527,FF,776456,2025-09-05,PHI,13,4,90.58
661527,FF,776409,2025-09-08,WSH,11,1,89.7
661527,FF,776397,2025-09-09,WSH,26,7,89.61
663969,FF,778481,2025-04-02,NYM,30,4,94.45
663969,FF,778416,2025-04-07,NYM,15,3,93.03
663969,FF,778337,2025-04-13,WSH,23,4,95.4
663969,FF,778303,2025-04-16,AZ,46,6,94.58
663969,FF,778274,2025-04-18,PHI,22,4,94.78
663969,FF,778230,2025-04-21,CIN,30,2,93.4
663969,FF,778136,2025-04-27,SEA,15,2,93.5
663969,FF,778123,2025-04-29,LAD,26,8,94.09
663969,FF,778091,2025-05-02,ATH,40,1,95.1
663969,FF,778047,2025-05-05,LAD,43,5,94.4
663969,FF,778017,2025-05-07,LAD,18,1,95.0
663969,FF,777966,2025-05-11,CWS,10,1,93.0
663969,FF,777903,2025-05-16,TB,24,1,94.0
663969,FF,777666,2025-06-03,COL,13,1,94.4
663969,FF,777625,2025-06-06,TB,9,2,94.05
663969,FF,777611,2025-06-07,TB,18,2,94.35
663969,FF,777574,2025-06-09,PIT,15,3,95.2
663969,FF,777530,2025-06-13,WSH,10,2,94.25
663969,FF,777503,2025-06-15,WSH,24,8,94.64
663969,FF,777465,2025-06-18,PHI,20,4,94.32
663969,FF,777332,2025-06-27,AZ,26,5,95.58
663969,FF,777254,2025-07-04,MIL,18,3,94.27
663969,FF,777238,2025-07-05,MIL,9,2,93.35
663969,FF,777197,2025-07-08,CIN,33,1,94.2
663969,FF,777157,2025-07-11,BAL,20,1,95.2
663969,FF,777093,2025-07-19,KC,9,2,95.2
663969,FF,776996,2025-07-26,MIL,45,1,93.9
663969,FF,776934,2025-07-30,STL,34,2,96.05
663969,FF,776910,2025-08-02,NYY,10,1,94.1
663969,FF,776803,2025-08-10,ATL,51,1,96.8
663969,FF,776766,2025-08-13,CLE,26,5,96.06
663969,FF,776714,2025-08-17,BOS,8,1,96.6
663969,FF,776630,2025-08-23,TOR,32,2,96.5
663969,FF,776426,2025-09-07,PHI,41,1,95.5
663969,FF,776367,2025-09-11,WSH,30,2,96.4
663969,FF,776242,2025-09-20,TEX,11,1,97.0
663969,FF,776173,2025-09-26,NYM,17,1,96.6
665795,FF,778369,2025-04-11,WSH,79,10,97.72
665795,FF,778291,2025-04-17,AZ,88,14,95.61
665795,FF,778219,2025-04-22,CIN,87,1,98.6
665795,FF,778132,2025-04-28,LAD,97,9,96.88
665795,FF,778061,2025-05-04,ATH,86,12,96.08
665795,FF,777978,2025-05-10,CWS,85,10,94.29
665795,FF,777863,2025-05-19,CHC,90,4,96.92
665795,FF,777767,2025-05-25,LAA,87,23,96.88
665795,FF,777705,2025-05-31,SF,89,16,97.28
665795,FF,777625,2025-06-06,TB,63,24,96.6
665795,FF,777530,2025-06-13,WSH,64,15,97.09
665795,FF,777444,2025-06-19,PHI,82,15,97.47
665795,FF,777355,2025-06-25,SF,90,14,97.63
665795,FF,777293,2025-07-01,MIN,93,5,96.84
665795,FF,777224,2025-07-06,MIL,90,12,96.23
665795,FF,777157,2025-07-11,BAL,76,11,97.71
665795,FF,777052,2025-07-22,SD,86,5,97.22
665795,FF,776960,2025-07-28,STL,94,13,97.19
665795,FF,776891,2025-08-03,NYY,94,7,97.24
665795,FF,776834,2025-08-08,ATL,109,8,96.38
665795,FF,776745,2025-08-14,CLE,95,5,96.66
665795,FF,776686,2025-08-19,STL,99,12,97.18
665795,FF,776600,2025-08-25,ATL,100,15,97.85
665795,FF,776535,2025-08-30,NYM,79,17,97.51
665795,FF,776215,2025-09-23,PHI,67,8,97.4
665795,FF,776148,2025-09-28,NYM,83,7,98.0
666277,FF,778464,2025-04-04,ATL,16,3,94.1
666277,FF,778416,2025-04-07,NYM,19,5,95.5
666277,FF,778318,2025-04-15,AZ,47,4,95.12
666277,FF,778274,2025-04-18,PHI,19,3,93.9
666277,FF,778208,2025-04-23,CIN,37,1,96.5
666277,FF,778154,2025-04-26,SEA,45,5,94.72
666277,FF,778123,2025-04-29,LAD,52,11,96.72
666277,FF,778047,2025-05-05,LAD,26,9,96.78
666277,FF,777625,2025-06-06,TB,36,9,97.04
666277,FF,778431,2025-08-09,ATL,32,7,96.67
666277,FF,776498,2025-09-01,WSH,13,4,98.22
666277,FF,776477,2025-09-03,WSH,30,13,96.67
666277,FF,776456,2025-09-05,PHI,38,9,96.32
666277,FF,776409,2025-09-08,WSH,50,13,95.45
666277,FF,776366,2025-09-12,DET,18,2,96.75
666277,FF,776332,2025-09-14,DET,25,2,95.7
666277,FF,776277,2025-09-17,COL,14,1,94.3
666277,FF,776251,2025-09-19,TEX,29,7,96.14
666277,FF,776226,2025-09-21,TEX,8,3,94.77
666277,FF,776215,2025-09-23,PHI,12,1,95.6
666277,FF,776161,2025-09-27,NYM,35,3,97.13
669199,FF,778497,2025-04-01,NYM,13,5,94.16
669199,FF,778481,2025-04-02,NYM,10,5,94.1
669199,FF,778416,2025-04-07,NYM,25,13,92.11
669199,FF,778390,2025-04-09,NYM,10,6,92.52
669199,FF,778369,2025-04-11,WSH,18,6,93.73
669199,FF,778318,2025-04-15,AZ,12,5,94.38
669199,FF,778291,2025-04-17,AZ,49,22,94.67
669199,FF,778219,2025-04-22,CIN,16,5,94.4
669199,FF,778154,2025-04-26,SEA,9,2,93.65
669199,FF,778132,2025-04-28,LAD,16,4,93.32
669199,FF,778109,2025-04-30,LAD,12,5,94.98
669199,FF,778075,2025-05-03,ATH,40,12,94.76
669199,FF,778035,2025-05-06,LAD,10,3,94.33
669199,FF,778017,2025-05-07,LAD,31,10,94.3
669199,FF,777978,2025-05-10,CWS,11,7,92.4
669199,FF,777921,2025-05-14,CHC,11,6,94.93
669199,FF,777903,2025-05-16,TB,16,7,94.1
669199,FF,777889,2025-05-17,TB,17,7,94.37
669199,FF,777850,2025-05-20,CHC,19,7,94.34
669199,FF,777798,2025-05-23,LAA,34,18,93.64
669199,FF,777552,2025-06-11,PIT,34,13,94.73
669199,FF,777503,2025-06-15,WSH,29,13,94.11
669199,FF,777465,2025-06-18,PHI,42,15,95.03
669199,FF,777424,2025-06-21,ATL,37,16,94.93
669199,FF,777347,2025-06-26,SF,22,8,94.46
669199,FF,777303,2025-06-29,AZ,20,3,94.63
669199,FF,777238,2025-07-05,MIL,8,2,96.05
669199,FF,777208,2025-07-07,CIN,35,12,95.18
669199,FF,777157,2025-07-11,BAL,20,9,95.86
669199,FF,777109,2025-07-18,KC,14,6,95.33
669199,FF,776960,2025-07-28,STL,31,19,95.57
669199,FF,776925,2025-08-01,NYY,25,8,96.49
669199,FF,776891,2025-08-03,NYY,18,3,96.17
669199,FF,776849,2025-08-06,HOU,16,3,95.77
669199,FF,776803,2025-08-10,ATL,10,3,95.43
669199,FF,776745,2025-08-14,CLE,7,1,95.5
669199,FF,776741,2025-08-15,BOS,13,3,95.6
669199,FF,776688,2025-08-18,STL,46,19,94.98
669199,FF,776614,2025-08-24,TOR,31,15,95.94
669199,FF,776558,2025-08-28,NYM,26,7,95.37
669199,FF,776535,2025-08-30,NYM,18,4,94.05
669199,FF,776498,2025-09-01,WSH,39,17,95.02
669199,FF,776456,2025-09-05,PHI,25,9,95.34
669199,FF,776426,2025-09-07,PHI,28,10,96.35
669199,FF,776386,2025-09-10,WSH,6,1,95.5
669199,FF,776347,2025-09-13,DET,12,2,96.2
669199,FF,776277,2025-09-17,COL,25,7,95.83
669199,FF,776251,2025-09-19,TEX,11,7,95.89
669199,FF,776226,2025-09-21,TEX,40,15,95.13
669199,FF,776201,2025-09-24,PHI,12,5,96.6
669199,FF,776161,2025-09-27,NYM,7,1,95.5
669622,SI,778451,2025-04-05,ATL,16,3,97.37
669622,SI,778390,2025-04-09,NYM,19,6,96.3
669622,SI,778369,2025-04-11,WSH,24,7,95.27
669622,SI,778337,2025-04-13,WSH,21,4,95.7
669622,SI,778252,2025-04-19,PHI,16,6,96.47
669622,SI,778248,2025-04-20,PHI,22,6,96.12
669622,SI,778219,2025-04-22,CIN,15,4,96.65
669622,SI,778132,2025-04-28,LAD,17,7,96.6
669622,SI,778109,2025-04-30,LAD,19,10,96.6
669622,SI,778075,2025-05-03,ATH,12,4,97.5
669622,SI,778061,2025-05-04,ATH,16,3,96.8
669622,SI,778035,2025-05-06,LAD,23,3,97.3
669622,SI,777978,2025-05-10,CWS,12,1,96.5
669622,SI,777936,2025-05-13,CHC,16,3,97.73
669622,SI,777921,2025-05-14,CHC,4,3,97.03
669622,SI,777877,2025-05-18,TB,10,2,96.1
669622,SI,777833,2025-05-21,CHC,24,6,96.25
669622,SI,777767,2025-05-25,LAA,21,7,96.04
669622,SI,777742,2025-05-27,SD,5,1,96.7
669622,SI,777726,2025-05-28,SD,10,1,96.7
669622,SI,777705,2025-05-31,SF,18,5,95.98
669622,SI,777666,2025-06-03,COL,11,3,96.93
669622,SI,777611,2025-06-07,TB,29,9,97.39
669622,SI,777566,2025-06-10,PIT,9,1,97.4
669622,SI,777530,2025-06-13,WSH,3,1,96.2
669622,SI,777514,2025-06-14,WSH,24,4,97.35
669622,SI,777481,2025-06-17,PHI,12,5,96.18
669622,SI,777444,2025-06-19,PHI,9,4,96.7
669622,SI,777402,2025-06-22,ATL,18,4,96.5
669622,SI,777364,2025-06-24,SF,26,6,95.97
669622,SI,777332,2025-06-27,AZ,10,4,97.55
669622,SI,777318,2025-06-28,AZ,20,3,98.03
669622,SI,777293,2025-07-01,MIN,11,3,96.03
669622,SI,777263,2025-07-03,MIN,6,2,96.65
669622,SI,777254,2025-07-04,MIL,17,4,96.65
669622,SI,777141,2025-07-12,BAL,17,8,97.64
669622,SI,777109,2025-07-18,KC,14,4,97.38
669622,SI,777093,2025-07-19,KC,9,2,96.9
669622,SI,777052,2025-07-22,SD,20,7,97.07
669622,SI,777008,2025-07-25,MIL,23,7,97.01
669622,SI,776978,2025-07-27,MIL,13,4,96.75
669622,SI,776925,2025-08-01,NYY,29,6,96.82
669622,SI,776849,2025-08-06,HOU,27,7,95.79
669622,SI,776842,2025-08-07,ATL,10,3,97.23
669622,SI,776778,2025-08-12,CLE,19,3,95.5
669622,SI,776741,2025-08-15,BOS,12,3,96.07
669622,SI,776714,2025-08-17,BOS,18,5,96.32
676083,FF,777781,2025-05-24,LAA,68,19,94.12
676083,FF,777717,2025-05-30,SF,55,26,94.39
676083,FF,777652,2025-06-04,COL,50,21,94.8
676083,FF,777574,2025-06-09,PIT,64,20,95.13
676083,FF,777514,2025-06-14,WSH,64,25,93.5
676083,FF,777439,2025-06-20,ATL,79,22,94.22
676083,FF,777347,2025-06-26,SF,73,32,93.88
676083,FF,777275,2025-07-02,MIN,83,32,93.99
676083,FF,777208,2025-07-07,CIN,81,33,92.22
676083,FF,777141,2025-07-12,BAL,85,38,93.53
676083,FF,777082,2025-07-20,KC,69,28,92.33
676083,FF,776996,2025-07-26,MIL,86,33,94.31
676083,FF,776925,2025-08-01,NYY,95,35,94.39
676083,FF,776849,2025-08-06,HOU,78,21,92.6
676083,FF,776778,2025-08-12,CLE,86,33,92.23
676083,FF,776714,2025-08-17,BOS,87,29,93.56
676083,FF,776630,2025-08-23,TOR,92,40,93.98
676083,FF,776409,2025-09-08,WSH,86,27,93.09
676083,FF,776347,2025-09-13,DET,88,31,93.85
676083,FF,776251,2025-09-19,TEX,91,40,93.25
676083,FF,776188,2025-09-25,PHI,61,26,93.58
676206,FF,777503,2025-06-15,WSH,15,5,94.54
676206,FF,777481,2025-06-17,PHI,16,6,96.62
676206,FF,776565,2025-08-27,ATL,44,19,95.56
676206,FF,776519,2025-08-31,NYM,20,7,95.11
676206,FF,776482,2025-09-02,WSH,35,7,94.79
676534,FF,778481,2025-04-02,NYM,27,11,95.15
676534,FF,778354,2025-04-12,WSH,15,1,93.8
676534,FF,778291,2025-04-17,AZ,15,1,95.8
676534,FF,778248,2025-04-20,PHI,21,1,95.6
676534,FF,778219,2025-04-22,CIN,10,1,94.2
676534,FF,778175,2025-04-25,SEA,20,2,95.85
676534,FF,778132,2025-04-28,LAD,19,9,95.19
676534,FF,778061,2025-05-04,ATH,11,2,94.5
676534,FF,778035,2025-05-06,LAD,17,1,94.9
676534,FF,777978,2025-05-10,CWS,20,3,93.6
676534,FF,777921,2025-05-14,CHC,22,4,95.85
676534,FF,777877,2025-05-18,TB,15,3,96.43
676534,FF,777850,2025-05-20,CHC,21,3,93.57
676534,FF,777767,2025-05-25,LAA,10,3,95.77
676534,FF,777756,2025-05-26,SD,16,6,95.05
676534,FF,777726,2025-05-28,SD,8,3,95.73
676534,FF,777705,2025-05-31,SF,18,3,94.7
676534,FF,777666,2025-06-03,COL,13,2,94.85
676534,FF,777611,2025-06-07,TB,17,3,96.5
676534,FF,777592,2025-06-08,TB,17,1,94.0
676534,FF,777566,2025-06-10,PIT,15,2,96.6
676534,FF,777530,2025-06-13,WSH,21,6,95.9
676534,FF,777514,2025-06-14,WSH,4,3,96.13
676534,FF,777481,2025-06-17,PHI,15,2,96.45
676534,FF,777439,2025-06-20,ATL,7,1,94.4
676534,FF,777402,2025-06-22,ATL,7,2,96.3
676534,FF,777364,2025-06-24,SF,18,4,95.58
676534,FF,777355,2025-06-25,SF,18,8,96.08
676534,FF,777332,2025-06-27,AZ,15,3,96.23
676534,FF,777303,2025-06-29,AZ,27,11,96.52
676534,FF,777263,2025-07-03,MIN,6,1,94.8
676534,FF,777238,2025-07-05,MIL,22,3,95.3
676534,FF,777168,2025-07-10,CIN,19,4,96.12
676534,FF,777129,2025-07-13,BAL,18,5,97.56
676534,FF,777109,2025-07-18,KC,21,3,96.53
676534,FF,777037,2025-07-23,SD,22,4,96.88
676534,FF,777008,2025-07-25,MIL,26,6,96.73
676534,FF,776946,2025-07-29,STL,20,3,95.2
676534,FF,776934,2025-07-30,STL,16,3,97.17
676534,FF,776910,2025-08-02,NYY,12,2,96.15
676534,FF,776849,2025-08-06,HOU,25,3,97.07
676534,FF,776803,2025-08-10,ATL,11,2,96.3
676534,FF,776778,2025-08-12,CLE,21,4,97.02
676534,FF,776670,2025-08-20,STL,19,1,97.1
676534,FF,776630,2025-08-23,TOR,22,3,98.03
676534,FF,776558,2025-08-28,NYM,7,1,97.0
676534,FF,776519,2025-08-31,NYM,22,1,97.2
676534,FF,776386,2025-09-10,WSH,11,3,95.7
676534,FF,776347,2025-09-13,DET,14,2,95.65
676534,FF,776277,2025-09-17,COL,8,1,96.3
676534,FF,776242,2025-09-20,TEX,28,6,98.45
676534,FF,776148,2025-09-28,NYM,24,4,97.8
676974,FF,778464,2025-04-04,ATL,92,23,95.08
676974,FF,778390,2025-04-09,NYM,82,23,94.16
676974,FF,778303,2025-04-16,AZ,90,20,95.67
676974,FF,778230,2025-04-21,CIN,92,9,94.78
676974,FF,778136,2025-04-27,SEA,86,22,94.71
676974,FF,778075,2025-05-03,ATH,82,21,94.88
676974,FF,777991,2025-05-09,CWS,90,14,94.33
676974,FF,777903,2025-05-16,TB,68,11,95.1
676974,FF,777833,2025-05-21,CHC,99,29,95.11
676974,FF,777742,2025-05-27,SD,74,23,94.97
676974,FF,777673,2025-06-02,COL,77,13,95.18
677960,FF,777921,2025-05-14,CHC,76,34,97.32
677960,FF,777850,2025-05-20,CHC,80,37,97.3
677960,FF,777756,2025-05-26,SD,94,51,97.73
677960,FF,777689,2025-06-01,SF,99,48,97.43
677960,FF,777611,2025-06-07,TB,57,27,95.21
677960,FF,776367,2025-09-11,WSH,68,20,96.45
677960,FF,776277,2025-09-17,COL,80,38,96.16
677960,FF,776201,2025-09-24,PHI,88,36,96.36
678215,FF,778464,2025-04-04,ATL,26,7,94.69
678215,FF,778407,2025-04-08,NYM,26,4,93.52
678215,FF,778369,2025-04-11,WSH,21,6,93.47
678215,FF,778136,2025-04-27,SEA,39,15,93.75
678215,FF,778109,2025-04-30,LAD,41,13,93.18
678215,FF,776477,2025-09-03,WSH,15,9,95.02
678368,FF,778416,2025-04-07,NYM,76,22,89.81
678368,FF,778091,2025-05-02,ATH,87,30,90.86
678368,FF,778017,2025-05-07,LAD,76,20,92.07
678368,FF,777936,2025-05-13,CHC,74,16,90.25
678368,FF,777863,2025-05-19,CHC,42,11,91.9
678368,FF,777742,2025-05-27,SD,59,20,91.72
678368,FF,777673,2025-06-02,COL,46,16,91.08
678368,FF,777592,2025-06-08,TB,55,17,90.72
678368,FF,777530,2025-06-13,WSH,31,10,89.23
678368,FF,777483,2025-06-16,PHI,40,10,90.97
678368,FF,777444,2025-06-19,PHI,16,6,90.62
678368,FF,777347,2025-06-26,SF,29,9,91.62
678368,FF,777318,2025-06-28,AZ,24,6,91.33
678368,FF,777275,2025-07-02,MIN,21,5,91.06
678368,FF,777224,2025-07-06,MIL,27,6,90.22
678368,FF,777183,2025-07-09,CIN,39,10,91.08
678368,FF,777082,2025-07-20,KC,48,13,91.38
678368,FF,776978,2025-07-27,MIL,9,2,91.0
678368,FF,776946,2025-07-29,STL,28,9,91.84
678368,FF,776925,2025-08-01,NYY,44,13,90.7
678368,FF,776862,2025-08-05,HOU,44,12,90.1
678368,FF,776819,2025-08-09,ATL,40,13,89.21
678368,FF,776745,2025-08-14,CLE,45,11,91.21
678368,FF,776688,2025-08-18,STL,12,3,89.93
678368,FF,776646,2025-08-22,TOR,27,8,89.75
678368,FF,776548,2025-08-29,NYM,65,18,91.09
678368,FF,776456,2025-09-05,PHI,48,17,91.82
678368,FF,776397,2025-09-09,WSH,35,13,91.42
678368,FF,776270,2025-09-18,COL,20,4,90.52
678368,FF,776215,2025-09-23,PHI,17,1,90.4
678368,FF,776201,2025-09-24,PHI,27,9,89.01
678692,FF,778497,2025-04-01,NYM,26,4,95.08
678692,FF,778451,2025-04-05,ATL,25,7,95.49
678692,FF,778407,2025-04-08,NYM,18,7,93.94
678692,FF,778354,2025-04-12,WSH,14,3,97.07
678692,FF,778291,2025-04-17,AZ,45,9,96.3
678692,FF,778230,2025-04-21,CIN,14,5,96.06
678692,FF,778208,2025-04-23,CIN,19,4,96.82
678692,FF,778175,2025-04-25,SEA,16,7,95.01
678692,FF,778136,2025-04-27,SEA,27,8,95.72
678692,FF,778132,2025-04-28,LAD,9,2,93.95
678692,FF,778091,2025-05-02,ATH,36,9,96.09
678692,FF,778017,2025-05-07,LAD,18,6,97.0
678692,FF,777991,2025-05-09,CWS,13,3,95.47
678692,FF,777966,2025-05-11,CWS,5,2,95.75
678692,FF,777936,2025-05-13,CHC,28,9,96.48
678692,FF,777903,2025-05-16,TB,15,3,97.3
678692,FF,777877,2025-05-18,TB,12,5,95.82
678692,FF,777863,2025-05-19,CHC,12,6,97.37
678692,FF,777833,2025-05-21,CHC,13,2,97.4
678692,FF,777781,2025-05-24,LAA,9,4,95.55
678692,FF,777767,2025-05-25,LAA,10,3,96.93
678692,FF,777726,2025-05-28,SD,29,8,96.82
678692,FF,777705,2025-05-31,SF,19,4,97.02
678692,FF,777611,2025-06-07,TB,20,8,95.92
678692,FF,777592,2025-06-08,TB,13,5,97.22
678692,FF,777566,2025-06-10,PIT,19,5,96.68
678692,FF,777530,2025-06-13,WSH,20,7,96.46
678692,FF,777514,2025-06-14,WSH,23,8,97.36
678692,FF,777481,2025-06-17,PHI,13,6,97.47
678692,FF,777439,2025-06-20,ATL,14,6,97.02
678692,FF,777402,2025-06-22,ATL,12,5,98.06
678692,FF,777364,2025-06-24,SF,11,5,96.44
678692,FF,777355,2025-06-25,SF,9,4,95.7
678692,FF,777332,2025-06-27,AZ,24,7,97.11
678692,FF,777303,2025-06-29,AZ,13,6,97.87
678692,FF,777293,2025-07-01,MIN,13,6,97.8
678692,FF,777263,2025-07-03,MIN,15,3,97.7
678692,FF,777238,2025-07-05,MIL,8,3,96.5
678692,FF,777168,2025-07-10,CIN,16,5,96.9
678692,FF,777141,2025-07-12,BAL,7,2,97.05
678692,FF,777109,2025-07-18,KC,13,4,97.6
678692,FF,777093,2025-07-19,KC,21,5,95.34
678692,FF,777052,2025-07-22,SD,17,8,97.49
678692,FF,777008,2025-07-25,MIL,12,4,97.3
678692,FF,776978,2025-07-27,MIL,25,7,96.91
678692,FF,776946,2025-07-29,STL,11,4,97.2
678692,FF,776934,2025-07-30,STL,14,2,97.2
678692,FF,776910,2025-08-02,NYY,8,3,97.0
678692,FF,776891,2025-08-03,NYY,14,5,97.38
678692,FF,776849,2025-08-06,HOU,20,9,97.13
678692,FF,776842,2025-08-07,ATL,14,3,96.43
678692,FF,776778,2025-08-12,CLE,11,4,97.12
678692,FF,776688,2025-08-18,STL,6,3,96.93
678692,FF,776670,2025-08-20,STL,10,5,98.04
678692,FF,776630,2025-08-23,TOR,18,6,96.37
678692,FF,776614,2025-08-24,TOR,7,1,96.0
678692,FF,776558,2025-08-28,NYM,19,7,97.2
678692,FF,776535,2025-08-30,NYM,17,3,97.47
678692,FF,776426,2025-09-07,PHI,21,6,97.48
678692,FF,776386,2025-09-10,WSH,19,2,97.6
678692,FF,776367,2025-09-11,WSH,14,6,97.42
678692,FF,776293,2025-09-16,COL,21,4,96.28
678692,FF,776277,2025-09-17,COL,18,4,96.68
678692,FF,776242,2025-09-20,TEX,19,6,97.18
678692,FF,776226,2025-09-21,TEX,14,4,96.62
678692,FF,776188,2025-09-25,PHI,30,5,97.4
678692,FF,776148,2025-09-28,NYM,23,4,96.9
681006,FF,777424,2025-06-21,ATL,43,4,93.28
681006,FF,777355,2025-06-25,SF,15,6,93.35
681006,FF,777347,2025-06-26,SF,10,2,93.0
681006,FF,777275,2025-07-02,MIN,20,7,94.87
681006,FF,777238,2025-07-05,MIL,19,3,94.77
681006,FF,777197,2025-07-08,CIN,32,7,93.73
681006,FF,777168,2025-07-10,CIN,24,1,95.3
681006,FF,777062,2025-07-21,SD,27,1,93.1
681006,FF,776891,2025-08-03,NYY,27,1,94.2
681006,FF,776862,2025-08-05,HOU,13,3,95.4
681006,FF,776842,2025-08-07,ATL,18,1,95.3
681006,FF,776819,2025-08-09,ATL,15,1,95.9
681006,FF,776724,2025-08-16,BOS,28,2,94.15
681006,FF,776646,2025-08-22,TOR,20,2,94.65
681006,FF,776581,2025-08-26,ATL,28,1,94.8
681006,FF,776456,2025-09-05,PHI,46,9,94.81
681006,FF,776409,2025-09-08,WSH,29,2,95.6
681006,FF,776397,2025-09-09,WSH,13,7,94.87
681006,FF,776347,2025-09-13,DET,6,2,94.35
681006,FF,776332,2025-09-14,DET,12,1,93.9
681006,FF,776215,2025-09-23,PHI,29,1,94.4
681006,FF,776188,2025-09-25,PHI,14,1,93.4
681006,FF,776161,2025-09-27,NYM,24,7,93.96
687362,FF,778481,2025-04-02,NYM,73,13,91.72
687362,FF,778407,2025-04-08,NYM,73,20,90.18
687362,FF,778318,2025-04-15,AZ,95,25,90.99
687362,FF,778248,2025-04-20,PHI,91,33,91.51
687362,FF,778154,2025-04-26,SEA,53,15,91.41
687473,FF,778475,2025-04-02,SF,29,18,94.21
687473,FF,778440,2025-04-05,MIN,42,26,93.7
687473,FF,778398,2025-04-08,SEA,15,9,93.62
687473,FF,778351,2025-04-12,LAA,72,36,93.56
687473,FF,778269,2025-04-18,SD,68,41,94.27
687473,FF,778200,2025-04-23,TOR,80,42,93.67
687473,FF,778124,2025-04-29,DET,90,26,93.34
687473,FF,778055,2025-05-04,CWS,27,19,91.88
687473,FF,777948,2025-05-12,KC,68,37,93.81
687473,FF,777882,2025-05-17,TEX,30,13,94.51
687473,FF,777800,2025-05-23,SEA,79,29,94.43
687473,FF,777725,2025-05-29,TB,83,35,95.12
687473,FF,777648,2025-06-04,PIT,83,25,94.02
687473,FF,777550,2025-06-11,CWS,91,47,94.54
687473,FF,777485,2025-06-16,ATH,87,37,94.56
687473,FF,777397,2025-06-22,LAA,79,34,93.67
687473,FF,777320,2025-06-28,CHC,65,32,94.74
687473,FF,777206,2025-07-06,LAD,80,26,94.85
687473,FF,777154,2025-07-11,TEX,71,40,94.08
687473,FF,777086,2025-07-19,SEA,12,7,93.93
687473,FF,777067,2025-07-20,SEA,16,3,94.13
687473,FF,777007,2025-07-25,ATH,81,43,94.9
687473,FF,776937,2025-07-30,WSH,102,45,93.35
687473,FF,778431,2025-08-09,ATL,98,26,94.89
687473,FF,776646,2025-08-22,TOR,90,30,93.91
687473,FF,776565,2025-08-27,ATL,96,30,93.37
691587,FF,777574,2025-06-09,PIT,70,44,98.44
691587,FF,777503,2025-06-15,WSH,79,39,97.63
691587,FF,777424,2025-06-21,ATL,89,37,98.65
691587,FF,777332,2025-06-27,AZ,93,46,98.27
691587,FF,777263,2025-07-03,MIN,80,46,97.71
691587,FF,777197,2025-07-08,CIN,88,42,97.77
691587,FF,777129,2025-07-13,BAL,84,54,98.16
691587,FF,777062,2025-07-21,SD,87,48,97.36
691587,FF,776978,2025-07-27,MIL,92,54,97.73
691587,FF,776910,2025-08-02,NYY,88,52,97.04
691587,FF,776842,2025-08-07,ATL,82,44,97.55
691587,FF,776766,2025-08-13,CLE,91,35,97.69
691587,FF,776688,2025-08-18,STL,86,35,98.06
691587,FF,776614,2025-08-24,TOR,94,60,97.91
691587,FF,776548,2025-08-29,NYM,39,24,98.42
691587,FF,776477,2025-09-03,WSH,76,38,97.24
691587,FF,776386,2025-09-10,WSH,96,49,97.95
691587,FF,776293,2025-09-16,COL,71,31,97.71
691587,FF,776226,2025-09-21,TEX,88,45,97.88
691587,FF,776161,2025-09-27,NYM,100,36,99.25
800049,FF,777465,2025-06-18,PHI,97,18,94.84
800049,FF,776558,2025-08-28,NYM,60,14,95.71
800049,FF,776482,2025-09-02,WSH,90,14,95.06
800049,FF,776397,2025-09-09,WSH,96,33,94.7
800049,FF,776332,2025-09-14,DET,83,17,94.38
800049,FF,776242,2025-09-20,TEX,63,21,94.48
806188,FF,778017,2025-05-07,LAD,23,2,93.2
806188,FF,777991,2025-05-09,CWS,24,2,91.7
806188,FF,777952,2025-05-12,CHC,51,6,92.47
806188,FF,777889,2025-05-17,TB,39,2,91.95
806188,FF,777850,2025-05-20,CHC,33,3,92.17
806188,FF,777756,2025-05-26,SD,8,2,92.9
806188,FF,777742,2025-05-27,SD,21,3,91.13
806188,FF,777689,2025-06-01,SF,11,1,92.3
806188,FF,777611,2025-06-07,TB,17,1,93.0
806188,FF,777530,2025-06-13,WSH,20,3,90.2
806188,FF,777514,2025-06-14,WSH,15,5,91.12
806188,FF,777444,2025-06-19,PHI,14,3,91.47
806188,FF,777364,2025-06-24,SF,18,1,92.9
806188,FF,777347,2025-06-26,SF,20,3,91.2
806188,FF,777332,2025-06-27,AZ,12,2,93.2
806188,FF,777197,2025-07-08,CIN,20,8,93.12
806188,FF,777157,2025-07-11,BAL,22,1,92.6
806188,FF,777082,2025-07-20,KC,23,2,92.4
806188,FF,777052,2025-07-22,SD,15,1,91.0
806188,FF,776875,2025-08-04,HOU,32,1,91.0
806188,FF,776842,2025-08-07,ATL,17,1,91.1
806188,FF,776686,2025-08-19,STL,42,4,92.22
806188,FF,776630,2025-08-23,TOR,13,1,92.8
806188,FF,776558,2025-08-28,NYM,34,4,91.62
806188,FF,776498,2025-09-01,WSH,21,4,91.12
806188,FF,776433,2025-09-06,PHI,17,2,92.5
806188,FF,776426,2025-09-07,PHI,27,3,92.03
806188,FF,776386,2025-09-10,WSH,10,2,90.5
806188,FF,776366,2025-09-12,DET,17,1,92.5
806188,FF,776347,2025-09-13,DET,22,2,90.95
806188,FF,776251,2025-09-19,TEX,14,3,91.47
806188,FF,776242,2025-09-20,TEX,22,1,91.2
806188,FF,776215,2025-09-23,PHI,13,3,92.13
806188,FF,776173,2025-09-26,NYM,18,2,92.25
806188,FF,776148,2025-09-28,NYM,10,1,92.2
500779,FF,778364,2025-04-11,AZ,80,6,90.55
500779,FF,778295,2025-04-16,DET,100,10,89.88
500779,FF,778210,2025-04-22,SF,94,12,89.63
500779,FF,778150,2025-04-27,STL,98,5,89.9
500779,FF,778071,2025-05-03,CHC,91,13,90.09
500779,FF,778002,2025-05-09,TB,75,7,90.19
500779,FF,777688,2025-06-01,PHI,82,2,91.3
500779,FF,777597,2025-06-07,SD,101,6,89.98
500779,FF,777512,2025-06-14,STL,101,4,89.12
500779,FF,777412,2025-06-21,MIN,90,8,90.41
500779,FF,777339,2025-06-27,COL,105,21,90.81
500779,FF,777257,2025-07-03,NYM,80,12,90.02
500779,FF,777175,2025-07-09,LAD,95,14,90.59
500779,FF,777070,2025-07-20,LAD,83,15,89.75
500779,FF,776996,2025-07-26,MIA,99,8,90.69
500779,FF,776917,2025-08-01,WSH,94,17,90.35
500779,FF,776853,2025-08-06,ATL,93,18,90.86
500779,FF,776786,2025-08-11,PIT,89,10,90.87
500779,FF,776709,2025-08-17,CIN,98,20,90.6
500779,FF,776634,2025-08-22,SF,82,8,91.1
500779,FF,776553,2025-08-28,AZ,95,12,90.82
500779,FF,776471,2025-09-03,PHI,97,7,90.5
500779,FF,776406,2025-09-08,TEX,85,7,90.26
500779,FF,776326,2025-09-14,STL,67,13,91.01
571946,FF,778492,2025-04-01,NYY,8,5,94.24
571946,FF,778466,2025-04-03,NYY,21,10,94.97
571946,FF,778457,2025-04-04,WSH,12,6,94.33
571946,FF,778396,2025-04-08,BAL,7,4,94.95
571946,FF,778318,2025-04-15,MIA,13,8,94.94
571946,FF,778303,2025-04-16,MIA,17,12,94.89
571946,FF,778236,2025-04-20,CHC,31,22,93.73
571946,FF,778199,2025-04-23,TB,16,10,95.26
571946,FF,778188,2025-04-24,TB,6,5,94.62
571946,FF,778147,2025-04-27,ATL,18,14,94.7
571946,FF,778117,2025-04-30,NYM,15,10,94.39
571946,FF,778103,2025-05-01,NYM,8,6,94.33
571946,FF,778059,2025-05-04,PHI,22,15,94.21
571946,FF,778032,2025-05-06,NYM,26,17,95.15
571946,FF,777988,2025-05-09,LAD,24,12,95.08
571946,FF,777939,2025-05-12,SF,9,5,95.74
571946,FF,777916,2025-05-14,SF,36,30,95.78
571946,FF,777870,2025-05-18,COL,17,11,95.88
571946,FF,777854,2025-05-19,LAD,4,3,95.2
571946,FF,777838,2025-05-20,LAD,12,7,95.81
571946,FF,777729,2025-05-28,PIT,13,9,96.28
571946,FF,777696,2025-05-31,WSH,9,5,95.4
571946,FF,777679,2025-06-01,WSH,14,6,96.05
571946,FF,777672,2025-06-03,ATL,23,12,95.65
571946,FF,777640,2025-06-05,ATL,10,6,94.73
571946,FF,777577,2025-06-09,SEA,9,5,95.28
571946,FF,777548,2025-06-11,SEA,14,8,96.2
571946,FF,777521,2025-06-13,SD,8,3,95.2
571946,FF,777479,2025-06-17,TOR,14,9,96.12
571946,FF,777448,2025-06-19,TOR,16,11,95.31
571946,FF,777410,2025-06-21,COL,13,12,96.86
571946,FF,777383,2025-06-24,CWS,12,10,94.49
571946,FF,777318,2025-06-28,MIA,17,14,96.07
571946,FF,777291,2025-06-30,SF,15,11,95.54
571946,FF,777270,2025-07-02,SF,5,3,95.4
571946,FF,777234,2025-07-05,KC,11,4,95.4
571946,FF,776817,2025-08-09,NYM,10,5,96.26
571946,FF,776786,2025-08-11,PIT,7,3,96.4
571946,FF,776755,2025-08-13,PIT,27,18,95.08
571946,FF,776721,2025-08-16,CIN,16,11,95.29
571946,FF,776691,2025-08-19,CHC,16,7,95.3
571946,FF,776663,2025-08-20,CHC,18,9,94.67
571946,FF,776634,2025-08-22,SF,18,7,94.97
571946,FF,776608,2025-08-24,SF,10,6,94.1
571946,FF,776586,2025-08-26,AZ,21,8,94.71
571946,FF,776546,2025-08-29,TOR,11,5,94.12
571946,FF,776500,2025-09-01,PHI,8,5,95.8
605540,FF,777224,2025-07-06,MIA,70,22,93.27
605540,FF,777135,2025-07-12,WSH,81,28,92.3
605540,FF,777050,2025-07-21,SEA,62,21,93.2
605540,FF,776978,2025-07-27,MIA,85,17,93.38
605540,FF,776903,2025-08-02,WSH,88,32,94.02
605540,FF,776828,2025-08-08,NYM,79,34,93.18
605540,FF,776755,2025-08-13,PIT,65,18,91.86
605540,FF,776676,2025-08-19,CHC,94,27,93.09
605540,FF,776593,2025-08-25,AZ,97,32,93.71
605540,FF,776515,2025-08-31,TOR,89,24,92.13
605540,FF,776441,2025-09-06,PIT,85,25,93.55
605540,FF,776291,2025-09-17,LAA,69,16,92.12
606303,FF,778488,2025-04-01,KC,16,6,94.3
606303,FF,778468,2025-04-03,CIN,11,6,95.1
606303,FF,778453,2025-04-04,CIN,15,5,94.64
606303,FF,778394,2025-04-08,COL,14,8,94.09
606303,FF,778371,2025-04-10,COL,26,6,93.88
606303,FF,778350,2025-04-12,AZ,10,5,95.18
606303,FF,778253,2025-04-19,ATH,10,1,95.0
606303,FF,778226,2025-04-21,SF,4,2,94.9
606303,FF,778210,2025-04-22,SF,9,5,94.18
606303,FF,778164,2025-04-26,STL,28,9,95.04
606303,FF,778125,2025-04-29,CWS,12,5,93.64
606303,FF,778094,2025-05-01,CWS,4,2,93.75
606303,FF,778080,2025-05-02,CHC,15,7,94.26
606303,FF,778042,2025-05-05,HOU,19,8,95.02
606303,FF,778002,2025-05-09,TB,4,3,95.07
606303,FF,777964,2025-05-11,TB,7,2,94.7
606303,FF,777944,2025-05-13,CLE,16,5,94.42
606303,FF,777898,2025-05-16,MIN,13,3,95.0
606303,FF,777883,2025-05-17,MIN,13,5,95.18
606303,FF,777844,2025-05-20,BAL,9,1,95.3
606303,FF,777826,2025-05-21,BAL,16,7,95.49
606303,FF,776459,2025-09-04,PHI,18,5,94.36
606303,FF,776419,2025-09-07,PIT,24,8,94.44
606303,FF,776326,2025-09-14,STL,22,10,94.78
606303,FF,776295,2025-09-16,LAA,17,9,93.86
606303,FF,776265,2025-09-19,STL,18,6,95.13
606303,FF,776219,2025-09-23,WSH,13,2,95.9
606303,FF,776180,2025-09-26,PIT,31,9,95.54
641302,FF,778453,2025-04-04,CIN,83,25,90.02
641302,FF,778379,2025-04-09,COL,79,32,89.65
641302,FF,778323,2025-04-14,DET,81,12,89.72
641302,FF,778239,2025-04-20,ATH,42,15,89.69
641302,FF,778194,2025-04-24,SF,22,4,90.35
641302,FF,778184,2025-04-25,STL,14,4,90.18
641302,FF,778111,2025-04-30,CWS,29,7,89.57
641302,FF,778080,2025-05-02,CHC,19,1,90.2
641302,FF,778015,2025-05-07,HOU,3,2,89.25
641302,FF,777981,2025-05-10,TB,13,11,90.82
641302,FF,777964,2025-05-11,TB,14,4,91.65
641302,FF,777944,2025-05-13,CLE,8,2,90.45
641302,FF,777898,2025-05-16,MIN,27,4,91.25
641302,FF,777883,2025-05-17,MIN,24,9,89.37
641302,FF,777844,2025-05-20,BAL,33,2,91.1
641302,FF,777826,2025-05-21,BAL,17,5,89.76
641302,FF,777736,2025-05-28,BOS,21,5,91.9
641302,FF,777702,2025-05-31,PHI,19,7,91.5
641302,FF,777590,2025-06-08,KC,45,9,90.51
641302,FF,777508,2025-06-14,TEX,56,24,91.08
641302,FF,777467,2025-06-17,STL,17,6,91.28
641302,FF,777435,2025-06-20,TOR,49,5,90.58
641302,FF,777370,2025-06-25,AZ,15,4,89.95
641302,FF,777338,2025-06-27,SF,54,10,89.85
641302,FF,777280,2025-07-01,LAD,29,4,91.57
641302,FF,777212,2025-07-07,TOR,36,3,91.37
641302,FF,777164,2025-07-11,CLE,50,21,91.38
641302,FF,777107,2025-07-18,PIT,15,6,91.78
641302,FF,777048,2025-07-22,TB,32,13,91.65
641302,FF,776994,2025-07-26,CHC,13,1,91.7
641302,FF,776989,2025-07-27,CHC,19,7,91.59
641302,FF,776939,2025-07-30,PHI,49,12,90.42
641302,FF,776885,2025-08-03,LAA,11,2,91.65
641302,FF,776841,2025-08-06,SEA,67,22,90.87
641302,FF,776781,2025-08-11,DET,65,12,91.81
641302,FF,776712,2025-08-16,KC,51,17,91.43
641302,FF,776687,2025-08-19,ATL,16,2,91.85
641302,FF,776619,2025-08-23,MIN,34,11,92.26
641302,FF,776583,2025-08-26,KC,7,1,92.8
641302,FF,776556,2025-08-28,NYY,32,7,91.46
641302,FF,776529,2025-08-30,NYY,11,2,91.5
641302,FF,776502,2025-09-01,MIN,20,3,91.6
641302,FF,776462,2025-09-04,MIN,41,14,90.53
641302,FF,776388,2025-09-09,TB,18,4,92.18
641302,FF,776364,2025-09-11,TB,27,6,92.77
641302,FF,776314,2025-09-15,BAL,23,6,92.38
641302,FF,776306,2025-09-16,BAL,12,1,89.9
641302,FF,776199,2025-09-24,NYY,29,8,91.42
641302,FF,776143,2025-09-28,WSH,17,2,92.1
642239,FF,777883,2025-05-17,MIN,31,18,92.0
642239,FF,777860,2025-05-19,BAL,12,7,91.56
642239,FF,777826,2025-05-21,BAL,17,7,92.44
642239,FF,777814,2025-05-22,PIT,15,6,91.67
642239,FF,777747,2025-05-27,BOS,10,9,92.32
642239,FF,777702,2025-05-31,PHI,12,9,92.33
642239,FF,777671,2025-06-02,CIN,12,5,93.34
642239,FF,777668,2025-06-03,CIN,10,7,92.06
642239,FF,777617,2025-06-06,SD,10,5,91.74
642239,FF,777586,2025-06-08,SD,16,7,92.6
642239,FF,777512,2025-06-14,STL,16,5,92.34
642239,FF,777482,2025-06-17,CHC,13,3,92.37
642239,FF,777401,2025-06-22,MIN,7,4,91.78
642239,FF,777374,2025-06-24,PIT,14,5,92.22
642239,FF,777361,2025-06-25,PIT,8,4,91.85
642239,FF,776515,2025-08-31,TOR,15,8,92.01
642239,FF,776500,2025-09-01,PHI,13,7,91.16
642239,FF,776459,2025-09-04,PHI,18,5,92.18
642239,FF,776441,2025-09-06,PIT,9,2,91.25
642239,FF,776375,2025-09-10,TEX,15,6,91.48
642239,FF,776356,2025-09-12,STL,12,5,89.5
642239,FF,776339,2025-09-13,STL,15,4,89.8
642239,FF,776265,2025-09-19,STL,22,10,91.83
642239,FF,776231,2025-09-21,STL,5,1,91.7
642239,FF,776222,2025-09-22,SD,17,5,92.02
642547,FF,778477,2025-04-02,KC,97,54,95.35
642547,FF,778394,2025-04-08,COL,83,57,94.79
642547,FF,778332,2025-04-13,AZ,104,66,95.49
642547,FF,778261,2025-04-18,ATH,93,52,95.6
642547,FF,778198,2025-04-23,SF,95,58,94.31
642547,FF,778125,2025-04-29,CWS,93,49,93.0
642547,FF,778054,2025-05-04,CHC,89,53,94.87
642547,FF,777960,2025-05-12,CLE,95,49,94.76
642547,FF,777865,2025-05-18,MIN,90,58,93.69
642547,FF,777806,2025-05-23,PIT,101,57,93.59
642547,FF,777736,2025-05-28,BOS,108,75,94.95
642547,FF,777668,2025-06-03,CIN,103,65,95.79
642547,FF,777586,2025-06-08,SD,90,52,95.01
642547,FF,777525,2025-06-13,STL,93,51,95.71
642547,FF,777450,2025-06-19,CHC,86,47,95.27
642547,FF,777374,2025-06-24,PIT,94,41,95.04
642547,FF,777289,2025-07-02,NYM,100,48,95.56
642547,FF,777201,2025-07-07,LAD,98,51,95.99
642547,FF,777123,2025-07-13,WSH,103,51,95.01
642547,FF,777085,2025-07-19,LAD,93,48,95.87
642547,FF,777008,2025-07-25,MIA,98,50,95.21
642547,FF,776929,2025-07-30,CHC,85,41,95.01
642547,FF,776869,2025-08-05,ATL,108,62,93.69
642547,FF,776771,2025-08-12,PIT,89,32,94.19
642547,FF,777459,2025-08-18,CHC,95,41,95.6
642547,FF,776621,2025-08-23,SF,96,54,94.15
642547,FF,776546,2025-08-29,TOR,95,38,93.42
642547,FF,776459,2025-09-04,PHI,92,46,94.6
642547,FF,776375,2025-09-10,TEX,113,49,93.52
642547,FF,776295,2025-09-16,LAA,94,51,94.22
642547,FF,776222,2025-09-22,SD,76,34,94.27
642547,FF,776144,2025-09-28,CIN,44,19,94.34
650644,FF,777814,2025-05-22,PIT,73,6,91.8
650644,FF,777747,2025-05-27,BOS,79,17,92.19
650644,FF,777671,2025-06-02,CIN,86,10,92.12
650644,FF,777575,2025-06-09,ATL,80,13,92.78
650644,FF,777493,2025-06-15,TEX,104,22,91.19
650644,FF,777418,2025-06-21,TOR,96,14,92.14
650644,FF,777338,2025-06-27,SF,80,14,92.56
650644,FF,777253,2025-07-03,LAD,93,10,92.7
650644,FF,777188,2025-07-08,TOR,79,2,92.1
650644,FF,777120,2025-07-13,CLE,93,16,90.32
650644,FF,777074,2025-07-20,PIT,94,26,91.77
650644,FF,776994,2025-07-26,CHC,69,4,93.02
650644,FF,776898,2025-08-02,LAA,94,14,92.8
650644,FF,776833,2025-08-08,CLE,77,23,92.0
650644,FF,776728,2025-08-15,KC,95,19,91.79
650644,FF,776639,2025-08-22,MIN,91,18,92.43
650644,FF,776569,2025-08-27,KC,86,19,92.26
650644,FF,776506,2025-09-01,ATL,41,3,93.2
650644,FF,776412,2025-09-08,ATL,45,3,92.57
650644,FF,776287,2025-09-17,PIT,55,4,92.75
650644,FF,776254,2025-09-20,CIN,29,3,92.7
650644,FF,776205,2025-09-24,NYM,40,4,93.3
656730,FF,778488,2025-04-01,KC,10,5,97.7
656730,FF,778477,2025-04-02,KC,18,12,97.17
656730,FF,778453,2025-04-04,CIN,17,12,97.05
656730,FF,778364,2025-04-11,AZ,20,14,97.85
656730,FF,778350,2025-04-12,AZ,17,14,98.35
656730,FF,778295,2025-04-16,DET,7,6,97.28
656730,FF,778261,2025-04-18,ATH,5,2,98.25
656730,FF,778194,2025-04-24,SF,12,9,98.92
656730,FF,778164,2025-04-26,STL,5,4,98.65
656730,FF,778111,2025-04-30,CWS,15,10,97.98
656730,FF,778054,2025-05-04,CHC,22,15,98.65
656730,FF,778031,2025-05-06,HOU,6,3,98.83
656730,FF,777981,2025-05-10,TB,4,3,97.5
656730,FF,777964,2025-05-11,TB,13,8,98.8
656730,FF,777925,2025-05-14,CLE,17,16,98.96
656730,FF,777865,2025-05-18,MIN,14,5,99.22
656730,FF,777860,2025-05-19,BAL,11,8,99.3
656730,FF,777826,2025-05-21,BAL,9,4,98.78
656730,FF,777814,2025-05-22,PIT,15,8,97.06
656730,FF,777776,2025-05-25,PIT,18,7,99.23
656730,FF,777764,2025-05-26,BOS,34,24,99.85
656730,FF,777688,2025-06-01,PHI,20,15,99.36
656730,FF,777671,2025-06-02,CIN,13,8,99.22
656730,FF,777597,2025-06-07,SD,23,15,100.17
656730,FF,777568,2025-06-10,ATL,12,7,99.06
656730,FF,777525,2025-06-13,STL,21,7,99.83
656730,FF,777492,2025-06-15,STL,29,15,99.95
656730,FF,777450,2025-06-19,CHC,16,12,99.22
656730,FF,777401,2025-06-22,MIN,19,13,98.98
656730,FF,777361,2025-06-25,PIT,10,5,99.4
656730,FF,777301,2025-06-29,COL,30,12,99.83
656730,FF,777254,2025-07-04,MIA,32,21,99.98
656730,FF,777224,2025-07-06,MIA,12,7,99.87
656730,FF,777193,2025-07-08,LAD,14,6,99.92
656730,FF,777175,2025-07-09,LAD,13,12,100.58
656730,FF,777103,2025-07-18,LAD,7,3,99.07
656730,FF,777085,2025-07-19,LAD,11,8,100.14
656730,FF,776978,2025-07-27,MIA,8,6,99.08
656730,FF,776965,2025-07-28,CHC,3,2,101.0
656730,FF,776882,2025-08-04,ATL,7,1,100.6
656730,FF,776853,2025-08-06,ATL,14,7,99.8
656730,FF,776828,2025-08-08,NYM,13,7,99.86
656730,FF,776817,2025-08-09,NYM,22,13,99.75
656730,FF,776740,2025-08-15,CIN,11,4,99.05
656730,FF,776721,2025-08-16,CIN,18,12,99.7
656730,FF,776651,2025-08-21,CHC,19,9,99.89
656730,FF,776634,2025-08-22,SF,17,9,98.61
656730,FF,776608,2025-08-24,SF,34,23,100.04
656730,FF,776144,2025-09-28,CIN,12,5,97.48
657649,SI,778488,2025-04-01,KC,22,13,95.79
657649,SI,778477,2025-04-02,KC,14,14,95.32
657649,SI,778421,2025-04-06,CIN,13,8,95.74
657649,SI,778379,2025-04-09,COL,16,10,93.59
657649,SI,778364,2025-04-11,AZ,15,9,95.69
657649,SI,778350,2025-04-12,AZ,17,13,94.68
657649,SI,778310,2025-04-15,DET,15,13,95.05
657649,SI,778295,2025-04-16,DET,11,7,93.9
657649,SI,778253,2025-04-19,ATH,16,8,95.02
657649,SI,778226,2025-04-21,SF,9,7,93.99
657649,SI,778194,2025-04-24,SF,14,8,95.55
657649,SI,778150,2025-04-27,STL,11,8,94.76
657649,SI,778111,2025-04-30,CWS,14,8,93.85
657649,SI,778054,2025-05-04,CHC,15,9,95.3
657649,SI,778042,2025-05-05,HOU,16,9,94.67
657649,SI,778002,2025-05-09,TB,29,19,94.69
657649,SI,777981,2025-05-10,TB,13,5,95.26
657649,SI,777944,2025-05-13,CLE,2,1,94.1
657649,SI,777925,2025-05-14,CLE,14,8,95.09
657649,SI,777865,2025-05-18,MIN,11,6,95.3
657649,SI,777860,2025-05-19,BAL,3,2,97.25
657649,SI,777844,2025-05-20,BAL,14,6,95.25
657649,SI,777806,2025-05-23,PIT,17,7,96.04
657649,SI,777776,2025-05-25,PIT,27,10,96.16
657649,SI,777747,2025-05-27,BOS,8,4,96.6
657649,SI,777736,2025-05-28,BOS,21,13,95.66
657649,SI,777688,2025-06-01,PHI,10,4,96.48
657649,SI,777671,2025-06-02,CIN,17,6,96.22
657649,SI,777617,2025-06-06,SD,10,6,95.5
657649,SI,777597,2025-06-07,SD,8,6,96.47
657649,SI,777525,2025-06-13,STL,25,12,96.22
657649,SI,777492,2025-06-15,STL,11,2,96.85
657649,SI,777450,2025-06-19,CHC,2,1,96.9
657649,SI,777401,2025-06-22,MIN,29,16,96.56
657649,SI,777374,2025-06-24,PIT,16,7,95.9
657649,SI,777339,2025-06-27,COL,13,7,95.61
657649,SI,777301,2025-06-29,COL,19,8,96.89
657649,SI,777276,2025-07-02,NYM,12,6,96.23
657649,SI,777238,2025-07-05,MIA,16,8,97.0
657649,SI,777193,2025-07-08,LAD,9,6,97.53
657649,SI,777175,2025-07-09,LAD,8,7,95.83
657649,SI,777135,2025-07-12,WSH,17,7,96.01
657649,SI,777123,2025-07-13,WSH,3,2,96.65
657649,SI,777103,2025-07-18,LAD,10,6,95.77
657649,SI,777085,2025-07-19,LAD,12,5,95.84
657649,SI,777035,2025-07-22,SEA,15,7,96.26
657649,SI,776996,2025-07-26,MIA,15,8,95.66
657649,SI,776965,2025-07-28,CHC,9,5,97.76
657649,SI,776929,2025-07-30,CHC,18,7,97.33
657649,SI,776903,2025-08-02,WSH,18,10,96.48
657649,SI,776853,2025-08-06,ATL,13,9,96.97
657649,SI,776817,2025-08-09,NYM,13,6,96.38
657649,SI,776755,2025-08-13,PIT,22,12,96.29
657649,SI,776740,2025-08-15,CIN,16,10,96.08
657649,SI,776721,2025-08-16,CIN,9,4,94.9
657649,SI,777459,2025-08-18,CHC,10,7,95.56
657649,SI,776663,2025-08-20,CHC,18,9,96.01
657649,SI,776651,2025-08-21,CHC,11,8,96.51
657649,SI,776586,2025-08-26,AZ,34,26,96.2
657649,SI,776527,2025-08-30,TOR,15,9,96.26
657649,SI,776500,2025-09-01,PHI,16,11,98.17
657649,SI,776471,2025-09-03,PHI,13,9,95.73
657649,SI,776453,2025-09-05,PIT,17,9,97.07
657649,SI,776356,2025-09-12,STL,24,17,95.36
657649,SI,776326,2025-09-14,STL,8,6,96.62
657649,SI,776274,2025-09-18,LAA,14,8,96.61
657649,SI,776244,2025-09-20,STL,16,4,96.55
657649,SI,776222,2025-09-22,SD,19,13,96.32
657649,SI,776198,2025-09-24,SD,16,6,97.23
657649,SI,776144,2025-09-28,CIN,12,5,95.42
660730,FF,778439,2025-04-05,CIN,73,35,93.63
660730,FF,778371,2025-04-10,COL,15,8,95.91
660730,FF,778323,2025-04-14,DET,68,25,94.14
660730,FF,778071,2025-05-03,CHC,20,13,94.95
660730,FF,778015,2025-05-07,HOU,74,33,94.74
660730,FF,776877,2025-08-04,PHI,18,9,95.79
663542,FF,778468,2025-04-03,CIN,15,9,90.11
663542,FF,778453,2025-04-04,CIN,10,7,89.89
663542,FF,778394,2025-04-08,COL,11,7,91.16
663542,FF,778371,2025-04-10,COL,19,15,90.82
663542,FF,778350,2025-04-12,AZ,16,10,89.98
663542,FF,778332,2025-04-13,AZ,8,7,89.81
663542,FF,778261,2025-04-18,ATH,17,11,89.74
663542,FF,778210,2025-04-22,SF,20,13,89.39
663542,FF,778198,2025-04-23,SF,14,10,89.82
663542,FF,777960,2025-05-12,CLE,50,35,89.48
663542,FF,776857,2025-08-05,SEA,28,14,92.91
663542,FF,776830,2025-08-07,SEA,11,5,92.28
663542,FF,776814,2025-08-09,CLE,28,16,90.83
663542,FF,776484,2025-09-02,MIN,17,12,91.97
665625,SI,778468,2025-04-03,CIN,30,16,94.5
665625,SI,778439,2025-04-05,CIN,5,4,94.72
665625,SI,778379,2025-04-09,COL,23,9,94.43
665625,SI,777960,2025-05-12,CLE,18,7,95.69
665625,SI,776781,2025-08-11,DET,29,11,95.78
665625,SI,776687,2025-08-19,ATL,12,6,95.8
668834,FF,777826,2025-05-21,BAL,16,5,93.54
668834,FF,777554,2025-06-11,ATL,43,9,93.0
668834,FF,777276,2025-07-02,NYM,19,4,92.58
668834,FF,777201,2025-07-07,LAD,10,3,93.5
668834,FF,777123,2025-07-13,WSH,16,3,93.43
668834,FF,776929,2025-07-30,CHC,24,3,93.0
668834,FF,776917,2025-08-01,WSH,47,11,92.8
668834,FF,776553,2025-08-28,AZ,33,7,92.57
668964,FF,778194,2025-04-24,SF,82,40,92.78
668964,FF,778111,2025-04-30,CWS,49,19,91.79
668964,FF,778080,2025-05-02,CHC,11,6,93.23
668964,FF,778042,2025-05-05,HOU,80,38,93.31
668964,FF,777981,2025-05-10,TB,75,42,91.65
668964,FF,777883,2025-05-17,MIN,71,34,93.18
668964,FF,777024,2025-07-23,SEA,34,23,94.53
668964,FF,777008,2025-07-25,MIA,10,8,94.38
668964,FF,776817,2025-08-09,NYM,66,24,93.71
668964,FF,776755,2025-08-13,PIT,28,14,94.94
668964,FF,776709,2025-08-17,CIN,24,7,93.5
668964,FF,776691,2025-08-19,CHC,19,6,94.37
668964,FF,776586,2025-08-26,AZ,30,9,95.5
668964,FF,776553,2025-08-28,AZ,47,22,95.98
668964,FF,776515,2025-08-31,TOR,36,15,93.49
668964,FF,776459,2025-09-04,PHI,20,10,93.84
668964,FF,776441,2025-09-06,PIT,13,3,95.03
668964,FF,776395,2025-09-09,TEX,14,4,93.88
668964,FF,776339,2025-09-13,STL,26,10,93.99
668964,FF,776265,2025-09-19,STL,28,16,93.43
668964,FF,776214,2025-09-23,SD,27,10,93.11
668964,FF,776171,2025-09-26,CIN,36,13,93.46
669084,FF,777764,2025-05-26,BOS,33,14,93.67
669084,FF,777715,2025-05-30,PHI,44,19,94.31
669084,FF,777647,2025-06-04,CIN,48,18,93.51
669084,FF,777575,2025-06-09,ATL,40,8,94.24
669084,FF,777512,2025-06-14,STL,31,13,93.63
669084,FF,777434,2025-06-20,MIN,15,4,94.1
669084,FF,777401,2025-06-22,MIN,17,5,94.14
669084,FF,777321,2025-06-28,COL,11,4,93.98
669084,FF,777289,2025-07-02,NYM,20,1,96.4
669084,FF,777238,2025-07-05,MIA,23,8,94.32
669084,FF,777149,2025-07-11,WSH,40,4,94.58
669084,FF,777070,2025-07-20,LAD,13,2,95.6
669084,FF,777035,2025-07-22,SEA,18,4,94.28
669084,FF,776996,2025-07-26,MIA,30,9,94.72
669084,FF,776965,2025-07-28,CHC,16,5,95.64
669084,FF,776929,2025-07-30,CHC,22,8,94.32
669084,FF,776894,2025-08-03,WSH,47,13,94.02
669084,FF,776799,2025-08-10,NYM,56,19,94.45
669084,FF,776740,2025-08-15,CIN,53,13,94.11
669084,FF,776144,2025-09-28,CIN,11,4,95.18
676879,FF,777747,2025-05-27,BOS,37,6,95.15
676879,FF,777050,2025-07-21,SEA,34,1,95.2
676879,FF,776978,2025-07-27,MIA,19,3,96.83
676879,FF,776500,2025-09-01,PHI,9,1,96.4
676879,FF,776326,2025-09-14,STL,31,3,98.43
676879,FF,776244,2025-09-20,STL,39,5,97.98
676879,FF,776222,2025-09-22,SD,16,2,98.15
676879,FF,776144,2025-09-28,CIN,26,3,97.17
681982,FF,778421,2025-04-06,CIN,33,5,92.14
681982,FF,778379,2025-04-09,COL,31,9,91.66
681982,FF,778332,2025-04-13,AZ,36,10,92.59
681982,FF,778310,2025-04-15,DET,12,2,93.2
681982,FF,778295,2025-04-16,DET,16,2,91.2
681982,FF,778253,2025-04-19,ATH,12,2,92.4
681982,FF,778226,2025-04-21,SF,12,5,92.64
681982,FF,778210,2025-04-22,SF,23,3,92.33
681982,FF,778184,2025-04-25,STL,14,3,94.43
681982,FF,778150,2025-04-27,STL,19,5,91.78
681982,FF,778111,2025-04-30,CWS,12,5,91.86
681982,FF,778080,2025-05-02,CHC,8,4,93.2
681982,FF,778071,2025-05-03,CHC,23,4,93.65
681982,FF,778042,2025-05-05,HOU,21,1,94.4
681982,FF,778002,2025-05-09,TB,20,10,92.18
681982,FF,777981,2025-05-10,TB,15,9,91.91
681982,FF,777925,2025-05-14,CLE,17,5,93.34
681982,FF,777883,2025-05-17,MIN,25,7,91.71
681982,FF,777826,2025-05-21,BAL,4,1,94.3
681982,FF,777806,2025-05-23,PIT,25,9,93.63
681982,FF,777747,2025-05-27,BOS,25,13,93.64
681982,FF,777702,2025-05-31,PHI,9,2,94.25
681982,FF,777668,2025-06-03,CIN,25,8,94.94
681982,FF,777617,2025-06-06,SD,10,5,94.18
681982,FF,777575,2025-06-09,ATL,42,18,93.59
681982,FF,777512,2025-06-14,STL,33,8,93.4
681982,FF,777482,2025-06-17,CHC,14,6,95.1
681982,FF,777412,2025-06-21,MIN,14,4,94.8
681982,FF,777401,2025-06-22,MIN,19,9,93.92
681982,FF,777374,2025-06-24,PIT,12,4,94.05
681982,FF,777361,2025-06-25,PIT,18,4,93.98
681982,FF,777339,2025-06-27,COL,17,8,93.76
681982,FF,777301,2025-06-29,COL,13,5,94.62
681982,FF,777276,2025-07-02,NYM,14,6,94.4
681982,FF,777257,2025-07-03,NYM,16,5,93.6
681982,FF,777224,2025-07-06,MIA,14,3,93.83
681982,FF,777175,2025-07-09,LAD,5,2,93.5
681982,FF,777135,2025-07-12,WSH,27,18,93.75
681982,FF,777123,2025-07-13,WSH,9,2,92.45
681982,FF,777070,2025-07-20,LAD,12,4,94.58
681982,FF,777050,2025-07-21,SEA,20,8,93.96
681982,FF,777008,2025-07-25,MIA,13,9,93.59
681982,FF,776996,2025-07-26,MIA,22,9,93.88
681982,FF,776965,2025-07-28,CHC,11,3,94.67
681982,FF,776929,2025-07-30,CHC,17,7,94.17
681982,FF,776917,2025-08-01,WSH,19,6,93.25
681982,FF,776894,2025-08-03,WSH,7,1,93.5
681982,FF,776869,2025-08-05,ATL,19,12,94.36
681982,FF,776786,2025-08-11,PIT,18,5,94.58
681982,FF,776771,2025-08-12,PIT,17,9,92.91
681982,FF,776709,2025-08-17,CIN,23,7,96.17
681982,FF,777459,2025-08-18,CHC,6,2,94.3
681982,FF,776651,2025-08-21,CHC,16,9,93.08
681982,FF,776621,2025-08-23,SF,26,16,93.11
681982,FF,776395,2025-09-09,TEX,19,10,93.09
681982,FF,776375,2025-09-10,TEX,9,3,92.8
681982,FF,776339,2025-09-13,STL,15,4,92.8
681982,FF,776326,2025-09-14,STL,9,1,93.5
681982,FF,776295,2025-09-16,LAA,14,3,92.27
681982,FF,776265,2025-09-19,STL,25,9,93.81
681982,FF,776231,2025-09-21,STL,14,5,93.92
681982,FF,776153,2025-09-27,CIN,26,4,94.08
682842,FF,778261,2025-04-18,ATH,16,1,99.3
682842,FF,778071,2025-05-03,CHC,10,1,101.2
682842,FF,777964,2025-05-11,TB,7,1,100.6
682842,FF,777944,2025-05-13,CLE,23,3,99.23
682842,FF,777860,2025-05-19,BAL,21,1,100.1
682842,FF,777736,2025-05-28,BOS,18,1,99.7
682842,FF,777525,2025-06-13,STL,16,1,100.6
682842,FF,777374,2025-06-24,PIT,15,4,99.15
682842,FF,777361,2025-06-25,PIT,25,1,99.7
682842,FF,777301,2025-06-29,COL,19,2,100.25
682842,FF,777257,2025-07-03,NYM,20,1,99.6
682842,FF,777254,2025-07-04,MIA,12,1,99.3
682842,FF,777103,2025-07-18,LAD,13,1,99.9
682842,FF,776663,2025-08-20,CHC,6,1,101.2
682842,FF,776651,2025-08-21,CHC,27,1,100.2
682842,FF,776500,2025-09-01,PHI,25,1,99.2
682842,FF,776244,2025-09-20,STL,17,1,99.3
682842,FF,776198,2025-09-24,SD,17,2,99.8
682990,SI,778371,2025-04-10,COL,72,30,93.76
682990,SI,778310,2025-04-15,DET,84,34,93.71
682990,SI,778226,2025-04-21,SF,81,25,92.72
682990,SI,778164,2025-04-26,STL,102,45,93.1
682990,SI,778080,2025-05-02,CHC,101,41,93.74
682990,SI,778015,2025-05-07,HOU,78,45,93.07
682990,SI,777944,2025-05-13,CLE,69,32,92.98
682990,SI,777860,2025-05-19,BAL,66,36,93.76
682990,SI,777794,2025-05-24,PIT,84,41,93.96
682990,SI,777715,2025-05-30,PHI,71,38,94.14
682990,SI,777647,2025-06-04,CIN,88,45,94.01
682990,SI,777568,2025-06-10,ATL,96,33,93.82
682990,SI,777492,2025-06-15,STL,88,29,94.29
682990,SI,777401,2025-06-22,MIN,76,24,94.63
682990,SI,777321,2025-06-28,COL,95,29,94.28
682990,SI,777254,2025-07-04,MIA,83,38,93.78
682990,SI,777149,2025-07-11,WSH,86,44,93.98
682990,SI,777103,2025-07-18,LAD,77,32,94.32
682990,SI,777024,2025-07-23,SEA,96,47,93.71
682990,SI,776956,2025-07-29,CHC,86,39,94.39
682990,SI,776882,2025-08-04,ATL,90,51,94.07
682990,SI,776799,2025-08-10,NYM,75,31,93.52
682990,SI,776721,2025-08-16,CIN,83,35,94.39
682990,SI,776651,2025-08-21,CHC,95,27,93.87
682990,SI,776527,2025-08-30,TOR,82,41,93.85
682990,SI,776453,2025-09-05,PIT,96,33,94.48
682990,SI,776356,2025-09-12,STL,88,34,94.05
682990,SI,776274,2025-09-18,LAA,93,23,94.94
682990,SI,776171,2025-09-26,CIN,87,27,93.71
683232,FF,778394,2025-04-08,COL,13,7,94.07
683232,FF,778379,2025-04-09,COL,13,9,94.12
683232,FF,778350,2025-04-12,AZ,11,6,94.63
683232,FF,778332,2025-04-13,AZ,4,3,93.93
683232,FF,778310,2025-04-15,DET,17,10,94.49
683232,FF,778261,2025-04-18,ATH,26,14,94.37
683232,FF,778226,2025-04-21,SF,12,10,95.78
683232,FF,778198,2025-04-23,SF,24,14,94.62
683232,FF,778194,2025-04-24,SF,11,10,95.0
683232,FF,778150,2025-04-27,STL,28,17,94.18
683232,FF,778111,2025-04-30,CWS,3,2,94.5
683232,FF,778071,2025-05-03,CHC,8,7,94.51
683232,FF,778042,2025-05-05,HOU,6,3,95.2
683232,FF,778031,2025-05-06,HOU,5,3,94.43
683232,FF,778002,2025-05-09,TB,8,5,95.14
683232,FF,777981,2025-05-10,TB,13,7,95.09
683232,FF,777944,2025-05-13,CLE,13,6,95.97
683232,FF,777925,2025-05-14,CLE,12,6,94.7
683232,FF,777865,2025-05-18,MIN,19,9,94.44
683232,FF,777860,2025-05-19,BAL,17,10,94.45
683232,FF,777826,2025-05-21,BAL,23,10,94.9
683232,FF,777806,2025-05-23,PIT,18,12,94.62
683232,FF,777776,2025-05-25,PIT,17,7,94.54
683232,FF,777736,2025-05-28,BOS,28,17,94.75
683232,FF,777688,2025-06-01,PHI,10,5,95.36
683232,FF,777647,2025-06-04,CIN,5,4,95.48
683232,FF,777597,2025-06-07,SD,15,8,95.54
683232,FF,777554,2025-06-11,ATL,14,7,96.59
683232,FF,777532,2025-06-12,STL,15,9,95.84
683232,FF,777492,2025-06-15,STL,4,1,95.6
683232,FF,777482,2025-06-17,CHC,14,5,95.86
683232,FF,777434,2025-06-20,MIN,12,5,96.02
683232,FF,777401,2025-06-22,MIN,14,8,95.29
683232,FF,777391,2025-06-23,PIT,18,11,95.92
683232,FF,777339,2025-06-27,COL,18,10,96.0
683232,FF,777301,2025-06-29,COL,10,7,95.73
683232,FF,777289,2025-07-02,NYM,6,4,95.68
683232,FF,777257,2025-07-03,NYM,11,6,95.9
683232,FF,777238,2025-07-05,MIA,9,6,95.7
683232,FF,777175,2025-07-09,LAD,16,8,96.44
683232,FF,777135,2025-07-12,WSH,15,11,97.01
683232,FF,777085,2025-07-19,LAD,7,3,96.37
683232,FF,777070,2025-07-20,LAD,5,2,96.85
683232,FF,777035,2025-07-22,SEA,13,8,96.12
683232,FF,777008,2025-07-25,MIA,24,11,95.43
683232,FF,776965,2025-07-28,CHC,13,7,97.19
683232,FF,776903,2025-08-02,WSH,8,2,96.3
683232,FF,776869,2025-08-05,ATL,21,9,95.27
683232,FF,776799,2025-08-10,NYM,18,5,96.26
683232,FF,776755,2025-08-13,PIT,24,12,96.14
683232,FF,776740,2025-08-15,CIN,11,6,95.8
683232,FF,776721,2025-08-16,CIN,13,4,96.35
683232,FF,776663,2025-08-20,CHC,9,5,96.9
683232,FF,776651,2025-08-21,CHC,4,4,96.38
683232,FF,776608,2025-08-24,SF,8,3,96.3
683232,FF,776593,2025-08-25,AZ,5,2,96.0
683232,FF,776572,2025-08-27,AZ,18,7,97.01
683232,FF,776527,2025-08-30,TOR,10,7,95.94
683232,FF,776500,2025-09-01,PHI,18,7,95.91
683232,FF,776291,2025-09-17,LAA,12,4,95.3
683232,FF,776222,2025-09-22,SD,22,11,95.96
683232,FF,776198,2025-09-24,SD,18,8,95.62
683232,FF,776171,2025-09-26,CIN,9,6,95.92
684974,FF,778226,2025-04-21,SF,20,7,93.83
684974,FF,778198,2025-04-23,SF,25,7,92.89
684974,FF,778184,2025-04-25,STL,31,10,93.02
684974,FF,778125,2025-04-29,CWS,18,6,91.95
684974,FF,778094,2025-05-01,CWS,35,18,91.59
684974,FF,777276,2025-07-02,NYM,21,5,93.72
684974,FF,776965,2025-07-28,CHC,16,9,93.36
684974,FF,776419,2025-09-07,PIT,10,5,93.54
688107,FF,776231,2025-09-21,STL,45,8,92.75
688107,FF,776153,2025-09-27,CIN,57,19,93.36
692230,FF,777814,2025-05-22,PIT,74,15,93.79
692230,FF,776621,2025-08-23,SF,64,15,93.83
692230,FF,776406,2025-09-08,TEX,19,9,94.17
692230,FF,776153,2025-09-27,CIN,51,15,93.74
694477,FF,778488,2025-04-01,KC,86,32,93.54
694477,FF,778421,2025-04-06,CIN,80,30,92.79
694477,FF,778350,2025-04-12,AZ,77,11,93.58
694477,FF,778253,2025-04-19,ATH,94,14,93.04
694477,FF,778184,2025-04-25,STL,70,5,93.84
694477,FF,778094,2025-05-01,CWS,102,18,92.51
694477,FF,778031,2025-05-06,HOU,91,9,93.61
694477,FF,777964,2025-05-11,TB,81,29,94.07
694477,FF,777898,2025-05-16,MIN,88,25,93.97
694477,FF,777826,2025-05-21,BAL,89,32,94.37
694477,FF,777764,2025-05-26,BOS,79,24,94.05
694477,FF,777702,2025-05-31,PHI,94,18,94.77
694477,FF,777617,2025-06-06,SD,98,23,94.49
694477,FF,777554,2025-06-11,ATL,94,29,94.99
694477,FF,777482,2025-06-17,CHC,74,13,95.14
694477,FF,777391,2025-06-23,PIT,99,19,95.36
694477,FF,777301,2025-06-29,COL,99,12,95.24
694477,FF,777238,2025-07-05,MIA,72,5,93.82
694477,FF,776691,2025-08-19,CHC,81,9,95.38
694477,FF,776608,2025-08-24,SF,87,25,94.98
694477,FF,776395,2025-09-09,TEX,80,19,93.28
694477,FF,776326,2025-09-14,STL,22,5,95.3
694477,FF,776295,2025-09-16,LAA,19,3,95.73
694477,FF,776244,2025-09-20,STL,56,15,94.75
694477,FF,776198,2025-09-24,SD,57,12,95.58
694477,FF,776144,2025-09-28,CIN,19,3,95.33
694819,FF,777532,2025-06-12,STL,81,43,98.95
694819,FF,777434,2025-06-20,MIN,86,41,100.4
694819,FF,777361,2025-06-25,PIT,74,47,99.53
694819,FF,777276,2025-07-02,NYM,72,43,98.07
694819,FF,777193,2025-07-08,LAD,91,42,99.68
694819,FF,777035,2025-07-22,SEA,64,41,99.52
694819,FF,776965,2025-07-28,CHC,80,44,98.98
694819,FF,776740,2025-08-15,CIN,54,32,99.61
694819,FF,776663,2025-08-20,CHC,78,42,99.09
694819,FF,776586,2025-08-26,AZ,93,52,98.95
694819,FF,776500,2025-09-01,PHI,73,37,99.46
694819,FF,776419,2025-09-07,PIT,108,59,99.03
694819,FF,776339,2025-09-13,STL,75,36,98.99
694819,FF,776265,2025-09-19,STL,77,43,99.4
694819,FF,776153,2025-09-27,CIN,58,40,99.72
701656,FF,778239,2025-04-20,ATH,83,44,92.52
701656,FF,777925,2025-05-14,CLE,72,35,93.07
701656,FF,777844,2025-05-20,BAL,90,39,93.33
701656,FF,777776,2025-05-25,PIT,89,47,93.14
701656,FF,776894,2025-08-03,WSH,76,35,92.61
541640,SI,776892,2025-08-03,CLE,9,1,90.0
541640,SI,776874,2025-08-04,DET,19,2,89.5
541640,SI,776816,2025-08-09,KC,22,10,90.17
541640,SI,776790,2025-08-11,NYY,23,11,90.79
541640,SI,776732,2025-08-15,DET,8,2,90.4
541640,SI,776700,2025-08-17,DET,16,6,90.82
541640,SI,776674,2025-08-19,ATH,25,10,90.82
541640,SI,776653,2025-08-21,ATH,25,9,91.19
543859,FF,776954,2025-07-29,BOS,36,21,92.88
543859,FF,776924,2025-08-01,CLE,11,5,91.8
543859,FF,776892,2025-08-03,CLE,14,9,92.51
543859,FF,776861,2025-08-05,DET,27,15,92.02
543859,FF,776816,2025-08-09,KC,18,8,92.7
543859,FF,776796,2025-08-10,KC,38,17,92.76
543859,FF,776744,2025-08-14,DET,9,3,91.7
543859,FF,776716,2025-08-16,DET,15,8,93.46
543859,FF,776700,2025-08-17,DET,16,8,92.2
543859,FF,776653,2025-08-21,ATH,32,22,92.39
543859,FF,776582,2025-08-26,TOR,9,6,92.48
543859,FF,776567,2025-08-27,TOR,15,7,93.0
543859,FF,776513,2025-08-31,SD,37,27,92.43
543859,FF,776462,2025-09-04,CWS,11,8,92.3
543859,FF,776434,2025-09-06,KC,12,5,92.1
543859,FF,776411,2025-09-08,LAA,20,11,91.25
543859,FF,776355,2025-09-12,AZ,20,14,91.84
543859,FF,776324,2025-09-14,AZ,19,13,92.63
543859,FF,776298,2025-09-16,NYY,10,7,93.54
543859,FF,776263,2025-09-19,CLE,17,7,92.4
543859,FF,776176,2025-09-26,PHI,11,5,91.9
592779,FF,778267,2025-04-19,ATL,12,9,95.62
592779,FF,778201,2025-04-23,CWS,20,12,95.24
592779,FF,778166,2025-04-26,LAA,6,5,95.8
592779,FF,778129,2025-04-29,CLE,17,6,95.93
592779,FF,778116,2025-04-30,CLE,21,16,95.86
592779,FF,778073,2025-05-03,BOS,13,7,95.7
592779,FF,778063,2025-05-04,BOS,16,11,95.9
592779,FF,778011,2025-05-07,BAL,17,7,95.09
592779,FF,777924,2025-05-14,BAL,29,13,95.44
592779,FF,777898,2025-05-16,MIL,17,10,95.62
592779,FF,777865,2025-05-18,MIL,15,9,95.51
592779,FF,777799,2025-05-23,KC,3,3,96.97
592779,FF,777788,2025-05-24,KC,7,3,96.27
592779,FF,777762,2025-05-26,TB,11,7,95.47
592779,FF,777713,2025-05-30,SEA,17,11,95.52
592779,FF,777695,2025-05-31,SEA,11,5,96.3
592779,FF,777669,2025-06-02,ATH,12,7,96.29
592779,FF,777643,2025-06-04,ATH,15,7,96.07
592779,FF,777585,2025-06-08,TOR,14,9,96.71
592779,FF,777556,2025-06-11,TEX,13,7,95.37
592779,FF,777494,2025-06-15,HOU,10,4,96.42
592779,FF,777478,2025-06-17,CIN,33,20,96.61
592779,FF,777412,2025-06-21,MIL,11,4,95.6
592779,FF,777401,2025-06-22,MIL,18,8,97.36
592779,FF,777375,2025-06-24,SEA,11,6,95.68
592779,FF,777356,2025-06-26,SEA,13,6,95.85
592779,FF,777314,2025-06-29,DET,14,4,96.48
592779,FF,777275,2025-07-02,MIA,15,6,95.7
592779,FF,777247,2025-07-04,TB,23,10,96.05
592779,FF,777220,2025-07-06,TB,12,8,95.12
592779,FF,777190,2025-07-08,CHC,6,4,96.8
592779,FF,777173,2025-07-09,CHC,7,6,96.82
592779,FF,777148,2025-07-11,PIT,2,1,96.5
592779,FF,777113,2025-07-13,PIT,13,7,95.91
592779,FF,777080,2025-07-19,COL,9,6,96.7
592779,FF,777039,2025-07-22,LAD,12,6,97.62
592779,FF,777022,2025-07-23,LAD,18,9,97.22
592779,FF,776979,2025-07-27,WSH,9,6,96.9
592779,FF,776961,2025-07-28,BOS,16,10,97.41
592779,FF,776889,2025-08-03,TB,14,9,97.19
592779,FF,776870,2025-08-04,STL,21,13,96.85
592779,FF,776839,2025-08-06,STL,18,8,96.94
592779,FF,776808,2025-08-09,TOR,19,7,96.97
621139,FF,777791,2025-05-24,CIN,25,15,92.84
621139,FF,777075,2025-07-20,BOS,12,5,93.36
621139,FF,777031,2025-07-23,KC,32,8,94.01
621139,FF,776956,2025-07-29,MIL,13,7,93.57
621139,FF,776859,2025-08-06,DET,14,7,93.04
621139,FF,776827,2025-08-08,KC,16,4,94.18
621139,FF,776796,2025-08-10,KC,17,6,93.48
621139,FF,776790,2025-08-11,NYY,16,3,93.33
621139,FF,776744,2025-08-14,DET,10,3,93.17
621139,FF,776716,2025-08-16,DET,29,13,94.19
621139,FF,776665,2025-08-20,ATH,15,6,93.47
621139,FF,776653,2025-08-21,ATH,10,4,93.12
621139,FF,776596,2025-08-25,TOR,37,14,92.71
621139,FF,776530,2025-08-30,SD,39,9,93.73
621139,FF,776484,2025-09-02,CWS,22,10,93.79
621139,FF,776434,2025-09-06,KC,36,19,93.06
623437,SI,778440,2025-04-05,HOU,17,8,93.5
623437,SI,778419,2025-04-06,HOU,10,5,93.12
623437,SI,778363,2025-04-11,DET,37,9,94.44
623437,SI,778324,2025-04-14,NYM,21,6,93.18
623437,SI,778267,2025-04-19,ATL,24,7,95.06
623437,SI,778201,2025-04-23,CWS,6,3,93.77
623437,SI,778186,2025-04-25,LAA,15,5,93.68
623437,SI,778144,2025-04-27,LAA,27,19,93.76
623437,SI,778108,2025-05-01,CLE,11,4,93.85
623437,SI,778007,2025-05-08,BAL,7,3,93.57
623437,SI,777938,2025-05-14,BAL,11,7,94.09
623437,SI,777883,2025-05-17,MIL,23,9,94.28
623437,SI,777865,2025-05-18,MIL,5,5,93.44
623437,SI,777788,2025-05-24,KC,34,16,93.6
623437,SI,777762,2025-05-26,TB,17,10,93.96
623437,SI,777695,2025-05-31,SEA,10,6,94.43
623437,SI,777669,2025-06-02,ATH,11,5,93.68
623437,SI,777658,2025-06-03,ATH,10,3,94.27
623437,SI,777615,2025-06-06,TOR,15,7,94.26
623437,SI,777557,2025-06-10,TEX,24,10,94.51
623437,SI,777527,2025-06-13,HOU,16,7,94.64
623437,SI,777478,2025-06-17,CIN,17,7,94.0
623437,SI,777452,2025-06-19,CIN,17,7,93.41
623437,SI,777434,2025-06-20,MIL,22,10,93.93
623437,SI,777401,2025-06-22,MIL,5,3,94.97
623437,SI,777356,2025-06-26,SEA,8,3,93.83
623437,SI,777314,2025-06-29,DET,30,8,94.05
623437,SI,777263,2025-07-03,MIA,16,6,94.12
623437,SI,777220,2025-07-06,TB,15,2,93.45
623437,SI,777166,2025-07-10,CHC,17,6,94.22
623437,SI,777134,2025-07-12,PIT,30,13,94.15
623437,SI,777102,2025-07-18,COL,17,4,94.55
623437,SI,777080,2025-07-19,COL,16,7,94.27
623437,SI,776997,2025-07-26,WSH,27,9,95.31
623437,SI,776961,2025-07-28,BOS,16,6,94.37
623437,SI,776935,2025-07-30,BOS,22,6,93.75
623437,SI,776924,2025-08-01,CLE,13,3,94.43
623437,SI,776892,2025-08-03,CLE,15,5,94.3
623437,SI,776861,2025-08-05,DET,15,9,94.73
623437,SI,776816,2025-08-09,KC,15,5,95.94
623437,SI,776796,2025-08-10,KC,20,2,95.95
623437,SI,776760,2025-08-13,NYY,26,9,95.89
623437,SI,776716,2025-08-16,DET,27,7,95.14
623437,SI,776665,2025-08-20,ATH,20,1,95.2
623437,SI,776639,2025-08-22,CWS,32,9,94.78
623437,SI,776582,2025-08-26,TOR,26,6,94.12
623437,SI,776541,2025-08-29,SD,24,8,94.11
623437,SI,776502,2025-09-01,CWS,17,9,94.06
623437,SI,776469,2025-09-03,CWS,18,2,93.5
623437,SI,776446,2025-09-05,KC,13,7,93.84
623437,SI,776422,2025-09-07,KC,28,3,93.97
641154,FF,778474,2025-04-02,CWS,97,47,95.02
641154,FF,778400,2025-04-08,KC,77,37,94.69
641154,FF,778186,2025-04-25,LAA,101,32,94.31
641154,FF,778116,2025-04-30,CLE,90,43,94.05
641154,FF,778028,2025-05-06,BAL,98,48,94.3
641154,FF,777956,2025-05-11,SF,91,40,94.23
641154,FF,777883,2025-05-17,MIL,95,46,95.37
641154,FF,777799,2025-05-23,KC,102,38,94.64
641154,FF,777732,2025-05-28,TB,95,38,93.5
641154,FF,777658,2025-06-03,ATH,72,25,94.36
641154,FF,776446,2025-09-05,KC,92,30,94.34
641154,FF,776355,2025-09-12,AZ,98,37,94.62
641154,FF,776263,2025-09-19,CLE,61,21,93.89
641672,FF,776859,2025-08-06,DET,56,9,93.72
641672,FF,776774,2025-08-12,NYY,99,12,93.69
641672,FF,776700,2025-08-17,DET,81,8,92.62
641672,FF,776619,2025-08-23,CWS,54,5,92.82
641672,FF,776567,2025-08-27,TOR,26,4,93.72
641672,FF,776484,2025-09-02,CWS,64,5,93.98
641672,FF,776434,2025-09-06,KC,66,10,92.26
641672,FF,776390,2025-09-09,LAA,23,3,93.9
641672,FF,776324,2025-09-14,AZ,17,2,93.8
641672,FF,776298,2025-09-16,NYY,28,3,93.83
641672,FF,777839,2025-09-20,CLE,52,9,93.16
641927,FF,778440,2025-04-05,HOU,84,34,90.75
641927,FF,778373,2025-04-10,KC,73,25,90.63
641927,FF,778307,2025-04-15,NYM,77,22,90.97
641927,FF,778216,2025-04-22,CWS,86,32,90.74
641927,FF,778139,2025-04-28,CLE,101,40,90.26
641927,FF,778073,2025-05-03,BOS,94,34,90.64
641927,FF,778007,2025-05-08,BAL,91,35,90.35
641927,FF,777924,2025-05-14,BAL,102,41,91.0
641927,FF,777861,2025-05-19,CLE,41,11,90.9
641927,FF,777772,2025-05-25,KC,89,37,90.6
641927,FF,777695,2025-05-31,SEA,97,39,89.62
641927,FF,777615,2025-06-06,TOR,87,29,89.31
641927,FF,777533,2025-06-12,TEX,98,30,90.17
641927,FF,777474,2025-06-18,CIN,88,36,90.68
641927,FF,777388,2025-06-23,SEA,102,50,90.45
641927,FF,777324,2025-06-28,DET,96,37,90.58
641927,FF,776905,2025-08-02,CLE,91,33,91.24
641927,FF,776816,2025-08-09,KC,89,32,91.27
641927,FF,776744,2025-08-14,DET,89,30,90.31
641927,FF,776665,2025-08-20,ATH,82,23,89.31
641927,FF,776582,2025-08-26,TOR,96,29,88.88
641927,FF,776502,2025-09-01,CWS,69,22,89.85
641927,FF,776422,2025-09-07,KC,85,24,89.36
641927,FF,776324,2025-09-14,AZ,101,26,90.0
641927,FF,776243,2025-09-20,CLE,90,30,89.36
641927,FF,776183,2025-09-25,TEX,78,30,88.42
656240,FF,778412,2025-04-07,KC,31,15,93.29
656240,FF,778363,2025-04-11,DET,36,12,93.47
656240,FF,778317,2025-04-15,CLE,26,9,93.07
656240,FF,778276,2025-04-18,CIN,39,12,94.74
656240,FF,778229,2025-04-22,STL,45,16,92.8
656240,FF,778162,2025-04-26,AZ,15,5,92.42
656240,FF,778120,2025-04-29,COL,16,10,92.53
656240,FF,778076,2025-05-03,LAD,21,11,93.48
656240,FF,778003,2025-05-08,CIN,18,5,94.56
656240,FF,777985,2025-05-10,PIT,15,6,95.05
656240,FF,777876,2025-05-18,BOS,15,9,93.94
656240,FF,777803,2025-05-24,SD,18,9,93.73
656240,FF,777735,2025-05-29,PHI,47,19,92.78
656240,FF,777672,2025-06-03,AZ,2,1,92.7
656240,FF,777640,2025-06-05,AZ,29,10,93.9
656240,FF,777588,2025-06-08,ATH,15,5,93.22
656240,FF,777573,2025-06-10,DET,21,7,93.6
656240,FF,777501,2025-06-15,LAA,35,12,93.27
656240,FF,777463,2025-06-18,TB,30,11,93.13
656240,FF,777438,2025-06-20,NYY,19,9,94.39
656240,FF,777422,2025-06-21,NYY,27,15,93.94
656240,FF,777365,2025-06-25,TEX,37,16,92.72
656240,FF,777330,2025-06-28,TB,48,14,92.81
656240,FF,777282,2025-07-01,TEX,13,5,92.06
656240,FF,777237,2025-07-05,ATL,22,8,94.51
656240,FF,777141,2025-07-12,MIA,16,5,92.34
657746,FF,778462,2025-04-03,HOU,83,56,92.26
657746,FF,778388,2025-04-09,KC,85,44,93.09
657746,FF,778324,2025-04-14,NYM,100,54,92.7
657746,FF,778249,2025-04-20,ATL,93,50,92.62
657746,FF,778144,2025-04-27,LAA,94,51,93.75
657746,FF,778089,2025-05-02,BOS,92,50,94.23
657746,FF,777974,2025-05-10,SF,76,52,92.36
657746,FF,777898,2025-05-16,MIL,99,51,94.09
657746,FF,777861,2025-05-19,CLE,89,38,91.49
657746,FF,777746,2025-05-27,TB,85,38,94.4
657746,FF,777669,2025-06-02,ATH,97,49,94.6
657746,FF,777585,2025-06-08,TOR,92,41,94.32
657746,FF,777510,2025-06-14,HOU,93,33,94.14
657746,FF,777434,2025-06-20,MIL,101,61,93.61
657746,FF,777363,2025-06-25,SEA,93,36,93.31
657746,FF,777293,2025-07-01,MIA,88,42,93.74
657746,FF,777220,2025-07-06,TB,97,49,94.65
657746,FF,777148,2025-07-11,PIT,86,35,94.28
657746,FF,777072,2025-07-20,COL,88,61,93.95
657746,FF,776997,2025-07-26,WSH,87,40,94.04
657746,FF,776924,2025-08-01,CLE,98,53,92.8
657746,FF,776827,2025-08-08,KC,87,33,93.39
657746,FF,776760,2025-08-13,NYY,102,55,95.04
657746,FF,776674,2025-08-19,ATH,87,45,93.91
657746,FF,776596,2025-08-25,TOR,93,33,93.71
657746,FF,776513,2025-08-31,SD,104,50,94.92
657746,FF,776434,2025-09-06,KC,62,26,93.23
657746,FF,776337,2025-09-13,AZ,93,36,93.91
657746,FF,777839,2025-09-20,CLE,75,52,93.37
657746,FF,776176,2025-09-26,PHI,90,38,95.17
663485,FF,778490,2025-04-01,CWS,13,5,93.96
663485,FF,778440,2025-04-05,HOU,11,3,94.8
663485,FF,778419,2025-04-06,HOU,10,5,94.96
663485,FF,778400,2025-04-08,KC,15,4,95.5
663485,FF,778373,2025-04-10,KC,24,7,94.29
663485,FF,778335,2025-04-13,DET,17,4,94.7
663485,FF,778307,2025-04-15,NYM,15,3,94.3
663485,FF,778284,2025-04-18,ATL,13,2,95.5
663485,FF,778201,2025-04-23,CWS,17,4,94.8
663485,FF,778186,2025-04-25,LAA,13,2,93.65
663485,FF,778108,2025-05-01,CLE,18,5,94.42
663485,FF,778073,2025-05-03,BOS,12,1,95.3
663485,FF,778028,2025-05-06,BAL,10,3,94.6
663485,FF,778007,2025-05-08,BAL,13,6,95.25
663485,FF,777974,2025-05-10,SF,15,6,95.13
663485,FF,777938,2025-05-14,BAL,8,6,94.77
663485,FF,777898,2025-05-16,MIL,11,2,94.9
663485,FF,777865,2025-05-18,MIL,21,6,94.1
663485,FF,777829,2025-05-21,CLE,20,5,94.56
663485,FF,777799,2025-05-23,KC,14,6,94.43
663485,FF,777772,2025-05-25,KC,12,4,94.88
663485,FF,777732,2025-05-28,TB,15,3,94.87
663485,FF,777713,2025-05-30,SEA,21,7,94.69
663485,FF,777695,2025-05-31,SEA,6,3,96.0
663485,FF,777658,2025-06-03,ATH,25,6,95.15
663485,FF,777615,2025-06-06,TOR,9,6,95.02
663485,FF,777585,2025-06-08,TOR,17,2,94.4
663485,FF,777533,2025-06-12,TEX,26,8,94.74
663485,FF,777478,2025-06-17,CIN,17,3,94.83
663485,FF,777452,2025-06-19,CIN,13,3,94.47
663485,FF,777412,2025-06-21,MIL,31,13,94.45
663485,FF,777356,2025-06-26,SEA,31,6,94.87
663485,FF,777324,2025-06-28,DET,12,4,94.82
663485,FF,777247,2025-07-04,TB,5,3,94.9
663485,FF,777230,2025-07-05,TB,19,4,95.15
663485,FF,777190,2025-07-08,CHC,12,1,94.8
663485,FF,777134,2025-07-12,PIT,19,7,94.5
663485,FF,777102,2025-07-18,COL,22,4,94.98
663485,FF,777051,2025-07-21,LAD,28,13,95.3
663485,FF,776979,2025-07-27,WSH,27,6,95.17
663485,FF,776954,2025-07-29,BOS,8,1,94.9
663485,FF,776935,2025-07-30,BOS,23,8,95.0
663485,FF,776924,2025-08-01,CLE,20,6,95.3
663485,FF,776892,2025-08-03,CLE,21,4,95.88
663485,FF,776861,2025-08-05,DET,25,6,95.63
663485,FF,776827,2025-08-08,KC,9,2,94.9
663485,FF,776796,2025-08-10,KC,9,1,94.4
663485,FF,776774,2025-08-12,NYY,16,5,96.0
663485,FF,776744,2025-08-14,DET,25,6,95.3
663485,FF,776700,2025-08-17,DET,14,6,95.33
663485,FF,776665,2025-08-20,ATH,17,5,95.26
663485,FF,776639,2025-08-22,CWS,14,2,95.6
663485,FF,776582,2025-08-26,TOR,23,5,95.96
663485,FF,776567,2025-08-27,TOR,17,4,96.28
663485,FF,776541,2025-08-29,SD,17,4,95.2
663485,FF,776469,2025-09-03,CWS,24,5,95.06
663485,FF,776422,2025-09-07,KC,14,4,95.08
663485,FF,776376,2025-09-10,LAA,18,6,95.67
663485,FF,776355,2025-09-12,AZ,21,5,95.98
663485,FF,776337,2025-09-13,AZ,26,4,95.42
663485,FF,776284,2025-09-17,NYY,15,2,95.95
663485,FF,776263,2025-09-19,CLE,25,6,95.2
663485,FF,776225,2025-09-21,CLE,20,7,95.4
663485,FF,776210,2025-09-23,TEX,9,2,94.2
663485,FF,776183,2025-09-25,TEX,12,1,94.4
663485,FF,776141,2025-09-28,PHI,11,1,95.7
663562,SI,778205,2025-04-23,CHC,20,8,93.89
663562,SI,778176,2025-04-25,PIT,32,15,93.41
663562,SI,777682,2025-06-01,NYY,31,11,95.04
663562,SI,777235,2025-07-04,HOU,47,12,95.52
663562,SI,776935,2025-07-30,BOS,31,13,94.28
663562,SI,776874,2025-08-04,DET,28,11,95.03
663562,SI,776484,2025-09-02,CWS,32,11,94.32
663562,SI,776462,2025-09-04,CWS,23,12,93.99
663978,FF,778419,2025-04-06,HOU,68,33,93.83
663978,FF,778348,2025-04-12,DET,93,47,93.81
663978,FF,778284,2025-04-18,ATL,88,53,94.5
663978,FF,778189,2025-04-24,CWS,99,51,92.86
663978,FF,778129,2025-04-29,CLE,76,36,93.59
663978,FF,778063,2025-05-04,BOS,94,49,92.97
663978,FF,777992,2025-05-09,SF,83,43,94.98
663978,FF,777911,2025-05-15,BAL,89,42,92.93
663978,FF,777829,2025-05-21,CLE,91,36,93.38
663978,FF,777762,2025-05-26,TB,90,36,93.73
663978,FF,777680,2025-06-01,SEA,110,52,93.52
663978,FF,777600,2025-06-07,TOR,86,33,93.73
663978,FF,777527,2025-06-13,HOU,85,25,93.83
663978,FF,777452,2025-06-19,CIN,82,28,91.38
663978,FF,777375,2025-06-24,SEA,80,40,94.12
663978,FF,777314,2025-06-29,DET,91,37,95.32
663978,FF,777247,2025-07-04,TB,87,36,94.06
663978,FF,777166,2025-07-10,CHC,98,37,93.55
663978,FF,777102,2025-07-18,COL,97,48,94.92
663978,FF,777022,2025-07-23,LAD,78,33,94.55
663978,FF,776940,2025-07-30,AZ,84,34,93.84
663978,FF,776861,2025-08-05,MIN,57,20,93.46
663978,FF,776781,2025-08-11,CWS,76,34,93.16
663978,FF,776700,2025-08-17,MIN,91,31,92.84
663978,FF,776625,2025-08-23,KC,62,27,93.7
663978,FF,776540,2025-08-29,KC,58,20,93.38
663978,FF,776490,2025-09-02,NYM,41,10,93.38
663978,FF,776398,2025-09-09,NYY,35,18,94.36
663978,FF,776366,2025-09-12,MIA,28,7,93.5
663978,FF,776296,2025-09-17,CLE,7,4,95.72
663978,FF,776268,2025-09-19,ATL,68,16,93.17
663978,FF,776151,2025-09-28,BOS,104,49,92.63
664948,FC,777166,2025-07-10,CHC,29,18,88.4
664948,FC,777134,2025-07-12,PIT,39,25,87.87
664948,FC,777080,2025-07-19,COL,21,9,86.03
664948,FC,777039,2025-07-22,LAD,11,5,87.62
664948,FC,776141,2025-09-28,PHI,15,7,86.77
680573,FF,778490,2025-04-01,CWS,82,33,91.65
680573,FF,778412,2025-04-07,KC,107,48,92.2
680573,FF,778335,2025-04-13,DET,78,33,93.83
680573,FF,778267,2025-04-19,ATL,85,48,93.99
680573,FF,778166,2025-04-26,LAA,86,47,93.15
680573,FF,778108,2025-05-01,CLE,98,38,93.24
680573,FF,778011,2025-05-07,BAL,61,27,93.4
680573,FF,777938,2025-05-14,BAL,87,52,93.05
680573,FF,777557,2025-06-10,TEX,94,43,93.17
680573,FF,777494,2025-06-15,HOU,52,16,93.68
680573,FF,777412,2025-06-21,MIL,92,39,93.22
680573,FF,777356,2025-06-26,SEA,80,34,93.75
680573,FF,777275,2025-07-02,MIA,72,40,94.08
680573,FF,777190,2025-07-08,CHC,52,25,93.68
680573,FF,777113,2025-07-13,PIT,70,33,93.27
680573,FF,777039,2025-07-22,LAD,56,34,93.5
680573,FF,776961,2025-07-28,BOS,95,60,93.87
680573,FF,776567,2025-08-27,TOR,60,30,93.56
680573,FF,776484,2025-09-02,CWS,76,34,92.58
680573,FF,776411,2025-09-08,LAA,85,37,93.35
680573,FF,776313,2025-09-15,NYY,79,32,93.14
680573,FF,776225,2025-09-21,CLE,75,33,91.7
680573,FF,776141,2025-09-28,PHI,75,38,92.55
681892,SI,778348,2025-04-12,DET,43,9,92.73
681892,SI,778324,2025-04-14,NYM,36,11,92.2
681892,SI,777938,2025-05-14,BAL,17,5,93.14
681892,SI,777829,2025-05-21,CLE,11,3,90.57
681892,SI,777762,2025-05-26,TB,31,9,92.86
681892,SI,777732,2025-05-28,TB,19,11,93.17
681892,SI,777669,2025-06-02,ATH,17,5,92.98
681892,SI,777636,2025-06-05,ATH,40,9,92.63
681892,SI,777263,2025-07-03,MIA,13,1,94.4
681892,SI,776997,2025-07-26,WSH,39,8,93.65
681892,SI,776954,2025-07-29,BOS,38,21,94.15
681892,SI,776924,2025-08-01,CLE,11,5,93.9
681892,SI,776892,2025-08-03,CLE,35,15,93.68
681892,SI,776859,2025-08-06,DET,12,8,92.71
681892,SI,776796,2025-08-10,KC,9,3,93.6
681892,SI,776774,2025-08-12,NYY,13,1,93.5
681892,SI,776760,2025-08-13,NYY,6,1,94.3
681892,SI,776744,2025-08-14,DET,13,5,92.38
681892,SI,776716,2025-08-16,DET,10,3,93.37
681892,SI,776665,2025-08-20,ATH,7,3,93.93
681892,SI,776639,2025-08-22,CWS,21,7,93.31
681892,SI,776582,2025-08-26,TOR,15,4,94.05
681892,SI,776567,2025-08-27,TOR,18,9,93.67
681892,SI,776541,2025-08-29,SD,23,11,93.95
681892,SI,776502,2025-09-01,CWS,31,7,92.79
681892,SI,776469,2025-09-03,CWS,11,5,93.56
681892,SI,776446,2025-09-05,KC,15,7,94.09
681892,SI,776422,2025-09-07,KC,22,5,93.72
681892,SI,776355,2025-09-12,AZ,7,4,91.75
681892,SI,776337,2025-09-13,AZ,15,4,93.68
681892,SI,776313,2025-09-15,NYY,16,4,94.42
681892,SI,776284,2025-09-17,NYY,10,1,93.9
681892,SI,776263,2025-09-19,CLE,20,6,93.35
681892,SI,776225,2025-09-21,CLE,14,4,93.7
681892,SI,776210,2025-09-23,TEX,11,5,93.94
681892,SI,776183,2025-09-25,TEX,14,3,93.03
681892,SI,776163,2025-09-27,PHI,31,15,92.75
701487,FF,776954,2025-07-29,BOS,72,34,91.95
701487,FF,776905,2025-08-02,CLE,52,19,92.6
701487,FF,776859,2025-08-06,DET,61,26,91.03
701487,FF,776796,2025-08-10,KC,36,17,92.11
701487,FF,776732,2025-08-15,DET,67,40,91.32
701487,FF,776674,2025-08-19,ATH,51,22,91.86
701487,FF,776607,2025-08-24,CWS,45,19,91.79
701487,FF,776390,2025-09-09,LAA,43,19,92.33
701487,FF,776337,2025-09-13,AZ,35,13,91.89
701487,FF,776313,2025-09-15,NYY,14,5,93.16
701487,FF,776284,2025-09-17,NYY,13,5,91.84
701487,FF,776225,2025-09-21,CLE,9,3,91.9
701487,FF,776183,2025-09-25,TEX,20,7,91.91
701487,FF,776163,2025-09-27,PHI,21,9,93.24
701519,FF,777230,2025-07-05,TB,68,20,94.44
701519,FF,777134,2025-07-12,PIT,67,17,94.01
701519,FF,777102,2025-07-18,COL,18,8,95.22
701519,FF,776979,2025-07-27,WSH,83,26,94.25
701519,FF,776874,2025-08-04,DET,63,19,94.88
701519,FF,776827,2025-08-08,KC,43,12,94.66
701519,FF,776774,2025-08-12,NYY,70,14,94.89
701519,FF,776716,2025-08-16,DET,47,18,94.81
701519,FF,776502,2025-09-01,CWS,6,1,94.7
701519,FF,776462,2025-09-04,CWS,31,11,95.15
701519,FF,776411,2025-09-08,LAA,38,4,94.15
701519,FF,776355,2025-09-12,AZ,17,6,94.73
701519,FF,776313,2025-09-15,NYY,29,12,95.44
701519,FF,776284,2025-09-17,NYY,14,4,95.05
701519,FF,776225,2025-09-21,CLE,14,6,95.92
701519,FF,776192,2025-09-24,TEX,16,5,94.18
701519,FF,776176,2025-09-26,PHI,30,7,95.94
701519,FF,776141,2025-09-28,PHI,9,5,95.26
701581,FF,778363,2025-04-11,DET,64,28,95.28
701581,FF,778299,2025-04-16,NYM,76,28,94.54
701581,FF,778201,2025-04-23,CWS,84,30,94.65
701581,FF,777636,2025-06-05,ATH,80,22,94.79
701581,FF,777556,2025-06-11,TEX,86,28,94.52
701581,FF,777478,2025-06-17,CIN,81,29,94.0
701581,FF,777401,2025-06-22,MIL,96,25,93.5
701581,FF,777334,2025-06-27,DET,75,19,93.84
701581,FF,777263,2025-07-03,MIA,87,28,92.92
701581,FF,777173,2025-07-09,CHC,72,15,93.77
701581,FF,777051,2025-07-21,LAD,81,26,93.17
805673,FF,777865,2025-05-18,MIL,71,43,96.5
805673,FF,777788,2025-05-24,KC,81,38,96.82
805673,FF,777713,2025-05-30,SEA,94,39,96.59
805673,FF,777643,2025-06-04,ATH,77,24,95.38
805673,FF,777080,2025-07-19,COL,77,32,96.9
805673,FF,777011,2025-07-25,WSH,81,37,97.4
805673,FF,776935,2025-07-30,BOS,74,37,96.07
805673,FF,776861,2025-08-05,DET,86,32,96.54
805673,FF,776790,2025-08-11,NYY,99,33,96.76
805673,FF,776716,2025-08-16,DET,92,40,96.26
805673,FF,776639,2025-08-22,CWS,93,34,94.86
805673,FF,776541,2025-08-29,SD,96,35,95.41
805673,FF,776469,2025-09-03,CWS,84,33,95.83
805673,FF,776390,2025-09-09,LAA,97,40,96.21
805673,FF,776298,2025-09-16,NYY,61,20,96.42
805673,FF,776210,2025-09-23,TEX,90,40,95.72
548384,SI,777092,2025-07-19,CIN,11,2,91.35
548384,SI,777061,2025-07-21,LAA,12,3,90.13
548384,SI,777034,2025-07-23,LAA,29,5,89.78
548384,SI,776974,2025-07-27,SF,8,1,91.3
548384,SI,776931,2025-07-30,SD,16,7,91.57
548384,SI,776911,2025-08-02,SF,16,7,89.99
548384,SI,776876,2025-08-04,CLE,3,1,88.9
548384,SI,776863,2025-08-05,CLE,14,1,89.2
548384,SI,776828,2025-08-08,MIL,18,6,90.88
548384,SI,776799,2025-08-10,MIL,16,8,90.81
548384,SI,776736,2025-08-15,SEA,17,7,91.31
548384,SI,776707,2025-08-17,SEA,21,7,91.54
548384,SI,776650,2025-08-21,WSH,14,4,90.48
548384,SI,776624,2025-08-24,ATL,8,1,89.3
548384,SI,776598,2025-08-25,PHI,11,1,91.9
548384,SI,776566,2025-08-27,PHI,14,5,91.04
548384,SI,776535,2025-08-30,MIA,15,2,89.35
548384,SI,776501,2025-09-01,DET,15,2,89.95
548384,SI,776450,2025-09-05,CIN,12,1,91.9
548384,SI,776405,2025-09-08,PHI,6,3,90.63
548384,SI,776349,2025-09-13,TEX,13,3,90.63
548384,SI,776335,2025-09-14,TEX,12,4,90.15
548384,SI,776276,2025-09-18,SD,15,4,90.75
548384,SI,776259,2025-09-19,WSH,13,4,90.02
548384,SI,776187,2025-09-25,CHC,14,2,90.55
548384,SI,776161,2025-09-27,MIA,13,1,91.6
548384,SI,776148,2025-09-28,MIA,10,2,89.15
592773,FF,778481,2025-04-02,MIA,12,5,99.36
592773,FF,778416,2025-04-07,MIA,9,4,98.2
592773,FF,778390,2025-04-09,MIA,14,10,97.54
592773,FF,778358,2025-04-11,ATH,9,6,97.2
592773,FF,778324,2025-04-14,MIN,23,17,97.29
592773,FF,778299,2025-04-16,MIN,21,10,98.08
592773,FF,778270,2025-04-18,STL,15,10,98.61
592773,FF,778244,2025-04-20,STL,18,15,97.79
592773,FF,778223,2025-04-22,PHI,20,14,98.46
592773,FF,778183,2025-04-25,WSH,13,9,98.16
592773,FF,778153,2025-04-27,WSH,12,10,99.51
592773,FF,778117,2025-04-30,AZ,13,10,98.62
592773,FF,778084,2025-05-02,STL,5,5,98.18
592773,FF,778068,2025-05-04,STL,15,11,98.05
592773,FF,778014,2025-05-07,AZ,8,6,99.23
592773,FF,778001,2025-05-09,CHC,9,4,97.8
592773,FF,777968,2025-05-11,CHC,10,8,99.15
592773,FF,777943,2025-05-13,PIT,17,13,98.73
592773,FF,777878,2025-05-18,NYY,27,24,99.92
592773,FF,777808,2025-05-23,LAD,6,3,96.87
592773,FF,777773,2025-05-25,LAD,6,3,97.83
592773,FF,777737,2025-05-28,CWS,18,15,97.47
592773,FF,777675,2025-06-02,LAD,22,13,98.55
592773,FF,777638,2025-06-04,LAD,22,7,98.79
592773,FF,777616,2025-06-06,COL,18,8,98.76
592773,FF,777544,2025-06-12,WSH,14,8,99.09
592773,FF,777518,2025-06-14,TB,12,6,98.65
592773,FF,777502,2025-06-15,TB,18,13,97.83
592773,FF,777423,2025-06-21,PHI,13,8,99.09
592773,FF,777389,2025-06-23,ATL,27,10,98.92
592773,FF,777369,2025-06-25,ATL,14,8,98.56
592773,FF,777352,2025-06-26,ATL,7,4,98.65
592773,FF,777276,2025-07-02,MIL,17,11,98.75
592773,FF,777257,2025-07-03,MIL,13,5,98.38
592773,FF,777241,2025-07-05,NYY,29,19,99.35
592773,FF,777165,2025-07-10,BAL,28,17,98.36
592773,FF,777092,2025-07-19,CIN,13,6,99.43
592773,FF,777087,2025-07-20,CIN,19,10,97.11
592773,FF,777054,2025-07-22,LAA,13,7,97.97
592773,FF,776985,2025-07-26,SF,10,6,97.73
592773,FF,776959,2025-07-28,SD,10,7,98.31
592773,FF,776931,2025-07-30,SD,14,10,98.91
592773,FF,776926,2025-08-01,SF,20,14,98.5
592773,FF,776887,2025-08-03,SF,28,19,99.31
592773,FF,776828,2025-08-08,MIL,5,5,99.26
592773,FF,776817,2025-08-09,MIL,14,12,99.58
592773,FF,776736,2025-08-15,SEA,4,2,98.5
592773,FF,776678,2025-08-19,WSH,12,6,98.37
592773,FF,776650,2025-08-21,WSH,33,19,98.44
592773,FF,776598,2025-08-25,PHI,19,11,98.04
592773,FF,776558,2025-08-28,MIA,20,10,98.25
592773,FF,776548,2025-08-29,MIA,8,4,97.5
592773,FF,776501,2025-09-01,DET,13,9,98.74
592773,FF,776490,2025-09-02,DET,4,4,96.25
592773,FF,776450,2025-09-05,CIN,12,6,99.63
592773,FF,776439,2025-09-06,CIN,14,10,98.68
592773,FF,776384,2025-09-10,PHI,31,17,98.79
592773,FF,776359,2025-09-12,TEX,15,13,97.48
592773,FF,776335,2025-09-14,TEX,15,8,99.64
592773,FF,776288,2025-09-17,SD,17,9,99.59
592773,FF,776259,2025-09-19,WSH,8,3,98.57
592773,FF,776209,2025-09-23,CHC,25,12,99.41
592773,FF,776187,2025-09-25,CHC,11,5,97.8
592773,FF,776148,2025-09-28,MIA,8,3,100.6
593423,FF,777387,2025-06-24,ATL,80,27,96.17
593423,FF,777313,2025-06-29,PIT,86,26,94.97
593423,FF,777241,2025-07-05,NYY,76,20,96.46
593423,FF,777136,2025-07-12,KC,83,24,95.49
593423,FF,777054,2025-07-22,LAA,91,11,95.52
593423,FF,776959,2025-07-28,SD,83,27,95.34
593423,FF,776887,2025-08-03,SF,92,29,95.48
593423,FF,776817,2025-08-09,MIL,72,9,95.68
593423,FF,776736,2025-08-15,SEA,44,5,95.5
605280,FF,778481,2025-04-02,MIA,85,2,94.45
605280,FF,778407,2025-04-08,MIA,87,20,92.14
605280,FF,778324,2025-04-14,MIN,90,7,93.59
605280,FF,778244,2025-04-20,STL,91,15,92.91
605280,FF,778173,2025-04-26,WSH,64,1,94.0
605280,FF,778084,2025-05-02,STL,92,9,92.93
605280,FF,778001,2025-05-09,CHC,92,6,91.98
605280,FF,777919,2025-05-14,PIT,89,5,92.68
605280,FF,777758,2025-05-26,CWS,97,4,93.52
605280,FF,777686,2025-06-01,COL,83,16,93.21
605280,FF,777604,2025-06-07,COL,95,4,93.07
605280,FF,777528,2025-06-13,TB,73,2,92.85
605280,FF,777455,2025-06-19,ATL,97,2,95.3
605280,FF,777369,2025-06-25,ATL,84,3,94.93
605280,FF,777289,2025-07-02,MIL,89,6,94.15
605280,FF,777198,2025-07-08,BAL,87,3,93.9
605280,FF,777124,2025-07-13,KC,78,14,93.82
605280,FF,777092,2025-07-19,CIN,89,1,94.3
605280,FF,777004,2025-07-25,SF,104,5,92.5
605280,FF,776931,2025-07-30,SD,79,3,94.83
605280,FF,776772,2025-08-12,ATL,83,2,94.25
605280,FF,776707,2025-08-17,SEA,78,4,94.25
605280,FF,776626,2025-08-23,ATL,86,6,93.25
605280,FF,776558,2025-08-28,MIA,82,3,92.5
605280,FF,776478,2025-09-03,DET,78,1,93.9
605280,FF,776304,2025-09-16,SD,49,3,93.6
606965,FF,778117,2025-04-30,AZ,38,11,90.67
606965,FF,777700,2025-05-31,COL,15,3,92.73
606965,FF,777423,2025-06-21,PHI,13,2,93.75
606965,FF,777405,2025-06-22,PHI,14,6,93.53
606965,FF,777216,2025-07-06,NYY,26,6,93.63
606965,FF,777151,2025-07-11,KC,11,2,93.5
606965,FF,777136,2025-07-12,KC,21,2,93.45
606965,FF,777092,2025-07-19,CIN,14,1,92.9
606965,FF,777061,2025-07-21,LAA,21,3,91.67
606965,FF,776947,2025-07-29,SD,23,8,92.4
606965,FF,776535,2025-08-30,MIA,42,8,92.69
606965,FF,776259,2025-09-19,WSH,18,4,91.8
621242,FF,778481,2025-04-02,MIA,16,6,96.78
621242,FF,778446,2025-04-05,TOR,24,14,96.77
621242,FF,778435,2025-04-06,TOR,10,6,96.35
621242,FF,778390,2025-04-09,MIA,30,16,94.7
621242,FF,778358,2025-04-11,ATH,24,15,96.57
621242,FF,778299,2025-04-16,MIN,16,10,97.1
621242,FF,778278,2025-04-17,STL,18,11,95.74
621242,FF,778256,2025-04-19,STL,19,10,95.48
621242,FF,778225,2025-04-21,PHI,11,6,96.67
621242,FF,778203,2025-04-23,PHI,18,5,96.82
621242,FF,778173,2025-04-26,WSH,22,10,97.18
621242,FF,778068,2025-05-04,STL,14,9,97.73
621242,FF,778039,2025-05-05,AZ,13,6,97.15
621242,FF,777982,2025-05-10,CHC,11,6,96.78
621242,FF,777968,2025-05-11,CHC,10,4,96.52
621242,FF,777943,2025-05-13,PIT,18,9,96.53
621242,FF,777888,2025-05-17,NYY,17,7,98.54
621242,FF,777831,2025-05-21,BOS,16,5,97.24
621242,FF,777808,2025-05-23,LAD,12,5,95.82
621242,FF,777789,2025-05-24,LAD,16,10,97.02
621242,FF,777758,2025-05-26,CWS,11,7,95.96
621242,FF,777718,2025-05-30,COL,14,5,97.44
621242,FF,777686,2025-06-01,COL,17,12,97.38
621242,FF,777675,2025-06-02,LAD,19,9,98.56
621242,FF,777616,2025-06-06,COL,15,9,97.21
621242,FF,777570,2025-06-10,WSH,12,9,96.79
621242,FF,777544,2025-06-12,WSH,18,11,96.68
621242,FF,777489,2025-06-17,ATL,17,7,97.3
621242,FF,777389,2025-06-23,ATL,24,10,98.3
621242,FF,777369,2025-06-25,ATL,4,2,97.25
621242,FF,777352,2025-06-26,ATL,18,10,97.14
621242,FF,777276,2025-07-02,MIL,21,13,97.05
621242,FF,777257,2025-07-03,MIL,16,10,96.79
621242,FF,777241,2025-07-05,NYY,18,12,97.84
621242,FF,777198,2025-07-08,BAL,10,7,97.44
621242,FF,777136,2025-07-12,KC,22,12,96.77
621242,FF,777087,2025-07-20,CIN,16,7,97.13
621242,FF,777061,2025-07-21,LAA,14,9,97.12
621242,FF,777034,2025-07-23,LAA,25,6,97.1
621242,FF,776985,2025-07-26,SF,14,4,97.92
621242,FF,776974,2025-07-27,SF,25,21,97.95
621242,FF,776926,2025-08-01,SF,19,12,98.02
621242,FF,776876,2025-08-04,CLE,17,7,97.59
621242,FF,776799,2025-08-10,MIL,11,9,98.6
621242,FF,776748,2025-08-14,ATL,12,8,97.74
621242,FF,776726,2025-08-16,SEA,31,16,97.84
621242,FF,776626,2025-08-23,ATL,28,12,97.96
621242,FF,776585,2025-08-26,PHI,22,8,97.9
621242,FF,776535,2025-08-30,MIA,30,16,97.55
621242,FF,776501,2025-09-01,DET,11,8,97.7
621242,FF,776450,2025-09-05,CIN,30,18,97.48
621242,FF,776371,2025-09-11,PHI,14,8,97.65
621242,FF,776349,2025-09-13,TEX,25,13,96.84
621242,FF,776335,2025-09-14,TEX,7,6,97.38
621242,FF,776276,2025-09-18,SD,15,8,97.18
621242,FF,776252,2025-09-20,WSH,7,1,95.9
621242,FF,776237,2025-09-21,WSH,15,11,97.5
621242,FF,776209,2025-09-23,CHC,27,8,97.65
621242,FF,776187,2025-09-25,CHC,8,3,97.33
621242,FF,776161,2025-09-27,MIA,13,7,99.09
621242,FF,776148,2025-09-28,MIA,25,12,97.98
621345,FF,778481,2025-04-02,MIA,15,4,94.65
621345,FF,778465,2025-04-04,TOR,19,6,92.83
621345,FF,778435,2025-04-06,TOR,18,10,94.49
621345,FF,778407,2025-04-08,MIA,11,4,93.58
621345,FF,778358,2025-04-11,ATH,11,4,93.75
621345,FF,778333,2025-04-13,ATH,14,9,94.64
621345,FF,778299,2025-04-16,MIN,15,4,95.2
621345,FF,778278,2025-04-17,STL,9,5,94.78
621345,FF,778256,2025-04-19,STL,21,9,94.26
621345,FF,778223,2025-04-22,PHI,14,6,94.95
621345,FF,778183,2025-04-25,WSH,10,2,94.25
621345,FF,778173,2025-04-26,WSH,9,6,95.63
623211,FF,778481,2025-04-02,MIA,7,1,95.0
623211,FF,778446,2025-04-05,TOR,25,6,94.78
623211,FF,778407,2025-04-08,MIA,20,3,95.8
623211,FF,778390,2025-04-09,MIA,12,2,95.75
623211,FF,778324,2025-04-14,MIN,20,4,95.65
623211,FF,778299,2025-04-16,MIN,18,1,97.0
623211,FF,778270,2025-04-18,STL,15,2,96.8
623211,FF,778223,2025-04-22,PHI,18,6,96.1
623211,FF,778203,2025-04-23,PHI,13,1,96.5
623211,FF,778183,2025-04-25,WSH,19,7,96.0
623211,FF,778153,2025-04-27,WSH,25,1,95.4
623211,FF,778117,2025-04-30,AZ,26,3,96.07
623211,FF,778053,2025-05-04,STL,8,2,96.7
623211,FF,778039,2025-05-05,AZ,19,3,97.2
623211,FF,778014,2025-05-07,AZ,10,3,97.27
623211,FF,777982,2025-05-10,CHC,20,1,96.6
623211,FF,777878,2025-05-18,NYY,28,1,97.4
623211,FF,777831,2025-05-21,BOS,28,4,95.9
623211,FF,777808,2025-05-23,LAD,15,1,96.7
623211,FF,777758,2025-05-26,CWS,21,2,96.6
623211,FF,777718,2025-05-30,COL,18,2,97.6
623211,FF,777675,2025-06-02,LAD,32,4,96.48
623211,FF,777657,2025-06-03,LAD,22,2,97.25
623211,FF,777455,2025-06-19,ATL,27,2,97.15
623211,FF,777387,2025-06-24,ATL,24,6,96.72
623211,FF,777276,2025-07-02,MIL,19,6,96.82
623211,FF,777250,2025-07-04,NYY,19,2,95.8
623211,FF,777216,2025-07-06,NYY,26,6,97.08
623211,FF,777198,2025-07-08,BAL,11,1,98.3
623211,FF,777151,2025-07-11,KC,19,4,97.15
623211,FF,777087,2025-07-20,CIN,13,3,96.8
623211,FF,777034,2025-07-23,LAA,18,7,96.4
623211,FF,777004,2025-07-25,SF,21,1,97.9
623211,FF,776959,2025-07-28,SD,26,4,98.05
623211,FF,776359,2025-09-12,TEX,51,5,96.48
623211,FF,776209,2025-09-23,CHC,33,1,94.6
623211,FF,776173,2025-09-26,MIA,19,3,94.87
640455,FF,777124,2025-07-13,KC,65,43,93.0
640455,FF,777111,2025-07-18,CIN,69,51,91.9
640455,FF,777034,2025-07-23,LAA,82,52,90.68
640455,FF,776947,2025-07-29,SD,86,51,91.39
640455,FF,776876,2025-08-04,CLE,85,52,90.79
640455,FF,776799,2025-08-10,MIL,87,55,91.95
640455,FF,776736,2025-08-15,SEA,86,39,92.17
640455,FF,776650,2025-08-21,WSH,91,54,91.05
640455,FF,776585,2025-08-26,PHI,90,46,91.96
640455,FF,776501,2025-09-01,DET,83,61,92.35
640455,FF,776404,2025-09-09,PHI,96,48,91.62
640455,FF,776304,2025-09-16,SD,71,51,91.23
640455,FF,776237,2025-09-21,WSH,50,32,92.24
640455,FF,776205,2025-09-24,CHC,16,11,92.14
640455,FF,776148,2025-09-28,MIA,38,17,92.9
642397,FF,778483,2025-04-02,BOS,20,3,96.27
642397,FF,778413,2025-04-07,AZ,12,1,96.5
642397,FF,778344,2025-04-13,TOR,20,3,96.6
642397,FF,778301,2025-04-16,CLE,13,3,96.83
642397,FF,778262,2025-04-19,CIN,16,4,96.5
642397,FF,778193,2025-04-24,WSH,13,3,97.03
642397,FF,778140,2025-04-28,NYY,23,5,97.1
642397,FF,778028,2025-05-06,MIN,14,3,97.3
642397,FF,778007,2025-05-08,MIN,23,4,97.28
642397,FF,777860,2025-05-19,MIL,14,1,98.6
642397,FF,777815,2025-05-23,BOS,21,3,98.17
642397,FF,777809,2025-05-24,BOS,4,3,96.9
642397,FF,777785,2025-05-25,BOS,4,1,97.6
642397,FF,777684,2025-06-01,CWS,9,1,96.6
642397,FF,777613,2025-06-06,ATH,19,1,96.5
642397,FF,777599,2025-06-07,ATH,9,2,96.6
642397,FF,777562,2025-06-11,DET,8,1,97.3
642397,FF,777539,2025-06-13,LAA,8,1,96.9
642397,FF,777446,2025-06-19,TB,16,1,97.8
642397,FF,777380,2025-06-24,TEX,15,2,99.15
642397,FF,777282,2025-07-01,TEX,26,3,94.93
642397,FF,777237,2025-07-05,ATL,15,2,97.7
642397,FF,776772,2025-08-12,ATL,19,4,96.98
642397,FF,776659,2025-08-20,WSH,14,3,98.5
642397,FF,776535,2025-08-30,MIA,19,2,97.4
642397,FF,776501,2025-09-01,DET,11,1,97.3
642397,FF,776478,2025-09-03,DET,21,1,96.7
642397,FF,776384,2025-09-10,PHI,22,1,98.6
642397,FF,776359,2025-09-12,TEX,28,2,96.65
642397,FF,776173,2025-09-26,MIA,27,1,98.3
643361,FF,778130,2025-04-29,AZ,42,11,92.49
643361,FF,777298,2025-07-01,LAA,32,17,92.86
643361,FF,777061,2025-07-21,LAA,28,11,91.65
643361,FF,776558,2025-08-28,MIA,32,16,92.72
643361,FF,776490,2025-09-02,DET,45,23,91.03
643361,FF,776439,2025-09-06,CIN,22,12,92.64
643361,FF,776173,2025-09-26,MIA,15,5,90.72
656288,FF,778446,2025-04-05,TOR,89,32,92.92
656288,FF,778358,2025-04-11,ATH,85,29,93.47
656288,FF,778278,2025-04-17,STL,101,47,93.56
656288,FF,778223,2025-04-22,PHI,84,30,94.74
656288,FF,778138,2025-04-28,WSH,90,36,94.29
656288,FF,778039,2025-05-05,AZ,82,17,94.29
656288,FF,777968,2025-05-11,CHC,90,38,93.67
656288,FF,777888,2025-05-17,NYY,92,34,94.57
656288,FF,777808,2025-05-23,LAD,53,17,94.07
656288,FF,777737,2025-05-28,CWS,78,28,93.91
656288,FF,777638,2025-06-04,LAD,99,30,94.86
656288,FF,777570,2025-06-10,WSH,87,46,94.02
656288,FF,777502,2025-06-15,TB,89,27,93.84
656288,FF,777423,2025-06-21,PHI,94,22,95.15
656288,FF,777352,2025-06-26,ATL,36,15,95.13
656731,FF,778465,2025-04-04,TOR,82,29,95.28
656731,FF,778390,2025-04-09,MIA,89,44,94.99
656731,FF,778307,2025-04-15,MIN,95,39,95.56
656731,FF,778225,2025-04-21,PHI,92,47,94.72
656731,FF,778153,2025-04-27,WSH,104,44,95.76
656731,FF,778068,2025-05-04,STL,90,34,95.69
656731,FF,777982,2025-05-10,CHC,76,28,94.76
656731,FF,777904,2025-05-16,NYY,72,23,95.73
656731,FF,777831,2025-05-21,BOS,85,37,95.64
656731,FF,777749,2025-05-27,CWS,99,58,95.16
656731,FF,777657,2025-06-03,LAD,105,37,96.09
656731,FF,777583,2025-06-08,COL,82,30,95.01
656731,FF,777518,2025-06-14,TB,82,30,95.64
656849,FF,778435,2025-04-06,TOR,91,19,92.26
656849,FF,778346,2025-04-12,ATH,89,14,94.12
656849,FF,778270,2025-04-18,STL,99,35,92.87
656849,FF,778203,2025-04-23,PHI,89,17,92.78
656849,FF,778130,2025-04-29,AZ,85,8,92.05
656849,FF,778032,2025-05-06,AZ,104,42,92.95
656849,FF,777950,2025-05-12,PIT,100,32,91.72
656849,FF,777878,2025-05-18,NYY,101,16,91.91
656849,FF,777789,2025-05-24,LAD,99,13,91.79
656849,FF,777718,2025-05-30,COL,94,27,91.96
656849,FF,777631,2025-06-05,LAD,91,16,91.98
656849,FF,777555,2025-06-11,WSH,106,30,92.62
656849,FF,777489,2025-06-17,ATL,93,17,91.14
656849,FF,777405,2025-06-22,PHI,72,11,92.82
656849,FF,777341,2025-06-27,PIT,91,22,92.68
656849,FF,777257,2025-07-03,MIL,103,24,92.45
656849,FF,777165,2025-07-10,BAL,90,17,92.22
656849,FF,777087,2025-07-20,CIN,93,26,91.88
656849,FF,776985,2025-07-26,SF,91,22,91.6
656849,FF,776926,2025-08-01,SF,97,32,91.17
656849,FF,776846,2025-08-06,CLE,89,15,92.31
656849,FF,776756,2025-08-13,ATL,80,15,92.37
656849,FF,776678,2025-08-19,WSH,96,15,91.6
656849,FF,776624,2025-08-24,ATL,98,27,92.47
656849,FF,776535,2025-08-30,MIA,65,24,91.91
656849,FF,776450,2025-09-05,CIN,91,12,92.03
656849,FF,776371,2025-09-11,PHI,86,17,92.98
656849,FF,776288,2025-09-17,SD,82,9,91.78
656849,FF,776209,2025-09-23,CHC,42,8,92.04
657585,FF,778435,2025-04-06,TOR,13,1,97.0
657585,FF,778278,2025-04-17,STL,29,2,97.0
657585,FF,778183,2025-04-25,WSH,9,1,98.2
657585,FF,778103,2025-05-01,AZ,26,1,96.2
657585,FF,778053,2025-05-04,STL,21,1,98.2
657585,FF,778039,2025-05-05,AZ,16,1,98.8
657585,FF,777968,2025-05-11,CHC,21,2,96.45
657585,FF,777943,2025-05-13,PIT,18,3,98.33
657585,FF,777888,2025-05-17,NYY,23,2,98.5
657585,FF,777831,2025-05-21,BOS,18,3,98.07
657585,FF,777808,2025-05-23,LAD,17,1,98.6
657585,FF,777749,2025-05-27,CWS,23,2,98.15
657585,FF,777657,2025-06-03,LAD,19,1,99.0
657585,FF,777631,2025-06-05,LAD,21,1,98.1
657585,FF,777489,2025-06-17,ATL,23,2,98.3
657585,FF,777437,2025-06-20,PHI,20,1,98.2
657585,FF,777136,2025-07-12,KC,17,1,97.0
657585,FF,777054,2025-07-22,LAA,22,1,98.0
657585,FF,776985,2025-07-26,SF,10,1,97.9
657585,FF,776974,2025-07-27,SF,18,2,97.35
657585,FF,776931,2025-07-30,SD,22,1,97.1
657585,FF,776911,2025-08-02,SF,21,1,98.2
657585,FF,776876,2025-08-04,CLE,14,1,98.3
657585,FF,776846,2025-08-06,CLE,14,1,98.0
657585,FF,776707,2025-08-17,SEA,22,1,98.0
657585,FF,776645,2025-08-22,ATL,28,2,98.1
657585,FF,776371,2025-09-11,PHI,20,1,98.4
663399,FF,778117,2025-04-30,AZ,60,19,90.81
663399,FF,777737,2025-05-28,CWS,94,29,90.83
663399,FF,777657,2025-06-03,LAD,11,1,91.3
663399,FF,777631,2025-06-05,LAD,4,2,91.45
663399,FF,777325,2025-06-28,PIT,38,3,90.57
663399,FF,777289,2025-07-02,MIL,50,8,91.4
663399,FF,777216,2025-07-06,NYY,52,9,91.43
663399,FF,777181,2025-07-10,BAL,57,9,91.39
663399,FF,777111,2025-07-18,CIN,76,26,89.6
663399,FF,776519,2025-08-31,MIA,58,10,91.53
663795,FF,778299,2025-04-16,MIN,50,19,91.73
663795,FF,777455,2025-06-19,ATL,39,9,94.04
663795,FF,777250,2025-07-04,NYY,73,24,92.92
663795,FF,777181,2025-07-10,BAL,41,12,93.17
663795,FF,776846,2025-08-06,CLE,27,5,93.72
663795,FF,776817,2025-08-09,MIL,12,4,94.42
663795,FF,776772,2025-08-12,ATL,55,13,93.26
663795,FF,776478,2025-09-03,DET,11,1,92.4
663795,FF,776404,2025-09-09,PHI,75,9,93.54
663992,FF,777387,2025-06-24,ATL,31,4,91.08
663992,FF,777313,2025-06-29,PIT,36,4,92.38
663992,FF,777241,2025-07-05,NYY,24,5,90.88
663992,FF,776252,2025-09-20,WSH,16,1,92.1
663992,FF,776205,2025-09-24,CHC,31,6,92.18
664849,SI,778481,2025-04-02,MIA,11,5,93.64
664849,SI,778416,2025-04-07,MIA,18,11,92.91
664849,SI,778407,2025-04-08,MIA,14,9,91.76
664849,SI,778390,2025-04-09,MIA,4,2,91.55
664849,SI,778307,2025-04-15,MIN,25,14,92.44
664849,SI,778244,2025-04-20,STL,15,9,92.82
664849,SI,778203,2025-04-23,PHI,9,3,94.27
664849,SI,778173,2025-04-26,WSH,19,13,94.05
668820,FF,778497,2025-04-01,MIA,22,7,94.97
668820,FF,778465,2025-04-04,TOR,30,13,94.51
668820,FF,778435,2025-04-06,TOR,14,4,94.35
668820,FF,778390,2025-04-09,MIA,20,11,94.65
668820,FF,778333,2025-04-13,ATH,15,12,95.2
668820,FF,778307,2025-04-15,MIN,31,7,95.19
668820,FF,778270,2025-04-18,STL,26,13,95.57
668820,FF,778225,2025-04-21,PHI,36,17,95.46
668820,FF,778203,2025-04-23,PHI,15,7,94.6
668820,FF,778173,2025-04-26,WSH,15,8,94.76
668820,FF,778138,2025-04-28,WSH,12,8,97.19
668820,FF,778103,2025-05-01,AZ,31,16,95.88
668820,FF,778068,2025-05-04,STL,21,9,95.88
668820,FF,778014,2025-05-07,AZ,27,8,97.38
668820,FF,777982,2025-05-10,CHC,23,6,95.13
668820,FF,777943,2025-05-13,PIT,8,2,96.6
668820,FF,777904,2025-05-16,NYY,24,12,96.77
668820,FF,777851,2025-05-20,BOS,30,9,96.56
668820,FF,777808,2025-05-23,LAD,28,9,95.38
668820,FF,777773,2025-05-25,LAD,20,8,95.69
668820,FF,777675,2025-06-02,LAD,18,5,94.94
668820,FF,777528,2025-06-13,TB,32,10,95.93
668820,FF,777502,2025-06-15,TB,26,10,95.32
673380,FF,778039,2025-05-05,AZ,18,8,96.75
673380,FF,778001,2025-05-09,CHC,24,10,95.86
673380,FF,777950,2025-05-12,PIT,16,8,96.7
673380,FF,777919,2025-05-14,PIT,13,11,94.44
673380,FF,777904,2025-05-16,NYY,13,7,96.69
673380,FF,777405,2025-06-22,PHI,17,12,96.14
673380,FF,777387,2025-06-24,ATL,23,13,96.62
673380,FF,777352,2025-06-26,ATL,26,11,97.31
673380,FF,777313,2025-06-29,PIT,17,8,95.42
673380,FF,777276,2025-07-02,MIL,16,8,96.41
673540,FF,778497,2025-04-01,MIA,76,22,94.46
673540,FF,778416,2025-04-07,MIA,66,26,94.1
673540,FF,778333,2025-04-13,ATH,75,24,95.92
673540,FF,778256,2025-04-19,STL,88,40,94.99
673540,FF,778183,2025-04-25,WSH,96,27,95.01
673540,FF,778103,2025-05-01,AZ,86,28,94.22
673540,FF,778014,2025-05-07,AZ,86,33,94.75
673540,FF,777943,2025-05-13,PIT,94,28,94.75
673540,FF,777856,2025-05-19,BOS,89,25,94.91
673540,FF,777773,2025-05-25,LAD,99,35,94.91
673540,FF,777700,2025-05-31,COL,88,21,93.82
673540,FF,777616,2025-06-06,COL,107,31,94.08
673540,FF,777544,2025-06-12,WSH,76,21,94.77
673540,FF,777151,2025-07-11,KC,67,20,94.33
673540,FF,777061,2025-07-21,LAA,72,18,93.64
673540,FF,776974,2025-07-27,SF,90,34,94.64
673540,FF,776911,2025-08-02,SF,71,29,94.01
673540,FF,776828,2025-08-08,MIL,78,26,95.4
673540,FF,776748,2025-08-14,ATL,92,27,94.64
673540,FF,776659,2025-08-20,WSH,84,22,95.0
673540,FF,776598,2025-08-25,PHI,93,30,95.2
673540,FF,776519,2025-08-31,MIA,75,29,94.79
676604,FF,777405,2025-06-22,PHI,34,21,95.62
676604,FF,778431,2025-08-09,ATL,12,1,94.5
676604,FF,776803,2025-08-10,ATL,27,5,94.6
676604,FF,776766,2025-08-13,CLE,11,1,94.6
676604,FF,776724,2025-08-16,BOS,51,8,94.22
676604,FF,776686,2025-08-19,STL,17,4,94.48
676604,FF,776630,2025-08-23,TOR,27,11,94.34
676604,FF,776600,2025-08-25,ATL,12,3,94.3
676604,FF,776581,2025-08-26,ATL,15,7,94.16
676604,FF,776548,2025-08-29,NYM,39,7,93.66
681810,FF,778053,2025-05-04,STL,19,2,95.1
681810,FF,777352,2025-06-26,ATL,32,5,93.42
681810,FF,777250,2025-07-04,NYY,34,8,94.0
681810,FF,776887,2025-08-03,SF,58,5,93.58
687075,FF,776429,2025-09-07,CIN,88,11,96.05
687075,FF,776349,2025-09-13,TEX,70,8,96.44
687075,FF,776259,2025-09-19,WSH,71,3,97.8
687075,FF,776173,2025-09-26,MIA,61,18,97.01
690997,FF,776726,2025-08-16,SEA,91,9,95.46
690997,FF,776645,2025-08-22,ATL,93,16,96.18
690997,FF,776566,2025-08-27,PHI,95,15,95.42
690997,FF,776490,2025-09-02,DET,90,17,95.58
690997,FF,776405,2025-09-08,PHI,91,9,97.08
690997,FF,776335,2025-09-14,TEX,92,14,95.56
690997,FF,776252,2025-09-20,WSH,92,4,96.25
690997,FF,776187,2025-09-25,CHC,94,14,95.54
694918,FF,778053,2025-05-04,STL,82,33,95.41
694918,FF,777437,2025-06-20,PHI,74,31,96.23
694918,FF,777341,2025-06-27,PIT,73,20,96.62
694918,FF,777276,2025-07-02,MIL,80,36,95.37
804636,FF,776548,2025-08-29,MIA,97,59,95.41
804636,FF,776439,2025-09-06,CIN,96,52,96.44
804636,FF,776359,2025-09-12,TEX,40,20,94.86
804636,FF,776276,2025-09-18,SD,82,55,94.37
804636,FF,776205,2025-09-24,CHC,56,27,94.61
471911,FF,778466,2025-04-03,AZ,82,13,91.32
471911,FF,778403,2025-04-08,DET,59,10,90.85
471911,FF,778327,2025-04-14,KC,79,15,91.29
471911,FF,778255,2025-04-19,TB,75,29,92.73
471911,FF,778185,2025-04-25,TOR,67,10,91.1
471911,FF,778115,2025-04-30,BAL,65,9,91.21
471911,FF,778057,2025-05-04,TB,45,14,90.02
471911,FF,776928,2025-07-31,CIN,95,25,91.86
471911,FF,776842,2025-08-07,MIA,103,12,90.28
471911,FF,776756,2025-08-13,NYM,67,16,91.19
518585,FF,778492,2025-04-01,AZ,7,3,94.23
518585,FF,778461,2025-04-04,PIT,7,1,92.7
518585,FF,778449,2025-04-05,PIT,6,3,93.33
518585,FF,778403,2025-04-08,DET,5,1,92.7
518585,FF,778355,2025-04-12,SF,17,7,93.4
518585,FF,778327,2025-04-14,KC,7,3,93.83
518585,FF,778300,2025-04-16,KC,15,3,93.87
518585,FF,778272,2025-04-18,TB,3,2,94.05
518585,FF,778240,2025-04-20,TB,17,7,93.73
518585,FF,778206,2025-04-23,CLE,3,3,93.13
518585,FF,778185,2025-04-25,TOR,7,3,93.27
518585,FF,778170,2025-04-27,TOR,11,5,94.36
518585,FF,778115,2025-04-30,BAL,4,1,93.8
518585,FF,778074,2025-05-03,TB,11,2,93.25
518585,FF,778041,2025-05-06,SD,8,2,94.65
518585,FF,777972,2025-05-10,ATH,7,3,94.57
518585,FF,777926,2025-05-13,SEA,5,2,93.9
518585,FF,777915,2025-05-14,SEA,6,1,94.8
518585,FF,777888,2025-05-17,NYM,15,10,93.82
518585,FF,777653,2025-06-04,CLE,5,4,93.95
518585,FF,777627,2025-06-06,BOS,4,1,94.7
518585,FF,777593,2025-06-08,BOS,9,2,93.3
518585,FF,777551,2025-06-11,KC,2,1,92.8
518585,FF,777537,2025-06-13,BOS,15,6,93.43
518585,FF,777466,2025-06-18,LAA,19,4,93.08
518585,FF,777406,2025-06-22,BAL,2,1,94.1
518585,FF,777385,2025-06-24,CIN,6,4,95.6
518585,FF,777367,2025-06-25,CIN,3,3,94.3
518585,FF,777337,2025-06-27,ATH,5,3,94.27
518585,FF,776588,2025-08-26,WSH,8,1,93.4
518585,FF,776556,2025-08-28,CWS,4,1,93.6
518585,FF,776544,2025-08-29,CWS,7,3,93.6
518585,FF,776514,2025-08-31,CWS,10,1,94.2
518585,FF,776464,2025-09-04,HOU,9,2,93.7
518585,FF,776436,2025-09-06,TOR,9,4,94.78
518585,FF,776398,2025-09-09,DET,13,6,93.68
518585,FF,776363,2025-09-12,BOS,16,7,93.44
518585,FF,776344,2025-09-13,BOS,10,7,93.64
518585,FF,776298,2025-09-16,MIN,1,1,94.2
518585,FF,776284,2025-09-17,MIN,9,5,94.86
518585,FF,776273,2025-09-19,BAL,3,3,93.97
518585,FF,776240,2025-09-21,BAL,9,4,94.08
518585,FF,776216,2025-09-23,CWS,5,4,94.12
518585,FF,776174,2025-09-26,BAL,9,6,94.15
518585,FF,776140,2025-09-28,BAL,7,4,94.85
518585,FF,813074,2025-09-30,BOS,11,9,93.97
554431,FF,778156,2025-04-27,TOR,16,9,94.27
554431,FF,778133,2025-04-29,BAL,21,16,95.16
554431,FF,778057,2025-05-04,TB,32,17,94.35
554431,FF,778041,2025-05-06,SD,13,9,94.01
554431,FF,777972,2025-05-10,ATH,10,8,95.51
554431,FF,777957,2025-05-11,ATH,21,8,94.78
554431,FF,777915,2025-05-14,SEA,14,9,93.07
573186,FF,778449,2025-04-05,PIT,74,5,89.88
573186,FF,778370,2025-04-11,SF,46,13,89.15
573186,FF,777307,2025-06-29,ATH,74,2,89.35
573186,FF,777083,2025-07-20,ATL,95,2,90.7
573186,FF,777001,2025-07-26,PHI,89,2,90.7
573186,FF,776927,2025-07-31,TB,74,3,88.9
596133,FF,778466,2025-04-03,AZ,19,7,94.41
596133,FF,778428,2025-04-06,PIT,23,14,92.71
596133,FF,778387,2025-04-09,DET,12,5,93.22
596133,FF,778355,2025-04-12,SF,32,14,91.79
596133,FF,778327,2025-04-14,KC,20,11,94.39
596133,FF,778312,2025-04-15,KC,11,5,93.54
596133,FF,778272,2025-04-18,TB,15,10,95.06
596133,FF,778255,2025-04-19,TB,10,5,94.08
596133,FF,778218,2025-04-22,CLE,12,7,94.4
596133,FF,778206,2025-04-23,CLE,11,10,94.49
596133,FF,778170,2025-04-27,TOR,11,6,94.58
596133,FF,778088,2025-05-02,TB,11,7,95.4
596133,FF,778045,2025-05-05,SD,16,10,95.49
596133,FF,778019,2025-05-07,SD,18,12,94.4
596133,FF,777926,2025-05-13,SEA,21,16,95.04
596133,FF,777915,2025-05-14,SEA,15,10,95.57
596133,FF,777904,2025-05-16,NYM,2,1,96.0
596133,FF,777849,2025-05-20,TEX,2,2,94.7
596133,FF,777835,2025-05-21,TEX,6,5,94.3
596133,FF,777818,2025-05-22,TEX,10,7,95.21
596133,FF,777768,2025-05-25,COL,21,13,94.94
596133,FF,777763,2025-05-26,LAA,25,13,94.76
596133,FF,777698,2025-05-31,LAD,14,9,95.53
596133,FF,777438,2025-06-20,BAL,24,13,95.3
596133,FF,777385,2025-06-24,CIN,19,12,95.47
596133,FF,777337,2025-06-27,ATH,11,9,94.36
596133,FF,777307,2025-06-29,ATH,13,11,95.32
596133,FF,777283,2025-07-01,TOR,17,8,95.52
596133,FF,777260,2025-07-03,TOR,21,11,94.49
596133,FF,777250,2025-07-04,NYM,15,10,95.05
596133,FF,777184,2025-07-09,SEA,17,8,95.61
596133,FF,777122,2025-07-13,CHC,21,14,95.98
596133,FF,777097,2025-07-19,ATL,30,20,95.3
596133,FF,777046,2025-07-22,TOR,30,23,95.21
596133,FF,777015,2025-07-25,PHI,16,9,95.24
596133,FF,776988,2025-07-27,PHI,13,7,95.41
596133,FF,776970,2025-07-28,TB,16,11,94.97
596133,FF,776938,2025-07-30,TB,22,17,95.58
596133,FF,776910,2025-08-02,MIA,12,6,94.9
596133,FF,776871,2025-08-04,TEX,11,6,94.33
596133,FF,776855,2025-08-05,TEX,16,10,95.26
596133,FF,776835,2025-08-08,HOU,19,10,95.3
596133,FF,776815,2025-08-09,HOU,11,7,94.97
596133,FF,776790,2025-08-11,MIN,21,8,95.41
596133,FF,776731,2025-08-15,STL,14,8,94.94
596133,FF,776698,2025-08-17,STL,18,14,96.05
596133,FF,776664,2025-08-20,TB,20,17,94.86
596133,FF,776654,2025-08-21,BOS,32,19,96.19
596133,FF,776616,2025-08-24,BOS,22,17,96.17
596133,FF,776556,2025-08-28,CWS,10,7,93.83
596133,FF,776529,2025-08-30,CWS,9,5,93.7
596133,FF,776472,2025-09-03,HOU,22,14,95.99
596133,FF,776464,2025-09-04,HOU,18,9,96.19
596133,FF,776436,2025-09-06,TOR,12,9,96.46
596133,FF,776383,2025-09-10,DET,19,10,95.13
596133,FF,776344,2025-09-13,BOS,11,5,96.34
596133,FF,776313,2025-09-15,MIN,26,14,96.49
596133,FF,776284,2025-09-17,MIN,13,8,96.21
596133,FF,776257,2025-09-20,BAL,15,4,95.75
596133,FF,776240,2025-09-21,BAL,11,5,96.54
596133,FF,776216,2025-09-23,CWS,24,12,95.62
596133,FF,776184,2025-09-25,CWS,7,2,95.6
596133,FF,776140,2025-09-28,BAL,15,5,96.58
596133,FF,813074,2025-09-30,BOS,15,6,96.63
607074,FF,778484,2025-04-02,AZ,96,46,93.08
607074,FF,778424,2025-04-07,DET,103,45,93.19
607074,FF,778339,2025-04-13,SF,100,35,94.25
607074,FF,778272,2025-04-18,TB,102,37,95.75
607074,FF,778206,2025-04-23,CLE,90,39,95.09
607074,FF,778133,2025-04-29,BAL,91,43,95.17
607074,FF,778045,2025-05-05,SD,95,44,94.06
607074,FF,777972,2025-05-10,ATH,98,47,94.09
607074,FF,777904,2025-05-16,NYM,102,49,94.78
607074,FF,777818,2025-05-22,TEX,105,37,93.98
607074,FF,777745,2025-05-27,LAA,105,41,94.21
607074,FF,777664,2025-06-03,CLE,93,36,94.75
607074,FF,777593,2025-06-08,BOS,90,36,94.45
607074,FF,777516,2025-06-14,BOS,92,29,94.36
607074,FF,777449,2025-06-19,LAA,92,34,94.15
607074,FF,777385,2025-06-24,CIN,88,34,94.39
607074,FF,777295,2025-06-30,TOR,95,35,94.28
607074,FF,777241,2025-07-05,NYM,97,39,94.42
607074,FF,777153,2025-07-11,CHC,109,40,94.58
607074,FF,777066,2025-07-21,TOR,107,54,94.46
607074,FF,776988,2025-07-27,PHI,90,31,94.53
607074,FF,776925,2025-08-01,MIA,107,57,93.49
607074,FF,776845,2025-08-06,TEX,93,46,93.42
607074,FF,776774,2025-08-12,MIN,96,43,93.5
607074,FF,776677,2025-08-19,TB,100,44,93.48
607074,FF,776616,2025-08-24,BOS,103,39,95.11
607074,FF,776544,2025-08-29,CWS,97,53,93.0
607074,FF,776464,2025-09-04,HOU,109,53,94.58
607074,FF,776383,2025-09-10,DET,102,44,93.27
607074,FF,776313,2025-09-15,MIN,95,45,94.05
607074,FF,776257,2025-09-20,BAL,96,29,93.34
607074,FF,776184,2025-09-25,CWS,82,34,93.06
608331,FF,778461,2025-04-04,PIT,98,10,94.79
608331,FF,778387,2025-04-09,DET,97,10,94.43
608331,FF,778312,2025-04-15,KC,94,11,95.25
608331,FF,778240,2025-04-20,TB,102,9,95.89
608331,FF,778156,2025-04-27,TOR,101,1,96.6
608331,FF,778088,2025-05-02,TB,92,16,95.35
608331,FF,778019,2025-05-07,SD,100,18,95.49
608331,FF,777926,2025-05-13,SEA,91,26,95.27
608331,FF,777878,2025-05-18,NYM,102,9,96.79
608331,FF,777782,2025-05-24,COL,83,20,95.38
608331,FF,777708,2025-05-30,LAD,75,7,96.96
608331,FF,777644,2025-06-05,CLE,103,7,96.13
608331,FF,777572,2025-06-10,KC,91,7,96.87
608331,FF,777500,2025-06-15,BOS,106,6,96.47
608331,FF,777438,2025-06-20,BAL,105,15,96.11
608331,FF,777367,2025-06-25,CIN,106,13,95.9
608331,FF,777283,2025-07-01,TOR,99,14,95.59
608331,FF,777216,2025-07-06,NYM,98,10,96.79
608331,FF,777142,2025-07-12,CHC,73,10,96.31
608331,FF,777027,2025-07-23,TOR,102,11,97.02
608331,FF,776949,2025-07-29,TB,111,6,94.95
608331,FF,776871,2025-08-04,TEX,105,10,95.13
608331,FF,776797,2025-08-10,HOU,94,7,96.09
608331,FF,776713,2025-08-16,STL,94,15,95.63
608331,FF,776647,2025-08-22,BOS,99,15,96.4
608331,FF,776570,2025-08-27,WSH,94,11,95.74
608331,FF,776489,2025-09-02,HOU,101,20,96.39
608331,FF,776423,2025-09-07,TOR,100,12,95.48
608331,FF,776344,2025-09-13,BOS,105,16,97.33
608331,FF,776278,2025-09-18,BAL,87,13,96.22
608331,FF,776199,2025-09-24,CWS,107,16,96.87
608331,FF,813074,2025-09-30,BOS,102,12,96.65
621112,FF,777470,2025-06-18,ATL,73,7,91.49
621112,FF,777389,2025-06-23,ATL,95,13,92.9
621112,FF,777325,2025-06-28,PIT,33,4,92.48
621112,FF,776330,2025-09-14,BOS,16,1,93.8
621112,FF,776162,2025-09-27,BAL,26,1,92.6
641656,FF,778403,2025-04-08,DET,13,3,94.63
641656,FF,778370,2025-04-11,SF,21,5,94.5
641656,FF,778339,2025-04-13,SF,25,2,94.6
641656,FF,778282,2025-04-17,TB,20,3,94.63
641656,FF,778255,2025-04-19,TB,25,5,93.72
641656,FF,778133,2025-04-29,BAL,15,1,96.2
641656,FF,778074,2025-05-03,TB,30,5,95.08
641656,FF,778019,2025-05-07,SD,17,1,94.7
641656,FF,777972,2025-05-10,ATH,23,3,94.9
641656,FF,777941,2025-05-12,SEA,16,7,95.59
641656,FF,777915,2025-05-14,SEA,17,5,95.54
641656,FF,777849,2025-05-20,TEX,17,3,96.0
641656,FF,777835,2025-05-21,TEX,12,2,94.4
641656,FF,777782,2025-05-24,COL,23,2,96.0
641656,FF,777728,2025-05-28,LAA,31,3,93.8
641656,FF,777698,2025-05-31,LAD,30,5,95.74
641656,FF,777605,2025-06-07,BOS,26,4,95.95
641656,FF,777537,2025-06-13,BOS,10,1,96.3
641656,FF,777476,2025-06-17,LAA,30,4,97.05
641656,FF,777390,2025-06-23,CIN,34,4,96.42
641656,FF,777326,2025-06-28,ATH,19,1,96.6
641656,FF,777307,2025-06-29,ATH,19,1,95.7
641656,FF,777274,2025-07-02,TOR,21,1,96.6
641656,FF,777250,2025-07-04,NYM,12,1,95.7
641656,FF,777169,2025-07-10,SEA,15,3,97.1
641656,FF,777142,2025-07-12,CHC,18,1,96.4
641656,FF,777122,2025-07-13,CHC,12,1,96.5
641656,FF,777114,2025-07-18,ATL,26,4,95.32
641656,FF,777015,2025-07-25,PHI,19,2,95.7
642207,FF,778461,2025-04-04,PIT,18,11,94.02
642207,FF,778428,2025-04-06,PIT,14,4,92.25
642207,FF,778387,2025-04-09,DET,33,19,93.5
642207,FF,778355,2025-04-12,SF,15,8,92.56
642207,FF,778327,2025-04-14,KC,15,5,93.48
642207,FF,778312,2025-04-15,KC,16,7,94.91
642207,FF,778282,2025-04-17,TB,6,2,95.1
642207,FF,778255,2025-04-19,TB,22,9,93.79
642207,FF,778185,2025-04-25,TOR,12,8,94.65
642207,FF,778140,2025-04-28,BAL,14,9,93.58
642207,FF,778115,2025-04-30,BAL,12,6,93.55
642207,FF,778088,2025-05-02,TB,8,4,93.55
642207,FF,778045,2025-05-05,SD,21,12,92.42
642207,FF,778019,2025-05-07,SD,21,6,93.98
642207,FF,777941,2025-05-12,SEA,4,2,93.35
642207,FF,777926,2025-05-13,SEA,12,4,94.52
642207,FF,777904,2025-05-16,NYM,14,9,94.0
642207,FF,777878,2025-05-18,NYM,11,5,93.5
642207,FF,777849,2025-05-20,TEX,24,9,93.48
642207,FF,777818,2025-05-22,TEX,10,4,92.68
642207,FF,777768,2025-05-25,COL,28,15,93.36
642207,FF,777745,2025-05-27,LAA,19,11,93.25
642207,FF,777698,2025-05-31,LAD,6,2,94.4
642207,FF,777682,2025-06-01,LAD,12,6,94.2
642207,FF,777664,2025-06-03,CLE,30,14,94.54
642207,FF,777627,2025-06-06,BOS,14,7,94.61
642207,FF,777551,2025-06-11,KC,8,4,94.6
642207,FF,777536,2025-06-12,KC,11,5,94.3
642207,FF,777487,2025-06-16,LAA,17,9,93.56
642207,FF,777449,2025-06-19,LAA,16,10,93.81
642207,FF,777406,2025-06-22,BAL,14,7,94.0
642207,FF,777385,2025-06-24,CIN,9,4,93.22
642207,FF,777337,2025-06-27,ATH,15,6,94.55
642207,FF,777274,2025-07-02,TOR,25,12,95.18
642207,FF,777216,2025-07-06,NYM,15,6,95.17
642207,FF,777184,2025-07-09,SEA,12,7,95.43
642207,FF,777169,2025-07-10,SEA,7,1,95.2
642207,FF,777122,2025-07-13,CHC,12,5,94.72
642207,FF,777097,2025-07-19,ATL,20,7,94.61
642207,FF,777083,2025-07-20,ATL,18,8,93.69
642207,FF,777046,2025-07-22,TOR,19,7,94.39
642207,FF,776988,2025-07-27,PHI,13,4,94.92
642207,FF,776949,2025-07-29,TB,25,13,94.41
642207,FF,776938,2025-07-30,TB,19,11,93.42
642207,FF,776871,2025-08-04,TEX,20,9,95.3
642207,FF,776855,2025-08-05,TEX,29,15,94.28
642207,FF,776835,2025-08-08,HOU,16,9,94.3
642207,FF,776797,2025-08-10,HOU,11,6,94.47
642207,FF,776760,2025-08-13,MIN,11,7,94.34
642207,FF,776713,2025-08-16,STL,19,11,93.91
642207,FF,776698,2025-08-17,STL,11,8,94.51
642207,FF,776664,2025-08-20,TB,24,12,93.85
642207,FF,776647,2025-08-22,BOS,14,7,94.57
642207,FF,776616,2025-08-24,BOS,15,8,94.41
642207,FF,776556,2025-08-28,CWS,13,8,94.29
642207,FF,776529,2025-08-30,CWS,20,12,94.03
642207,FF,776472,2025-09-03,HOU,34,11,94.83
642207,FF,776423,2025-09-07,TOR,22,7,94.5
642207,FF,776363,2025-09-12,BOS,20,12,93.63
642207,FF,776344,2025-09-13,BOS,16,11,94.16
642207,FF,776298,2025-09-16,MIN,10,4,95.1
642207,FF,776284,2025-09-17,MIN,16,7,93.86
642207,FF,776240,2025-09-21,BAL,12,6,94.9
642207,FF,776199,2025-09-24,CWS,14,5,95.3
642207,FF,776184,2025-09-25,CWS,24,11,94.66
642207,FF,776140,2025-09-28,BAL,14,6,94.95
642207,FF,813074,2025-09-30,BOS,11,8,95.04
642216,FF,777390,2025-06-23,CIN,62,14,89.83
642216,FF,777326,2025-06-28,ATH,50,1,90.3
642216,FF,777001,2025-07-26,PHI,59,10,89.46
642232,FF,778466,2025-04-03,AZ,24,1,89.2
642232,FF,778449,2025-04-05,PIT,38,11,88.25
642232,FF,778403,2025-04-08,DET,27,6,86.65
642232,FF,778370,2025-04-11,SF,48,10,88.14
642232,FF,778282,2025-04-17,TB,56,4,88.45
642232,FF,778227,2025-04-21,CLE,13,2,86.6
642232,FF,778140,2025-04-28,BAL,53,2,89.3
642232,FF,778074,2025-05-03,TB,64,5,88.6
642232,FF,777957,2025-05-11,ATH,67,9,89.21
642232,FF,777835,2025-05-21,TEX,80,10,88.76
642232,FF,777763,2025-05-26,LAA,88,9,88.48
642232,FF,777682,2025-06-01,LAD,93,11,88.39
642232,FF,777605,2025-06-07,BOS,67,19,87.78
642232,FF,777537,2025-06-13,BOS,78,19,88.06
642232,FF,777466,2025-06-18,LAA,69,11,88.77
642232,FF,776457,2025-09-05,TOR,73,6,88.67
642232,FF,776368,2025-09-11,DET,49,4,87.65
642232,FF,776298,2025-09-16,MIN,17,1,88.5
642528,SI,777904,2025-05-16,NYM,12,9,97.1
642528,SI,777878,2025-05-18,NYM,17,9,97.13
642528,SI,777835,2025-05-21,TEX,25,22,96.19
642528,SI,777768,2025-05-25,COL,24,12,95.95
642528,SI,777745,2025-05-27,LAA,12,6,96.12
642528,SI,777708,2025-05-30,LAD,10,7,97.03
642528,SI,777682,2025-06-01,LAD,19,6,96.78
642528,SI,777644,2025-06-05,CLE,11,4,96.8
642528,SI,777627,2025-06-06,BOS,10,8,96.69
642528,SI,777593,2025-06-08,BOS,25,14,96.46
642528,SI,777536,2025-06-12,KC,8,6,96.25
642528,SI,777537,2025-06-13,BOS,13,9,96.04
642528,SI,777487,2025-06-16,LAA,29,18,95.85
642528,SI,777449,2025-06-19,LAA,13,10,96.67
642528,SI,777438,2025-06-20,BAL,14,9,96.99
642528,SI,777385,2025-06-24,CIN,18,14,97.4
642528,SI,777307,2025-06-29,ATH,8,5,97.04
642528,SI,777295,2025-06-30,TOR,16,9,96.73
642528,SI,777260,2025-07-03,TOR,24,14,96.16
642528,SI,777216,2025-07-06,NYM,12,9,97.11
642528,SI,777184,2025-07-09,SEA,24,11,95.86
642528,SI,777142,2025-07-12,CHC,18,8,97.98
642528,SI,777097,2025-07-19,ATL,30,18,97.37
642528,SI,777046,2025-07-22,TOR,8,5,98.34
642528,SI,777027,2025-07-23,TOR,6,1,98.0
642528,SI,777001,2025-07-26,PHI,16,6,98.65
642528,SI,776988,2025-07-27,PHI,12,7,98.01
642528,SI,776949,2025-07-29,TB,11,5,98.78
642528,SI,776927,2025-07-31,TB,13,6,97.85
642528,SI,776925,2025-08-01,MIA,9,3,97.77
643410,SI,778492,2025-04-01,AZ,9,3,93.43
643410,SI,778466,2025-04-03,AZ,9,4,94.2
643410,SI,778449,2025-04-05,PIT,5,3,92.4
643410,SI,778387,2025-04-09,DET,2,1,92.7
643410,SI,778355,2025-04-12,SF,16,12,93.28
643410,SI,778339,2025-04-13,SF,13,6,93.8
643410,SI,778300,2025-04-16,KC,12,4,94.3
643410,SI,778272,2025-04-18,TB,10,5,94.32
643410,SI,778255,2025-04-19,TB,5,3,93.3
643410,SI,778218,2025-04-22,CLE,13,4,92.58
643410,SI,778185,2025-04-25,TOR,8,6,93.65
643410,SI,778170,2025-04-27,TOR,11,7,94.4
643410,SI,778115,2025-04-30,BAL,10,5,94.58
643410,SI,778074,2025-05-03,TB,15,10,94.28
643410,SI,777994,2025-05-09,ATH,6,5,94.84
643410,SI,777941,2025-05-12,SEA,12,10,94.62
643410,SI,777926,2025-05-13,SEA,8,4,93.68
643410,SI,777904,2025-05-16,NYM,12,9,94.48
643410,SI,777888,2025-05-17,NYM,4,2,94.2
643410,SI,777849,2025-05-20,TEX,9,5,94.92
643410,SI,777818,2025-05-22,TEX,12,5,94.14
643410,SI,777768,2025-05-25,COL,13,8,93.79
643410,SI,777763,2025-05-26,LAA,8,6,92.42
643410,SI,777728,2025-05-28,LAA,9,3,93.77
643410,SI,777698,2025-05-31,LAD,12,8,94.76
643410,SI,777664,2025-06-03,CLE,11,7,94.31
643410,SI,777644,2025-06-05,CLE,11,4,93.08
643410,SI,777605,2025-06-07,BOS,9,3,94.37
643410,SI,777551,2025-06-11,KC,11,6,94.5
643410,SI,777536,2025-06-12,KC,8,6,93.92
643410,SI,777500,2025-06-15,BOS,14,9,92.23
643410,SI,777466,2025-06-18,LAA,8,3,94.7
643410,SI,777449,2025-06-19,LAA,9,6,94.95
643410,SI,777390,2025-06-23,CIN,20,10,93.69
643410,SI,777385,2025-06-24,CIN,18,12,94.08
643410,SI,777295,2025-06-30,TOR,10,6,94.32
643410,SI,777283,2025-07-01,TOR,10,7,92.8
643410,SI,777260,2025-07-03,TOR,15,6,93.58
643410,SI,777216,2025-07-06,NYM,13,8,93.6
643410,SI,776855,2025-08-05,TEX,3,2,93.7
643410,SI,776845,2025-08-06,TEX,8,3,91.87
643410,SI,776815,2025-08-09,HOU,4,3,93.77
643410,SI,776760,2025-08-13,MIN,9,5,93.64
643410,SI,776731,2025-08-15,STL,6,4,93.48
643410,SI,776713,2025-08-16,STL,11,6,93.87
643410,SI,776677,2025-08-19,TB,11,5,92.2
643410,SI,776654,2025-08-21,BOS,4,3,92.5
643410,SI,776647,2025-08-22,BOS,13,8,93.36
643410,SI,776597,2025-08-25,WSH,5,3,93.27
643410,SI,776556,2025-08-28,CWS,8,3,92.47
643410,SI,776457,2025-09-05,TOR,12,6,92.98
643410,SI,776398,2025-09-09,DET,14,8,93.26
643410,SI,776383,2025-09-10,DET,7,4,92.95
643410,SI,776330,2025-09-14,BOS,8,5,93.36
643410,SI,776298,2025-09-16,MIN,11,7,94.33
643410,SI,776273,2025-09-19,BAL,9,4,93.38
643410,SI,776174,2025-09-26,BAL,11,4,93.28
656234,SI,778456,2025-04-04,ATH,4,1,92.2
656234,SI,778442,2025-04-05,ATH,2,1,92.5
656234,SI,778423,2025-04-06,ATH,25,7,95.19
656234,SI,778371,2025-04-10,MIL,34,17,94.68
656234,SI,778330,2025-04-13,SD,38,13,94.3
656234,SI,778302,2025-04-15,LAD,30,14,93.84
656234,SI,778247,2025-04-19,WSH,19,11,94.16
656234,SI,778266,2025-04-20,WSH,25,8,93.3
656234,SI,778190,2025-04-24,KC,28,8,94.24
656234,SI,778161,2025-04-26,CIN,34,11,94.76
656234,SI,778137,2025-04-28,ATL,23,9,93.4
656234,SI,778102,2025-04-30,ATL,15,6,94.5
656234,SI,778069,2025-05-03,SF,38,7,93.8
656234,SI,778013,2025-05-07,DET,37,10,94.24
656234,SI,777993,2025-05-09,SD,14,7,93.33
656234,SI,777949,2025-05-12,TEX,10,4,94.42
656234,SI,777887,2025-05-17,AZ,39,9,94.52
656234,SI,777852,2025-05-19,PHI,26,13,94.01
656234,SI,777817,2025-05-22,PHI,14,4,95.62
656234,SI,777802,2025-05-23,NYY,18,6,94.52
656234,SI,777768,2025-05-25,NYY,14,6,93.12
656234,SI,777751,2025-05-27,CHC,10,3,94.03
656234,SI,777686,2025-06-01,NYM,17,6,94.43
656234,SI,777673,2025-06-02,MIA,12,2,93.25
656234,SI,777652,2025-06-04,MIA,10,8,93.58
656234,SI,777616,2025-06-06,NYM,18,5,94.36
656234,SI,777563,2025-06-10,SF,22,5,94.68
656234,SI,777535,2025-06-13,ATL,20,6,94.73
656234,SI,777504,2025-06-15,ATL,26,8,94.21
656234,SI,777480,2025-06-17,WSH,16,5,93.38
656234,SI,777461,2025-06-18,WSH,2,1,93.7
656234,SI,777410,2025-06-21,AZ,29,9,94.66
656234,SI,777358,2025-06-25,LAD,32,10,94.26
656234,SI,777339,2025-06-27,MIL,15,6,95.17
656234,SI,777301,2025-06-29,MIL,18,6,95.58
656234,SI,777285,2025-07-01,HOU,11,3,94.57
656234,SI,777269,2025-07-02,HOU,6,2,93.55
656234,SI,777196,2025-07-08,BOS,17,6,95.87
656234,SI,777160,2025-07-11,CIN,20,7,96.03
656234,SI,777102,2025-07-18,MIN,20,10,95.83
656234,SI,777053,2025-07-21,STL,18,3,95.67
656234,SI,777049,2025-07-22,STL,10,2,95.4
656234,SI,777020,2025-07-25,BAL,21,3,94.9
656234,SI,776968,2025-07-28,CLE,19,10,94.85
656234,SI,776925,2025-08-01,MIA,21,3,94.9
656234,SI,776910,2025-08-02,MIA,14,4,94.48
656234,SI,776871,2025-08-04,TEX,14,4,95.15
657376,FF,778300,2025-04-16,KC,73,1,91.8
657376,FF,778227,2025-04-21,CLE,80,2,95.9
657376,FF,778170,2025-04-27,TOR,90,4,94.9
657376,FF,778041,2025-05-06,SD,85,3,94.7
657376,FF,777941,2025-05-12,SEA,92,6,94.95
657376,FF,777888,2025-05-17,NYM,88,6,94.52
657376,FF,777728,2025-05-28,LAA,99,1,94.2
657376,FF,777653,2025-06-04,CLE,91,13,94.69
657376,FF,777551,2025-06-11,KC,91,11,94.58
657376,FF,777487,2025-06-16,LAA,97,21,94.03
657376,FF,777422,2025-06-21,BAL,103,10,94.08
657376,FF,777326,2025-06-28,ATH,85,7,93.86
657376,FF,777260,2025-07-03,TOR,55,8,93.02
657612,FF,778449,2025-04-05,PIT,14,2,89.5
657612,FF,778370,2025-04-11,SF,15,2,89.0
657612,FF,778339,2025-04-13,SF,19,4,90.02
657612,FF,778327,2025-04-14,KC,7,1,90.9
657612,FF,778282,2025-04-17,TB,23,5,89.5
657612,FF,778218,2025-04-22,CLE,8,1,89.3
657612,FF,778185,2025-04-25,TOR,14,3,88.63
657612,FF,778170,2025-04-27,TOR,7,2,89.9
657612,FF,778115,2025-04-30,BAL,23,3,90.37
657612,FF,778074,2025-05-03,TB,15,1,90.8
657612,FF,778045,2025-05-05,SD,10,2,89.45
657612,FF,778041,2025-05-06,SD,10,3,90.53
657612,FF,777941,2025-05-12,SEA,15,3,89.67
657612,FF,777926,2025-05-13,SEA,3,1,88.4
657612,FF,777888,2025-05-17,NYM,11,1,88.1
657612,FF,777878,2025-05-18,NYM,21,3,89.73
657612,FF,777835,2025-05-21,TEX,17,3,89.33
657612,FF,777802,2025-05-23,COL,14,3,89.23
657612,FF,777682,2025-06-01,LAD,14,3,90.27
657612,FF,777653,2025-06-04,CLE,15,4,90.68
657612,FF,777644,2025-06-05,CLE,18,4,90.22
657612,FF,777593,2025-06-08,BOS,5,1,91.1
657612,FF,777572,2025-06-10,KC,6,1,90.2
657612,FF,777536,2025-06-12,KC,19,2,89.65
657612,FF,777537,2025-06-13,BOS,20,3,88.87
657612,FF,777466,2025-06-18,LAA,19,2,90.95
657612,FF,777406,2025-06-22,BAL,17,1,89.6
657612,FF,777337,2025-06-27,ATH,11,1,89.7
657612,FF,777307,2025-06-29,ATH,15,2,91.35
657612,FF,777274,2025-07-02,TOR,11,2,89.95
657612,FF,777216,2025-07-06,NYM,10,2,90.45
657612,FF,777187,2025-07-08,SEA,15,4,90.08
657612,FF,777142,2025-07-12,CHC,4,1,90.2
657612,FF,777122,2025-07-13,CHC,17,3,91.17
657612,FF,777097,2025-07-19,ATL,20,4,90.78
657612,FF,777083,2025-07-20,ATL,11,1,89.9
657612,FF,777046,2025-07-22,TOR,11,4,88.55
657612,FF,777015,2025-07-25,PHI,18,1,90.5
657612,FF,776988,2025-07-27,PHI,12,1,91.2
657612,FF,776970,2025-07-28,TB,15,3,90.33
657612,FF,776938,2025-07-30,TB,11,3,90.6
657612,FF,776910,2025-08-02,MIA,10,1,90.3
657612,FF,776797,2025-08-10,HOU,27,4,89.58
657612,FF,776774,2025-08-12,MIN,9,1,88.7
657612,FF,776627,2025-08-23,BOS,23,1,89.7
657612,FF,776544,2025-08-29,CWS,18,3,89.33
657612,FF,776514,2025-08-31,CWS,11,1,88.8
657612,FF,776398,2025-09-09,DET,20,5,90.52
657612,FF,776383,2025-09-10,DET,11,3,90.63
657612,FF,776313,2025-09-15,MIN,10,1,89.5
660787,FF,778156,2025-04-27,TOR,27,9,94.21
660787,FF,777957,2025-05-11,ATH,34,3,95.03
660787,FF,777904,2025-05-16,NYM,25,5,95.86
660787,FF,777835,2025-05-21,TEX,25,2,95.45
660787,FF,777708,2025-05-30,LAD,21,4,95.1
660787,FF,777698,2025-05-31,LAD,23,6,95.08
660787,FF,777605,2025-06-07,BOS,38,3,96.2
660787,FF,777572,2025-06-10,KC,40,4,95.38
660787,FF,777516,2025-06-14,BOS,31,3,94.87
660787,FF,777001,2025-07-26,PHI,24,3,95.2
660787,FF,776938,2025-07-30,TB,7,3,95.97
660787,FF,776927,2025-07-31,TB,33,3,94.03
660787,FF,776835,2025-08-08,HOU,28,7,95.74
660787,FF,776774,2025-08-12,MIN,11,2,95.65
660787,FF,776760,2025-08-13,MIN,16,3,95.33
660787,FF,776713,2025-08-16,STL,29,3,95.13
660787,FF,776677,2025-08-19,TB,27,2,94.8
661563,FF,776891,2025-08-03,MIA,77,32,96.42
661563,FF,776815,2025-08-09,HOU,91,38,96.36
661563,FF,776731,2025-08-15,STL,83,40,95.74
661563,FF,776654,2025-08-21,BOS,93,49,95.68
661563,FF,776588,2025-08-26,WSH,92,42,95.64
661563,FF,776514,2025-08-31,CWS,98,52,94.56
661563,FF,776436,2025-09-06,TOR,90,50,95.39
661563,FF,776363,2025-09-12,BOS,93,43,95.15
661563,FF,776284,2025-09-17,MIN,85,48,95.61
661563,FF,776216,2025-09-23,CWS,89,56,93.68
661563,FF,776140,2025-09-28,BAL,79,41,95.64
664123,SI,777476,2025-06-17,LAA,7,2,89.4
664123,SI,777250,2025-07-04,NYM,15,2,89.7
664123,SI,777241,2025-07-05,NYM,12,6,89.32
664123,SI,777187,2025-07-08,SEA,24,11,89.75
664123,SI,777153,2025-07-11,CHC,11,6,88.9
664123,SI,777142,2025-07-12,CHC,7,2,88.95
664123,SI,777114,2025-07-18,ATL,18,9,89.3
664123,SI,777097,2025-07-19,ATL,9,6,89.1
664123,SI,777066,2025-07-21,TOR,20,12,88.88
664123,SI,777027,2025-07-23,TOR,10,8,89.06
664123,SI,777015,2025-07-25,PHI,23,10,88.94
664129,FF,777283,2025-07-01,TOR,43,10,94.83
664129,FF,777187,2025-07-08,SEA,22,4,95.38
664129,FF,777021,2025-07-24,TOR,24,7,94.37
664129,FF,777016,2025-07-25,TOR,20,5,95.38
670329,FF,777216,2025-07-06,NYY,31,7,96.61
670329,FF,777181,2025-07-10,BAL,35,13,95.84
670329,FF,777114,2025-07-18,ATL,53,22,94.54
670329,FF,777054,2025-07-22,LAA,23,5,94.3
670329,FF,777004,2025-07-25,SF,21,11,94.6
670329,FF,776959,2025-07-28,SD,35,17,96.02
670329,FF,776931,2025-07-30,SD,13,8,93.9
670329,FF,776926,2025-08-01,SF,17,8,95.26
670329,FF,776911,2025-08-02,SF,31,19,95.28
670329,FF,776776,2025-08-12,SEA,23,7,95.49
670329,FF,776750,2025-08-14,SEA,12,4,95.05
670329,FF,776722,2025-08-16,HOU,22,7,96.77
670329,FF,776684,2025-08-19,BOS,12,3,96.73
670329,FF,776629,2025-08-23,HOU,8,4,95.9
670329,FF,776612,2025-08-24,HOU,10,3,95.17
670329,FF,776564,2025-08-28,BOS,23,9,95.7
670329,FF,776494,2025-09-01,SD,21,7,96.4
670329,FF,776480,2025-09-02,SD,8,6,96.52
670329,FF,776454,2025-09-05,LAD,9,2,96.9
670329,FF,776427,2025-09-07,LAD,24,14,95.96
670329,FF,776401,2025-09-09,PIT,14,4,95.58
670329,FF,776387,2025-09-10,PIT,25,9,94.79
670329,FF,776343,2025-09-13,TOR,19,8,95.82
670329,FF,776306,2025-09-16,CWS,6,4,94.62
670329,FF,776285,2025-09-17,CWS,15,3,95.3
670329,FF,776273,2025-09-19,NYY,16,4,96.32
670329,FF,776240,2025-09-21,NYY,14,4,95.38
670329,FF,776191,2025-09-25,TB,26,9,95.0
670329,FF,776140,2025-09-28,NYY,20,10,96.61
672782,FF,778484,2025-04-02,AZ,43,10,94.07
672782,FF,778428,2025-04-06,PIT,28,14,92.69
672782,FF,778370,2025-04-11,SF,33,12,91.0
672782,FF,778255,2025-04-19,TB,3,2,94.25
672782,FF,778227,2025-04-21,CLE,46,25,93.39
672782,FF,778145,2025-04-27,PIT,50,20,93.33
672782,FF,778109,2025-04-30,MIA,30,17,93.79
672782,FF,778047,2025-05-05,MIA,13,6,94.07
672782,FF,777912,2025-05-15,CIN,14,4,95.65
672782,FF,777900,2025-05-16,CHC,26,11,94.36
672782,FF,777857,2025-05-19,SEA,28,6,92.22
672782,FF,776773,2025-08-12,DET,89,34,93.54
672782,FF,776696,2025-08-18,ATL,90,28,93.93
672782,FF,776607,2025-08-24,MIN,89,28,94.63
672782,FF,776544,2025-08-29,NYY,87,26,94.5
672782,FF,776469,2025-09-03,MIN,94,13,93.86
672782,FF,776388,2025-09-09,TB,90,24,93.2
672782,FF,776331,2025-09-14,CLE,77,33,94.78
672782,FF,776250,2025-09-20,SD,74,29,93.86
672782,FF,776165,2025-09-26,WSH,79,18,93.96
687396,FF,778492,2025-04-01,AZ,7,5,92.68
687396,FF,778461,2025-04-04,PIT,27,19,93.12
687396,FF,778428,2025-04-06,PIT,36,26,92.93
687396,FF,777802,2025-05-23,COL,7,6,94.6
687396,FF,777708,2025-05-30,LAD,14,10,95.28
687396,FF,777698,2025-05-31,LAD,20,12,92.17
687396,FF,777653,2025-06-04,CLE,10,8,93.66
687396,FF,777627,2025-06-06,BOS,23,19,94.04
687396,FF,777593,2025-06-08,BOS,35,19,93.91
687396,FF,777551,2025-06-11,KC,23,13,93.69
687396,FF,776970,2025-07-28,TB,17,15,95.08
687396,FF,776938,2025-07-30,TB,17,9,94.87
687396,FF,776925,2025-08-01,MIA,17,15,94.41
687396,FF,776891,2025-08-03,MIA,30,13,93.97
687396,FF,776797,2025-08-10,HOU,36,22,95.57
687396,FF,776760,2025-08-13,MIN,21,11,94.88
693645,FF,777184,2025-07-09,SEA,75,42,97.93
693645,FF,777046,2025-07-22,TOR,90,44,97.69
693645,FF,776970,2025-07-28,TB,86,63,97.97
693645,FF,776910,2025-08-02,MIA,92,46,97.7
693645,FF,776835,2025-08-08,HOU,97,56,98.14
693645,FF,776760,2025-08-13,MIN,86,54,98.37
693645,FF,776664,2025-08-20,TB,95,64,97.69
693645,FF,776597,2025-08-25,WSH,96,51,97.84
693645,FF,776529,2025-08-30,CWS,100,60,97.51
693645,FF,776457,2025-09-05,TOR,66,32,98.75
693645,FF,776368,2025-09-11,DET,95,50,98.17
693645,FF,776298,2025-09-16,MIN,89,42,98.02
693645,FF,776240,2025-09-21,BAL,89,45,98.06
693645,FF,776162,2025-09-27,BAL,97,51,98.44
701542,FF,778492,2025-04-01,AZ,85,27,92.1
701542,FF,778428,2025-04-06,PIT,87,19,92.22
701542,FF,778355,2025-04-12,SF,91,31,93.13
701542,FF,778282,2025-04-17,TB,53,17,94.36
701542,FF,778218,2025-04-22,CLE,82,34,93.18
701542,FF,778140,2025-04-28,BAL,71,31,93.83
701542,FF,778057,2025-05-04,TB,102,60,92.94
701542,FF,777994,2025-05-09,ATH,87,25,93.69
701542,FF,777915,2025-05-14,SEA,91,23,93.3
701542,FF,777849,2025-05-20,TEX,101,32,93.12
701542,FF,777768,2025-05-25,COL,57,20,93.45
701542,FF,777698,2025-05-31,LAD,57,20,94.32
701542,FF,777627,2025-06-06,BOS,84,50,94.17
701542,FF,777536,2025-06-12,KC,77,36,93.23
701542,FF,777476,2025-06-17,LAA,93,45,93.41
701542,FF,777406,2025-06-22,BAL,86,40,93.48
701542,FF,777337,2025-06-27,ATH,99,41,92.91
701542,FF,777274,2025-07-02,TOR,99,33,92.34
701542,FF,777187,2025-07-08,SEA,85,36,92.96
701542,FF,777122,2025-07-13,CHC,88,35,92.81
701542,FF,777097,2025-07-19,ATL,78,38,93.04
701542,FF,777015,2025-07-25,PHI,89,39,93.55
701542,FF,776938,2025-07-30,TB,101,42,93.31
701542,FF,776855,2025-08-05,TEX,98,53,92.92
701542,FF,776790,2025-08-11,MIN,85,28,93.84
701542,FF,776698,2025-08-17,STL,95,40,93.12
701542,FF,776627,2025-08-23,BOS,69,32,92.94
701542,FF,776556,2025-08-28,CWS,93,47,93.34
701542,FF,776472,2025-09-03,HOU,67,33,94.19
701542,FF,776398,2025-09-09,DET,91,41,93.52
701542,FF,776330,2025-09-14,BOS,89,40,93.32
701542,FF,776273,2025-09-19,BAL,87,34,93.53
701542,FF,776174,2025-09-26,BAL,81,43,93.16
502085,FC,776792,2025-08-11,CIN,17,9,90.72
502085,FC,776743,2025-08-14,WSH,16,7,91.01
502085,FC,776739,2025-08-15,WSH,16,7,92.2
502085,FC,776680,2025-08-19,SEA,14,7,91.74
502085,FC,776662,2025-08-20,SEA,16,7,91.4
502085,FC,776628,2025-08-23,WSH,14,9,91.69
502085,FC,776598,2025-08-25,NYM,13,6,91.17
502085,FC,776552,2025-08-29,ATL,9,7,91.26
502085,FC,776522,2025-08-31,ATL,9,4,91.68
502085,FC,776500,2025-09-01,MIL,31,15,91.59
502085,FC,776459,2025-09-04,MIL,15,8,91.86
502085,FC,776433,2025-09-06,MIA,13,5,91.22
502085,FC,776405,2025-09-08,NYM,11,2,92.55
502085,FC,776404,2025-09-09,NYM,17,8,92.0
502085,FC,776342,2025-09-13,KC,21,9,91.34
502085,FC,776311,2025-09-15,LAD,16,9,91.81
502085,FC,776297,2025-09-16,LAD,7,4,90.65
502085,FC,776215,2025-09-23,MIA,23,11,92.73
502085,FC,776188,2025-09-25,MIA,10,4,91.85
502085,FC,776141,2025-09-28,MIN,16,13,92.85
554430,FF,778482,2025-04-02,COL,105,41,94.75
554430,FF,778406,2025-04-08,ATL,104,45,94.59
554430,FF,778336,2025-04-13,STL,89,32,95.45
554430,FF,778274,2025-04-18,MIA,96,42,95.24
554430,FF,778203,2025-04-23,NYM,107,53,95.97
554430,FF,778131,2025-04-29,WSH,105,35,96.07
554430,FF,778040,2025-05-06,TB,84,42,95.91
554430,FF,777971,2025-05-11,CLE,93,40,95.67
554430,FF,777894,2025-05-17,PIT,97,32,96.6
554430,FF,777804,2025-05-23,ATH,108,43,96.65
554430,FF,777723,2025-05-29,ATL,106,52,96.88
554430,FF,777578,2025-06-09,CHC,102,42,96.62
554430,FF,777499,2025-06-15,TOR,94,35,95.85
554430,FF,777437,2025-06-20,NYM,98,48,96.92
554430,FF,777366,2025-06-25,HOU,100,38,97.34
554430,FF,777306,2025-06-30,SD,107,49,96.61
554430,FF,777217,2025-07-06,CIN,108,47,97.0
554430,FF,777126,2025-07-12,SD,105,45,96.88
554430,FF,777063,2025-07-21,BOS,105,36,96.19
554430,FF,776988,2025-07-27,NYY,103,41,95.68
554430,FF,776912,2025-08-02,DET,98,34,96.0
554430,FF,776800,2025-08-10,TEX,83,31,94.21
554430,FF,776739,2025-08-15,WSH,97,36,95.7
592836,FF,778467,2025-04-03,COL,74,6,92.77
592836,FF,778393,2025-04-09,ATL,94,13,92.87
592836,FF,778320,2025-04-14,SF,99,22,92.4
592836,FF,778252,2025-04-19,MIA,56,5,90.4
592836,FF,778182,2025-04-25,CHC,86,7,91.03
592836,FF,778099,2025-05-01,WSH,85,9,92.81
592836,FF,778021,2025-05-07,TB,45,1,93.1
592836,FF,777933,2025-05-14,STL,59,2,93.55
592836,FF,777823,2025-05-21,COL,68,10,92.03
592836,FF,777715,2025-05-30,MIL,89,2,92.05
592836,FF,777637,2025-06-05,TOR,15,2,92.75
592836,FF,777607,2025-06-07,PIT,27,1,92.7
592836,FF,777531,2025-06-13,TOR,11,3,93.8
592836,FF,777483,2025-06-16,MIA,9,1,92.0
592836,FF,777423,2025-06-21,NYM,18,3,93.63
592836,FF,777342,2025-06-27,ATL,43,7,91.9
592836,FF,777273,2025-07-02,SD,33,4,93.15
592836,FF,777186,2025-07-08,SF,63,3,92.77
592836,FF,777089,2025-07-19,LAA,70,2,92.2
592836,FF,777015,2025-07-25,NYY,83,8,92.25
592836,FF,776939,2025-07-30,CWS,80,10,90.87
592836,FF,776868,2025-08-05,BAL,83,8,92.59
592836,FF,776792,2025-08-11,CIN,93,3,91.47
592836,FF,776725,2025-08-16,WSH,94,4,90.95
592836,FF,776648,2025-08-22,WSH,79,6,91.72
592836,FF,776566,2025-08-27,NYM,102,10,92.14
592836,FF,776500,2025-09-01,MIL,85,2,90.7
592836,FF,776426,2025-09-07,MIA,86,8,91.34
592836,FF,776342,2025-09-13,KC,83,11,91.95
592836,FF,776255,2025-09-19,AZ,59,12,92.38
592836,FF,776188,2025-09-25,MIA,35,7,93.53
592836,FF,776141,2025-09-28,MIN,27,4,93.32
605400,FF,778448,2025-04-05,LAD,97,16,91.09
605400,FF,778365,2025-04-11,STL,93,35,91.16
605400,FF,778296,2025-04-16,SF,97,18,90.32
605400,FF,778225,2025-04-21,NYM,101,15,90.87
605400,FF,778158,2025-04-27,CHC,99,24,91.83
605400,FF,778078,2025-05-03,AZ,109,26,92.19
605400,FF,777997,2025-05-09,CLE,87,31,91.24
605400,FF,777933,2025-05-14,STL,83,22,91.77
605400,FF,776708,2025-08-17,WSH,53,15,91.49
605400,FF,776628,2025-08-23,WSH,97,31,92.62
605400,FF,776560,2025-08-28,ATL,95,52,92.66
605400,FF,776471,2025-09-03,MIL,95,40,91.68
605400,FF,776405,2025-09-08,NYM,94,27,92.03
605400,FF,776334,2025-09-14,KC,97,37,91.72
605400,FF,776246,2025-09-20,AZ,84,26,92.56
605400,FF,776176,2025-09-26,MIN,90,28,92.71
605447,FF,778467,2025-04-03,COL,14,5,96.16
605447,FF,778459,2025-04-04,LAD,22,9,93.68
605447,FF,778434,2025-04-06,LAD,13,9,93.47
605447,FF,778384,2025-04-10,ATL,12,4,95.95
605447,FF,778347,2025-04-12,STL,5,3,95.03
605447,FF,778313,2025-04-15,SF,10,3,94.93
605447,FF,778252,2025-04-19,MIA,22,10,97.01
605447,FF,778223,2025-04-22,NYM,16,6,96.63
605447,FF,778203,2025-04-23,NYM,11,3,97.1
605447,FF,778158,2025-04-27,CHC,13,6,96.07
605447,FF,778086,2025-05-02,AZ,8,4,95.18
605447,FF,778059,2025-05-04,AZ,15,6,95.62
605447,FF,778005,2025-05-08,TB,14,5,96.2
605447,FF,777971,2025-05-11,CLE,13,4,94.98
605447,FF,777922,2025-05-14,STL,13,3,95.03
605447,FF,777905,2025-05-16,PIT,9,2,92.2
605447,FF,777880,2025-05-18,PIT,11,4,95.65
605447,FF,777817,2025-05-22,COL,10,3,95.77
605447,FF,777804,2025-05-23,ATH,28,10,93.41
605447,FF,777748,2025-05-27,ATL,11,5,94.68
605447,FF,777735,2025-05-29,ATL,24,10,95.64
605447,FF,777688,2025-06-01,MIL,26,10,95.25
605447,FF,777651,2025-06-04,TOR,20,12,96.71
605447,FF,777621,2025-06-06,PIT,24,8,94.96
605447,FF,777578,2025-06-09,CHC,7,2,96.5
605447,FF,777499,2025-06-15,TOR,21,9,95.44
605447,FF,777483,2025-06-16,MIA,14,4,95.08
605447,FF,777423,2025-06-21,NYM,14,6,96.82
605447,FF,777405,2025-06-22,NYM,4,1,95.8
605447,FF,777366,2025-06-25,HOU,13,3,97.23
605447,FF,777333,2025-06-28,ATL,23,11,96.43
605447,FF,777255,2025-07-04,CIN,16,6,96.4
605447,FF,777233,2025-07-05,CIN,12,2,96.85
605447,FF,777186,2025-07-08,SF,15,8,95.48
605447,FF,777126,2025-07-12,SD,6,2,96.3
605447,FF,777106,2025-07-18,LAA,16,4,94.35
605447,FF,777078,2025-07-20,LAA,6,1,96.6
605447,FF,777038,2025-07-23,BOS,12,4,95.58
605447,FF,777015,2025-07-25,NYY,16,5,96.22
605447,FF,776952,2025-07-29,CWS,11,2,94.7
605447,FF,776851,2025-08-06,BAL,4,1,95.0
605447,FF,776792,2025-08-11,CIN,10,3,95.93
605447,FF,776765,2025-08-13,CIN,30,9,95.52
605447,FF,776725,2025-08-16,WSH,6,2,95.1
605447,FF,776689,2025-08-18,SEA,10,2,94.05
605447,FF,776598,2025-08-25,NYM,29,12,94.75
605452,FF,778448,2025-04-05,LAD,17,3,93.9
605452,FF,778393,2025-04-09,ATL,17,4,93.4
605452,FF,778384,2025-04-10,ATL,6,2,91.95
605452,FF,778320,2025-04-14,SF,15,6,94.15
605452,FF,778296,2025-04-16,SF,25,8,93.01
605452,FF,778252,2025-04-19,MIA,29,8,93.49
605452,FF,778223,2025-04-22,NYM,51,16,94.12
605452,FF,778174,2025-04-26,CHC,28,14,93.64
605452,FF,778099,2025-05-01,WSH,27,11,94.26
605452,FF,778078,2025-05-03,AZ,22,9,93.49
605452,FF,778059,2025-05-04,AZ,10,5,93.3
605452,FF,777997,2025-05-09,CLE,21,7,93.3
605452,FF,777983,2025-05-10,CLE,21,6,94.05
605452,FF,777852,2025-05-19,COL,14,4,93.0
605452,FF,777823,2025-05-21,COL,22,5,93.32
605452,FF,777784,2025-05-24,ATH,40,19,93.66
605452,FF,777723,2025-05-29,ATL,21,7,94.9
605452,FF,777702,2025-05-31,MIL,30,14,94.54
605452,FF,777665,2025-06-03,TOR,9,4,94.82
605452,FF,777621,2025-06-06,PIT,29,8,93.22
605452,FF,777571,2025-06-10,CHC,35,16,95.08
605452,FF,777531,2025-06-13,TOR,18,5,94.2
605452,FF,777481,2025-06-17,MIA,28,8,94.96
605452,FF,777423,2025-06-21,NYM,42,20,95.61
605452,FF,777333,2025-06-28,ATL,22,5,94.26
605452,FF,777255,2025-07-04,CIN,48,20,93.84
605452,FF,777163,2025-07-09,SF,16,7,94.49
605452,FF,777106,2025-07-18,LAA,21,6,94.98
605452,FF,777078,2025-07-20,LAA,37,9,94.51
605452,FF,776851,2025-08-06,BAL,7,3,94.73
605452,FF,776777,2025-08-12,CIN,8,4,94.62
605452,FF,776765,2025-08-13,CIN,15,5,95.52
605452,FF,776708,2025-08-17,WSH,26,12,94.16
605452,FF,776662,2025-08-20,SEA,12,5,94.66
605452,FF,776598,2025-08-25,NYM,34,14,94.84
614179,FF,778459,2025-04-04,LAD,3,3,96.27
614179,FF,778434,2025-04-06,LAD,6,2,95.4
614179,FF,778393,2025-04-09,ATL,24,11,95.17
614179,FF,778365,2025-04-11,STL,10,5,94.38
614179,FF,778320,2025-04-14,SF,20,9,96.17
614179,FF,778296,2025-04-16,SF,9,2,95.4
614179,FF,778274,2025-04-18,MIA,18,5,95.72
614179,FF,778225,2025-04-21,NYM,9,3,94.87
614179,FF,778182,2025-04-25,CHC,41,16,95.41
614179,FF,778118,2025-04-30,WSH,13,5,96.48
614179,FF,777842,2025-05-20,COL,19,10,96.07
614179,FF,777784,2025-05-24,ATH,20,8,95.86
614179,FF,777702,2025-05-31,MIL,22,5,95.98
614179,FF,777568,2025-06-10,MIL,21,9,95.16
614179,FF,777504,2025-06-15,COL,32,14,95.83
621111,FF,778463,2025-04-04,STL,83,28,93.47
621111,FF,778377,2025-04-10,TOR,89,25,93.74
621111,FF,778319,2025-04-15,TB,89,24,94.2
621111,FF,778238,2025-04-21,CWS,100,31,93.27
621111,FF,778169,2025-04-26,CLE,87,13,92.85
621111,FF,777851,2025-05-20,NYM,52,12,94.66
621111,FF,777785,2025-05-25,BAL,85,23,94.17
621111,FF,777706,2025-05-31,ATL,106,16,94.89
621111,FF,777627,2025-06-06,NYY,67,7,95.27
621111,FF,777561,2025-06-11,TB,97,23,95.02
621111,FF,777473,2025-06-17,SEA,93,16,95.21
621111,FF,777381,2025-06-23,LAA,94,34,94.56
621111,FF,777310,2025-06-29,TOR,72,28,94.91
621111,FF,777228,2025-07-05,WSH,100,24,94.18
621111,FF,777170,2025-07-10,TB,92,22,93.34
621111,FF,777063,2025-07-21,PHI,89,10,94.66
621111,FF,776983,2025-07-27,LAD,104,21,93.81
621111,FF,776909,2025-08-02,HOU,84,14,93.6
621111,FF,776820,2025-08-08,SD,96,45,94.11
621111,FF,776753,2025-08-13,HOU,96,23,93.24
621111,FF,776684,2025-08-19,BAL,75,16,93.19
621111,FF,776616,2025-08-24,NYY,35,8,93.66
621111,FF,776354,2025-09-12,KC,89,36,93.84
621111,FF,776255,2025-09-19,AZ,60,20,94.03
621111,FF,776188,2025-09-25,MIA,74,21,93.29
621237,SI,778482,2025-04-02,COL,13,7,99.01
621237,SI,778467,2025-04-03,COL,35,19,99.96
621237,SI,778434,2025-04-06,LAD,10,9,99.2
621237,SI,778393,2025-04-09,ATL,30,19,100.39
621237,SI,778347,2025-04-12,STL,11,5,100.26
621237,SI,778313,2025-04-15,SF,30,16,99.86
621237,SI,778279,2025-04-17,SF,14,9,99.57
621237,SI,778252,2025-04-19,MIA,2,1,98.3
621237,SI,778248,2025-04-20,MIA,8,6,99.48
621237,SI,778203,2025-04-23,NYM,28,15,98.83
621237,SI,778158,2025-04-27,CHC,11,6,99.07
621237,SI,778131,2025-04-29,WSH,23,14,99.55
621237,SI,778086,2025-05-02,AZ,11,8,99.08
621237,SI,778059,2025-05-04,AZ,30,19,98.17
621237,SI,778005,2025-05-08,TB,11,10,97.83
621237,SI,777971,2025-05-11,CLE,14,12,99.73
621237,SI,777922,2025-05-14,STL,14,9,97.3
621237,SI,777905,2025-05-16,PIT,6,3,99.0
621237,SI,776662,2025-08-20,SEA,14,6,98.25
621237,SI,776648,2025-08-22,WSH,12,11,98.76
621237,SI,776613,2025-08-24,WSH,13,9,98.73
621237,SI,776585,2025-08-26,NYM,18,11,98.83
621237,SI,776522,2025-08-31,ATL,14,8,98.25
621237,SI,776500,2025-09-01,MIL,21,13,98.48
621237,SI,776426,2025-09-07,MIA,20,13,97.55
621237,SI,776384,2025-09-10,NYM,7,5,97.54
621381,FF,778482,2025-04-02,COL,30,15,90.86
621381,FF,778459,2025-04-04,LAD,16,6,90.63
621381,FF,778434,2025-04-06,LAD,12,4,91.68
621381,FF,778406,2025-04-08,ATL,6,3,90.97
621381,FF,778384,2025-04-10,ATL,20,8,92.29
621381,FF,778336,2025-04-13,STL,19,7,93.07
621381,FF,778313,2025-04-15,SF,7,4,92.15
621381,FF,778252,2025-04-19,MIA,20,8,92.45
621381,FF,778248,2025-04-20,MIA,16,4,91.75
621381,FF,778203,2025-04-23,NYM,14,9,91.76
621381,FF,778174,2025-04-26,CHC,29,10,91.75
621381,FF,778131,2025-04-29,WSH,9,1,93.9
621381,FF,778059,2025-05-04,AZ,7,2,91.5
621381,FF,778040,2025-05-06,TB,26,14,91.79
621381,FF,778005,2025-05-08,TB,18,9,91.48
621381,FF,777953,2025-05-12,STL,12,3,92.2
621381,FF,777894,2025-05-17,PIT,10,4,92.48
621381,FF,777880,2025-05-18,PIT,15,2,92.9
621381,FF,777817,2025-05-22,COL,15,6,91.62
621381,FF,777804,2025-05-23,ATH,15,6,91.97
621381,FF,777765,2025-05-25,ATH,20,11,93.07
621381,FF,777748,2025-05-27,ATL,15,9,93.14
621381,FF,777735,2025-05-29,ATL,21,3,93.4
621381,FF,777688,2025-06-01,MIL,9,3,93.43
621381,FF,777651,2025-06-04,TOR,10,3,92.57
621381,FF,777621,2025-06-06,PIT,19,9,92.28
621381,FF,777578,2025-06-09,CHC,22,7,92.27
621381,FF,777509,2025-06-14,TOR,7,2,92.25
621381,FF,777483,2025-06-16,MIA,18,4,92.52
621381,FF,777465,2025-06-18,MIA,19,10,92.74
621381,FF,777405,2025-06-22,NYM,14,6,93.53
621381,FF,777366,2025-06-25,HOU,12,6,93.05
621381,FF,777316,2025-06-29,ATL,17,6,91.68
621381,FF,777290,2025-07-02,SD,14,3,92.73
621381,FF,777233,2025-07-05,CIN,24,11,92.76
621381,FF,777186,2025-07-08,SF,10,3,92.83
621381,FF,777126,2025-07-12,SD,12,4,91.88
621381,FF,777117,2025-07-13,SD,16,4,92.15
621381,FF,777089,2025-07-19,LAA,12,6,92.48
621381,FF,777063,2025-07-21,BOS,17,8,92.88
621381,FF,777038,2025-07-23,BOS,19,7,92.37
621381,FF,776988,2025-07-27,NYY,15,7,93.07
621381,FF,776912,2025-08-02,DET,29,8,91.59
621381,FF,776868,2025-08-05,BAL,11,4,93.1
621381,FF,776821,2025-08-08,TEX,11,3,92.83
621381,FF,776810,2025-08-09,TEX,14,8,92.64
621381,FF,776800,2025-08-10,TEX,9,1,92.5
621381,FF,776739,2025-08-15,WSH,14,6,92.6
621381,FF,776708,2025-08-17,WSH,18,2,93.65
621381,FF,776648,2025-08-22,WSH,10,2,93.5
621381,FF,776628,2025-08-23,WSH,14,7,92.76
621381,FF,776585,2025-08-26,NYM,15,6,92.77
621381,FF,776552,2025-08-29,ATL,12,2,92.4
621381,FF,776532,2025-08-30,ATL,12,5,92.22
621381,FF,776500,2025-09-01,MIL,22,10,92.15
621381,FF,776459,2025-09-04,MIL,17,9,91.79
621381,FF,776433,2025-09-06,MIA,16,8,92.64
621381,FF,776405,2025-09-08,NYM,19,7,91.96
621381,FF,776342,2025-09-13,KC,19,7,92.59
621381,FF,776311,2025-09-15,LAD,16,9,91.78
621381,FF,776246,2025-09-20,AZ,10,3,91.3
621381,FF,776188,2025-09-25,MIA,12,3,93.8
621383,FF,778448,2025-04-05,LAD,18,6,92.18
621383,FF,778406,2025-04-08,ATL,21,5,90.24
621383,FF,778384,2025-04-10,ATL,14,4,92.58
621383,FF,778365,2025-04-11,STL,13,3,91.5
621383,FF,778320,2025-04-14,SF,45,10,91.21
621383,FF,778274,2025-04-18,MIA,12,3,92.5
621383,FF,778225,2025-04-21,NYM,16,3,92.2
621383,FF,778223,2025-04-22,NYM,9,1,92.6
621383,FF,778182,2025-04-25,CHC,24,7,91.46
621383,FF,778118,2025-04-30,WSH,27,6,93.85
621383,FF,778078,2025-05-03,AZ,10,2,93.05
621383,FF,778005,2025-05-08,TB,27,6,92.25
621383,FF,777997,2025-05-09,CLE,9,3,91.97
621383,FF,777953,2025-05-12,STL,11,1,93.1
621383,FF,777933,2025-05-14,STL,18,2,93.3
621383,FF,777894,2025-05-17,PIT,25,3,93.37
621383,FF,777852,2025-05-19,COL,14,4,91.4
621383,FF,777823,2025-05-21,COL,13,4,92.12
621383,FF,777784,2025-05-24,ATH,16,4,92.75
621383,FF,777715,2025-05-30,MIL,21,6,93.15
621383,FF,777702,2025-05-31,MIL,26,8,93.59
621383,FF,777651,2025-06-04,TOR,15,1,93.9
621383,FF,777621,2025-06-06,PIT,16,1,94.2
621383,FF,777578,2025-06-09,CHC,13,5,93.9
621383,FF,777571,2025-06-10,CHC,19,3,94.17
621383,FF,777499,2025-06-15,TOR,16,4,91.92
621383,FF,777481,2025-06-17,MIA,18,4,92.88
621383,FF,777437,2025-06-20,NYM,26,4,93.48
621383,FF,777423,2025-06-21,NYM,6,2,93.2
621383,FF,777342,2025-06-27,ATL,33,7,93.27
621383,FF,777306,2025-06-30,SD,9,3,93.07
621383,FF,777255,2025-07-04,CIN,17,4,92.82
621383,FF,777233,2025-07-05,CIN,12,3,93.6
621383,FF,777186,2025-07-08,SF,15,1,93.1
621383,FF,777126,2025-07-12,SD,11,4,93.52
621383,FF,777106,2025-07-18,LAA,19,5,92.84
621383,FF,777089,2025-07-19,LAA,9,1,92.7
621383,FF,777063,2025-07-21,BOS,16,3,93.47
621383,FF,777038,2025-07-23,BOS,9,2,93.35
621383,FF,777015,2025-07-25,NYY,8,1,93.3
621383,FF,776988,2025-07-27,NYY,20,2,93.1
621383,FF,776939,2025-07-30,CWS,13,1,92.2
621383,FF,776912,2025-08-02,DET,23,4,92.9
621383,FF,776877,2025-08-04,BAL,15,7,92.94
621383,FF,776810,2025-08-09,TEX,15,2,93.3
621383,FF,776800,2025-08-10,TEX,15,2,93.15
621383,FF,776739,2025-08-15,WSH,11,1,93.0
621383,FF,776708,2025-08-17,WSH,20,4,91.92
621383,FF,776648,2025-08-22,WSH,21,5,92.66
621383,FF,776585,2025-08-26,NYM,18,3,92.37
621383,FF,776566,2025-08-27,NYM,17,3,92.7
621383,FF,776532,2025-08-30,ATL,15,1,93.0
621383,FF,776522,2025-08-31,ATL,12,2,93.95
621383,FF,776456,2025-09-05,MIA,15,3,92.0
621383,FF,776404,2025-09-09,NYM,19,4,93.28
621383,FF,776354,2025-09-12,KC,18,3,92.1
621383,FF,776342,2025-09-13,KC,15,5,92.7
621383,FF,776297,2025-09-16,LAD,17,5,91.58
621383,FF,776255,2025-09-19,AZ,2,1,92.1
621383,FF,776246,2025-09-20,AZ,28,7,91.56
621383,FF,776141,2025-09-28,MIN,15,9,93.48
624133,FF,778059,2025-05-04,AZ,82,10,92.57
624133,FF,777983,2025-05-10,CLE,82,25,92.38
624133,FF,777905,2025-05-16,PIT,98,16,92.56
624133,FF,777817,2025-05-22,COL,99,30,92.06
624133,FF,777748,2025-05-27,ATL,103,16,92.26
624133,FF,777688,2025-06-01,MIL,97,9,91.18
624133,FF,777607,2025-06-07,PIT,97,8,91.1
624133,FF,777531,2025-06-13,TOR,94,7,91.59
624133,FF,777465,2025-06-18,MIA,95,6,91.27
624133,FF,777377,2025-06-24,HOU,101,9,91.89
624133,FF,777316,2025-06-29,ATL,96,4,88.98
624133,FF,777233,2025-07-05,CIN,80,12,91.05
624133,FF,777139,2025-07-11,SD,96,18,91.41
624133,FF,777078,2025-07-20,LAA,100,15,90.0
624133,FF,777001,2025-07-26,NYY,108,14,90.09
624133,FF,776913,2025-08-01,DET,92,11,90.55
624133,FF,776851,2025-08-06,BAL,95,23,90.17
624133,FF,776777,2025-08-12,CIN,92,18,90.36
624133,FF,776689,2025-08-18,SEA,102,8,91.51
624133,FF,776613,2025-08-24,WSH,90,11,91.73
624133,FF,776552,2025-08-29,ATL,92,6,91.32
624133,FF,776459,2025-09-04,MIL,89,16,90.84
624133,FF,776404,2025-09-09,NYM,99,8,91.05
624133,FF,776311,2025-09-15,LAD,88,22,91.5
624133,FF,776230,2025-09-21,AZ,79,11,91.45
624133,FF,776163,2025-09-27,MIN,84,19,91.55
642016,FF,777933,2025-05-14,STL,5,1,97.0
642016,FF,777905,2025-05-16,PIT,28,5,95.52
642016,FF,777333,2025-06-28,ATL,15,4,96.2
642016,FF,777273,2025-07-02,SD,18,5,96.14
642016,FF,777255,2025-07-04,CIN,15,4,96.05
642016,FF,777186,2025-07-08,SF,18,6,96.52
642016,FF,777106,2025-07-18,LAA,18,3,96.93
642016,FF,777089,2025-07-19,LAA,16,2,96.1
642016,FF,777038,2025-07-23,BOS,11,1,97.4
642016,FF,777015,2025-07-25,NYY,7,3,96.53
642016,FF,777001,2025-07-26,NYY,20,9,97.06
642016,FF,776952,2025-07-29,CWS,19,4,96.1
642016,FF,776566,2025-08-27,NYM,15,2,96.3
642016,FF,776560,2025-08-28,ATL,34,9,94.77
642016,FF,776500,2025-09-01,MIL,16,2,97.0
650911,SI,778434,2025-04-06,LAD,88,49,95.79
650911,SI,778347,2025-04-12,STL,95,47,95.2
650911,SI,778279,2025-04-17,SF,97,35,96.28
650911,SI,778223,2025-04-22,NYM,58,28,94.7
650911,SI,778118,2025-04-30,WSH,87,41,95.67
650911,SI,778021,2025-05-07,TB,85,50,95.21
650911,SI,777953,2025-05-12,STL,98,47,95.36
650911,SI,777852,2025-05-19,COL,89,42,95.16
650911,SI,777784,2025-05-24,ATH,83,43,94.52
650911,SI,777735,2025-05-29,ATL,88,40,94.61
650911,SI,777665,2025-06-03,TOR,96,52,94.88
650911,SI,777595,2025-06-08,PIT,100,47,94.83
650911,SI,777509,2025-06-14,TOR,98,44,95.19
650911,SI,777444,2025-06-19,MIA,91,42,95.83
650911,SI,777350,2025-06-26,HOU,99,43,95.42
650911,SI,777290,2025-07-02,SD,85,42,95.73
650911,SI,777199,2025-07-07,SF,105,42,94.99
650911,SI,777117,2025-07-13,SD,86,34,94.8
650911,SI,777045,2025-07-22,BOS,106,46,95.66
650911,SI,776972,2025-07-28,CWS,88,37,94.72
650911,SI,776890,2025-08-03,DET,84,30,95.05
650911,SI,776821,2025-08-08,TEX,101,41,95.57
650911,SI,776765,2025-08-13,CIN,81,30,95.49
650911,SI,776680,2025-08-19,SEA,96,31,95.55
650911,SI,776598,2025-08-25,NYM,92,42,95.36
650911,SI,776532,2025-08-30,ATL,97,39,95.99
650911,SI,776456,2025-09-05,MIA,82,38,95.32
650911,SI,776384,2025-09-10,NYM,93,53,95.49
650911,SI,776297,2025-09-16,LAD,102,62,96.08
650911,SI,776215,2025-09-23,MIA,91,40,95.09
650911,SI,776141,2025-09-28,MIN,60,31,95.91
660604,FF,777621,2025-06-06,PIT,45,19,92.62
660604,FF,777342,2025-06-27,ATL,71,27,92.84
660604,FF,777001,2025-07-26,NYY,29,15,93.08
660604,FF,776939,2025-07-30,CWS,20,10,92.27
660604,FF,776851,2025-08-06,BAL,9,5,93.12
661395,FF,778474,2025-04-02,CWS,11,5,100.04
661395,FF,778440,2025-04-05,HOU,8,5,99.74
661395,FF,778388,2025-04-09,KC,15,6,99.97
661395,FF,778348,2025-04-12,DET,12,7,99.47
661395,FF,778335,2025-04-13,DET,10,2,99.7
661395,FF,778307,2025-04-15,NYM,16,5,101.48
661395,FF,778299,2025-04-16,NYM,19,5,100.06
661395,FF,778249,2025-04-20,ATL,11,4,100.05
661395,FF,778216,2025-04-22,CWS,32,16,100.98
661395,FF,778166,2025-04-26,LAA,7,2,100.4
661395,FF,778129,2025-04-29,CLE,13,4,100.65
661395,FF,778108,2025-05-01,CLE,24,8,101.35
661395,FF,778073,2025-05-03,BOS,16,9,101.07
661395,FF,778011,2025-05-07,BAL,14,5,100.66
661395,FF,778007,2025-05-08,BAL,6,3,99.43
661395,FF,777974,2025-05-10,SF,10,3,99.6
661395,FF,777956,2025-05-11,SF,14,5,101.72
661395,FF,777924,2025-05-14,BAL,11,5,99.78
661395,FF,777911,2025-05-15,BAL,27,7,99.94
661395,FF,777861,2025-05-19,CLE,23,10,98.66
661395,FF,777788,2025-05-24,KC,23,8,99.71
661395,FF,777772,2025-05-25,KC,18,10,99.71
661395,FF,777746,2025-05-27,TB,21,12,100.02
661395,FF,777713,2025-05-30,SEA,13,7,100.46
661395,FF,777695,2025-05-31,SEA,14,6,100.25
661395,FF,777643,2025-06-04,ATH,12,1,100.4
661395,FF,777600,2025-06-07,TOR,20,5,100.2
661395,FF,777585,2025-06-08,TOR,16,2,98.95
661395,FF,777556,2025-06-11,TEX,13,4,101.4
661395,FF,777510,2025-06-14,HOU,20,3,100.6
661395,FF,777494,2025-06-15,HOU,21,3,100.17
661395,FF,777434,2025-06-20,MIL,3,2,99.75
661395,FF,777401,2025-06-22,MIL,18,6,99.52
661395,FF,777375,2025-06-24,SEA,17,4,100.75
661395,FF,777363,2025-06-25,SEA,9,3,100.7
661395,FF,777334,2025-06-27,DET,9,1,100.0
661395,FF,777275,2025-07-02,MIA,9,2,100.75
661395,FF,777230,2025-07-05,TB,34,13,100.31
661395,FF,777148,2025-07-11,PIT,16,7,101.6
661395,FF,777113,2025-07-13,PIT,17,5,101.5
661395,FF,777072,2025-07-20,COL,16,5,100.02
661395,FF,777039,2025-07-22,LAD,24,8,101.2
661395,FF,777011,2025-07-25,WSH,6,1,101.9
661395,FF,776979,2025-07-27,WSH,17,7,98.8
661395,FF,776961,2025-07-28,BOS,27,10,99.19
661395,FF,776890,2025-08-03,DET,12,10,102.08
661395,FF,776810,2025-08-09,TEX,16,6,101.33
661395,FF,776800,2025-08-10,TEX,12,2,100.5
661395,FF,776708,2025-08-17,WSH,12,4,102.35
661395,FF,776680,2025-08-19,SEA,12,5,102.22
661395,FF,776648,2025-08-22,WSH,22,3,101.07
661395,FF,776628,2025-08-23,WSH,14,8,101.02
661395,FF,776585,2025-08-26,NYM,12,7,101.77
661395,FF,776552,2025-08-29,ATL,12,4,101.78
661395,FF,776532,2025-08-30,ATL,14,7,100.46
661395,FF,776500,2025-09-01,MIL,6,3,101.17
661395,FF,776459,2025-09-04,MIL,16,4,101.08
661395,FF,776433,2025-09-06,MIA,10,5,100.9
661395,FF,776405,2025-09-08,NYM,14,5,101.5
661395,FF,776371,2025-09-11,NYM,11,5,102.0
661395,FF,776342,2025-09-13,KC,9,2,102.1
661395,FF,776311,2025-09-15,LAD,22,9,101.83
661395,FF,776297,2025-09-16,LAD,12,6,101.27
661395,FF,776230,2025-09-21,AZ,24,12,99.6
661395,FF,776215,2025-09-23,MIA,15,2,101.35
661395,FF,776176,2025-09-26,MIN,23,8,101.16
666200,FF,778459,2025-04-04,LAD,95,33,96.58
666200,FF,778384,2025-04-10,ATL,98,39,95.73
666200,FF,778313,2025-04-15,SF,90,38,95.81
666200,FF,778248,2025-04-20,MIA,88,23,97.27
666200,FF,778174,2025-04-26,CHC,102,45,96.42
666200,FF,778086,2025-05-02,AZ,95,27,96.86
666200,FF,778005,2025-05-08,TB,105,24,95.97
666200,FF,777922,2025-05-14,STL,100,24,96.73
666200,FF,777842,2025-05-20,COL,105,55,96.22
666200,FF,777765,2025-05-25,ATH,105,33,96.51
666200,FF,777702,2025-05-31,MIL,76,21,96.8
666200,FF,777637,2025-06-05,TOR,61,14,96.64
666200,FF,777553,2025-06-11,CHC,99,44,96.83
666200,FF,777481,2025-06-17,MIA,103,23,96.91
666200,FF,777405,2025-06-22,NYM,107,43,96.14
666200,FF,777333,2025-06-28,ATL,97,34,96.48
666200,FF,777255,2025-07-04,CIN,60,25,96.18
666200,FF,777163,2025-07-09,SF,105,40,95.85
666200,FF,777106,2025-07-18,LAA,92,34,97.83
666200,FF,777038,2025-07-23,BOS,88,21,97.58
666200,FF,776952,2025-07-29,CWS,90,37,94.76
666200,FF,776877,2025-08-04,BAL,91,18,96.57
666200,FF,776810,2025-08-09,TEX,82,33,96.05
666200,FF,776743,2025-08-14,WSH,97,31,96.05
666200,FF,776662,2025-08-20,SEA,89,32,96.21
666200,FF,776585,2025-08-26,NYM,87,29,97.17
666200,FF,776522,2025-08-31,ATL,104,44,96.75
666200,FF,776433,2025-09-06,MIA,100,22,97.45
666200,FF,776371,2025-09-11,NYM,97,25,97.28
666200,FF,776280,2025-09-17,LAD,106,27,96.96
666200,FF,776201,2025-09-24,MIA,103,30,96.91
672578,FF,778384,2025-04-10,ATL,15,10,97.95
672578,FF,778365,2025-04-11,STL,12,6,95.57
672578,FF,778336,2025-04-13,STL,15,8,96.75
672578,FF,778296,2025-04-16,SF,41,29,97.29
672578,FF,778252,2025-04-19,MIA,26,13,98.17
672578,FF,778223,2025-04-22,NYM,15,4,98.15
672578,FF,778182,2025-04-25,CHC,18,9,97.47
672578,FF,778174,2025-04-26,CHC,19,13,97.26
672578,FF,778118,2025-04-30,WSH,8,3,97.9
672578,FF,778099,2025-05-01,WSH,12,6,99.55
672578,FF,778078,2025-05-03,AZ,17,8,98.26
672578,FF,778059,2025-05-04,AZ,16,11,97.19
672578,FF,778005,2025-05-08,TB,7,3,97.4
672578,FF,777983,2025-05-10,CLE,20,12,98.31
672578,FF,777933,2025-05-14,STL,27,18,98.61
672578,FF,777894,2025-05-17,PIT,8,4,97.18
672578,FF,777852,2025-05-19,COL,13,9,97.82
672578,FF,777823,2025-05-21,COL,17,8,98.75
672578,FF,777784,2025-05-24,ATH,11,6,98.22
672578,FF,777723,2025-05-29,ATL,12,8,98.96
672578,FF,777715,2025-05-30,MIL,33,19,98.01
672578,FF,777665,2025-06-03,TOR,10,4,98.22
672578,FF,777578,2025-06-09,CHC,13,6,99.47
672578,FF,777571,2025-06-10,CHC,24,12,97.93
672578,FF,777451,2025-06-19,PIT,13,6,97.92
672578,FF,777431,2025-06-20,TB,30,17,97.46
672578,FF,777371,2025-06-25,ATH,14,8,98.32
672578,FF,777334,2025-06-27,MIN,21,10,96.45
672578,FF,777258,2025-07-03,WSH,44,29,98.09
672578,FF,777226,2025-07-06,CLE,9,6,97.37
672578,FF,777161,2025-07-11,SEA,14,6,97.37
672578,FF,777145,2025-07-12,SEA,19,5,97.84
672578,FF,777088,2025-07-19,TEX,17,6,97.28
672578,FF,777044,2025-07-22,PIT,8,2,98.15
672578,FF,777029,2025-07-23,PIT,14,3,97.43
672578,FF,776892,2025-08-03,MIN,16,9,97.12
672578,FF,776798,2025-08-10,CWS,9,7,96.83
672578,FF,776766,2025-08-13,MIA,32,18,97.48
672578,FF,776738,2025-08-15,ATL,16,9,96.22
672578,FF,776720,2025-08-16,ATL,24,11,97.28
676661,FF,777842,2025-05-20,COL,40,20,93.26
676661,FF,777784,2025-05-24,ATH,16,10,94.81
676661,FF,777715,2025-05-30,MIL,45,28,94.27
676661,FF,777665,2025-06-03,TOR,22,16,93.69
676661,FF,777637,2025-06-05,TOR,28,14,93.43
676661,FF,777553,2025-06-11,CHC,31,18,93.51
676661,FF,777499,2025-06-15,TOR,10,7,94.76
676661,FF,777437,2025-06-20,NYM,17,9,94.59
676661,FF,777405,2025-06-22,NYM,10,6,95.68
676661,FF,777350,2025-06-26,HOU,5,1,95.0
676661,FF,777273,2025-07-02,SD,34,21,93.89
676661,FF,777255,2025-07-04,CIN,12,5,94.82
676661,FF,777199,2025-07-07,SF,6,2,95.75
676661,FF,777186,2025-07-08,SF,11,6,94.32
676661,FF,777139,2025-07-11,SD,16,13,95.39
676661,FF,777106,2025-07-18,LAA,4,1,95.9
676661,FF,777078,2025-07-20,LAA,19,9,95.18
676661,FF,777063,2025-07-21,BOS,9,6,94.78
676661,FF,777038,2025-07-23,BOS,14,8,95.94
676661,FF,777001,2025-07-26,NYY,2,1,93.9
676661,FF,776972,2025-07-28,CWS,4,2,94.95
676661,FF,776939,2025-07-30,CWS,25,10,94.81
676661,FF,776912,2025-08-02,DET,8,5,94.68
676661,FF,776868,2025-08-05,BAL,11,7,95.86
676661,FF,776821,2025-08-08,TEX,20,13,94.78
676661,FF,776777,2025-08-12,CIN,22,8,94.38
676661,FF,776725,2025-08-16,WSH,9,4,95.4
676661,FF,776708,2025-08-17,WSH,31,13,95.46
676661,FF,776471,2025-09-03,MIL,18,13,94.09
676661,FF,776404,2025-09-09,NYM,26,13,94.16
676661,FF,776354,2025-09-12,KC,9,6,95.15
676661,FF,776334,2025-09-14,KC,24,15,93.89
676661,FF,776255,2025-09-19,AZ,9,5,95.58
676661,FF,776230,2025-09-21,AZ,21,10,94.45
676661,FF,776201,2025-09-24,MIA,15,8,95.86
676661,FF,776163,2025-09-27,MIN,40,24,94.74
686751,FF,777637,2025-06-05,TOR,20,13,97.48
686751,FF,777273,2025-07-02,SD,33,18,98.59
686751,FF,777163,2025-07-09,SF,16,8,96.14
686751,FF,777089,2025-07-19,LAA,17,10,97.33
686751,FF,777078,2025-07-20,LAA,20,9,95.51
686751,FF,777038,2025-07-23,BOS,26,14,96.99
686751,FF,777001,2025-07-26,NYY,13,7,97.6
686751,FF,776972,2025-07-28,CWS,24,12,96.09
686751,FF,776939,2025-07-30,CWS,13,4,96.05
686751,FF,776877,2025-08-04,BAL,32,15,97.79
689147,FF,778467,2025-04-03,COL,16,6,96.47
689147,FF,778434,2025-04-06,LAD,14,2,97.7
689147,FF,778406,2025-04-08,ATL,27,3,96.97
689147,FF,778347,2025-04-12,STL,8,2,97.6
689147,FF,778313,2025-04-15,SF,11,2,98.15
689147,FF,778279,2025-04-17,SF,13,3,98.57
689147,FF,778248,2025-04-20,MIA,24,10,98.11
689147,FF,778223,2025-04-22,NYM,16,1,98.1
689147,FF,778182,2025-04-25,CHC,10,4,97.55
689147,FF,778158,2025-04-27,CHC,9,2,97.55
689147,FF,778131,2025-04-29,WSH,27,10,98.61
689147,FF,778099,2025-05-01,WSH,6,2,97.15
689147,FF,778059,2025-05-04,AZ,24,8,96.68
689147,FF,778040,2025-05-06,TB,24,12,97.51
689147,FF,777997,2025-05-09,CLE,19,5,97.26
689147,FF,777953,2025-05-12,STL,15,5,97.0
689147,FF,777922,2025-05-14,STL,9,1,97.9
689147,FF,777880,2025-05-18,PIT,15,3,96.43
689147,FF,777784,2025-05-24,ATH,13,2,98.2
689147,FF,777748,2025-05-27,ATL,14,3,97.0
689147,FF,777735,2025-05-29,ATL,19,7,97.19
689147,FF,777688,2025-06-01,MIL,15,3,96.73
689147,FF,777651,2025-06-04,TOR,11,3,97.7
689147,FF,777621,2025-06-06,PIT,16,7,97.46
689147,FF,777595,2025-06-08,PIT,23,6,98.22
689147,FF,777578,2025-06-09,CHC,23,2,98.1
689147,FF,777509,2025-06-14,TOR,12,2,97.5
689147,FF,777483,2025-06-16,MIA,12,8,96.91
689147,FF,777465,2025-06-18,MIA,20,9,97.11
689147,FF,777444,2025-06-19,MIA,13,4,96.48
689147,FF,777377,2025-06-24,HOU,5,1,97.3
689147,FF,777350,2025-06-26,HOU,21,5,97.58
689147,FF,777316,2025-06-29,ATL,17,6,97.25
689147,FF,777290,2025-07-02,SD,23,9,98.81
689147,FF,777233,2025-07-05,CIN,13,2,97.1
689147,FF,777199,2025-07-07,SF,25,8,97.14
689147,FF,777117,2025-07-13,SD,14,2,97.55
689147,FF,777089,2025-07-19,LAA,21,4,98.28
689147,FF,777063,2025-07-21,BOS,15,5,98.62
689147,FF,777038,2025-07-23,BOS,15,4,98.45
689147,FF,777015,2025-07-25,NYY,22,10,98.66
689147,FF,776913,2025-08-01,DET,12,7,96.79
689147,FF,776868,2025-08-05,BAL,17,7,98.26
689147,FF,776821,2025-08-08,TEX,18,6,97.48
689147,FF,776800,2025-08-10,TEX,8,2,96.85
689147,FF,776792,2025-08-11,CIN,10,4,97.28
689147,FF,776743,2025-08-14,WSH,17,8,97.26
689147,FF,776739,2025-08-15,WSH,11,3,96.17
689147,FF,776689,2025-08-18,SEA,13,5,96.76
689147,FF,776680,2025-08-19,SEA,13,5,96.9
689147,FF,776613,2025-08-24,WSH,17,5,97.44
689147,FF,776585,2025-08-26,NYM,27,12,96.88
689147,FF,776552,2025-08-29,ATL,20,9,97.02
689147,FF,776522,2025-08-31,ATL,14,9,98.08
689147,FF,776471,2025-09-03,MIL,19,7,95.77
689147,FF,776384,2025-09-10,NYM,29,13,97.74
689147,FF,776354,2025-09-12,KC,14,7,96.99
689147,FF,776311,2025-09-15,LAD,14,8,98.05
689147,FF,776280,2025-09-17,LAD,29,11,98.06
689147,FF,776230,2025-09-21,AZ,24,12,98.16
689147,FF,776215,2025-09-23,MIA,24,12,98.48
689147,FF,776163,2025-09-27,MIN,4,2,96.6
689147,FF,776141,2025-09-28,MIN,16,4,97.55
690953,FF,777880,2025-05-18,PIT,84,31,97.37
690953,FF,777651,2025-06-04,TOR,78,39,95.32
690953,FF,777571,2025-06-10,CHC,89,37,95.75
690953,FF,777483,2025-06-16,MIA,77,29,96.24
690953,FF,777423,2025-06-21,NYM,73,43,96.81
690953,FF,777273,2025-07-02,SD,53,21,95.78
690953,FF,776619,2025-08-23,CWS,63,22,96.3
690953,FF,776530,2025-08-30,SD,59,26,96.49
690953,FF,776243,2025-09-20,CLE,71,33,97.16
690953,FF,776163,2025-09-27,PHI,73,22,97.45
571760,FF,778428,2025-04-06,NYY,100,39,89.77
571760,FF,778357,2025-04-12,CIN,89,41,89.66
571760,FF,778280,2025-04-17,WSH,95,41,89.81
571760,FF,778202,2025-04-23,LAA,95,37,90.17
571760,FF,778135,2025-04-29,CHC,70,26,89.38
571760,FF,778051,2025-05-04,SD,100,45,90.26
571760,FF,777985,2025-05-10,ATL,82,32,90.17
571760,FF,777905,2025-05-16,PHI,94,39,90.15
571760,FF,777834,2025-05-21,CIN,97,53,90.43
571760,FF,777761,2025-05-26,AZ,74,37,90.49
571760,FF,777681,2025-06-01,SD,87,51,89.8
571760,FF,777607,2025-06-07,PHI,73,29,90.15
571760,FF,777541,2025-06-12,CHC,76,37,90.43
571760,FF,777451,2025-06-19,DET,85,33,90.12
571760,FF,777374,2025-06-24,MIL,85,48,90.23
571760,FF,777299,2025-06-30,STL,95,36,90.48
571760,FF,777204,2025-07-07,KC,76,30,89.46
571760,FF,777134,2025-07-12,MIN,34,15,90.27
571760,FF,777074,2025-07-20,CWS,82,35,88.97
571760,FF,777002,2025-07-26,AZ,71,30,90.34
571760,FF,776919,2025-08-01,COL,74,25,90.08
571760,FF,776844,2025-08-06,SF,76,25,90.13
571760,FF,776786,2025-08-11,MIL,90,33,90.09
571760,FF,776704,2025-08-17,CHC,20,6,90.92
571760,FF,776589,2025-08-25,STL,31,15,90.62
571760,FF,776150,2025-09-27,SEA,52,26,90.8
641835,SI,778461,2025-04-04,NYY,34,29,93.67
641835,SI,778408,2025-04-08,STL,15,10,93.83
641835,SI,778357,2025-04-12,CIN,23,15,93.91
641835,SI,778314,2025-04-15,WSH,17,8,93.68
641835,SI,778271,2025-04-18,CLE,33,19,93.93
641835,SI,776500,2025-09-01,MIL,13,7,93.53
641835,SI,776456,2025-09-05,MIA,12,8,93.79
641835,SI,776426,2025-09-07,MIA,27,19,92.69
641835,SI,776354,2025-09-12,KC,22,20,93.94
641835,SI,776334,2025-09-14,KC,27,17,94.06
641835,SI,776230,2025-09-21,AZ,17,8,92.8
641835,SI,776201,2025-09-24,MIA,9,6,93.07
641835,SI,776163,2025-09-27,MIN,12,7,92.51
642701,FF,778493,2025-04-01,TB,16,4,95.8
642701,FF,778479,2025-04-02,TB,24,11,95.04
642701,FF,778449,2025-04-05,NYY,16,7,93.43
642701,FF,778428,2025-04-06,NYY,14,3,94.27
642701,FF,778389,2025-04-09,STL,13,5,93.68
642701,FF,778321,2025-04-14,WSH,12,4,95.68
642701,FF,778280,2025-04-17,WSH,9,4,94.08
642701,FF,778242,2025-04-20,CLE,8,2,95.05
642701,FF,778202,2025-04-23,LAA,17,3,93.4
642701,FF,778176,2025-04-25,LAD,11,3,94.07
642701,FF,778051,2025-05-04,SD,8,1,95.7
642701,FF,778030,2025-05-06,STL,14,3,93.23
642701,FF,777998,2025-05-09,ATL,22,10,93.97
642701,FF,777985,2025-05-10,ATL,10,2,95.0
642701,FF,777967,2025-05-11,ATL,11,2,95.0
642701,FF,777919,2025-05-14,NYM,11,5,92.96
642701,FF,777847,2025-05-20,CIN,10,2,95.05
642701,FF,777834,2025-05-21,CIN,12,2,95.6
642701,FF,777806,2025-05-23,MIL,27,6,93.82
642701,FF,777794,2025-05-24,MIL,15,5,94.84
642701,FF,777744,2025-05-27,AZ,11,2,94.6
642701,FF,777691,2025-05-31,SD,23,5,95.44
642701,FF,777663,2025-06-03,HOU,14,4,94.02
642701,FF,777621,2025-06-06,PHI,14,2,95.55
642701,FF,777607,2025-06-07,PHI,10,2,94.9
642701,FF,777552,2025-06-11,MIA,18,3,94.13
642701,FF,777526,2025-06-13,CHC,15,1,94.7
642701,FF,777497,2025-06-15,CHC,16,2,94.75
642701,FF,777464,2025-06-19,DET,10,2,95.4
642701,FF,777421,2025-06-21,TEX,12,3,96.07
642701,FF,777404,2025-06-22,TEX,8,3,95.37
642701,FF,777361,2025-06-25,MIL,17,5,95.36
642701,FF,777325,2025-06-28,NYM,25,8,95.11
642701,FF,777272,2025-07-02,STL,16,6,94.65
642701,FF,777225,2025-07-05,SEA,11,3,93.47
642701,FF,777194,2025-07-08,KC,25,8,94.04
642701,FF,777113,2025-07-13,MIN,9,3,95.63
642701,FF,777074,2025-07-20,CWS,12,2,95.8
642701,FF,777060,2025-07-21,DET,21,5,95.52
642701,FF,777014,2025-07-25,AZ,25,6,95.87
642701,FF,777002,2025-07-26,AZ,16,7,94.69
642701,FF,776964,2025-07-28,SF,11,4,92.6
642701,FF,776943,2025-07-29,SF,12,4,94.75
642701,FF,776919,2025-08-01,COL,29,4,95.0
642701,FF,776886,2025-08-03,COL,16,7,94.34
642701,FF,776844,2025-08-06,SF,22,5,94.1
642701,FF,776829,2025-08-08,CIN,8,3,95.47
642701,FF,776771,2025-08-12,MIL,21,8,94.31
642701,FF,776737,2025-08-15,CHC,13,3,95.2
642701,FF,776694,2025-08-18,TOR,8,1,95.5
642701,FF,776661,2025-08-20,TOR,8,2,94.95
642701,FF,776610,2025-08-24,COL,18,6,95.1
642701,FF,776589,2025-08-25,STL,5,2,94.6
642701,FF,776568,2025-08-27,STL,13,5,94.88
642701,FF,776549,2025-08-29,BOS,13,4,95.32
642701,FF,776479,2025-09-03,LAD,11,4,94.9
642701,FF,776419,2025-09-07,MIL,17,6,94.8
642701,FF,776401,2025-09-09,BAL,10,1,94.7
642701,FF,776387,2025-09-10,BAL,8,3,94.17
642701,FF,776336,2025-09-13,WSH,11,3,94.33
642701,FF,776287,2025-09-17,CHC,12,4,95.9
642701,FF,776249,2025-09-20,ATH,10,4,95.22
642701,FF,776224,2025-09-23,CIN,12,1,95.9
642701,FF,776202,2025-09-24,CIN,21,6,94.45
642701,FF,776180,2025-09-26,ATL,18,8,94.45
642701,FF,776156,2025-09-27,ATL,19,5,94.3
650893,FF,778103,2025-05-01,AZ,12,7,96.57
650893,FF,778053,2025-05-04,STL,23,3,96.13
650893,FF,777919,2025-05-14,PIT,35,7,95.27
650893,FF,777878,2025-05-18,NYY,19,4,96.55
650893,FF,777808,2025-05-23,LAD,19,2,97.3
650893,FF,777712,2025-05-30,CIN,19,2,95.7
650893,FF,777659,2025-06-03,WSH,9,1,95.9
650893,FF,777553,2025-06-11,PHI,17,2,96.15
650893,FF,777497,2025-06-15,PIT,7,1,95.0
650893,FF,777482,2025-06-17,MIL,18,3,96.8
650893,FF,777450,2025-06-19,MIL,25,4,96.2
650893,FF,777436,2025-06-20,SEA,30,11,96.73
650893,FF,777341,2025-06-27,NYM,18,8,95.92
650893,FF,777313,2025-06-29,NYM,19,11,96.85
650893,FF,777205,2025-07-06,SEA,3,2,95.6
650893,FF,777204,2025-07-07,KC,27,11,94.65
650893,FF,777134,2025-07-12,MIN,33,15,94.75
650893,FF,777107,2025-07-18,CWS,20,11,96.62
650893,FF,776964,2025-07-28,SF,18,4,94.65
650893,FF,776904,2025-08-02,COL,17,4,95.72
650893,FF,776700,2025-08-17,DET,9,3,96.83
650893,FF,776665,2025-08-20,ATH,19,4,95.75
650893,FF,776639,2025-08-22,CWS,17,5,95.74
650893,FF,776596,2025-08-25,TOR,22,5,94.4
650893,FF,776567,2025-08-27,TOR,11,5,94.3
650893,FF,776530,2025-08-30,SD,31,6,94.85
650893,FF,776502,2025-09-01,CWS,20,5,95.68
650893,FF,776462,2025-09-04,CWS,20,1,94.7
650893,FF,776411,2025-09-08,LAA,23,6,95.05
650893,FF,776324,2025-09-14,AZ,21,2,96.4
650893,FF,776298,2025-09-16,NYY,23,1,96.4
650893,FF,776284,2025-09-17,NYY,23,2,94.45
650893,FF,776192,2025-09-24,TEX,11,3,95.1
650893,FF,776141,2025-09-28,PHI,17,2,94.7
656605,FF,778461,2025-04-04,NYY,97,39,94.33
656605,FF,778389,2025-04-09,STL,95,29,93.42
656605,FF,778314,2025-04-15,WSH,105,46,93.07
656605,FF,778242,2025-04-20,CLE,101,31,93.91
656605,FF,778163,2025-04-26,LAD,89,29,93.8
656605,FF,778090,2025-05-02,SD,87,19,94.95
656605,FF,778016,2025-05-07,STL,94,22,94.35
656605,FF,777943,2025-05-13,NYM,96,28,94.3
656605,FF,777859,2025-05-19,CIN,90,27,94.63
656605,FF,777794,2025-05-24,MIL,92,32,93.52
656605,FF,777707,2025-05-30,SD,78,22,92.98
656605,FF,777630,2025-06-05,HOU,89,23,94.5
656605,FF,777566,2025-06-10,MIA,97,24,94.65
656605,FF,777497,2025-06-15,CHC,88,37,94.39
656605,FF,777421,2025-06-21,TEX,99,40,93.93
656605,FF,777341,2025-06-27,NYM,94,30,94.32
656605,FF,777272,2025-07-02,STL,97,38,94.57
656605,FF,777194,2025-07-08,KC,93,32,93.91
656605,FF,777113,2025-07-13,MIN,83,39,93.72
656605,FF,777044,2025-07-22,DET,89,41,94.53
656605,FF,776964,2025-07-28,SF,73,36,94.32
656605,FF,776886,2025-08-03,COL,88,25,92.96
656605,FF,776829,2025-08-08,CIN,97,27,93.7
656605,FF,776755,2025-08-13,MIL,85,34,93.9
656605,FF,776679,2025-08-19,TOR,85,20,94.5
656605,FF,776578,2025-08-26,STL,93,49,94.94
656605,FF,776517,2025-08-31,BOS,90,33,95.14
656605,FF,776441,2025-09-06,MIL,92,28,94.52
656605,FF,776351,2025-09-12,WSH,62,22,93.13
656605,FF,776266,2025-09-19,ATH,74,23,94.02
656605,FF,776180,2025-09-26,ATL,89,40,94.58
663432,FF,778051,2025-05-04,SD,16,5,95.24
663432,FF,777985,2025-05-10,ATL,19,8,94.89
663432,FF,777967,2025-05-11,ATL,8,4,96.28
663432,FF,777919,2025-05-14,NYM,16,11,94.38
663432,FF,777905,2025-05-16,PHI,9,4,93.48
663432,FF,777894,2025-05-17,PHI,11,6,96.37
663432,FF,777834,2025-05-21,CIN,13,6,95.25
663432,FF,777806,2025-05-23,MIL,20,11,95.18
663432,FF,777729,2025-05-28,AZ,8,3,95.8
663432,FF,777707,2025-05-30,SD,13,6,93.97
663432,FF,777681,2025-06-01,SD,23,11,94.75
663432,FF,776238,2025-09-21,ATL,16,14,95.25
663432,FF,776151,2025-09-28,BOS,29,17,96.7
663559,FF,778449,2025-04-05,NYY,88,53,92.23
663559,FF,778374,2025-04-11,CIN,79,41,89.92
663559,FF,778293,2025-04-16,WSH,82,28,91.44
663559,FF,778211,2025-04-22,LAA,62,31,91.24
663559,FF,778145,2025-04-27,LAD,81,36,91.39
663559,FF,778065,2025-05-03,SD,87,60,92.67
663559,FF,777998,2025-05-09,ATL,86,38,92.42
663559,FF,777919,2025-05-14,NYM,77,47,91.66
663559,FF,777847,2025-05-20,CIN,72,53,92.31
663559,FF,777776,2025-05-25,MIL,72,53,92.59
663559,FF,777691,2025-05-31,SD,73,19,92.32
663559,FF,777621,2025-06-06,PHI,62,32,93.1
663559,FF,777552,2025-06-11,MIA,54,15,92.47
663559,FF,777475,2025-06-17,DET,69,44,91.43
663559,FF,777404,2025-06-22,TEX,76,52,92.48
663559,FF,777325,2025-06-28,NYM,26,19,91.74
663559,FF,777236,2025-07-04,SEA,74,52,92.01
663559,FF,777177,2025-07-09,KC,69,52,92.8
663559,FF,777107,2025-07-18,CWS,70,48,92.32
663559,FF,777029,2025-07-23,DET,85,31,92.98
663559,FF,776943,2025-07-29,SF,70,30,92.07
663559,FF,776880,2025-08-04,BOS,86,27,92.13
663559,FF,776784,2025-08-11,WSH,73,33,92.67
663559,FF,776712,2025-08-16,CWS,28,17,92.95
663559,FF,776649,2025-08-22,DET,56,37,91.73
663767,FF,778408,2025-04-08,STL,36,4,95.08
663767,FF,778374,2025-04-11,CIN,23,6,94.6
663767,FF,778293,2025-04-16,WSH,18,5,94.68
663767,FF,778242,2025-04-20,CLE,23,4,95.2
663767,FF,778211,2025-04-22,LAA,28,1,95.2
663767,FF,778191,2025-04-24,LAA,20,1,95.2
663767,FF,778145,2025-04-27,LAD,9,1,96.4
663767,FF,778112,2025-04-30,CHC,20,1,95.7
663767,FF,778090,2025-05-02,SD,14,1,95.3
663767,FF,778065,2025-05-03,SD,10,3,95.27
663767,FF,778036,2025-05-05,STL,17,2,95.95
663767,FF,777998,2025-05-09,ATL,11,2,95.35
663767,FF,777985,2025-05-10,ATL,19,2,95.8
663767,FF,777919,2025-05-14,NYM,30,9,95.12
663767,FF,777894,2025-05-17,PHI,25,8,95.78
663767,FF,777834,2025-05-21,CIN,16,3,95.57
663767,FF,777814,2025-05-22,MIL,19,1,95.4
663767,FF,777776,2025-05-25,MIL,18,2,96.6
663767,FF,777681,2025-06-01,SD,3,1,95.1
663767,FF,777621,2025-06-06,PHI,34,6,95.48
663767,FF,777574,2025-06-09,MIA,12,3,95.87
663767,FF,777475,2025-06-17,DET,10,3,95.63
663767,FF,777451,2025-06-19,DET,50,10,95.54
663767,FF,777391,2025-06-23,MIL,23,4,95.5
663767,FF,777341,2025-06-27,NYM,13,3,95.57
663767,FF,777299,2025-06-30,STL,27,4,95.7
663767,FF,777204,2025-07-07,KC,42,12,94.98
663767,FF,776786,2025-08-11,MIL,44,12,95.33
663767,FF,776704,2025-08-17,CHC,36,10,95.46
663767,FF,776156,2025-09-27,ATL,15,4,95.1
664294,FF,776879,2025-08-04,SF,10,2,95.05
664294,FF,776844,2025-08-06,SF,18,6,94.83
664294,FF,776829,2025-08-08,CIN,17,5,94.52
664294,FF,776801,2025-08-10,CIN,30,11,95.28
664294,FF,776554,2025-08-28,STL,14,9,94.66
664294,FF,776549,2025-08-29,BOS,9,4,93.6
664294,FF,776517,2025-08-31,BOS,16,7,94.03
664294,FF,776461,2025-09-04,LAD,26,13,94.55
664294,FF,776419,2025-09-07,MIL,26,14,94.05
664294,FF,776401,2025-09-09,BAL,5,3,94.33
664294,FF,776351,2025-09-12,WSH,15,8,94.09
664294,FF,776318,2025-09-15,CHC,14,4,94.4
664294,FF,776287,2025-09-17,CHC,32,12,93.62
664294,FF,776234,2025-09-21,ATH,15,5,96.62
664294,FF,776224,2025-09-23,CIN,4,2,94.9
664294,FF,776202,2025-09-24,CIN,18,10,94.93
664875,SI,778493,2025-04-01,TB,17,7,95.66
664875,SI,778461,2025-04-04,NYY,17,11,95.15
664875,SI,778449,2025-04-05,NYY,12,7,94.44
664875,SI,778389,2025-04-09,STL,25,9,94.8
664875,SI,778343,2025-04-13,CIN,15,4,95.25
664875,SI,778321,2025-04-14,WSH,12,2,96.05
664875,SI,778271,2025-04-18,CLE,15,4,96.08
664875,SI,778242,2025-04-20,CLE,12,2,94.95
664875,SI,778211,2025-04-22,LAA,17,9,94.47
664875,SI,776320,2025-09-14,WSH,19,7,94.1
664875,SI,776308,2025-09-16,CHC,17,9,95.12
664875,SI,776266,2025-09-19,ATH,9,6,94.73
664875,SI,776224,2025-09-23,CIN,14,9,95.93
664875,SI,776202,2025-09-24,CIN,24,6,95.18
664875,SI,776156,2025-09-27,ATL,15,7,94.59
666214,FF,778493,2025-04-01,TB,17,12,93.68
666214,FF,778461,2025-04-04,NYY,46,23,93.25
666214,FF,778428,2025-04-06,NYY,20,10,92.98
666214,FF,778374,2025-04-11,CIN,20,7,93.19
666214,FF,778343,2025-04-13,CIN,19,7,94.24
666214,FF,778271,2025-04-18,CLE,34,18,94.21
666214,FF,778242,2025-04-20,CLE,16,7,94.2
666214,FF,778163,2025-04-26,LAD,33,16,93.09
666214,FF,778135,2025-04-29,CHC,9,6,93.58
666214,FF,778100,2025-05-01,CHC,17,2,93.6
666214,FF,778051,2025-05-04,SD,11,9,93.46
666214,FF,778036,2025-05-05,STL,40,22,94.56
666214,FF,777967,2025-05-11,ATL,9,7,94.67
666214,FF,777905,2025-05-16,PHI,23,15,94.68
666214,FF,777894,2025-05-17,PHI,36,13,93.57
666214,FF,777814,2025-05-22,MIL,5,4,92.72
666214,FF,777744,2025-05-27,AZ,46,25,93.9
666214,FF,777533,2025-06-12,TEX,38,8,93.96
666214,FF,777478,2025-06-17,CIN,11,3,95.17
666214,FF,777434,2025-06-20,MIL,43,22,94.34
666214,FF,777388,2025-06-23,SEA,36,13,94.3
666214,FF,777324,2025-06-28,DET,48,26,95.0
666214,FF,777190,2025-07-08,CHC,20,15,94.6
666214,FF,777133,2025-07-12,STL,50,17,94.63
666214,FF,777097,2025-07-19,NYY,59,21,93.99
666214,FF,777009,2025-07-25,TEX,81,40,93.17
666214,FF,776936,2025-07-30,KC,95,32,93.08
666214,FF,776869,2025-08-05,MIL,96,48,93.04
666214,FF,776803,2025-08-10,MIA,88,40,93.08
666214,FF,776720,2025-08-16,CLE,93,49,92.13
666214,FF,776645,2025-08-22,NYM,79,34,92.49
666214,FF,776565,2025-08-27,MIA,97,48,92.44
666214,FF,776487,2025-09-02,CHC,96,33,93.18
666214,FF,776428,2025-09-07,SEA,65,27,92.44
666214,FF,776329,2025-09-14,HOU,93,32,93.6
666214,FF,776258,2025-09-20,DET,84,31,93.75
666214,FF,776180,2025-09-26,PIT,86,32,93.06
669387,FF,778415,2025-04-07,STL,92,32,95.5
669387,FF,778343,2025-04-13,CIN,73,27,95.4
669387,FF,778271,2025-04-18,CLE,64,24,95.59
669387,FF,778191,2025-04-24,LAA,77,30,94.49
669387,FF,778112,2025-04-30,CHC,65,22,95.2
669387,FF,778036,2025-05-05,STL,88,27,95.03
669387,FF,777967,2025-05-11,ATL,83,37,95.35
669387,FF,777894,2025-05-17,PHI,78,36,95.7
669387,FF,777526,2025-06-13,CHC,25,10,95.71
669387,FF,777475,2025-06-17,DET,46,21,96.51
669387,FF,777421,2025-06-21,TEX,35,16,96.42
669387,FF,777374,2025-06-24,MIL,51,13,97.26
669387,FF,777313,2025-06-29,NYM,54,25,96.12
669387,FF,777205,2025-07-06,SEA,45,18,96.02
669387,FF,777148,2025-07-11,MIN,37,15,96.07
669387,FF,777090,2025-07-19,CWS,44,17,96.3
669387,FF,777029,2025-07-23,DET,34,11,96.61
669387,FF,776984,2025-07-27,AZ,40,13,97.56
669387,FF,776933,2025-07-30,SF,19,7,95.71
669387,FF,776886,2025-08-03,COL,33,12,97.69
669387,FF,776844,2025-08-06,SF,14,4,96.6
669387,FF,776812,2025-08-09,CIN,47,18,97.39
669387,FF,776755,2025-08-13,MIL,40,16,96.47
669387,FF,776704,2025-08-17,CHC,44,11,96.56
669387,FF,776632,2025-08-23,COL,35,5,96.6
669387,FF,776568,2025-08-27,STL,46,18,96.43
669387,FF,776453,2025-09-05,MIL,33,12,96.82
669387,FF,776387,2025-09-10,BAL,30,9,96.08
669387,FF,776336,2025-09-13,WSH,30,12,96.61
669387,FF,776308,2025-09-16,CHC,55,22,96.75
669387,FF,776234,2025-09-21,ATH,48,14,96.81
669387,FF,776190,2025-09-25,CIN,26,5,96.66
670059,SI,778479,2025-04-02,TB,18,4,98.18
670059,SI,778449,2025-04-05,NYY,16,1,97.5
670059,SI,778145,2025-04-27,LAD,8,4,96.2
670059,SI,778135,2025-04-29,CHC,16,6,98.67
670059,SI,778090,2025-05-02,SD,24,13,97.37
670059,SI,778051,2025-05-04,SD,21,14,97.26
670059,SI,778016,2025-05-07,STL,7,5,99.44
670059,SI,777950,2025-05-12,NYM,21,6,97.88
670059,SI,777905,2025-05-16,PHI,32,11,97.0
670059,SI,777859,2025-05-19,CIN,29,12,96.95
670059,SI,776704,2025-08-17,CHC,22,12,97.22
670059,SI,776679,2025-08-19,TOR,33,15,97.09
670059,SI,776632,2025-08-23,COL,22,9,96.57
670059,SI,776589,2025-08-25,STL,19,9,95.97
670059,SI,776554,2025-08-28,STL,14,3,98.27
670059,SI,776517,2025-08-31,BOS,27,14,97.75
670059,SI,776461,2025-09-04,LAD,6,4,97.48
670059,SI,776453,2025-09-05,MIL,24,9,99.12
670059,SI,776419,2025-09-07,MIL,22,9,97.29
670059,SI,776372,2025-09-11,BAL,24,9,98.62
670280,FF,778254,2025-04-19,CLE,20,8,97.34
670280,FF,778211,2025-04-22,LAA,8,5,96.48
670280,FF,778202,2025-04-23,LAA,13,8,96.99
670280,FF,778176,2025-04-25,LAD,15,8,97.0
670280,FF,778135,2025-04-29,CHC,11,4,97.25
670280,FF,778112,2025-04-30,CHC,11,5,98.04
670280,FF,778065,2025-05-03,SD,18,9,98.01
670280,FF,778030,2025-05-06,STL,15,9,96.47
670280,FF,777998,2025-05-09,ATL,23,11,96.65
670280,FF,777985,2025-05-10,ATL,16,5,97.0
670280,FF,777950,2025-05-12,NYM,11,6,97.3
670280,FF,777919,2025-05-14,NYM,12,5,96.92
670280,FF,777859,2025-05-19,CIN,25,13,97.13
670280,FF,777847,2025-05-20,CIN,16,8,97.51
670280,FF,777806,2025-05-23,MIL,24,16,96.94
670280,FF,777794,2025-05-24,MIL,15,8,96.51
670280,FF,777744,2025-05-27,AZ,14,6,97.22
670280,FF,777707,2025-05-30,SD,4,1,96.2
670280,FF,777691,2025-05-31,SD,17,9,96.4
670280,FF,777648,2025-06-04,HOU,21,9,97.49
670280,FF,777621,2025-06-06,PHI,14,4,96.7
670280,FF,777607,2025-06-07,PHI,7,3,97.17
670280,FF,777552,2025-06-11,MIA,13,3,97.73
670280,FF,777526,2025-06-13,CHC,13,5,96.62
670280,FF,777497,2025-06-15,CHC,8,1,96.6
670280,FF,777464,2025-06-19,DET,20,10,95.93
670280,FF,777404,2025-06-22,TEX,11,8,97.58
670280,FF,777391,2025-06-23,MIL,19,11,97.15
670280,FF,777325,2025-06-28,NYM,18,11,97.24
670280,FF,777288,2025-07-01,STL,20,9,96.08
670280,FF,777204,2025-07-07,KC,4,1,96.5
670280,FF,777134,2025-07-12,MIN,14,9,98.09
670280,FF,777113,2025-07-13,MIN,25,14,97.98
670280,FF,777074,2025-07-20,CWS,14,8,97.06
670280,FF,777060,2025-07-21,DET,9,5,97.2
670280,FF,777044,2025-07-22,DET,18,5,98.06
670280,FF,777014,2025-07-25,AZ,7,3,96.47
670280,FF,777002,2025-07-26,AZ,13,4,97.52
670280,FF,776964,2025-07-28,SF,32,13,96.78
670280,FF,776925,2025-08-01,MIA,31,13,96.71
670280,FF,776871,2025-08-04,TEX,11,2,96.15
670280,FF,776845,2025-08-06,TEX,42,16,96.32
670280,FF,776815,2025-08-09,HOU,23,11,97.97
670280,FF,776790,2025-08-11,MIN,12,4,97.62
670280,FF,776731,2025-08-15,STL,15,6,97.37
670280,FF,776713,2025-08-16,STL,3,2,96.6
670280,FF,776664,2025-08-20,TB,27,11,97.0
670280,FF,776647,2025-08-22,BOS,23,7,96.86
670280,FF,776588,2025-08-26,WSH,13,7,97.79
670280,FF,776529,2025-08-30,CWS,22,9,96.99
670280,FF,776464,2025-09-04,HOU,33,14,96.87
670280,FF,776436,2025-09-06,TOR,21,11,97.45
670280,FF,776423,2025-09-07,TOR,12,7,97.0
670280,FF,776363,2025-09-12,BOS,13,5,96.24
670280,FF,776344,2025-09-13,BOS,7,5,97.12
670280,FF,776298,2025-09-16,MIN,13,4,96.78
670280,FF,776257,2025-09-20,BAL,6,2,96.05
670280,FF,776240,2025-09-21,BAL,16,3,96.47
670280,FF,776184,2025-09-25,CWS,18,4,97.18
670280,FF,776174,2025-09-26,BAL,22,7,97.24
670280,FF,776140,2025-09-28,BAL,19,5,97.52
670280,FF,813074,2025-09-30,BOS,15,4,96.95
670912,FF,776879,2025-08-04,SF,43,18,94.84
670912,FF,776661,2025-08-20,TOR,75,34,94.94
670912,FF,776589,2025-08-25,STL,53,21,95.35
670912,FF,776539,2025-08-30,BOS,79,23,95.85
670912,FF,776453,2025-09-05,MIL,78,23,95.17
670912,FF,776372,2025-09-11,BAL,85,36,95.54
670912,FF,776287,2025-09-17,CHC,99,38,96.02
670912,FF,776224,2025-09-23,CIN,82,29,95.89
670912,FF,776149,2025-09-28,ATL,71,24,95.47
670990,FF,777134,2025-07-12,MIN,30,19,96.34
670990,FF,777107,2025-07-18,CWS,32,13,96.76
670990,FF,777074,2025-07-20,CWS,37,18,96.67
670990,FF,777002,2025-07-26,AZ,7,3,96.67
670990,FF,776964,2025-07-28,SF,37,16,95.54
670990,FF,776919,2025-08-01,COL,40,9,96.81
670990,FF,776879,2025-08-04,SF,41,20,95.58
670990,FF,776801,2025-08-10,CIN,40,17,96.12
670990,FF,776771,2025-08-12,MIL,26,10,95.82
670990,FF,776719,2025-08-16,CHC,10,2,96.65
670990,FF,776679,2025-08-19,TOR,39,22,96.95
670990,FF,776632,2025-08-23,COL,19,9,97.48
670990,FF,776589,2025-08-25,STL,36,16,96.4
670990,FF,776554,2025-08-28,STL,16,11,96.61
670990,FF,776539,2025-08-30,BOS,8,6,95.17
670990,FF,776517,2025-08-31,BOS,10,7,96.81
670990,FF,776461,2025-09-04,LAD,22,10,96.8
670990,FF,776453,2025-09-05,MIL,20,8,96.68
670990,FF,776419,2025-09-07,MIL,33,11,96.05
670990,FF,776287,2025-09-17,CHC,18,9,96.73
670990,FF,776234,2025-09-21,ATH,13,4,97.68
670990,FF,776202,2025-09-24,CIN,37,11,96.63
670990,FF,776180,2025-09-26,ATL,5,4,96.43
670990,FF,776149,2025-09-28,ATL,28,15,96.19
676702,FF,778135,2025-04-29,CHC,28,15,96.23
676702,FF,778100,2025-05-01,CHC,23,3,96.57
676702,FF,777391,2025-06-23,MIL,40,20,95.93
676702,FF,777009,2025-07-25,TEX,11,8,96.96
676702,FF,776981,2025-07-27,TEX,49,27,95.03
676702,FF,776720,2025-08-16,CLE,43,22,96.0
676702,FF,776565,2025-08-27,MIA,17,9,94.97
676702,FF,776532,2025-08-30,PHI,7,5,96.62
676702,FF,776506,2025-09-01,CHC,28,14,96.44
676702,FF,776329,2025-09-14,HOU,37,10,96.08
676702,FF,776286,2025-09-17,WSH,4,1,97.5
676702,FF,776268,2025-09-19,DET,11,5,97.26
676702,FF,776258,2025-09-20,DET,8,2,94.65
676702,FF,776221,2025-09-22,WSH,16,9,96.18
676702,FF,776180,2025-09-26,PIT,21,10,96.44
676742,FF,776866,2025-08-05,SF,31,16,96.15
676742,FF,776840,2025-08-07,CIN,10,4,95.95
676742,FF,776812,2025-08-09,CIN,13,8,95.99
676742,FF,776801,2025-08-10,CIN,31,15,94.48
676742,FF,776755,2025-08-13,MIL,23,9,95.57
676742,FF,776318,2025-09-15,CHC,39,25,96.16
676755,FF,777814,2025-05-22,MIL,20,16,91.81
676755,FF,777806,2025-05-23,MIL,6,4,92.35
676755,FF,777776,2025-05-25,MIL,21,14,92.14
676755,FF,777607,2025-06-07,PHI,13,7,95.04
676755,FF,777566,2025-06-10,MIA,21,12,94.21
676755,FF,777541,2025-06-12,CHC,20,16,94.49
676755,FF,777497,2025-06-15,CHC,19,12,94.5
676755,FF,777464,2025-06-19,DET,15,9,94.64
676755,FF,777432,2025-06-20,TEX,16,12,94.77
676755,FF,777391,2025-06-23,MIL,31,26,95.77
676755,FF,777341,2025-06-27,NYM,21,19,94.68
676755,FF,777288,2025-07-01,STL,26,16,94.19
676755,FF,777272,2025-07-02,STL,19,16,93.81
676755,FF,777225,2025-07-05,SEA,24,20,94.6
676755,FF,777194,2025-07-08,KC,2,2,92.7
676755,FF,777177,2025-07-09,KC,17,13,93.62
676755,FF,777107,2025-07-18,CWS,12,9,93.87
676755,FF,777090,2025-07-19,CWS,22,19,93.47
676755,FF,777044,2025-07-22,DET,24,16,94.44
676755,FF,777014,2025-07-25,AZ,21,14,93.11
676755,FF,776964,2025-07-28,SF,14,9,92.63
676755,FF,776933,2025-07-30,SF,26,23,93.32
676755,FF,776886,2025-08-03,COL,23,20,93.19
676755,FF,776844,2025-08-06,SF,13,13,93.28
676755,FF,776812,2025-08-09,CIN,13,11,93.18
676755,FF,776801,2025-08-10,CIN,13,13,93.23
676755,FF,776755,2025-08-13,MIL,14,12,94.85
676755,FF,776737,2025-08-15,CHC,34,25,94.91
676755,FF,776704,2025-08-17,CHC,19,18,93.68
676755,FF,776661,2025-08-20,TOR,14,12,94.18
676755,FF,776610,2025-08-24,COL,9,4,94.68
676755,FF,776578,2025-08-26,STL,20,16,93.52
676755,FF,776568,2025-08-27,STL,8,7,93.79
676755,FF,776549,2025-08-29,BOS,12,9,93.96
676755,FF,776479,2025-09-03,LAD,12,10,94.45
676755,FF,776419,2025-09-07,MIL,20,18,92.81
676755,FF,776401,2025-09-09,BAL,15,15,94.63
676755,FF,776387,2025-09-10,BAL,23,17,93.37
676755,FF,776320,2025-09-14,WSH,26,24,92.34
676755,FF,776266,2025-09-19,ATH,12,8,93.48
676755,FF,776224,2025-09-23,CIN,12,8,93.91
676755,FF,776202,2025-09-24,CIN,16,14,94.77
676755,FF,776180,2025-09-26,ATL,16,15,93.31
677952,FF,777761,2025-05-26,AZ,50,14,96.72
677952,FF,777681,2025-06-01,SD,15,9,97.06
677952,FF,777648,2025-06-04,HOU,32,7,97.53
677952,FF,777595,2025-06-08,PHI,15,8,97.35
677952,FF,777552,2025-06-11,MIA,18,7,96.06
677952,FF,777513,2025-06-14,CHC,18,6,96.88
677952,FF,777432,2025-06-20,TEX,40,11,97.18
677952,FF,777391,2025-06-23,MIL,35,10,96.71
677952,FF,777325,2025-06-28,NYM,52,16,96.22
677952,FF,777236,2025-07-04,SEA,30,8,96.19
677952,FF,777177,2025-07-09,KC,45,12,95.82
677952,FF,777107,2025-07-18,CWS,38,13,97.07
677952,FF,777060,2025-07-21,DET,13,5,97.36
677952,FF,777014,2025-07-25,AZ,24,12,97.68
677952,FF,776943,2025-07-29,SF,38,11,97.36
677952,FF,776904,2025-08-02,COL,39,12,97.33
677952,FF,776866,2025-08-05,SF,36,6,96.88
677952,FF,776812,2025-08-09,CIN,56,12,97.41
677952,FF,776737,2025-08-15,CHC,61,19,97.58
677952,FF,776637,2025-08-22,COL,65,28,96.76
677952,FF,776554,2025-08-28,STL,73,26,96.44
677952,FF,776479,2025-09-03,LAD,71,15,96.57
677952,FF,776401,2025-09-09,BAL,63,21,96.53
677952,FF,776318,2025-09-15,CHC,70,22,97.76
677952,FF,776249,2025-09-20,ATH,33,4,97.95
677952,FF,776190,2025-09-25,CIN,72,13,97.59
681347,FF,777814,2025-05-22,MIL,77,30,94.59
681347,FF,777744,2025-05-27,AZ,78,23,94.61
681347,FF,777648,2025-06-04,HOU,70,27,95.17
681347,FF,777574,2025-06-09,MIA,66,34,95.26
681347,FF,777513,2025-06-14,CHC,81,37,94.59
681347,FF,777432,2025-06-20,TEX,88,39,94.67
681347,FF,777361,2025-06-25,MIL,31,13,95.96
681347,FF,777313,2025-06-29,NYM,67,32,95.55
681347,FF,777225,2025-07-05,SEA,85,40,95.43
681347,FF,777134,2025-07-12,MIN,56,28,95.67
681347,FF,777090,2025-07-19,CWS,76,34,95.96
681347,FF,777014,2025-07-25,AZ,86,38,95.44
681347,FF,776933,2025-07-30,SF,91,29,95.62
681347,FF,776866,2025-08-05,SF,80,28,96.0
681347,FF,776801,2025-08-10,CIN,74,28,96.02
681347,FF,776719,2025-08-16,CHC,68,22,95.71
681347,FF,776632,2025-08-23,COL,57,14,95.76
681347,FF,776539,2025-08-30,BOS,44,17,96.03
681347,FF,776479,2025-09-03,LAD,45,20,97.02
681347,FF,776401,2025-09-09,BAL,56,19,95.46
681347,FF,776320,2025-09-14,WSH,61,18,96.16
681347,FF,776234,2025-09-21,ATH,74,23,96.23
681347,FF,776180,2025-09-26,ATL,26,9,96.13
681895,FF,777836,2025-05-20,SF,15,3,90.0
681895,FF,777760,2025-05-26,CIN,33,15,90.17
681895,FF,777750,2025-05-27,CIN,23,5,89.82
681895,FF,776737,2025-08-15,CHC,19,3,91.6
681895,FF,776694,2025-08-18,TOR,13,4,91.25
681895,FF,776539,2025-08-30,BOS,13,2,90.15
681895,FF,776441,2025-09-06,MIL,38,15,90.95
681895,FF,776372,2025-09-11,BAL,18,4,91.38
681895,FF,776351,2025-09-12,WSH,13,2,88.85
681895,FF,776308,2025-09-16,CHC,21,9,91.2
681895,FF,776287,2025-09-17,CHC,9,3,90.17
681895,FF,776266,2025-09-19,ATH,12,1,91.9
690382,SI,778368,2025-04-11,HOU,29,15,94.5
690382,SI,778329,2025-04-13,HOU,19,7,95.1
690382,SI,778289,2025-04-16,TEX,6,4,95.08
690382,SI,778232,2025-04-20,SF,17,6,95.02
690382,SI,778211,2025-04-22,PIT,35,16,93.44
690382,SI,778050,2025-05-04,DET,28,17,93.93
690382,SI,777374,2025-06-24,MIL,24,3,94.97
693312,FF,778357,2025-04-12,CIN,15,8,96.14
693312,FF,778314,2025-04-15,WSH,19,6,96.38
693312,FF,778271,2025-04-18,CLE,25,12,96.08
693312,FF,778191,2025-04-24,LAA,32,10,97.33
693312,FF,778145,2025-04-27,LAD,54,30,96.27
693312,FF,778135,2025-04-29,CHC,15,6,96.77
693312,FF,778100,2025-05-01,CHC,24,12,98.12
693312,FF,777663,2025-06-03,HOU,2,2,96.2
693312,FF,777630,2025-06-05,HOU,19,8,98.65
693312,FF,777574,2025-06-09,MIA,37,22,97.75
693312,FF,776919,2025-08-01,COL,26,17,98.36
693312,FF,776879,2025-08-04,SF,36,26,97.37
693312,FF,776840,2025-08-07,CIN,16,8,98.69
693312,FF,776829,2025-08-08,CIN,19,10,97.94
693312,FF,776786,2025-08-11,MIL,8,7,99.13
693312,FF,776755,2025-08-13,MIL,29,17,97.79
693312,FF,776719,2025-08-16,CHC,25,15,97.87
693312,FF,776694,2025-08-18,TOR,13,6,99.03
693312,FF,776661,2025-08-20,TOR,20,9,96.88
693312,FF,776632,2025-08-23,COL,17,9,98.73
693312,FF,776578,2025-08-26,STL,24,10,96.77
693312,FF,776453,2025-09-05,MIL,14,8,98.4
693312,FF,776441,2025-09-06,MIL,13,5,98.3
693312,FF,776401,2025-09-09,BAL,8,2,97.3
693312,FF,776387,2025-09-10,BAL,16,7,96.97
693312,FF,776351,2025-09-12,WSH,21,9,97.67
693312,FF,776318,2025-09-15,CHC,37,21,98.1
693312,FF,776287,2025-09-17,CHC,11,3,95.73
693312,FF,776266,2025-09-19,ATH,15,7,97.13
693312,FF,776190,2025-09-25,CIN,24,11,99.03
693312,FF,776180,2025-09-26,ATL,15,7,98.91
694973,FF,778479,2025-04-02,TB,102,43,98.0
694973,FF,778408,2025-04-08,STL,98,26,97.72
694973,FF,778321,2025-04-14,WSH,99,46,98.17
694973,FF,778254,2025-04-19,CLE,103,37,98.09
694973,FF,778176,2025-04-25,LAD,108,41,98.05
694973,FF,778100,2025-05-01,CHC,86,25,97.53
694973,FF,778030,2025-05-06,STL,102,29,98.29
694973,FF,777950,2025-05-12,NYM,92,27,98.0
694973,FF,777880,2025-05-18,PHI,102,41,98.26
694973,FF,777806,2025-05-23,MIL,101,46,98.38
694973,FF,777729,2025-05-28,AZ,96,28,98.38
694973,FF,777663,2025-06-03,HOU,99,19,98.68
694973,FF,777595,2025-06-08,PHI,97,36,98.12
694973,FF,777526,2025-06-13,CHC,95,40,98.44
694973,FF,777464,2025-06-19,DET,105,49,98.06
694973,FF,777361,2025-06-25,MIL,78,29,98.62
694973,FF,777288,2025-07-01,STL,88,35,98.95
694973,FF,777205,2025-07-06,SEA,78,38,98.19
694973,FF,777148,2025-07-11,MIN,78,35,98.39
694973,FF,777060,2025-07-21,DET,86,43,98.17
694973,FF,776984,2025-07-27,AZ,99,36,98.07
694973,FF,776904,2025-08-02,COL,94,54,98.6
694973,FF,776840,2025-08-07,CIN,97,35,98.55
694973,FF,776771,2025-08-12,MIL,93,38,98.17
694973,FF,776694,2025-08-18,TOR,96,41,97.94
694973,FF,776610,2025-08-24,COL,101,41,98.12
694973,FF,776549,2025-08-29,BOS,95,45,98.05
694973,FF,776461,2025-09-04,LAD,94,38,98.38
694973,FF,776387,2025-09-10,BAL,64,22,97.2
694973,FF,776308,2025-09-16,CHC,92,37,98.0
694973,FF,776202,2025-09-24,CIN,85,32,97.89
696149,FF,776637,2025-08-22,COL,40,21,98.41
696149,FF,776568,2025-08-27,STL,53,33,99.17
696149,FF,776419,2025-09-07,MIL,68,30,98.28
696149,FF,776336,2025-09-13,WSH,80,44,99.21
696149,FF,776249,2025-09-20,ATH,68,35,99.29
696149,FF,776156,2025-09-27,ATL,86,49,98.98
802419,FF,778493,2025-04-01,TB,69,40,91.84
802419,FF,778415,2025-04-07,STL,59,21,92.27
802419,FF,776919,2025-08-01,COL,45,20,92.38
506433,FF,777203,2025-07-07,AZ,63,4,94.98
506433,FF,777126,2025-07-12,PHI,83,7,94.5
506433,FF,777091,2025-07-19,WSH,69,5,93.68
506433,FF,777023,2025-07-24,STL,69,5,93.74
506433,FF,776931,2025-07-30,NYM,75,13,93.47
506433,FF,776852,2025-08-05,AZ,59,1,94.6
506433,FF,776780,2025-08-11,SF,74,31,93.41
506433,FF,776697,2025-08-17,LAD,78,19,94.01
506433,FF,776636,2025-08-22,LAD,69,9,94.17
506433,FF,776561,2025-08-27,SEA,64,7,93.74
506433,FF,776480,2025-09-02,BAL,87,11,93.74
506433,FF,776407,2025-09-08,CIN,88,16,94.08
506433,FF,776323,2025-09-14,COL,82,27,94.22
506433,FF,776250,2025-09-20,CWS,77,23,93.69
506433,FF,776170,2025-09-26,AZ,76,12,93.87
592094,FF,778485,2025-04-01,CLE,21,6,94.57
592094,FF,778430,2025-04-06,CHC,23,4,93.78
592094,FF,778414,2025-04-07,ATH,11,3,93.77
592094,FF,778381,2025-04-09,ATH,18,2,95.15
592094,FF,778352,2025-04-12,COL,15,1,95.5
592094,FF,778315,2025-04-14,CHC,21,4,95.45
592094,FF,778305,2025-04-15,CHC,15,3,94.63
592094,FF,778237,2025-04-20,HOU,25,3,94.13
592094,FF,778221,2025-04-22,DET,13,3,94.23
592094,FF,778160,2025-04-26,TB,23,9,94.76
592094,FF,778146,2025-04-27,TB,10,3,93.7
592094,FF,778126,2025-04-29,SF,13,4,93.75
592094,FF,778105,2025-04-30,SF,21,7,93.8
592094,FF,778065,2025-05-03,PIT,11,1,93.0
592094,FF,778051,2025-05-04,PIT,21,9,94.63
592094,FF,778019,2025-05-07,NYY,20,1,94.4
592094,FF,777947,2025-05-12,LAA,15,2,93.05
592094,FF,777932,2025-05-13,LAA,6,1,93.9
592094,FF,777875,2025-05-17,SEA,10,4,94.2
592094,FF,777816,2025-05-22,TOR,24,3,94.97
592094,FF,777783,2025-05-25,ATL,10,2,95.4
592094,FF,777756,2025-05-26,MIA,15,2,95.0
592094,FF,777726,2025-05-28,MIA,19,3,94.57
592094,FF,777707,2025-05-30,PIT,20,3,94.83
592094,FF,777681,2025-06-01,PIT,12,7,94.64
592094,FF,777676,2025-06-02,SF,20,5,94.56
592094,FF,777641,2025-06-04,SF,24,5,94.84
592094,FF,777597,2025-06-07,MIL,21,6,93.97
592094,FF,777586,2025-06-08,MIL,15,3,94.17
592094,FF,777543,2025-06-11,LAD,21,5,94.98
592094,FF,777515,2025-06-14,AZ,16,3,94.8
592094,FF,777471,2025-06-17,LAD,11,2,94.9
592094,FF,777442,2025-06-19,LAD,18,2,93.75
592094,FF,777426,2025-06-20,KC,30,6,93.58
592094,FF,777396,2025-06-22,KC,8,1,95.5
592094,FF,777372,2025-06-24,WSH,27,3,94.97
592094,FF,777328,2025-06-28,CIN,15,5,94.14
592094,FF,777312,2025-06-29,CIN,14,1,95.7
592094,FF,777239,2025-07-04,TEX,10,5,94.82
592094,FF,777207,2025-07-06,TEX,19,1,96.0
592094,FF,777185,2025-07-08,AZ,15,3,95.03
592094,FF,777158,2025-07-10,AZ,24,2,93.9
592094,FF,777139,2025-07-11,PHI,31,3,95.37
592094,FF,777112,2025-07-18,WSH,24,4,93.95
592094,FF,776992,2025-07-26,STL,15,3,94.07
592094,FF,776959,2025-07-28,NYM,13,1,94.5
592094,FF,776931,2025-07-30,NYM,16,7,94.46
592094,FF,776884,2025-08-03,STL,12,5,94.78
592094,FF,776852,2025-08-05,AZ,15,4,94.48
592094,FF,776838,2025-08-06,AZ,22,9,95.02
592094,FF,776789,2025-08-10,BOS,22,5,94.22
592094,FF,776767,2025-08-12,SF,19,6,94.83
592094,FF,776697,2025-08-17,LAD,15,3,96.03
592094,FF,776667,2025-08-19,SF,16,6,94.43
592094,FF,776636,2025-08-22,LAD,15,6,95.48
592094,FF,776617,2025-08-23,LAD,13,5,94.84
592094,FF,776577,2025-08-26,SEA,17,3,95.07
592094,FF,776530,2025-08-30,MIN,10,7,94.11
592094,FF,776494,2025-09-01,BAL,26,9,94.88
593974,FF,778172,2025-04-25,TB,13,1,96.3
593974,FF,777896,2025-05-16,SEA,20,2,95.3
593974,FF,777868,2025-05-18,SEA,22,2,95.6
593974,FF,777845,2025-05-20,TOR,18,2,95.0
593974,FF,777803,2025-05-24,ATL,37,7,95.41
593974,FF,777726,2025-05-28,MIA,19,1,94.9
593974,FF,777691,2025-05-31,PIT,14,1,96.3
593974,FF,777681,2025-06-01,PIT,35,2,95.15
593974,FF,777641,2025-06-04,SF,12,1,95.0
593974,FF,777579,2025-06-09,LAD,19,1,94.2
593974,FF,777543,2025-06-11,LAD,18,2,94.95
593974,FF,777521,2025-06-13,AZ,15,1,95.0
593974,FF,777426,2025-06-20,KC,14,1,95.6
593974,FF,777382,2025-06-23,WSH,38,1,95.3
593974,FF,777290,2025-07-02,PHI,12,1,95.2
593974,FF,777162,2025-07-09,AZ,28,1,95.0
593974,FF,777112,2025-07-18,WSH,14,1,95.4
593974,FF,777005,2025-07-25,STL,6,1,94.3
593974,FF,776947,2025-07-29,NYM,16,1,96.7
593974,FF,776896,2025-08-02,STL,9,1,95.6
593974,FF,776873,2025-08-04,AZ,18,1,95.3
593974,FF,776807,2025-08-09,BOS,32,1,95.6
593974,FF,776727,2025-08-15,LAD,19,1,95.7
593974,FF,776513,2025-08-31,MIN,26,3,95.43
601713,FF,778450,2025-04-05,CHC,76,38,92.98
601713,FF,778361,2025-04-11,COL,88,49,94.07
601713,FF,778288,2025-04-16,CHC,91,41,93.91
601713,FF,778221,2025-04-22,DET,91,47,94.1
601713,FF,778126,2025-04-29,SF,89,51,94.3
601713,FF,778045,2025-05-05,NYY,91,53,93.22
601713,FF,777955,2025-05-11,COL,81,40,94.28
601713,FF,777875,2025-05-17,SEA,87,47,93.39
601713,FF,777813,2025-05-23,ATL,102,30,93.07
601713,FF,777707,2025-05-30,PIT,81,34,94.11
601713,FF,777641,2025-06-04,SF,82,40,94.12
601713,FF,777579,2025-06-09,LAD,93,38,93.45
601713,FF,777491,2025-06-15,AZ,94,47,93.81
601713,FF,777426,2025-06-20,KC,84,44,94.28
601713,FF,777360,2025-06-25,WSH,90,45,93.82
601713,FF,777273,2025-07-02,PHI,90,40,94.37
601713,FF,777185,2025-07-08,AZ,104,52,94.22
601713,FF,777117,2025-07-13,PHI,104,43,94.19
601713,FF,777077,2025-07-20,WSH,87,39,94.02
601713,FF,777005,2025-07-25,STL,90,40,94.39
601713,FF,776906,2025-08-01,STL,89,49,93.53
601713,FF,776820,2025-08-08,BOS,103,54,93.75
601713,FF,776749,2025-08-13,SF,101,65,93.6
601713,FF,776667,2025-08-19,SF,109,46,94.02
601713,FF,776603,2025-08-24,LAD,93,41,93.84
601713,FF,776530,2025-08-30,MIN,83,36,93.61
601713,FF,776442,2025-09-05,COL,99,30,92.64
601713,FF,776377,2025-09-10,CIN,101,43,94.16
601713,FF,776288,2025-09-17,NYM,84,34,93.99
601713,FF,776222,2025-09-22,MIL,112,55,93.24
601713,FF,813066,2025-09-30,CHC,85,46,94.96
606996,FF,778430,2025-04-06,CHC,39,12,90.48
606996,FF,778352,2025-04-12,COL,74,18,89.86
606996,FF,778269,2025-04-18,HOU,79,10,90.73
606996,FF,778209,2025-04-23,DET,70,6,91.27
606996,FF,777726,2025-05-28,MIA,57,8,91.38
606996,FF,777207,2025-07-06,TEX,43,5,92.48
606996,FF,777037,2025-07-23,MIA,24,4,90.38
606996,FF,777023,2025-07-24,STL,18,2,91.25
606996,FF,776513,2025-08-31,MIN,29,5,92.88
606996,FF,776494,2025-09-01,BAL,10,2,92.95
606996,FF,776465,2025-09-03,BAL,16,3,94.5
606996,FF,776377,2025-09-10,CIN,14,4,93.6
606996,FF,776341,2025-09-13,COL,27,4,94.82
606996,FF,776304,2025-09-16,NYM,40,4,92.6
606996,FF,776276,2025-09-18,NYM,26,2,94.65
606996,FF,776235,2025-09-21,CWS,13,1,92.4
606996,FF,776222,2025-09-22,MIL,7,4,91.82
606996,FF,776198,2025-09-24,MIL,8,1,92.3
606996,FF,776170,2025-09-26,AZ,16,3,92.33
641482,FF,778468,2025-04-03,CIN,86,35,90.12
641482,FF,776838,2025-08-06,AZ,76,29,90.94
641482,FF,776767,2025-08-12,SF,79,34,90.26
641482,FF,776683,2025-08-18,SF,90,26,90.02
641482,FF,776617,2025-08-23,LAD,81,27,90.09
641482,FF,776541,2025-08-29,MIN,66,27,89.22
641482,FF,776465,2025-09-03,BAL,57,20,89.5
650633,FF,778485,2025-04-01,CLE,87,25,93.84
650633,FF,778414,2025-04-07,ATH,101,20,93.62
650633,FF,778330,2025-04-13,COL,110,29,93.0
650633,FF,778259,2025-04-19,HOU,90,18,94.12
650633,FF,778172,2025-04-25,TB,90,33,93.82
650633,FF,778105,2025-04-30,SF,89,24,94.05
650633,FF,778041,2025-05-06,NYY,90,24,93.78
650633,FF,777947,2025-05-12,LAA,91,22,93.28
650633,FF,777868,2025-05-18,SEA,96,15,93.47
650633,FF,776807,2025-08-09,BOS,57,10,93.02
650633,FF,776392,2025-09-09,CIN,63,10,93.75
650633,FF,776304,2025-09-16,NYM,57,14,93.34
650633,FF,776235,2025-09-21,CWS,70,19,94.61
650633,FF,776152,2025-09-27,AZ,49,13,94.15
656302,FF,778476,2025-04-02,CLE,92,32,96.05
656302,FF,778395,2025-04-08,ATH,77,28,96.25
656302,FF,778315,2025-04-14,CHC,96,45,96.98
656302,FF,778237,2025-04-20,HOU,88,28,97.28
656302,FF,778160,2025-04-26,TB,95,37,95.68
656302,FF,778090,2025-05-02,PIT,91,29,96.87
656302,FF,778019,2025-05-07,NYY,89,41,97.76
656302,FF,777932,2025-05-13,LAA,103,29,96.64
656302,FF,777845,2025-05-20,TOR,100,38,96.7
656302,FF,777783,2025-05-25,ATL,88,36,97.07
656302,FF,777691,2025-05-31,PIT,95,36,96.58
656302,FF,777633,2025-06-05,SF,92,47,97.79
656302,FF,777560,2025-06-10,LAD,103,44,96.93
656302,FF,777490,2025-06-16,LAD,101,49,98.65
656302,FF,777413,2025-06-21,KC,110,64,97.18
656302,FF,777346,2025-06-27,CIN,93,47,96.45
656302,FF,777290,2025-07-02,PHI,103,51,97.02
656302,FF,777162,2025-07-09,AZ,95,45,96.66
656302,FF,777112,2025-07-18,WSH,94,44,98.1
656302,FF,777037,2025-07-23,MIA,95,45,97.94
656302,FF,776959,2025-07-28,NYM,102,40,98.0
656302,FF,776884,2025-08-03,STL,90,40,97.2
656302,FF,776789,2025-08-10,BOS,89,24,97.61
656302,FF,776717,2025-08-16,LAD,85,43,96.69
656302,FF,776642,2025-08-21,SF,95,39,96.91
656302,FF,776577,2025-08-26,SEA,87,37,97.17
656302,FF,776494,2025-09-01,BAL,91,33,96.54
656302,FF,776417,2025-09-07,COL,102,37,96.41
656302,FF,776341,2025-09-13,COL,109,52,96.5
656302,FF,776264,2025-09-19,CWS,100,53,98.12
656302,FF,776198,2025-09-24,MIL,100,40,97.43
663158,FF,778476,2025-04-02,CLE,12,10,97.57
663158,FF,778430,2025-04-06,CHC,17,14,99.14
663158,FF,778414,2025-04-07,ATH,9,6,99.27
663158,FF,778381,2025-04-09,ATH,7,2,98.95
663158,FF,778352,2025-04-12,COL,12,4,98.2
663158,FF,778305,2025-04-15,CHC,22,14,97.8
663158,FF,778288,2025-04-16,CHC,8,4,97.1
663158,FF,778237,2025-04-20,HOU,17,9,100.36
663158,FF,778221,2025-04-22,DET,12,12,98.03
663158,FF,778146,2025-04-27,TB,18,11,96.45
663158,FF,778126,2025-04-29,SF,6,4,97.6
663158,FF,778105,2025-04-30,SF,17,11,98.6
663158,FF,778065,2025-05-03,PIT,11,6,98.08
663158,FF,778045,2025-05-05,NYY,13,8,98.39
663158,FF,778019,2025-05-07,NYY,13,8,99.55
663158,FF,777993,2025-05-09,COL,3,2,97.1
663158,FF,777947,2025-05-12,LAA,33,20,99.28
663158,FF,777914,2025-05-14,LAA,18,14,97.66
663158,FF,777816,2025-05-22,TOR,16,6,96.73
663158,FF,777813,2025-05-23,ATL,19,13,98.75
663158,FF,777783,2025-05-25,ATL,9,9,98.73
663158,FF,777756,2025-05-26,MIA,12,8,97.6
663158,FF,777707,2025-05-30,PIT,19,13,97.94
663158,FF,777681,2025-06-01,PIT,11,5,97.56
663158,FF,777676,2025-06-02,SF,20,11,97.45
663158,FF,777617,2025-06-06,MIL,13,9,97.69
663158,FF,777586,2025-06-08,MIL,17,13,98.61
663158,FF,777579,2025-06-09,LAD,10,2,98.8
663158,FF,777515,2025-06-14,AZ,25,16,98.57
663158,FF,777457,2025-06-18,LAD,5,3,96.87
663158,FF,777442,2025-06-19,LAD,14,11,98.66
663158,FF,777396,2025-06-22,KC,15,8,98.96
663158,FF,777372,2025-06-24,WSH,15,9,99.08
663158,FF,777328,2025-06-28,CIN,22,14,98.64
663158,FF,777312,2025-06-29,CIN,26,16,98.94
663158,FF,777273,2025-07-02,PHI,16,13,98.63
663158,FF,777239,2025-07-04,TEX,23,22,98.32
663158,FF,777207,2025-07-06,TEX,12,9,99.04
663158,FF,777185,2025-07-08,AZ,20,18,98.95
663158,FF,777158,2025-07-10,AZ,13,9,99.31
663158,FF,777139,2025-07-11,PHI,13,9,98.76
663158,FF,777062,2025-07-21,MIA,10,6,98.6
663158,FF,776992,2025-07-26,STL,17,11,98.77
663158,FF,776959,2025-07-28,NYM,16,11,99.3
663158,FF,776931,2025-07-30,NYM,15,9,98.0
663158,FF,776906,2025-08-01,STL,11,9,98.87
663158,FF,776884,2025-08-03,STL,16,12,99.28
663158,FF,776852,2025-08-05,AZ,15,5,98.66
663158,FF,776807,2025-08-09,BOS,24,12,98.63
663158,FF,776780,2025-08-11,SF,19,10,99.58
663158,FF,776767,2025-08-12,SF,19,13,99.06
663158,FF,776697,2025-08-17,LAD,12,6,97.32
663158,FF,776667,2025-08-19,SF,10,7,97.37
663158,FF,776642,2025-08-21,SF,13,10,98.55
663158,FF,776636,2025-08-22,LAD,19,7,99.69
663158,FF,776577,2025-08-26,SEA,14,5,100.5
663158,FF,776494,2025-09-01,BAL,24,14,100.06
663158,FF,776465,2025-09-03,BAL,14,9,97.73
663158,FF,776431,2025-09-06,COL,18,8,99.16
663158,FF,776407,2025-09-08,CIN,15,10,98.81
663158,FF,776392,2025-09-09,CIN,18,13,98.9
663158,FF,776365,2025-09-11,COL,9,9,98.78
663158,FF,776323,2025-09-14,COL,16,13,99.12
663158,FF,776288,2025-09-17,NYM,26,12,99.22
663158,FF,776250,2025-09-20,CWS,19,15,98.22
663158,FF,776235,2025-09-21,CWS,11,6,98.72
663158,FF,776222,2025-09-22,MIL,16,11,99.72
663158,FF,776152,2025-09-27,AZ,9,5,98.58
663568,FF,778051,2025-05-04,PIT,84,15,94.44
663568,FF,777976,2025-05-10,COL,104,53,94.45
663568,FF,777896,2025-05-16,SEA,83,20,94.36
663568,FF,777816,2025-05-22,TOR,92,22,94.52
663568,FF,777742,2025-05-27,MIA,93,25,93.72
663568,FF,777676,2025-06-02,SF,98,22,94.47
663568,FF,777597,2025-06-07,MIL,88,25,93.74
663568,FF,777521,2025-06-13,AZ,82,17,94.32
663568,FF,777457,2025-06-18,LAD,97,20,93.1
663568,FF,777382,2025-06-23,WSH,80,24,93.6
663568,FF,777312,2025-06-29,CIN,71,15,92.69
663568,FF,777223,2025-07-05,TEX,83,23,93.72
663568,FF,777052,2025-07-22,MIA,80,21,93.7
663568,FF,776980,2025-07-27,STL,98,7,93.14
663568,FF,776528,2025-08-30,DET,71,23,93.98
663568,FF,776434,2025-09-06,MIN,95,33,94.22
663568,FF,776370,2025-09-11,CLE,97,34,94.37
663568,FF,776272,2025-09-18,SEA,99,21,93.77
663568,FF,776197,2025-09-24,LAA,94,13,94.72
663773,SI,777382,2025-06-23,WSH,18,7,91.81
663773,SI,777328,2025-06-28,CIN,13,9,92.41
663773,SI,777273,2025-07-02,PHI,17,8,92.49
663773,SI,777223,2025-07-05,TEX,18,10,92.23
663773,SI,777203,2025-07-07,AZ,20,13,92.88
663773,SI,777126,2025-07-12,PHI,15,4,93.3
663773,SI,777077,2025-07-20,WSH,23,10,92.82
669093,FF,778485,2025-04-01,CLE,9,6,96.9
669093,FF,778430,2025-04-06,CHC,17,13,96.19
669093,FF,778414,2025-04-07,ATH,10,4,97.18
669093,FF,778381,2025-04-09,ATH,10,6,98.08
669093,FF,778352,2025-04-12,COL,15,10,97.26
669093,FF,778305,2025-04-15,CHC,12,8,98.41
669093,FF,778288,2025-04-16,CHC,8,1,97.5
669093,FF,778259,2025-04-19,HOU,27,16,98.16
669093,FF,778172,2025-04-25,TB,17,12,97.52
669093,FF,778146,2025-04-27,TB,22,16,97.94
669093,FF,778126,2025-04-29,SF,17,9,97.89
669093,FF,778105,2025-04-30,SF,12,11,97.39
669093,FF,778090,2025-05-02,PIT,15,9,97.82
669093,FF,778051,2025-05-04,PIT,10,7,98.36
669093,FF,778045,2025-05-05,NYY,17,10,97.82
669093,FF,778019,2025-05-07,NYY,6,5,98.2
669093,FF,777947,2025-05-12,LAA,20,9,98.12
669093,FF,777932,2025-05-13,LAA,8,2,97.9
669093,FF,777875,2025-05-17,SEA,10,9,97.74
669093,FF,777837,2025-05-21,TOR,20,11,98.82
669093,FF,777816,2025-05-22,TOR,11,9,97.41
669093,FF,777783,2025-05-25,ATL,27,11,97.95
669093,FF,777742,2025-05-27,MIA,24,11,98.71
669093,FF,777707,2025-05-30,PIT,12,11,99.14
669093,FF,777676,2025-06-02,SF,19,15,98.08
669093,FF,777656,2025-06-03,SF,6,4,96.48
669093,FF,777617,2025-06-06,MIL,23,20,98.04
669093,FF,777597,2025-06-07,MIL,16,15,98.13
669093,FF,777579,2025-06-09,LAD,10,4,98.28
669093,FF,777543,2025-06-11,LAD,17,10,97.59
669093,FF,777515,2025-06-14,AZ,19,13,98.11
669093,FF,777471,2025-06-17,LAD,25,16,98.44
669093,FF,777442,2025-06-19,LAD,17,9,97.66
669093,FF,777413,2025-06-21,KC,12,7,98.49
669093,FF,777372,2025-06-24,WSH,10,6,98.05
669093,FF,777360,2025-06-25,WSH,14,9,98.4
669093,FF,777312,2025-06-29,CIN,13,8,97.36
669093,FF,777239,2025-07-04,TEX,9,7,97.17
669093,FF,777207,2025-07-06,TEX,9,5,97.9
669093,FF,777185,2025-07-08,AZ,25,14,98.29
669093,FF,777158,2025-07-10,AZ,18,11,97.36
669093,FF,777139,2025-07-11,PHI,12,5,97.8
669093,FF,777126,2025-07-12,PHI,11,6,97.6
669093,FF,777112,2025-07-18,WSH,10,4,97.55
669093,FF,777062,2025-07-21,MIA,12,7,99.2
669093,FF,777023,2025-07-24,STL,13,6,99.23
669093,FF,776992,2025-07-26,STL,20,10,98.31
669093,FF,776947,2025-07-29,NYM,12,9,98.26
669093,FF,776896,2025-08-02,STL,20,12,97.58
669093,FF,776884,2025-08-03,STL,10,6,98.38
669093,FF,776852,2025-08-05,AZ,11,7,97.91
669093,FF,776807,2025-08-09,BOS,27,12,97.77
669093,FF,776780,2025-08-11,SF,22,11,97.38
669093,FF,776727,2025-08-15,LAD,29,13,99.01
669093,FF,776697,2025-08-17,LAD,15,4,97.72
669093,FF,776642,2025-08-21,SF,24,13,98.2
669093,FF,776617,2025-08-23,LAD,14,7,98.54
669093,FF,776603,2025-08-24,LAD,25,13,97.66
669093,FF,776577,2025-08-26,SEA,14,5,97.44
669093,FF,776530,2025-08-30,MIN,22,15,97.23
669093,FF,776513,2025-08-31,MIN,21,10,97.06
669093,FF,776465,2025-09-03,BAL,23,14,97.57
669093,FF,776431,2025-09-06,COL,26,15,97.32
669093,FF,776407,2025-09-08,CIN,12,7,99.06
669093,FF,776392,2025-09-09,CIN,25,3,98.13
669093,FF,776365,2025-09-11,COL,14,7,97.86
669093,FF,776323,2025-09-14,COL,20,4,97.02
669093,FF,776288,2025-09-17,NYM,11,5,96.24
669093,FF,776264,2025-09-19,CWS,13,9,97.63
669093,FF,776250,2025-09-20,CWS,15,8,98.2
669093,FF,776222,2025-09-22,MIL,18,10,97.51
669093,FF,776198,2025-09-24,MIL,24,9,98.1
669093,FF,776152,2025-09-27,AZ,19,9,96.77
669093,FF,813066,2025-09-30,CHC,10,2,97.4
669308,FF,777993,2025-05-09,COL,25,13,95.65
669308,FF,777955,2025-05-11,COL,16,7,95.73
669308,FF,777896,2025-05-16,SEA,42,16,95.61
669308,FF,777868,2025-05-18,SEA,19,12,96.72
669308,FF,777816,2025-05-22,TOR,16,10,94.76
669308,FF,777803,2025-05-24,ATL,57,21,96.11
669308,FF,777742,2025-05-27,MIA,12,6,95.67
669308,FF,777691,2025-05-31,PIT,25,14,96.8
669308,FF,777656,2025-06-03,SF,45,24,95.61
669308,FF,777586,2025-06-08,MIL,11,8,95.85
669308,FF,777579,2025-06-09,LAD,18,9,96.52
669308,FF,777521,2025-06-13,AZ,21,7,96.2
669308,FF,777491,2025-06-15,AZ,12,9,96.74
669308,FF,777471,2025-06-17,LAD,16,5,96.24
669308,FF,777442,2025-06-19,LAD,11,7,95.27
669308,FF,777426,2025-06-20,KC,21,10,96.32
669308,FF,777346,2025-06-27,CIN,19,10,96.82
669308,FF,776820,2025-08-08,BOS,52,34,95.92
669308,FF,776465,2025-09-03,BAL,56,34,95.58
670810,FF,778430,2025-04-06,CHC,62,13,94.28
670810,FF,778228,2025-04-21,DET,46,23,95.19
670810,FF,778160,2025-04-26,TB,3,2,95.2
670970,FF,778476,2025-04-02,CLE,13,1,96.1
670970,FF,778430,2025-04-06,CHC,18,2,94.0
670970,FF,778315,2025-04-14,CHC,15,3,96.43
670970,FF,778259,2025-04-19,HOU,15,3,95.93
670970,FF,778209,2025-04-23,DET,21,1,96.4
670970,FF,778146,2025-04-27,TB,14,1,95.9
670970,FF,778041,2025-05-06,NYY,11,1,96.7
670970,FF,777837,2025-05-21,TOR,18,2,97.4
670970,FF,777813,2025-05-23,ATL,19,2,98.3
670970,FF,777783,2025-05-25,ATL,7,1,97.9
670970,FF,777756,2025-05-26,MIA,11,2,95.75
670970,FF,777676,2025-06-02,SF,17,3,96.7
670970,FF,777617,2025-06-06,MIL,16,1,95.1
670970,FF,777543,2025-06-11,LAD,13,2,96.65
670970,FF,777442,2025-06-19,LAD,20,1,98.6
670970,FF,777207,2025-07-06,TEX,13,1,97.6
670970,FF,777112,2025-07-18,WSH,5,1,97.4
670970,FF,776884,2025-08-03,STL,19,1,95.6
673513,FF,778485,2025-04-01,CLE,19,9,91.58
673513,FF,778460,2025-04-04,CHC,16,9,91.56
673513,FF,778395,2025-04-08,ATH,17,9,92.19
673513,FF,778361,2025-04-11,COL,13,7,92.21
673513,FF,778305,2025-04-15,CHC,12,6,92.3
673513,FF,778269,2025-04-18,HOU,17,7,92.31
673513,FF,778228,2025-04-21,DET,26,10,91.76
673513,FF,778209,2025-04-23,DET,21,7,91.81
673513,FF,778160,2025-04-26,TB,23,13,91.89
673513,FF,778065,2025-05-03,PIT,7,4,91.58
673513,FF,778045,2025-05-05,NYY,14,3,91.17
673513,FF,777993,2025-05-09,COL,10,6,92.27
673513,FF,777955,2025-05-11,COL,8,3,92.53
673513,FF,777932,2025-05-13,LAA,8,3,91.2
673513,FF,777875,2025-05-17,SEA,8,2,91.15
673513,FF,777868,2025-05-18,SEA,18,7,91.5
673513,FF,777816,2025-05-22,TOR,22,7,91.89
673513,FF,777803,2025-05-24,ATL,30,15,92.24
673513,FF,777742,2025-05-27,MIA,15,1,92.2
673513,FF,777726,2025-05-28,MIA,7,1,92.5
673513,FF,777691,2025-05-31,PIT,15,1,93.0
673513,FF,777656,2025-06-03,SF,5,3,92.57
673513,FF,777633,2025-06-05,SF,10,6,93.27
673513,FF,777586,2025-06-08,MIL,17,9,93.29
673513,FF,777579,2025-06-09,LAD,19,3,92.67
673513,FF,777543,2025-06-11,LAD,14,1,92.4
673513,FF,777515,2025-06-14,AZ,11,4,93.05
673513,FF,777471,2025-06-17,LAD,13,2,92.7
673513,FF,777442,2025-06-19,LAD,11,5,92.52
673513,FF,777382,2025-06-23,WSH,25,6,91.13
673513,FF,777346,2025-06-27,CIN,24,8,92.6
673513,FF,777290,2025-07-02,PHI,14,5,92.54
673513,FF,777223,2025-07-05,TEX,16,1,92.1
673513,FF,777203,2025-07-07,AZ,22,10,92.47
673513,FF,777126,2025-07-12,PHI,7,1,91.9
673513,FF,777091,2025-07-19,WSH,32,14,92.31
673513,FF,777023,2025-07-24,STL,26,12,92.55
673513,FF,776947,2025-07-29,NYM,15,5,91.34
673513,FF,776896,2025-08-02,STL,16,5,92.5
673513,FF,776873,2025-08-04,AZ,11,5,92.28
673513,FF,776820,2025-08-08,BOS,19,8,91.74
673513,FF,776749,2025-08-13,SF,15,10,91.42
673513,FF,776727,2025-08-15,LAD,18,11,92.35
673513,FF,776717,2025-08-16,LAD,13,8,92.09
673513,FF,776656,2025-08-20,SF,18,11,92.83
673513,FF,776603,2025-08-24,LAD,19,3,93.17
673513,FF,776595,2025-08-25,SEA,22,12,91.72
673513,FF,776561,2025-08-27,SEA,16,6,92.62
673513,FF,776541,2025-08-29,MIN,38,19,91.8
673513,FF,776513,2025-08-31,MIN,33,12,91.68
673513,FF,776480,2025-09-02,BAL,13,7,91.96
673513,FF,776377,2025-09-10,CIN,13,4,90.68
673513,FF,776341,2025-09-13,COL,9,5,92.02
673513,FF,776304,2025-09-16,NYM,35,15,91.69
673513,FF,776276,2025-09-18,NYM,10,6,92.5
673513,FF,776214,2025-09-23,MIL,15,11,91.43
673513,FF,776152,2025-09-27,AZ,37,21,91.85
674384,FF,777290,2025-07-02,PHI,21,15,98.6
674384,FF,777223,2025-07-05,TEX,11,8,97.58
674384,FF,777203,2025-07-07,AZ,22,15,97.33
674384,FF,777162,2025-07-09,AZ,33,19,97.89
674384,FF,776899,2025-08-02,AZ,34,19,98.19
674384,FF,776865,2025-08-05,WSH,38,24,97.84
674384,FF,776602,2025-08-24,SEA,29,17,98.35
674384,FF,776573,2025-08-26,DET,4,2,97.7
674384,FF,776538,2025-08-29,TEX,19,10,97.43
674384,FF,776508,2025-08-31,TEX,38,26,98.72
676664,FF,778442,2025-04-05,COL,87,38,91.62
676664,FF,778358,2025-04-11,NYM,101,45,93.03
676664,FF,778283,2025-04-17,CWS,100,53,92.03
676664,FF,778197,2025-04-23,TEX,86,35,93.08
676664,FF,778143,2025-04-28,TEX,89,34,91.35
676664,FF,778061,2025-05-04,MIA,80,24,92.05
676664,FF,777972,2025-05-10,NYY,82,24,92.32
676664,FF,777891,2025-05-16,SF,93,37,91.99
676664,FF,777828,2025-05-21,LAA,93,39,92.47
676664,FF,777752,2025-05-27,HOU,94,40,91.91
676664,FF,777685,2025-06-01,TOR,84,32,92.23
676664,FF,777613,2025-06-06,BAL,86,29,92.27
676664,FF,777542,2025-06-11,LAA,82,23,92.58
676664,FF,777469,2025-06-17,HOU,76,21,92.4
676664,FF,777400,2025-06-22,CLE,92,27,91.97
676664,FF,777326,2025-06-28,NYY,90,37,92.28
676664,FF,777244,2025-07-04,SF,92,42,92.77
676664,FF,777156,2025-07-10,ATL,86,42,92.53
676664,FF,777105,2025-07-18,CLE,74,31,91.86
676664,FF,777033,2025-07-23,TEX,82,32,91.61
676664,FF,776957,2025-07-28,SEA,96,43,92.33
676664,FF,776873,2025-08-04,AZ,94,46,91.38
676664,FF,776656,2025-08-20,SF,93,43,92.08
676664,FF,776595,2025-08-25,SEA,58,26,92.2
676664,FF,776357,2025-09-12,COL,72,30,92.59
676664,FF,776136,2025-09-28,AZ,113,45,91.88
676760,FF,776980,2025-07-27,STL,26,15,94.51
676760,FF,776947,2025-07-29,NYM,15,8,93.34
676760,FF,776717,2025-08-16,LAD,26,16,93.84
676760,FF,776417,2025-09-07,COL,21,9,95.13
676760,FF,776357,2025-09-12,COL,33,12,95.11
676760,FF,776276,2025-09-18,NYM,26,11,94.15
676760,FF,776222,2025-09-22,MIL,17,8,93.15
681190,FF,778460,2025-04-04,CHC,82,12,92.08
681190,FF,778381,2025-04-09,ATH,61,8,92.48
681190,FF,778305,2025-04-15,CHC,80,16,92.76
681190,FF,778228,2025-04-21,DET,68,16,92.69
681190,FF,778146,2025-04-27,TB,77,11,93.02
681190,FF,778065,2025-05-03,PIT,89,16,94.06
681190,FF,777993,2025-05-09,COL,95,26,93.02
681190,FF,777914,2025-05-14,LAA,90,16,92.72
681190,FF,777837,2025-05-21,TOR,73,14,92.58
681190,FF,777756,2025-05-26,MIA,89,14,92.87
681190,FF,777681,2025-06-01,PIT,78,12,92.1
681190,FF,777617,2025-06-06,MIL,78,25,93.33
681190,FF,777543,2025-06-11,LAD,70,15,93.34
681190,FF,777471,2025-06-17,LAD,68,14,94.17
681190,FF,777396,2025-06-22,KC,89,21,92.36
681190,FF,777328,2025-06-28,CIN,94,20,93.16
681190,FF,777239,2025-07-04,TEX,93,34,92.92
681190,FF,777158,2025-07-10,AZ,86,17,93.26
681190,FF,777062,2025-07-21,MIA,67,4,93.48
681190,FF,776992,2025-07-26,STL,67,7,94.99
681190,FF,776896,2025-08-02,STL,71,8,92.78
681190,FF,776727,2025-08-15,LAD,58,26,94.52
681190,FF,776431,2025-09-06,COL,77,10,93.4
681190,FF,776365,2025-09-11,COL,90,18,94.32
681190,FF,776276,2025-09-18,NYM,48,14,95.69
681190,FF,776214,2025-09-23,MIL,98,41,95.06
681190,FF,776136,2025-09-28,AZ,19,6,97.07
686701,FF,778160,2025-04-26,TB,16,14,94.02
686701,FF,778090,2025-05-02,PIT,13,7,94.07
686701,FF,778045,2025-05-05,NYY,14,11,95.14
686701,FF,778041,2025-05-06,NYY,8,5,94.02
686701,FF,777656,2025-06-03,SF,83,33,94.38
686701,FF,777586,2025-06-08,MIL,86,39,93.9
686701,FF,777515,2025-06-14,AZ,90,45,93.27
686701,FF,777442,2025-06-19,LAD,71,38,92.98
686701,FF,777372,2025-06-24,WSH,69,29,93.5
686701,FF,777139,2025-07-11,PHI,82,32,93.31
686701,FF,776947,2025-07-29,NYM,83,32,93.49
686701,FF,776864,2025-08-05,BOS,85,27,93.01
686701,FF,776796,2025-08-10,MIN,89,27,92.63
686701,FF,776702,2025-08-17,CWS,95,39,92.89
686701,FF,776649,2025-08-22,DET,90,35,93.4
686701,FF,776569,2025-08-27,CWS,98,43,93.08
686701,FF,776466,2025-09-03,LAA,87,35,93.24
686701,FF,776413,2025-09-08,CLE,77,37,93.33
686701,FF,776342,2025-09-13,PHI,76,30,94.02
688158,FF,777756,2025-05-26,MIA,6,3,99.1
688158,FF,777726,2025-05-28,MIA,16,3,97.07
688158,FF,777681,2025-06-01,PIT,29,10,98.5
688158,FF,777633,2025-06-05,SF,39,23,97.48
688158,FF,777597,2025-06-07,MIL,1,1,97.8
688158,FF,777560,2025-06-10,LAD,32,21,97.6
688158,FF,777521,2025-06-13,AZ,21,7,98.57
688158,FF,777490,2025-06-16,LAD,30,13,96.95
688158,FF,777457,2025-06-18,LAD,23,10,97.83
688158,FF,777426,2025-06-20,KC,12,6,97.37
688158,FF,777382,2025-06-23,WSH,12,6,97.75
688158,FF,777346,2025-06-27,CIN,26,6,98.27
688158,FF,777306,2025-06-30,PHI,26,10,98.73
688158,FF,777207,2025-07-06,TEX,37,19,97.16
688158,FF,777126,2025-07-12,PHI,12,2,97.35
688158,FF,777117,2025-07-13,PHI,28,7,96.96
688158,FF,777091,2025-07-19,WSH,1,1,97.5
688158,FF,777052,2025-07-22,MIA,26,11,98.18
688158,FF,777037,2025-07-23,MIA,4,1,96.8
688158,FF,777005,2025-07-25,STL,9,4,98.08
688158,FF,776980,2025-07-27,STL,13,2,97.15
688158,FF,776959,2025-07-28,NYM,4,2,97.65
688158,FF,776896,2025-08-02,STL,19,6,97.77
688158,FF,776884,2025-08-03,STL,26,11,97.04
688158,FF,776852,2025-08-05,AZ,11,7,98.26
688158,FF,776789,2025-08-10,BOS,19,6,97.93
688158,FF,776767,2025-08-12,SF,17,6,97.15
688158,FF,776717,2025-08-16,LAD,18,8,98.34
688158,FF,776683,2025-08-18,SF,19,5,97.76
688158,FF,776656,2025-08-20,SF,14,5,97.82
688158,FF,776595,2025-08-25,SEA,33,5,98.22
688158,FF,776561,2025-08-27,SEA,15,6,98.38
688158,FF,776541,2025-08-29,MIN,33,8,98.31
688158,FF,776513,2025-08-31,MIN,29,10,98.2
688158,FF,776480,2025-09-02,BAL,17,5,97.86
688158,FF,776442,2025-09-05,COL,16,2,98.85
688158,FF,776417,2025-09-07,COL,16,4,98.6
688158,FF,776198,2025-09-24,MIL,14,3,98.5
688158,FF,776170,2025-09-26,AZ,18,7,98.44
688158,FF,776136,2025-09-28,AZ,21,9,98.91
689690,FF,778460,2025-04-04,CHC,26,8,84.52
689690,FF,778450,2025-04-05,CHC,32,11,85.6
689690,FF,778395,2025-04-08,ATH,28,8,86.1
689690,FF,778361,2025-04-11,COL,15,7,85.59
689690,FF,778315,2025-04-14,CHC,7,2,84.5
689690,FF,778269,2025-04-18,HOU,20,7,84.76
689690,FF,778237,2025-04-20,HOU,15,5,84.8
689690,FF,778209,2025-04-23,DET,26,7,85.86
689690,FF,778172,2025-04-25,TB,17,9,85.98
689690,FF,778090,2025-05-02,PIT,21,9,85.43
689690,FF,778065,2025-05-03,PIT,11,4,85.1
689690,FF,777993,2025-05-09,COL,17,4,86.22
689690,FF,777955,2025-05-11,COL,10,5,85.6
689690,FF,777947,2025-05-12,LAA,13,7,85.3
689690,FF,777914,2025-05-14,LAA,10,3,85.17
689690,FF,777875,2025-05-17,SEA,25,9,85.78
689690,FF,777868,2025-05-18,SEA,9,4,85.15
689690,FF,777837,2025-05-21,TOR,34,17,84.97
689690,FF,777803,2025-05-24,ATL,33,22,84.51
689690,FF,777077,2025-07-20,WSH,32,10,85.44
689690,FF,776561,2025-08-27,SEA,10,7,85.49
689690,FF,776541,2025-08-29,MIN,34,12,84.22
689690,FF,776530,2025-08-30,MIN,13,9,84.16
689690,FF,776480,2025-09-02,BAL,29,15,85.71
689690,FF,776442,2025-09-05,COL,24,13,85.01
689690,FF,776407,2025-09-08,CIN,6,3,84.63
695243,FF,778471,2025-04-02,CHC,12,5,99.82
695243,FF,778456,2025-04-04,COL,12,11,98.36
695243,FF,778442,2025-04-05,COL,13,6,100.13
695243,FF,778346,2025-04-12,NYM,15,11,102.55
695243,FF,778294,2025-04-16,CWS,12,7,100.6
695243,FF,778253,2025-04-19,MIL,17,8,101.16
695243,FF,778197,2025-04-23,TEX,13,10,101.02
695243,FF,778178,2025-04-25,CWS,18,11,100.65
695243,FF,778149,2025-04-27,CWS,11,5,100.5
695243,FF,778143,2025-04-28,TEX,16,9,101.89
695243,FF,778096,2025-05-01,TEX,9,5,100.4
695243,FF,778075,2025-05-03,MIA,28,18,101.12
695243,FF,778038,2025-05-05,SEA,27,17,100.11
695243,FF,777972,2025-05-10,NYY,26,14,99.31
695243,FF,777879,2025-05-17,SF,20,15,102.43
695243,FF,777804,2025-05-23,PHI,27,13,100.69
695243,FF,777784,2025-05-24,PHI,21,13,101.82
695243,FF,777765,2025-05-25,PHI,12,4,100.15
695243,FF,777701,2025-05-31,TOR,12,7,99.64
695243,FF,777636,2025-06-05,MIN,9,6,100.47
695243,FF,777613,2025-06-06,BAL,25,13,102.07
695243,FF,777588,2025-06-08,BAL,5,2,100.05
695243,FF,777529,2025-06-13,KC,25,16,101.53
695243,FF,777496,2025-06-15,KC,12,7,99.97
695243,FF,777485,2025-06-16,HOU,10,4,100.45
695243,FF,777441,2025-06-19,HOU,21,7,100.39
695243,FF,777429,2025-06-20,CLE,18,9,101.01
695243,FF,777371,2025-06-25,DET,16,7,101.84
695243,FF,777296,2025-06-30,TB,8,3,102.23
695243,FF,777286,2025-07-01,TB,11,4,102.7
695243,FF,777210,2025-07-06,SF,16,6,101.98
695243,FF,777156,2025-07-10,ATL,13,7,102.83
695243,FF,777132,2025-07-12,TOR,18,10,101.68
695243,FF,777116,2025-07-13,TOR,18,12,102.58
695243,FF,777057,2025-07-21,TEX,3,1,99.9
695243,FF,777025,2025-07-24,HOU,23,9,102.63
695243,FF,776991,2025-07-26,HOU,19,11,102.1
695243,FF,776906,2025-08-01,STL,10,7,102.17
695243,FF,776852,2025-08-05,AZ,24,14,102.56
695243,FF,776838,2025-08-06,AZ,15,6,101.85
695243,FF,776807,2025-08-09,BOS,14,7,101.43
695243,FF,776780,2025-08-11,SF,13,8,101.55
695243,FF,776727,2025-08-15,LAD,14,7,100.64
695243,FF,776683,2025-08-18,SF,19,9,101.32
695243,FF,776636,2025-08-22,LAD,20,12,101.01
695243,FF,776577,2025-08-26,SEA,30,16,101.81
695243,FF,776513,2025-08-31,MIN,13,7,101.19
695243,FF,776431,2025-09-06,COL,24,8,101.98
695243,FF,776407,2025-09-08,CIN,12,4,100.82
695243,FF,776392,2025-09-09,CIN,17,5,101.08
695243,FF,776365,2025-09-11,COL,13,10,100.12
695243,FF,776323,2025-09-14,COL,18,9,101.6
695243,FF,776288,2025-09-17,NYM,19,8,101.28
695243,FF,776250,2025-09-20,CWS,13,7,101.04
695243,FF,776235,2025-09-21,CWS,19,12,101.09
695243,FF,776170,2025-09-26,AZ,25,13,100.84
695243,FF,776152,2025-09-27,AZ,17,7,100.46
695243,FF,813066,2025-09-30,CHC,13,5,101.92
699134,FF,777691,2025-05-31,PIT,25,10,97.64
699134,FF,776304,2025-09-16,NYM,23,11,99.18
699134,FF,776276,2025-09-18,NYM,14,4,97.12
699134,FF,776222,2025-09-22,MIL,13,6,100.05
699134,FF,776170,2025-09-26,AZ,21,7,98.56
699134,FF,776136,2025-09-28,AZ,21,14,97.61
620454,FF,778086,2025-05-02,PHI,14,1,93.9
620454,FF,778078,2025-05-03,PHI,15,1,95.2
620454,FF,778014,2025-05-07,NYM,42,4,93.62
620454,FF,777954,2025-05-11,LAD,29,3,92.03
620454,FF,777604,2025-06-07,COL,13,2,92.2
620454,FF,777570,2025-06-10,WSH,22,2,92.05
620454,FF,777470,2025-06-18,ATL,19,3,92.8
620454,FF,777004,2025-07-25,SF,14,8,93.69
620454,FF,776548,2025-08-29,MIA,47,10,93.16
620454,FF,776428,2025-09-07,ATL,15,3,94.2
620454,FF,776373,2025-09-10,STL,16,2,94.0
620454,FF,776362,2025-09-11,LAA,14,1,91.5
620454,FF,776278,2025-09-18,NYY,23,9,93.22
620454,FF,776257,2025-09-20,NYY,33,13,93.68
620454,FF,776223,2025-09-23,TB,7,1,91.8
620454,FF,776203,2025-09-24,TB,18,6,92.07
620454,FF,776174,2025-09-26,NYY,36,12,94.18
622379,FF,778444,2025-04-04,SF,68,39,92.73
622379,FF,778383,2025-04-09,HOU,100,38,91.62
622491,FF,778469,2025-04-02,DET,92,45,94.46
622491,FF,778398,2025-04-08,HOU,102,59,94.82
622491,FF,778316,2025-04-15,CIN,95,43,94.47
622491,FF,778241,2025-04-20,TOR,102,48,95.2
622491,FF,778154,2025-04-26,MIA,90,35,95.21
622491,FF,778070,2025-05-03,TEX,88,33,95.23
622491,FF,777984,2025-05-09,TOR,94,40,93.56
622491,FF,777915,2025-05-14,NYY,93,42,95.4
622491,FF,777857,2025-05-19,CWS,94,53,95.04
622491,FF,777774,2025-05-25,HOU,114,56,96.38
622491,FF,777680,2025-06-01,MIN,97,42,95.72
622491,FF,777603,2025-06-07,LAA,95,59,95.6
622491,FF,777520,2025-06-13,CLE,98,53,95.18
622491,FF,777453,2025-06-18,BOS,86,33,95.45
622491,FF,777375,2025-06-24,MIN,91,29,95.33
622491,FF,777302,2025-06-29,TEX,51,32,95.45
622491,FF,777225,2025-07-05,PIT,99,38,95.68
622491,FF,777161,2025-07-11,DET,100,59,95.96
622491,FF,777099,2025-07-18,HOU,100,52,95.34
622491,FF,777024,2025-07-23,MIL,90,42,95.2
622491,FF,776957,2025-07-28,ATH,89,40,94.69
622491,FF,776897,2025-08-02,TEX,87,47,94.13
622491,FF,776824,2025-08-08,TB,99,48,93.98
622491,FF,776736,2025-08-15,NYM,95,41,94.51
622491,FF,776662,2025-08-20,PHI,88,30,94.01
622491,FF,776577,2025-08-26,SD,87,29,93.62
622491,FF,776504,2025-09-01,TB,78,26,94.62
622491,FF,776428,2025-09-07,ATL,82,41,94.32
622491,FF,776345,2025-09-12,LAA,96,53,95.24
622491,FF,776272,2025-09-18,KC,84,39,94.48
622491,FF,776194,2025-09-24,COL,93,37,94.56
642048,SI,778444,2025-04-04,SF,13,6,90.25
642048,SI,778154,2025-04-26,MIA,12,4,90.7
642048,SI,777145,2025-07-12,DET,9,6,91.55
642048,SI,776707,2025-08-17,NYM,29,12,91.73
642048,SI,776662,2025-08-20,PHI,22,12,92.29
642048,SI,776602,2025-08-24,ATH,29,12,91.07
642048,SI,776504,2025-09-01,TB,21,13,91.9
642048,SI,776476,2025-09-03,TB,38,20,90.66
642100,FF,778486,2025-04-01,DET,8,5,95.4
642100,FF,778469,2025-04-02,DET,12,4,94.95
642100,FF,778444,2025-04-04,SF,10,4,97.22
642100,FF,778398,2025-04-08,HOU,11,5,95.62
642100,FF,778360,2025-04-11,TEX,20,11,95.08
642100,FF,778334,2025-04-13,TEX,13,6,95.38
642100,FF,778304,2025-04-16,CIN,5,2,94.65
642100,FF,778241,2025-04-20,TOR,14,6,95.43
642100,FF,778207,2025-04-23,BOS,10,7,95.74
642100,FF,778196,2025-04-24,BOS,13,5,95.4
642100,FF,778136,2025-04-27,MIA,12,5,94.8
642100,FF,778121,2025-04-29,LAA,9,6,95.13
642100,FF,778070,2025-05-03,TEX,12,4,94.22
642100,FF,778024,2025-05-06,ATH,6,1,96.4
642100,FF,778010,2025-05-07,ATH,4,1,95.6
642100,FF,777970,2025-05-10,TOR,16,6,94.75
642100,FF,777926,2025-05-13,NYY,15,10,94.51
642100,FF,777915,2025-05-14,NYY,10,5,93.54
642100,FF,777875,2025-05-17,SD,18,6,94.25
642100,FF,777846,2025-05-20,CWS,14,10,93.71
642100,FF,777822,2025-05-22,HOU,14,6,94.72
642100,FF,777722,2025-05-29,WSH,7,4,94.8
642100,FF,777695,2025-05-31,MIN,31,12,93.98
642100,FF,777645,2025-06-04,BAL,19,5,94.84
642100,FF,777628,2025-06-05,BAL,21,8,94.1
642100,FF,777577,2025-06-09,AZ,7,1,94.2
642100,FF,777548,2025-06-11,AZ,7,1,95.8
642100,FF,777507,2025-06-14,CLE,26,12,94.66
642100,FF,777453,2025-06-18,BOS,12,2,94.3
642100,FF,777436,2025-06-20,CHC,6,4,94.48
642100,FF,777403,2025-06-22,CHC,18,9,93.26
642100,FF,777375,2025-06-24,MIN,12,6,94.82
642100,FF,777297,2025-06-30,KC,10,4,95.45
642100,FF,777262,2025-07-02,KC,16,3,94.57
642100,FF,777205,2025-07-06,PIT,15,10,96.03
642100,FF,777169,2025-07-10,NYY,11,6,95.0
642100,FF,777161,2025-07-11,DET,10,5,95.38
642100,FF,777121,2025-07-13,DET,22,8,94.71
642100,FF,777099,2025-07-18,HOU,2,2,95.75
642100,FF,777086,2025-07-19,HOU,25,14,94.88
642100,FF,777035,2025-07-22,MIL,4,1,94.8
642100,FF,777018,2025-07-24,LAA,14,10,94.69
642100,FF,776957,2025-07-28,ATH,18,10,96.07
642100,FF,776930,2025-07-30,ATH,7,3,94.63
642100,FF,776908,2025-08-01,TEX,18,10,95.06
642100,FF,776897,2025-08-02,TEX,8,2,94.7
642100,FF,776841,2025-08-06,CWS,13,7,94.6
642100,FF,776830,2025-08-07,CWS,9,5,94.54
642100,FF,776805,2025-08-09,TB,6,3,95.27
642100,FF,776761,2025-08-13,BAL,10,3,95.17
642100,FF,776736,2025-08-15,NYM,11,6,94.65
642100,FF,776680,2025-08-19,PHI,11,3,95.93
642100,FF,776638,2025-08-22,ATH,5,1,95.7
642100,FF,776620,2025-08-23,ATH,15,8,95.74
642100,FF,776577,2025-08-26,SD,6,4,94.7
642100,FF,776561,2025-08-27,SD,6,3,95.23
642100,FF,776537,2025-08-30,CLE,15,5,94.88
642100,FF,776521,2025-08-31,CLE,14,3,94.37
642100,FF,776485,2025-09-02,TB,26,6,94.33
642100,FF,776460,2025-09-05,ATL,10,3,94.87
642100,FF,776447,2025-09-06,ATL,3,2,96.2
642100,FF,776391,2025-09-09,STL,8,6,95.57
642100,FF,776373,2025-09-10,STL,21,12,94.64
642100,FF,776345,2025-09-12,LAA,15,11,96.06
642100,FF,776302,2025-09-16,KC,4,3,95.3
642100,FF,776272,2025-09-18,KC,10,6,95.72
642100,FF,776248,2025-09-20,HOU,3,3,97.13
642100,FF,776212,2025-09-23,COL,17,8,96.11
642100,FF,776168,2025-09-26,LAD,10,6,95.4
642100,FF,776139,2025-09-28,LAD,18,8,95.6
647315,SI,777486,2025-06-16,BOS,14,10,97.12
647315,SI,777419,2025-06-21,CHC,24,12,95.61
647315,SI,777388,2025-06-23,MIN,23,12,96.48
647315,SI,777356,2025-06-26,MIN,39,21,96.24
647315,SI,777216,2025-07-06,NYY,27,15,96.63
657571,FF,778493,2025-04-01,TB,25,10,94.47
657571,FF,778449,2025-04-05,NYY,9,5,94.64
657571,FF,778428,2025-04-06,NYY,15,3,93.93
657571,FF,778389,2025-04-09,STL,13,4,94.0
657571,FF,778343,2025-04-13,CIN,5,1,93.6
657571,FF,778321,2025-04-14,WSH,25,7,93.93
657571,FF,778293,2025-04-16,WSH,8,1,93.3
657571,FF,778254,2025-04-19,CLE,30,12,93.95
657571,FF,778202,2025-04-23,LAA,15,5,93.18
657571,FF,778163,2025-04-26,LAD,21,4,92.95
657571,FF,778112,2025-04-30,CHC,15,5,93.32
657571,FF,778090,2025-05-02,SD,19,6,94.38
657571,FF,778016,2025-05-07,STL,13,5,93.9
657571,FF,777998,2025-05-09,ATL,5,3,93.43
657571,FF,777985,2025-05-10,ATL,8,2,94.3
657571,FF,777950,2025-05-12,NYM,17,2,93.7
657571,FF,777894,2025-05-17,PHI,15,9,93.49
657571,FF,777859,2025-05-19,CIN,11,4,93.3
657571,FF,777834,2025-05-21,CIN,15,7,94.87
657571,FF,777806,2025-05-23,MIL,15,4,94.58
657571,FF,777794,2025-05-24,MIL,16,4,94.5
657571,FF,777729,2025-05-28,AZ,12,6,93.25
657571,FF,777691,2025-05-31,SD,15,4,94.25
657571,FF,777681,2025-06-01,SD,21,9,94.18
657571,FF,777621,2025-06-06,PHI,23,10,94.66
657571,FF,777574,2025-06-09,MIA,21,9,94.08
657571,FF,777552,2025-06-11,MIA,7,2,95.1
657571,FF,777526,2025-06-13,CHC,12,4,94.0
657571,FF,777464,2025-06-19,DET,21,7,94.23
657571,FF,777404,2025-06-22,TEX,15,7,94.1
657571,FF,777325,2025-06-28,NYM,28,12,94.05
657571,FF,777288,2025-07-01,STL,25,6,95.22
657571,FF,777225,2025-07-05,SEA,26,12,93.78
657571,FF,777113,2025-07-13,MIN,10,5,94.04
657571,FF,777090,2025-07-19,CWS,12,4,93.88
657571,FF,777044,2025-07-22,DET,27,11,94.62
657571,FF,777002,2025-07-26,AZ,13,7,94.46
657571,FF,776984,2025-07-27,AZ,8,1,94.5
657571,FF,776923,2025-07-31,TEX,10,3,94.3
657571,FF,776897,2025-08-02,TEX,7,3,93.77
657571,FF,776830,2025-08-07,CWS,15,4,93.75
657571,FF,776805,2025-08-09,TB,10,5,93.9
657571,FF,776791,2025-08-10,TB,39,6,93.18
657571,FF,776736,2025-08-15,NYM,8,3,94.23
657571,FF,776726,2025-08-16,NYM,16,1,93.2
657571,FF,776662,2025-08-20,PHI,18,2,94.0
657571,FF,776620,2025-08-23,ATH,14,5,94.26
657571,FF,776577,2025-08-26,SD,23,8,94.21
657571,FF,776537,2025-08-30,CLE,25,10,93.38
657571,FF,776485,2025-09-02,TB,11,4,93.68
657571,FF,776447,2025-09-06,ATL,16,6,93.2
657571,FF,776391,2025-09-09,STL,9,1,94.7
657571,FF,776373,2025-09-10,STL,10,2,92.95
657571,FF,776333,2025-09-13,LAA,15,4,93.6
657571,FF,776302,2025-09-16,KC,15,4,93.28
657571,FF,776289,2025-09-17,KC,16,3,93.8
657571,FF,776228,2025-09-21,HOU,13,1,94.2
657571,FF,776194,2025-09-24,COL,10,3,94.0
657571,FF,776179,2025-09-25,COL,16,2,93.5
657571,FF,776139,2025-09-28,LAD,25,7,93.3
660825,FF,778444,2025-04-04,SF,28,9,94.86
660825,FF,778427,2025-04-06,SF,23,3,95.27
660825,FF,778398,2025-04-08,HOU,11,2,92.95
660825,FF,778383,2025-04-09,HOU,17,8,94.02
660825,FF,778341,2025-04-12,TEX,19,7,93.7
660825,FF,778316,2025-04-15,CIN,7,2,93.55
660825,FF,778285,2025-04-17,CIN,32,8,94.71
660825,FF,778258,2025-04-19,TOR,13,1,94.6
660825,FF,778224,2025-04-22,BOS,26,4,94.82
660825,FF,778175,2025-04-25,MIA,13,1,94.9
660825,FF,778104,2025-04-30,LAA,11,3,94.0
660825,FF,778052,2025-05-04,TEX,27,5,93.98
660825,FF,777970,2025-05-10,TOR,14,7,95.21
660825,FF,777941,2025-05-12,NYY,44,15,95.77
660825,FF,777868,2025-05-18,SD,19,8,95.14
660825,FF,777822,2025-05-22,HOU,30,7,95.89
660825,FF,777743,2025-05-27,WSH,10,4,94.08
660825,FF,777722,2025-05-29,WSH,6,2,94.05
660825,FF,777695,2025-05-31,MIN,27,9,95.37
660825,FF,777680,2025-06-01,MIN,14,4,95.7
660825,FF,777655,2025-06-03,BAL,14,1,94.8
660825,FF,777614,2025-06-06,LAA,29,6,95.58
660825,FF,777577,2025-06-09,AZ,16,3,96.0
660825,FF,777520,2025-06-13,CLE,9,2,95.7
660825,FF,777495,2025-06-15,CLE,11,1,95.9
660825,FF,777486,2025-06-16,BOS,15,1,96.9
660825,FF,777453,2025-06-18,BOS,13,2,94.8
660825,FF,777403,2025-06-22,CHC,16,1,95.5
660825,FF,777388,2025-06-23,MIN,14,2,95.85
660825,FF,777363,2025-06-25,MIN,15,3,94.97
660825,FF,777281,2025-07-01,KC,14,1,96.4
660825,FF,777161,2025-07-11,DET,23,4,96.3
660825,FF,777145,2025-07-12,DET,20,4,96.45
660825,FF,776595,2025-08-25,SD,16,1,96.1
660825,FF,776485,2025-09-02,TB,6,1,93.2
660825,FF,776476,2025-09-03,TB,23,1,95.3
662253,FF,778469,2025-04-02,DET,25,11,98.89
662253,FF,778444,2025-04-04,SF,18,8,99.12
662253,FF,778405,2025-04-07,HOU,12,7,98.3
662253,FF,778398,2025-04-08,HOU,9,5,97.14
662253,FF,778360,2025-04-11,TEX,14,6,97.67
662253,FF,778334,2025-04-13,TEX,18,8,98.75
662253,FF,778304,2025-04-16,CIN,19,7,98.63
662253,FF,778285,2025-04-17,CIN,13,4,98.65
662253,FF,778258,2025-04-19,TOR,7,1,99.5
662253,FF,778207,2025-04-23,BOS,15,6,99.02
662253,FF,778196,2025-04-24,BOS,18,7,99.3
662253,FF,778136,2025-04-27,MIA,9,2,99.55
662253,FF,778121,2025-04-29,LAA,12,4,98.28
662253,FF,778070,2025-05-03,TEX,18,9,98.5
662253,FF,778038,2025-05-05,ATH,28,11,99.18
662253,FF,778010,2025-05-07,ATH,18,3,98.97
662253,FF,777926,2025-05-13,NYY,24,4,98.28
662253,FF,777875,2025-05-17,SD,21,13,99.32
662253,FF,777857,2025-05-19,CWS,4,1,97.6
662253,FF,777830,2025-05-21,CWS,16,6,98.07
662253,FF,777800,2025-05-23,HOU,7,3,99.37
662253,FF,777722,2025-05-29,WSH,12,3,98.6
662253,FF,777713,2025-05-30,MIN,24,8,98.15
662253,FF,777680,2025-06-01,MIN,27,5,100.36
662253,FF,777589,2025-06-08,LAA,18,5,99.22
662253,FF,777577,2025-06-09,AZ,8,5,97.68
662253,FF,777473,2025-06-17,BOS,18,4,99.3
662253,FF,777375,2025-06-24,MIN,15,4,99.38
662253,FF,777322,2025-06-28,TEX,17,5,99.92
662253,FF,777262,2025-07-02,KC,15,5,98.98
662253,FF,777225,2025-07-05,PIT,10,3,98.9
662253,FF,777205,2025-07-06,PIT,14,5,98.4
662253,FF,777169,2025-07-10,NYY,31,12,99.82
662253,FF,777121,2025-07-13,DET,11,5,99.02
662253,FF,777086,2025-07-19,HOU,21,6,97.88
662253,FF,777035,2025-07-22,MIL,28,13,98.36
662253,FF,777018,2025-07-24,LAA,18,4,98.18
662253,FF,777006,2025-07-25,LAA,16,3,97.37
662253,FF,776957,2025-07-28,ATH,10,7,97.69
662253,FF,776897,2025-08-02,TEX,15,4,98.02
662253,FF,776883,2025-08-03,TEX,16,11,97.45
662253,FF,776841,2025-08-06,CWS,26,11,97.94
662253,FF,776830,2025-08-07,CWS,10,2,97.1
662253,FF,776805,2025-08-09,TB,19,5,99.12
662253,FF,776776,2025-08-12,BAL,18,2,96.3
662253,FF,776736,2025-08-15,NYM,11,4,97.55
662253,FF,776638,2025-08-22,ATH,19,1,97.2
662253,FF,776620,2025-08-23,ATH,14,6,97.5
662253,FF,776595,2025-08-25,SD,20,7,97.89
662253,FF,776561,2025-08-27,SD,19,10,98.17
662253,FF,776547,2025-08-29,CLE,13,4,96.6
662253,FF,776521,2025-08-31,CLE,16,5,97.44
662253,FF,776400,2025-09-08,STL,17,6,98.67
662253,FF,776391,2025-09-09,STL,19,11,97.8
662253,FF,776362,2025-09-11,LAA,11,5,98.86
662253,FF,776345,2025-09-12,LAA,12,1,97.7
662253,FF,776272,2025-09-18,KC,17,10,97.89
662253,FF,776262,2025-09-19,HOU,16,2,96.85
662253,FF,776248,2025-09-20,HOU,14,1,95.8
662253,FF,776212,2025-09-23,COL,11,4,98.58
662253,FF,776150,2025-09-27,LAD,22,12,96.85
663423,FF,778486,2025-04-01,DET,14,9,94.89
663423,FF,778444,2025-04-04,SF,16,4,94.25
663423,FF,778405,2025-04-07,HOU,14,3,94.5
663423,FF,778360,2025-04-11,TEX,10,5,93.9
663423,FF,778334,2025-04-13,TEX,12,10,94.86
663423,FF,778304,2025-04-16,CIN,18,6,94.87
663423,FF,778285,2025-04-17,CIN,4,2,95.35
663423,FF,778241,2025-04-20,TOR,16,2,94.95
663423,FF,778224,2025-04-22,BOS,19,7,93.79
663423,FF,778136,2025-04-27,MIA,24,5,93.68
663423,FF,778083,2025-05-02,TEX,18,7,94.51
663423,FF,778038,2025-05-05,ATH,30,11,93.65
663423,FF,777603,2025-06-07,LAA,34,14,93.99
663423,FF,777559,2025-06-10,AZ,40,10,93.27
663423,FF,777486,2025-06-16,BOS,33,10,94.19
663423,FF,777419,2025-06-21,CHC,51,16,94.32
663423,FF,777363,2025-06-25,MIN,13,2,93.2
663423,FF,777356,2025-06-26,MIN,11,4,93.58
663423,FF,777297,2025-06-30,KC,26,7,93.76
663423,FF,777251,2025-07-03,KC,9,2,95.1
663423,FF,777236,2025-07-04,PIT,18,7,95.16
663423,FF,777184,2025-07-09,NYY,27,13,95.21
663423,FF,777145,2025-07-12,DET,32,14,95.29
663423,FF,777086,2025-07-19,HOU,10,5,94.28
663423,FF,777050,2025-07-21,MIL,12,6,92.62
663423,FF,777024,2025-07-23,MIL,43,4,94.58
663423,FF,776995,2025-07-26,LAA,21,5,95.12
663423,FF,776923,2025-07-31,TEX,19,13,95.35
663804,FF,777730,2025-05-28,WSH,16,9,97.99
663804,FF,777695,2025-05-31,MIN,19,15,98.04
663804,FF,777655,2025-06-03,BAL,26,15,97.33
663804,FF,777614,2025-06-06,LAA,17,9,96.21
663804,FF,777603,2025-06-07,LAA,33,22,96.41
663804,FF,777559,2025-06-10,AZ,28,15,97.35
663804,FF,777507,2025-06-14,CLE,11,6,96.6
663804,FF,776977,2025-07-27,LAA,17,10,97.71
663804,FF,776944,2025-07-29,ATH,16,12,97.2
663804,FF,776857,2025-08-05,CWS,20,9,97.63
663804,FF,776830,2025-08-07,CWS,11,8,98.35
663804,FF,776750,2025-08-14,BAL,10,8,97.85
663804,FF,776736,2025-08-15,NYM,9,5,98.0
663804,FF,776707,2025-08-17,NYM,18,5,98.08
663804,FF,776689,2025-08-18,PHI,30,14,96.96
666374,FF,778070,2025-05-03,TEX,14,1,93.9
666374,FF,777713,2025-05-30,MIN,6,1,96.9
666374,FF,777645,2025-06-04,BAL,15,1,96.0
666374,FF,777520,2025-06-13,CLE,17,1,94.9
666374,FF,777322,2025-06-28,TEX,20,1,95.6
666374,FF,777121,2025-07-13,DET,10,1,97.1
666374,FF,777099,2025-07-18,HOU,20,2,96.1
666374,FF,777086,2025-07-19,HOU,21,1,96.1
666374,FF,777035,2025-07-22,MIL,13,3,95.87
666374,FF,777006,2025-07-25,LAA,17,2,94.85
666374,FF,776957,2025-07-28,ATH,8,1,96.2
666374,FF,776897,2025-08-02,TEX,23,3,95.53
666374,FF,776830,2025-08-07,CWS,20,3,96.33
666374,FF,776824,2025-08-08,TB,19,4,97.25
666374,FF,776791,2025-08-10,TB,12,1,95.3
666374,FF,776761,2025-08-13,BAL,18,3,96.27
666374,FF,776736,2025-08-15,NYM,11,3,96.97
666374,FF,776662,2025-08-20,PHI,10,1,95.1
666374,FF,776595,2025-08-25,SD,23,1,95.0
666374,FF,776561,2025-08-27,SD,11,1,95.7
666374,FF,776547,2025-08-29,CLE,24,3,94.5
666374,FF,776521,2025-08-31,CLE,10,1,94.7
666374,FF,776400,2025-09-08,STL,16,1,94.4
666374,FF,776362,2025-09-11,LAA,23,1,94.3
666619,SI,778486,2025-04-01,DET,13,7,98.26
666619,SI,778444,2025-04-04,SF,20,4,98.5
666619,SI,778427,2025-04-06,SF,10,5,97.8
666619,SI,778405,2025-04-07,HOU,24,7,96.57
666619,SI,778341,2025-04-12,TEX,16,5,96.44
666619,SI,778316,2025-04-15,CIN,26,14,95.94
668984,FF,778316,2025-04-15,CIN,19,3,94.47
668984,FF,778285,2025-04-17,CIN,12,6,94.95
668984,FF,778258,2025-04-19,TOR,19,12,95.43
668984,FF,778241,2025-04-20,TOR,9,5,95.16
668984,FF,778207,2025-04-23,BOS,23,16,94.3
668984,FF,778154,2025-04-26,MIA,17,10,94.84
668984,FF,778121,2025-04-29,LAA,10,8,93.58
668984,FF,778104,2025-04-30,LAA,21,10,93.59
668984,FF,778052,2025-05-04,TEX,18,14,92.64
668984,FF,778038,2025-05-05,ATH,7,2,92.5
668984,FF,777984,2025-05-09,TOR,21,13,94.38
668984,FF,777941,2025-05-12,NYY,15,11,94.75
668984,FF,777926,2025-05-13,NYY,14,6,93.52
668984,FF,777896,2025-05-16,SD,11,8,94.25
668984,FF,777875,2025-05-17,SD,12,5,94.02
668984,FF,777846,2025-05-20,CWS,21,14,93.01
668984,FF,777830,2025-05-21,CWS,26,13,92.39
668984,FF,777787,2025-05-24,HOU,22,7,94.93
668984,FF,777774,2025-05-25,HOU,7,6,95.08
668984,FF,777713,2025-05-30,MIN,33,14,93.73
668984,FF,777645,2025-06-04,BAL,12,6,96.12
668984,FF,777628,2025-06-05,BAL,19,14,94.7
668984,FF,777577,2025-06-09,AZ,43,20,94.72
668984,FF,777507,2025-06-14,CLE,12,4,95.85
668984,FF,777495,2025-06-15,CLE,17,13,95.16
668984,FF,777473,2025-06-17,BOS,12,3,96.37
668984,FF,777436,2025-06-20,CHC,6,1,94.4
668984,FF,777419,2025-06-21,CHC,6,2,93.7
668984,FF,777403,2025-06-22,CHC,12,6,94.85
668984,FF,777251,2025-07-03,KC,24,14,94.51
668984,FF,777187,2025-07-08,NYY,29,12,94.71
668984,FF,777121,2025-07-13,DET,13,5,94.9
668984,FF,777086,2025-07-19,HOU,12,4,95.95
668984,FF,777067,2025-07-20,HOU,28,9,93.34
668984,FF,777024,2025-07-23,MIL,9,3,95.2
668984,FF,777006,2025-07-25,LAA,15,8,93.26
668984,FF,776977,2025-07-27,LAA,30,12,94.93
668984,FF,776923,2025-07-31,TEX,7,4,94.1
668984,FF,776897,2025-08-02,TEX,12,5,95.42
668984,FF,776857,2025-08-05,CWS,38,14,93.62
668984,FF,776750,2025-08-14,BAL,23,14,93.84
668984,FF,776726,2025-08-16,NYM,17,8,94.96
668984,FF,776689,2025-08-18,PHI,38,11,93.85
668984,FF,776317,2025-09-14,LAA,15,8,94.66
668984,FF,776179,2025-09-25,COL,20,13,93.93
668984,FF,776168,2025-09-26,LAD,6,1,94.5
669302,FF,778486,2025-04-01,DET,67,44,95.59
669302,FF,778405,2025-04-07,HOU,79,24,95.16
669302,FF,778334,2025-04-13,TEX,76,38,95.23
669302,FF,778258,2025-04-19,TOR,80,24,96.42
669302,FF,778175,2025-04-25,MIA,29,15,94.52
669302,FF,777486,2025-06-16,BOS,69,38,95.53
669302,FF,777403,2025-06-22,CHC,69,17,95.08
669302,FF,777340,2025-06-27,TEX,24,9,95.33
669302,FF,777262,2025-07-02,KC,78,25,95.1
669302,FF,777187,2025-07-08,NYY,72,36,95.69
669302,FF,777121,2025-07-13,DET,79,41,95.49
669302,FF,777035,2025-07-22,MIL,69,39,94.74
669302,FF,776977,2025-07-27,LAA,75,36,96.21
669302,FF,776908,2025-08-01,TEX,73,40,95.62
669302,FF,776830,2025-08-07,CWS,80,41,95.4
669302,FF,776761,2025-08-13,BAL,73,36,95.59
669302,FF,776689,2025-08-18,PHI,59,26,95.65
669302,FF,776602,2025-08-24,ATH,73,32,96.1
669302,FF,776537,2025-08-30,CLE,74,31,94.86
669302,FF,776460,2025-09-05,ATL,67,33,95.25
669302,FF,776373,2025-09-10,STL,77,48,94.97
669302,FF,776302,2025-09-16,KC,66,32,94.78
669302,FF,776228,2025-09-21,HOU,68,25,96.06
669302,FF,776150,2025-09-27,LAD,61,27,95.64
669923,FF,777822,2025-05-22,HOU,66,20,96.26
669923,FF,777730,2025-05-28,WSH,65,28,95.53
669923,FF,777655,2025-06-03,BAL,93,37,96.26
669923,FF,777589,2025-06-08,LAA,95,39,96.59
669923,FF,777507,2025-06-14,CLE,99,29,96.43
669923,FF,777436,2025-06-20,CHC,85,19,95.42
669923,FF,777363,2025-06-25,MIN,89,21,95.92
669923,FF,777297,2025-06-30,KC,85,34,95.22
669923,FF,777205,2025-07-06,PIT,86,26,96.28
669923,FF,777145,2025-07-12,DET,99,28,95.66
669923,FF,777050,2025-07-21,MIL,83,26,95.31
669923,FF,776995,2025-07-26,LAA,97,28,96.38
669923,FF,776923,2025-07-31,TEX,94,21,96.48
669923,FF,776841,2025-08-06,CWS,103,30,96.37
669923,FF,776776,2025-08-12,BAL,87,17,96.21
669923,FF,776707,2025-08-17,NYM,97,19,97.36
669923,FF,776620,2025-08-23,ATH,98,25,96.28
669923,FF,776547,2025-08-29,CLE,98,29,95.57
669923,FF,776476,2025-09-03,TB,54,7,96.34
669923,FF,776391,2025-09-09,STL,85,20,96.18
669923,FF,776317,2025-09-14,LAA,101,51,96.6
669923,FF,776248,2025-09-20,HOU,100,20,96.52
669923,FF,776168,2025-09-26,LAD,85,27,96.2
672841,FF,778427,2025-04-06,SF,15,1,97.5
672841,FF,778360,2025-04-11,TEX,13,1,97.8
672841,FF,778334,2025-04-13,TEX,7,2,97.4
672841,FF,778121,2025-04-29,LAA,10,1,97.6
672841,FF,778024,2025-05-06,ATH,19,1,98.2
672841,FF,777970,2025-05-10,TOR,29,2,96.6
672841,FF,777896,2025-05-16,SD,11,1,98.0
672841,FF,777868,2025-05-18,SD,18,2,98.65
672841,FF,777645,2025-06-04,BAL,13,3,98.6
672841,FF,777628,2025-06-05,BAL,10,1,97.6
672841,FF,777205,2025-07-06,PIT,12,2,99.95
672841,FF,777086,2025-07-19,HOU,17,1,96.6
672841,FF,776897,2025-08-02,TEX,15,2,96.1
672841,FF,776883,2025-08-03,TEX,27,3,96.5
672841,FF,776830,2025-08-07,CWS,13,9,97.51
672841,FF,776791,2025-08-10,TB,3,1,97.9
672841,FF,776602,2025-08-24,ATH,23,1,97.5
672841,FF,776577,2025-08-26,SD,21,1,98.4
672841,FF,776504,2025-09-01,TB,32,1,90.7
672841,FF,776373,2025-09-10,STL,17,1,98.9
672841,FF,776302,2025-09-16,KC,12,1,96.5
672841,FF,776228,2025-09-21,HOU,20,1,98.6
672841,FF,776179,2025-09-25,COL,32,1,99.3
676092,FF,778444,2025-04-04,SF,43,17,91.6
676092,FF,778398,2025-04-08,HOU,22,6,92.07
676092,FF,778383,2025-04-09,HOU,11,4,92.3
676092,FF,778316,2025-04-15,CIN,21,5,92.82
676092,FF,778285,2025-04-17,CIN,10,3,93.43
676092,FF,778258,2025-04-19,TOR,21,5,92.8
676092,FF,778241,2025-04-20,TOR,5,1,94.1
676092,FF,778196,2025-04-24,BOS,10,4,93.65
676092,FF,778136,2025-04-27,MIA,16,6,92.6
676092,FF,778121,2025-04-29,LAA,16,7,92.73
676092,FF,778038,2025-05-05,ATH,22,6,92.95
676092,FF,778024,2025-05-06,ATH,23,4,92.28
676092,FF,777984,2025-05-09,TOR,17,5,92.32
676092,FF,777958,2025-05-11,TOR,28,5,92.56
676092,FF,777896,2025-05-16,SD,24,2,92.45
676092,FF,777774,2025-05-25,HOU,19,5,92.54
676092,FF,777722,2025-05-29,WSH,18,2,92.5
676092,FF,777695,2025-05-31,MIN,31,8,92.29
676092,FF,777655,2025-06-03,BAL,22,7,91.64
676106,FF,778285,2025-04-17,CIN,73,12,94.97
676106,FF,778207,2025-04-23,BOS,92,29,94.34
676106,FF,778104,2025-04-30,LAA,99,16,93.28
676106,FF,778024,2025-05-06,ATH,71,9,94.21
676106,FF,777941,2025-05-12,NYY,88,16,94.14
676106,FF,777875,2025-05-17,SD,88,29,96.04
676106,FF,777800,2025-05-23,HOU,92,30,95.48
676106,FF,777722,2025-05-29,WSH,65,21,93.81
676106,FF,777645,2025-06-04,BAL,89,30,94.87
676106,FF,777577,2025-06-09,AZ,85,45,94.75
676106,FF,777495,2025-06-15,CLE,85,18,94.58
676106,FF,777419,2025-06-21,CHC,94,29,95.4
676106,FF,777356,2025-06-26,MIN,84,16,95.31
676106,FF,777281,2025-07-01,KC,102,39,94.06
676106,FF,776504,2025-09-01,TB,16,7,97.63
676106,FF,776476,2025-09-03,TB,33,4,97.0
676106,FF,776428,2025-09-07,ATL,16,1,98.4
676106,FF,776373,2025-09-10,STL,18,8,96.42
676106,FF,776317,2025-09-14,LAA,31,11,97.52
676106,FF,776302,2025-09-16,KC,12,2,97.15
676106,FF,776179,2025-09-25,COL,51,6,95.02
682243,FF,778436,2025-04-05,SF,90,33,94.39
682243,FF,778360,2025-04-11,TEX,98,49,93.87
682243,FF,778304,2025-04-16,CIN,76,39,95.43
682243,FF,778224,2025-04-22,BOS,97,44,94.4
682243,FF,778121,2025-04-29,LAA,74,40,93.88
682243,FF,778038,2025-05-05,ATH,83,38,94.63
682243,FF,777958,2025-05-11,TOR,89,33,94.49
682243,FF,777695,2025-05-31,MIN,62,26,94.21
682243,FF,777614,2025-06-06,LAA,61,30,94.8
682243,FF,776680,2025-08-19,PHI,74,26,95.87
682243,FF,776595,2025-08-25,SD,59,18,95.64
682243,FF,776521,2025-08-31,CLE,58,33,94.85
682243,FF,776447,2025-09-06,ATL,77,49,95.81
682243,FF,776362,2025-09-11,LAA,78,56,94.94
682243,FF,776289,2025-09-17,KC,71,31,94.8
682243,FF,776212,2025-09-23,COL,67,43,95.4
682243,FF,776139,2025-09-28,LAD,61,29,95.04
686228,SI,777281,2025-07-01,KC,29,8,95.35
686228,SI,777187,2025-07-08,NYY,14,4,95.9
686228,SI,777161,2025-07-11,DET,20,3,96.67
686228,SI,777067,2025-07-20,HOU,34,5,96.2
686228,SI,776809,2025-08-09,COL,18,7,96.13
686228,SI,776785,2025-08-11,TEX,10,4,95.7
686228,SI,776746,2025-08-13,TEX,18,7,94.87
686228,SI,776730,2025-08-15,COL,16,4,95.82
686228,SI,776672,2025-08-19,CLE,4,3,95.93
686228,SI,776635,2025-08-22,CIN,14,5,95.96
686228,SI,776609,2025-08-24,CIN,16,9,96.47
686228,SI,776572,2025-08-27,MIL,14,9,95.71
686228,SI,776495,2025-09-01,TEX,13,4,95.4
688138,FF,778136,2025-04-27,MIA,78,10,92.52
688138,FF,778052,2025-05-04,TEX,90,13,92.56
688138,FF,777970,2025-05-10,TOR,86,15,92.59
688138,FF,777896,2025-05-16,SD,89,9,93.53
688138,FF,777830,2025-05-21,CWS,90,11,92.7
688138,FF,777743,2025-05-27,WSH,88,13,92.79
688138,FF,777559,2025-06-10,AZ,87,6,93.73
688138,FF,777251,2025-07-03,KC,95,3,92.93
688138,FF,777184,2025-07-09,NYY,90,7,91.94
688138,FF,777086,2025-07-19,HOU,88,5,92.78
688138,FF,777018,2025-07-24,LAA,79,10,93.12
688138,FF,776944,2025-07-29,ATH,87,8,92.7
688138,FF,776883,2025-08-03,TEX,80,15,92.17
688138,FF,776805,2025-08-09,TB,90,10,92.94
688138,FF,776750,2025-08-14,BAL,70,8,94.06
688138,FF,776150,2025-09-27,LAD,49,4,93.05
693433,FF,778427,2025-04-06,SF,89,48,96.4
693433,FF,778341,2025-04-12,TEX,91,45,95.24
693433,FF,778273,2025-04-18,TOR,97,32,96.47
693433,FF,778196,2025-04-24,BOS,91,44,95.54
693433,FF,778083,2025-05-02,TEX,87,35,95.23
693433,FF,778010,2025-05-07,ATH,100,35,95.67
693433,FF,777926,2025-05-13,NYY,88,47,95.51
693433,FF,777868,2025-05-18,SD,87,28,95.11
693433,FF,777787,2025-05-24,HOU,93,30,94.14
693433,FF,777713,2025-05-30,MIN,95,39,96.24
693433,FF,777628,2025-06-05,BAL,88,48,95.45
693433,FF,777548,2025-06-11,AZ,79,29,95.14
693433,FF,777473,2025-06-17,BOS,86,37,95.03
693433,FF,777388,2025-06-23,MIN,91,40,96.12
693433,FF,777322,2025-06-28,TEX,70,30,95.11
693433,FF,777236,2025-07-04,PIT,93,38,95.36
693433,FF,777169,2025-07-10,NYY,103,76,96.25
693433,FF,777067,2025-07-20,HOU,91,40,95.43
693433,FF,777006,2025-07-25,LAA,96,53,96.47
693433,FF,776930,2025-07-30,ATH,84,30,95.38
693433,FF,776857,2025-08-05,CWS,83,54,95.58
693433,FF,776791,2025-08-10,TB,99,62,95.65
693433,FF,776726,2025-08-16,NYM,101,56,96.73
693433,FF,776638,2025-08-22,ATH,88,40,96.55
693433,FF,776561,2025-08-27,SD,95,45,96.17
693433,FF,776485,2025-09-02,TB,84,45,94.92
693433,FF,776400,2025-09-08,STL,95,46,95.69
693433,FF,776333,2025-09-13,LAA,100,52,96.04
693433,FF,776262,2025-09-19,HOU,67,26,96.45
700187,FF,778304,2025-04-16,CIN,13,10,96.19
700187,FF,778154,2025-04-26,MIA,14,8,96.6
700187,FF,778104,2025-04-30,LAA,8,3,97.37
700187,FF,778083,2025-05-02,TEX,23,13,95.96
700187,FF,777984,2025-05-09,TOR,19,9,96.51
700187,FF,777958,2025-05-11,TOR,14,8,96.65
700187,FF,777941,2025-05-12,NYY,24,8,96.39
700187,FF,777857,2025-05-19,CWS,21,5,96.2
805299,SI,777050,2025-07-21,MIL,25,16,96.87
805299,SI,777024,2025-07-23,MIL,26,12,97.42
805299,SI,776984,2025-07-27,PIT,12,6,95.93
805299,SI,776953,2025-07-29,DET,18,9,96.33
805299,SI,776509,2025-08-31,LAD,35,16,96.95
805299,SI,776399,2025-09-08,SF,33,24,96.74
805299,SI,776355,2025-09-12,MIN,18,6,97.03
805299,SI,776337,2025-09-13,MIN,13,4,96.6
805299,SI,776294,2025-09-16,SF,2,2,96.35
805299,SI,776279,2025-09-17,SF,17,11,97.95
805299,SI,776246,2025-09-20,PHI,17,6,97.33
805299,SI,776213,2025-09-23,LAD,10,3,97.0
805299,SI,776193,2025-09-24,LAD,29,16,96.76
805299,SI,776136,2025-09-28,SD,22,14,96.23
434378,FF,778444,2025-04-04,SEA,65,23,95.23
434378,FF,778376,2025-04-09,CIN,90,42,95.21
434378,FF,778313,2025-04-15,PHI,104,51,93.99
434378,FF,778232,2025-04-20,LAA,98,49,94.81
434378,FF,778171,2025-04-25,TEX,89,46,94.01
434378,FF,778098,2025-05-01,COL,85,54,93.21
434378,FF,778027,2025-05-06,CHC,82,40,94.84
434378,FF,777939,2025-05-12,AZ,79,32,93.26
434378,FF,777867,2025-05-18,ATH,84,45,91.32
434378,FF,777454,2025-06-18,CLE,83,33,93.51
434378,FF,777364,2025-06-24,MIA,86,48,93.76
434378,FF,777311,2025-06-29,CWS,88,36,93.54
434378,FF,777244,2025-07-04,ATH,60,22,94.44
434378,FF,777163,2025-07-09,PHI,96,30,95.09
434378,FF,777108,2025-07-18,TOR,66,30,95.36
434378,FF,777041,2025-07-23,ATL,98,41,94.78
434378,FF,776943,2025-07-29,PIT,94,47,94.77
434378,FF,776879,2025-08-04,PIT,100,46,94.74
434378,FF,776793,2025-08-10,WSH,101,47,94.98
434378,FF,776711,2025-08-16,TB,88,50,93.89
434378,FF,776642,2025-08-21,SD,91,44,94.24
434378,FF,776576,2025-08-26,CHC,101,38,93.51
434378,FF,776507,2025-08-31,BAL,121,48,93.09
434378,FF,776437,2025-09-06,STL,88,35,93.53
434378,FF,776350,2025-09-12,LAD,105,44,93.29
434378,FF,776279,2025-09-17,AZ,107,49,92.88
434378,FF,776220,2025-09-22,STL,84,34,92.28
434378,FF,776146,2025-09-27,COL,92,35,93.1
518397,SI,778456,2025-04-04,ATH,8,2,89.15
518397,SI,778442,2025-04-05,ATH,15,10,90.05
518397,SI,778371,2025-04-10,MIL,5,3,91.9
518397,SI,778302,2025-04-15,LAD,18,10,91.65
518397,SI,778287,2025-04-16,LAD,9,7,91.54
518397,SI,778235,2025-04-20,WSH,17,9,90.8
518397,SI,778181,2025-04-25,CIN,14,11,89.79
518397,SI,778148,2025-04-27,CIN,15,11,91.94
518397,SI,778120,2025-04-29,ATL,21,11,91.04
518397,SI,778098,2025-05-01,SF,9,6,91.95
518397,SI,778013,2025-05-07,DET,16,14,91.28
518397,SI,778029,2025-05-08,DET,7,4,90.82
518397,SI,777976,2025-05-10,SD,24,18,91.78
518397,SI,777918,2025-05-14,TEX,17,13,91.93
518397,SI,777897,2025-05-16,AZ,7,5,91.48
518397,SI,777852,2025-05-19,PHI,23,17,91.21
518397,SI,777823,2025-05-21,PHI,10,2,91.3
518397,SI,777186,2025-07-08,PHI,19,12,91.53
518397,SI,777163,2025-07-09,PHI,24,15,90.85
592662,FF,778436,2025-04-05,SEA,88,55,92.94
592662,FF,778370,2025-04-11,NYY,98,35,93.05
592662,FF,778296,2025-04-16,PHI,93,57,93.84
592662,FF,778226,2025-04-21,MIL,92,57,94.18
592662,FF,778159,2025-04-26,TEX,97,43,93.41
592662,FF,778082,2025-05-02,COL,86,45,93.58
592662,FF,778020,2025-05-07,CHC,98,41,92.91
592662,FF,777930,2025-05-13,AZ,108,45,94.42
592662,FF,777855,2025-05-19,KC,94,46,93.31
592662,FF,777778,2025-05-25,WSH,90,52,93.93
592662,FF,777705,2025-05-31,MIA,98,45,93.34
592662,FF,777633,2025-06-05,SD,101,71,94.06
592662,FF,777547,2025-06-11,COL,93,52,93.39
592662,FF,777472,2025-06-17,CLE,102,58,93.76
592662,FF,777395,2025-06-22,BOS,88,41,93.55
592662,FF,777327,2025-06-28,CWS,101,61,93.63
592662,FF,777256,2025-07-03,AZ,102,39,94.07
592662,FF,777186,2025-07-08,PHI,99,39,94.05
592662,FF,777119,2025-07-13,LAD,92,41,93.83
592662,FF,777079,2025-07-20,TOR,95,34,92.2
592662,FF,776985,2025-07-26,NYM,102,43,93.85
592662,FF,776926,2025-08-01,NYM,102,45,92.54
592662,FF,776844,2025-08-06,PIT,104,52,93.16
592662,FF,776767,2025-08-12,SD,113,75,93.86
592662,FF,776683,2025-08-18,SD,105,48,92.12
592662,FF,776608,2025-08-24,MIL,80,35,91.31
592662,FF,776533,2025-08-29,BAL,94,64,93.68
592662,FF,776467,2025-09-03,COL,99,62,94.48
592662,FF,776394,2025-09-09,AZ,95,54,93.38
592662,FF,776325,2025-09-14,LAD,98,57,94.76
592662,FF,776256,2025-09-19,LAD,84,54,94.29
642152,FF,778444,2025-04-04,SEA,30,3,95.1
642152,FF,778410,2025-04-07,CIN,13,4,94.65
642152,FF,778376,2025-04-09,CIN,11,3,94.63
642152,FF,778355,2025-04-12,NYY,36,5,93.72
642152,FF,778296,2025-04-16,PHI,29,5,94.56
642152,FF,778260,2025-04-18,LAA,16,2,94.3
642152,FF,778210,2025-04-22,MIL,29,7,94.94
642152,FF,778126,2025-04-29,SD,12,1,95.0
642152,FF,778048,2025-05-04,COL,18,6,94.2
642152,FF,777866,2025-05-18,LAA,41,2,94.85
642152,FF,777824,2025-05-21,AZ,18,1,94.8
642152,FF,777773,2025-05-25,NYM,15,4,93.68
642152,FF,777739,2025-05-28,CLE,36,9,94.28
642152,FF,777682,2025-06-01,NYY,19,3,95.77
642152,FF,777675,2025-06-02,NYM,10,1,94.2
642152,FF,777638,2025-06-04,NYM,11,1,95.1
642152,FF,777582,2025-06-08,STL,22,2,95.2
642152,FF,777560,2025-06-10,SD,18,1,95.5
642152,FF,777543,2025-06-11,SD,10,1,93.7
642152,FF,777471,2025-06-17,SD,33,11,95.01
642152,FF,777442,2025-06-19,SD,15,4,95.45
642152,FF,777416,2025-06-21,WSH,15,2,95.65
642152,FF,777398,2025-06-22,WSH,18,2,94.8
642152,FF,777358,2025-06-25,COL,20,1,94.3
642152,FF,777335,2025-06-27,KC,20,5,93.7
642152,FF,777304,2025-06-29,KC,21,6,94.68
642152,FF,777267,2025-07-02,CWS,15,2,95.6
642152,FF,777221,2025-07-05,HOU,24,4,95.15
642152,FF,777201,2025-07-07,MIL,10,2,94.65
642152,FF,777103,2025-07-18,MIL,17,1,96.1
642152,FF,777085,2025-07-19,MIL,22,4,94.65
642152,FF,776566,2025-08-27,NYM,15,3,96.2
642152,FF,776560,2025-08-28,ATL,11,2,94.85
642152,FF,776471,2025-09-03,MIL,9,4,95.08
642152,FF,776334,2025-09-14,KC,21,6,95.67
642152,FF,776246,2025-09-20,AZ,19,2,95.0
642152,FF,776215,2025-09-23,MIA,12,2,95.2
642152,FF,776163,2025-09-27,MIN,19,5,95.4
643511,SI,778489,2025-04-01,HOU,17,11,83.1
643511,SI,778475,2025-04-02,HOU,8,4,82.82
643511,SI,778444,2025-04-04,SEA,9,7,82.29
643511,SI,778427,2025-04-06,SEA,9,8,82.71
643511,SI,778376,2025-04-09,CIN,12,11,82.68
643511,SI,778339,2025-04-13,NYY,14,13,82.45
643511,SI,778320,2025-04-14,PHI,11,8,83.16
643511,SI,778279,2025-04-17,PHI,4,2,82.1
643511,SI,778243,2025-04-19,LAA,12,8,82.89
643511,SI,778232,2025-04-20,LAA,13,9,83.1
643511,SI,778198,2025-04-23,MIL,14,11,82.45
643511,SI,778194,2025-04-24,MIL,16,9,83.01
643511,SI,778159,2025-04-26,TEX,10,6,82.88
643511,SI,778105,2025-04-30,SD,14,11,82.28
643511,SI,778098,2025-05-01,COL,15,9,82.51
643511,SI,778027,2025-05-06,CHC,9,7,83.96
643511,SI,778020,2025-05-07,CHC,6,4,82.65
643511,SI,777956,2025-05-11,MIN,15,11,83.73
643511,SI,777939,2025-05-12,AZ,8,5,84.12
643511,SI,777879,2025-05-17,ATH,4,4,82.5
643511,SI,777855,2025-05-19,KC,20,9,83.13
643511,SI,777793,2025-05-24,WSH,13,11,83.58
643511,SI,777778,2025-05-25,WSH,10,9,83.71
643511,SI,777738,2025-05-28,DET,12,7,83.16
643511,SI,777717,2025-05-30,MIA,5,3,84.07
643511,SI,777689,2025-06-01,MIA,10,8,83.32
643511,SI,777656,2025-06-03,SD,10,8,83.69
643511,SI,777641,2025-06-04,SD,15,13,82.99
643511,SI,777619,2025-06-06,ATL,11,9,83.14
643511,SI,777598,2025-06-07,ATL,12,10,83.59
643511,SI,777547,2025-06-11,COL,20,12,83.52
643511,SI,777522,2025-06-13,LAD,7,7,83.59
643511,SI,777498,2025-06-15,LAD,6,5,83.82
643511,SI,777472,2025-06-17,CLE,11,9,83.72
643511,SI,777417,2025-06-21,BOS,10,8,83.91
643511,SI,777395,2025-06-22,BOS,12,8,83.65
643511,SI,777355,2025-06-25,MIA,15,12,83.61
643511,SI,777338,2025-06-27,CWS,5,5,84.3
643511,SI,777327,2025-06-28,CWS,16,11,83.3
643511,SI,777291,2025-06-30,AZ,12,9,84.59
643511,SI,777270,2025-07-02,AZ,14,13,83.69
643511,SI,777227,2025-07-05,ATH,7,6,84.18
643511,SI,777210,2025-07-06,ATH,6,5,84.18
643511,SI,777199,2025-07-07,PHI,12,11,83.75
643511,SI,777143,2025-07-11,LAD,12,10,84.17
643511,SI,777127,2025-07-12,LAD,10,9,83.33
643511,SI,777079,2025-07-20,TOR,4,3,83.5
643511,SI,777041,2025-07-23,ATL,16,11,83.94
643511,SI,776985,2025-07-26,NYM,15,10,84.34
643511,SI,776974,2025-07-27,NYM,4,3,83.53
643511,SI,776943,2025-07-29,PIT,16,13,83.12
643511,SI,776911,2025-08-02,SF,16,14,83.56
643511,SI,776876,2025-08-04,CLE,20,16,83.79
643511,SI,776863,2025-08-05,CLE,23,19,83.64
643511,SI,776828,2025-08-08,MIL,21,15,83.56
643511,SI,776817,2025-08-09,MIL,14,13,83.36
643511,SI,776799,2025-08-10,MIL,10,9,83.58
643511,SI,776748,2025-08-14,ATL,17,14,83.46
643511,SI,776736,2025-08-15,SEA,11,10,83.43
643511,SI,776707,2025-08-17,SEA,14,11,84.12
643511,SI,776659,2025-08-20,WSH,6,5,84.32
643511,SI,776650,2025-08-21,WSH,19,9,83.98
643511,SI,776626,2025-08-23,ATL,17,13,83.83
643511,SI,776598,2025-08-25,PHI,14,11,84.25
643511,SI,776585,2025-08-26,PHI,7,6,83.23
643511,SI,776535,2025-08-30,MIA,11,8,83.25
643511,SI,776501,2025-09-01,DET,15,12,82.88
643511,SI,776450,2025-09-05,CIN,11,7,83.96
643511,SI,776429,2025-09-07,CIN,11,8,83.65
643511,SI,776371,2025-09-11,PHI,6,5,84.18
643511,SI,776349,2025-09-13,TEX,11,9,84.31
643511,SI,776335,2025-09-14,TEX,9,5,83.86
643511,SI,776276,2025-09-18,SD,7,6,84.02
643511,SI,776259,2025-09-19,WSH,6,5,84.2
643511,SI,776252,2025-09-20,WSH,15,9,84.11
643511,SI,776209,2025-09-23,CHC,31,19,84.18
643511,SI,776187,2025-09-25,CHC,15,10,84.1
643511,SI,776161,2025-09-27,MIA,11,8,84.31
643511,SI,776148,2025-09-28,MIA,7,6,83.63
657277,FF,778489,2025-04-01,HOU,100,7,92.74
657277,FF,778410,2025-04-07,CIN,97,11,93.42
657277,FF,778339,2025-04-13,NYY,97,7,92.93
657277,FF,778260,2025-04-18,LAA,105,3,92.8
657277,FF,778198,2025-04-23,MIL,106,5,93.14
657277,FF,778126,2025-04-29,SD,79,1,92.1
657277,FF,778048,2025-05-04,COL,96,14,93.2
657277,FF,777974,2025-05-10,MIN,103,8,92.91
657277,FF,777891,2025-05-16,ATH,107,8,93.35
657277,FF,777819,2025-05-21,KC,77,6,93.13
657277,FF,777755,2025-05-27,DET,104,7,92.39
657277,FF,777676,2025-06-02,SD,102,4,92.88
657277,FF,777598,2025-06-07,ATL,100,11,93.42
657277,FF,777522,2025-06-13,LAD,98,11,93.62
657277,FF,777440,2025-06-19,CLE,97,5,93.4
657277,FF,777355,2025-06-25,MIA,102,13,92.68
657277,FF,777291,2025-06-30,AZ,104,5,92.16
657277,FF,777227,2025-07-05,ATH,108,9,92.42
657277,FF,777143,2025-07-11,LAD,91,5,92.32
657277,FF,777094,2025-07-19,TOR,80,7,91.31
657277,FF,777004,2025-07-25,NYM,81,7,92.51
657277,FF,776933,2025-07-30,PIT,109,5,92.22
657277,FF,776866,2025-08-05,PIT,110,5,92.92
657277,FF,776780,2025-08-11,SD,98,5,92.08
657277,FF,776703,2025-08-17,TB,86,9,92.03
657277,FF,776621,2025-08-23,MIL,94,7,91.34
657277,FF,776550,2025-08-28,CHC,94,18,92.53
657277,FF,776486,2025-09-02,COL,94,10,92.21
657277,FF,776399,2025-09-08,AZ,110,13,92.11
657277,FF,776328,2025-09-13,LAD,97,2,93.15
657277,FF,776271,2025-09-18,LAD,103,5,92.46
657277,FF,776211,2025-09-23,STL,97,10,93.32
657277,FF,776137,2025-09-28,COL,78,13,94.13
657424,FF,777517,2025-06-14,CIN,15,3,91.27
657424,FF,777464,2025-06-19,PIT,14,2,92.1
657424,FF,777431,2025-06-20,TB,27,4,92.45
657424,FF,777386,2025-06-24,ATH,6,2,92.05
657424,FF,777371,2025-06-25,ATH,10,2,91.25
657424,FF,777108,2025-07-18,TOR,12,4,92.62
657424,FF,777069,2025-07-21,ATL,40,12,92.24
657424,FF,777004,2025-07-25,NYM,10,2,92.15
657424,FF,776974,2025-07-27,NYM,10,2,93.8
657424,FF,776933,2025-07-30,PIT,14,5,92.44
657424,FF,776911,2025-08-02,NYM,26,6,92.37
657424,FF,776866,2025-08-05,PIT,28,5,92.38
657424,FF,776822,2025-08-08,WSH,17,4,92.3
657424,FF,776802,2025-08-09,WSH,25,10,93.01
657424,FF,776767,2025-08-12,SD,14,3,91.67
657424,FF,776729,2025-08-15,TB,16,3,92.07
657424,FF,776711,2025-08-16,TB,13,6,93.35
657424,FF,776642,2025-08-21,SD,17,5,91.54
657424,FF,776634,2025-08-22,MIL,23,9,91.66
657424,FF,776533,2025-08-29,BAL,15,6,93.92
657424,FF,776516,2025-08-30,BAL,33,15,93.07
657424,FF,776445,2025-09-05,STL,15,7,92.21
657424,FF,776416,2025-09-07,STL,15,8,91.89
657424,FF,776394,2025-09-09,AZ,15,2,92.15
657424,FF,776328,2025-09-13,LAD,31,8,93.39
657424,FF,776309,2025-09-15,AZ,17,6,92.15
657424,FF,776256,2025-09-19,LAD,8,1,91.0
657424,FF,776233,2025-09-20,LAD,6,1,91.7
657424,FF,776220,2025-09-22,STL,9,1,93.5
657424,FF,776196,2025-09-24,STL,12,2,93.4
663546,SI,777641,2025-06-04,SD,28,16,93.32
663546,SI,777598,2025-06-07,ATL,21,11,94.27
663546,SI,777534,2025-06-12,COL,16,6,93.72
663546,SI,777498,2025-06-15,LAD,54,25,93.69
663546,SI,777454,2025-06-18,CLE,19,5,93.36
663546,SI,777425,2025-06-20,BOS,19,11,93.21
663546,SI,777364,2025-06-24,MIA,11,6,93.53
663546,SI,777355,2025-06-25,MIA,1,1,93.1
663546,SI,777347,2025-06-26,MIA,29,14,93.36
663546,SI,777058,2025-07-22,ATL,19,12,93.82
663546,SI,777041,2025-07-23,ATL,20,11,92.78
663546,SI,776974,2025-07-27,NYM,17,9,94.56
663855,FF,778427,2025-04-06,SEA,88,11,97.58
663855,FF,778355,2025-04-12,NYY,81,11,96.92
663855,FF,778279,2025-04-17,PHI,102,4,98.65
663855,FF,778210,2025-04-22,MIL,98,8,96.26
663855,FF,778151,2025-04-27,TEX,79,7,95.73
663855,FF,778069,2025-05-03,COL,85,15,96.11
663855,FF,777992,2025-05-09,MIN,77,7,98.13
663855,FF,777916,2025-05-14,AZ,50,1,98.1
663855,FF,777855,2025-05-19,KC,16,10,98.54
663855,FF,777770,2025-05-26,DET,15,1,97.7
663855,FF,777277,2025-07-02,CIN,18,1,100.6
663855,FF,777213,2025-07-06,WSH,23,2,95.95
663855,FF,777075,2025-07-20,CHC,14,2,98.8
663855,FF,776961,2025-07-28,MIN,23,5,98.62
663855,FF,776909,2025-08-02,HOU,23,3,97.63
663855,FF,776864,2025-08-05,KC,16,2,97.05
663855,FF,776856,2025-08-06,KC,21,2,96.3
663855,FF,776807,2025-08-09,SD,28,8,98.32
663855,FF,776695,2025-08-18,BAL,21,2,97.45
663855,FF,776684,2025-08-19,BAL,17,4,96.68
663855,FF,776627,2025-08-23,NYY,12,1,97.8
663941,FF,777793,2025-05-24,WSH,38,10,94.29
663941,FF,777755,2025-05-27,DET,23,6,94.1
663941,FF,777717,2025-05-30,MIA,22,5,94.08
663941,FF,777619,2025-06-06,ATL,20,5,95.16
663941,FF,777547,2025-06-11,COL,34,11,95.02
663941,FF,777506,2025-06-14,LAD,48,13,95.32
663941,FF,777186,2025-07-08,PHI,15,5,94.4
663941,FF,777163,2025-07-09,PHI,23,4,94.88
663941,FF,777108,2025-07-18,TOR,46,17,94.29
663941,FF,777069,2025-07-21,ATL,19,8,94.26
663941,FF,777004,2025-07-25,NYM,30,10,93.95
663941,FF,776974,2025-07-27,NYM,12,3,95.13
663941,FF,776943,2025-07-29,PIT,9,2,95.15
663941,FF,776933,2025-07-30,PIT,17,6,94.0
663941,FF,776911,2025-08-02,NYM,44,16,94.06
663941,FF,776866,2025-08-05,PIT,8,3,94.93
663941,FF,776822,2025-08-08,WSH,8,3,93.27
663941,FF,776780,2025-08-11,SD,19,8,95.02
663941,FF,776749,2025-08-13,SD,32,9,93.92
663941,FF,776703,2025-08-17,TB,21,8,95.38
663941,FF,776656,2025-08-20,SD,53,25,93.99
663941,FF,776557,2025-08-27,CHC,15,4,95.78
663941,FF,776516,2025-08-30,BAL,63,16,94.73
663941,FF,776445,2025-09-05,STL,42,18,94.66
663941,FF,776399,2025-09-08,AZ,21,9,95.87
663941,FF,776328,2025-09-13,LAD,28,6,95.2
663941,FF,776294,2025-09-16,AZ,42,13,94.98
663941,FF,776220,2025-09-22,STL,33,14,95.74
663941,FF,776196,2025-09-24,STL,11,6,95.08
663941,FF,776146,2025-09-27,COL,7,4,94.98
663941,FF,776137,2025-09-28,COL,14,3,95.3
664141,SI,777422,2025-06-21,BAL,36,18,93.57
664141,SI,777367,2025-06-25,CIN,11,6,93.92
664141,SI,777307,2025-06-29,ATH,31,17,93.46
664141,SI,777283,2025-07-01,TOR,6,2,91.5
664141,SI,777241,2025-07-05,NYM,18,8,93.3
664141,SI,777169,2025-07-10,SEA,8,2,92.15
664141,SI,777142,2025-07-12,CHC,15,10,93.0
664141,SI,777114,2025-07-18,ATL,39,23,93.66
664141,SI,777066,2025-07-21,TOR,27,15,92.71
664141,SI,777027,2025-07-23,TOR,12,7,93.01
664141,SI,776970,2025-07-28,TB,13,6,94.52
664141,SI,776891,2025-08-03,MIA,42,29,94.04
664141,SI,776467,2025-09-03,COL,38,16,92.62
664141,SI,776374,2025-09-10,AZ,37,16,93.12
664141,SI,776325,2025-09-14,LAD,31,15,94.76
664141,SI,776233,2025-09-20,LAD,37,16,92.65
664141,SI,776196,2025-09-24,STL,68,25,93.21
664192,FF,777498,2025-06-15,LAD,13,2,91.55
664192,FF,777454,2025-06-18,CLE,13,2,91.25
664192,FF,777425,2025-06-20,BOS,8,1,91.6
664192,FF,777364,2025-06-24,MIA,23,6,91.82
664192,FF,777347,2025-06-26,MIA,28,9,92.16
664192,FF,777278,2025-07-01,AZ,21,4,92.48
664192,FF,777199,2025-07-07,PHI,20,7,92.73
664192,FF,777163,2025-07-09,PHI,22,1,94.3
664192,FF,777127,2025-07-12,LAD,13,2,93.95
664192,FF,777119,2025-07-13,LAD,12,4,92.57
664192,FF,777079,2025-07-20,TOR,23,2,93.75
664192,FF,777058,2025-07-22,ATL,19,6,93.52
664192,FF,777041,2025-07-23,ATL,10,2,93.0
664192,FF,776985,2025-07-26,NYM,11,1,92.5
664192,FF,776974,2025-07-27,NYM,17,3,93.2
664192,FF,776943,2025-07-29,PIT,7,1,92.5
664192,FF,776926,2025-08-01,NYM,11,2,92.45
664192,FF,776887,2025-08-03,NYM,23,3,92.4
664192,FF,776822,2025-08-08,WSH,16,4,92.1
664192,FF,776780,2025-08-11,SD,16,3,93.07
664192,FF,776749,2025-08-13,SD,33,8,91.56
664192,FF,776729,2025-08-15,TB,12,4,91.92
664192,FF,776656,2025-08-20,SD,18,6,91.6
664192,FF,776634,2025-08-22,MIL,9,3,92.83
664192,FF,776621,2025-08-23,MIL,12,5,91.0
664192,FF,776576,2025-08-26,CHC,19,12,93.16
664192,FF,776550,2025-08-28,CHC,11,5,93.36
664192,FF,776507,2025-08-31,BAL,26,7,93.14
664192,FF,776486,2025-09-02,COL,10,7,94.24
664192,FF,776437,2025-09-06,STL,17,3,92.8
664192,FF,776399,2025-09-08,AZ,13,4,93.05
664192,FF,776394,2025-09-09,AZ,11,6,93.8
664192,FF,776309,2025-09-15,AZ,22,8,92.32
664192,FF,776294,2025-09-16,AZ,19,4,94.08
664192,FF,776271,2025-09-18,LAD,13,2,93.4
664192,FF,776227,2025-09-21,LAD,17,3,94.27
664192,FF,776211,2025-09-23,STL,27,6,93.45
666711,FF,776642,2025-08-21,SD,32,8,101.09
666711,FF,776608,2025-08-24,MIL,22,4,99.68
666711,FF,776557,2025-08-27,CHC,25,9,98.61
666711,FF,776516,2025-08-30,BAL,7,1,100.2
666711,FF,776492,2025-09-01,COL,25,5,100.74
666711,FF,776467,2025-09-03,COL,15,1,99.4
666711,FF,776416,2025-09-07,STL,25,6,100.23
666711,FF,776394,2025-09-09,AZ,23,8,100.69
666711,FF,776325,2025-09-14,LAD,29,20,99.53
666711,FF,776309,2025-09-15,AZ,15,5,99.54
666711,FF,776279,2025-09-17,AZ,26,15,100.23
666711,FF,776233,2025-09-20,LAD,27,11,100.25
666711,FF,776220,2025-09-22,STL,11,1,98.6
666711,FF,776211,2025-09-23,STL,7,2,99.75
666711,FF,776166,2025-09-26,COL,14,5,99.48
666711,FF,776146,2025-09-27,COL,9,2,99.25
666808,SI,778427,2025-04-06,SEA,20,2,95.3
666808,SI,778410,2025-04-07,CIN,11,1,93.2
666808,SI,778232,2025-04-20,LAA,14,5,96.14
666808,SI,777563,2025-06-10,COL,22,1,97.5
666808,SI,777355,2025-06-25,MIA,21,2,95.45
666808,SI,777270,2025-07-02,AZ,29,2,96.4
666808,SI,777210,2025-07-06,ATH,19,3,97.1
666808,SI,777199,2025-07-07,PHI,23,4,96.08
666808,SI,777143,2025-07-11,LAD,14,2,94.85
666808,SI,777119,2025-07-13,LAD,19,7,95.77
666808,SI,777069,2025-07-21,ATL,26,6,96.1
666808,SI,777004,2025-07-25,NYM,29,9,94.2
666808,SI,776964,2025-07-28,PIT,16,5,97.06
666808,SI,776933,2025-07-30,PIT,16,2,95.6
666808,SI,776925,2025-08-01,MIA,20,8,96.45
666808,SI,776871,2025-08-04,TEX,12,1,97.3
666808,SI,776855,2025-08-05,TEX,16,2,97.1
666808,SI,776835,2025-08-08,HOU,13,1,98.5
666808,SI,776815,2025-08-09,HOU,23,4,98.4
666808,SI,776698,2025-08-17,STL,18,3,95.63
666808,SI,776654,2025-08-21,BOS,13,6,96.93
666808,SI,776616,2025-08-24,BOS,18,2,99.55
666808,SI,776588,2025-08-26,WSH,15,2,97.3
666808,SI,776544,2025-08-29,CWS,25,18,96.79
666808,SI,776529,2025-08-30,CWS,19,10,96.93
666808,SI,776472,2025-09-03,HOU,9,6,98.37
666808,SI,776457,2025-09-05,TOR,16,5,97.32
666808,SI,776383,2025-09-10,DET,21,8,96.84
666808,SI,776330,2025-09-14,BOS,17,4,97.25
666808,SI,776313,2025-09-15,MIN,11,2,96.85
666808,SI,776174,2025-09-26,BAL,14,1,97.5
669062,FF,778444,2025-04-04,SEA,19,6,96.07
669062,FF,778427,2025-04-06,SEA,18,5,96.6
669062,FF,778410,2025-04-07,CIN,15,5,97.18
669062,FF,778376,2025-04-09,CIN,8,4,96.32
669062,FF,778320,2025-04-14,PHI,22,12,97.14
669062,FF,778279,2025-04-17,PHI,21,14,97.88
669062,FF,778126,2025-04-29,SD,18,2,97.35
669062,FF,778069,2025-05-03,COL,15,6,98.2
669062,FF,778027,2025-05-06,CHC,23,7,97.06
669062,FF,777956,2025-05-11,MIN,12,5,96.72
669062,FF,777939,2025-05-12,AZ,3,1,96.8
669062,FF,777916,2025-05-14,AZ,9,3,98.0
669062,FF,777867,2025-05-18,ATH,15,9,98.17
669062,FF,777819,2025-05-21,KC,13,4,98.08
669062,FF,777801,2025-05-23,WSH,16,10,97.6
669062,FF,777770,2025-05-26,DET,11,5,96.1
669062,FF,777717,2025-05-30,MIA,18,6,98.37
669062,FF,777689,2025-06-01,MIA,18,3,98.03
669062,FF,777656,2025-06-03,SD,29,6,97.57
669062,FF,777619,2025-06-06,ATL,10,4,96.85
669062,FF,777598,2025-06-07,ATL,11,4,97.42
669062,FF,777534,2025-06-12,COL,12,5,97.82
669062,FF,777498,2025-06-15,LAD,10,2,96.4
669062,FF,777472,2025-06-17,CLE,12,5,96.6
669062,FF,777425,2025-06-20,BOS,10,2,96.3
669062,FF,777395,2025-06-22,BOS,16,3,97.33
669062,FF,777355,2025-06-25,MIA,19,9,96.5
669062,FF,777327,2025-06-28,CWS,14,7,96.44
669062,FF,777311,2025-06-29,CWS,9,2,95.65
669062,FF,777270,2025-07-02,AZ,11,4,96.0
676130,FF,778481,2025-04-02,MIA,15,2,95.45
676130,FF,778446,2025-04-05,TOR,32,7,93.87
676130,FF,778416,2025-04-07,MIA,22,8,93.99
676130,FF,778346,2025-04-12,ATH,29,7,95.34
676130,FF,778299,2025-04-16,MIN,43,8,93.94
676130,FF,778244,2025-04-20,STL,20,8,94.6
676130,FF,778223,2025-04-22,PHI,13,4,95.12
676130,FF,778203,2025-04-23,PHI,25,10,95.58
676130,FF,778153,2025-04-27,WSH,17,7,94.93
676130,FF,778130,2025-04-29,AZ,29,12,93.48
676130,FF,778084,2025-05-02,STL,26,7,95.0
676130,FF,778032,2025-05-06,AZ,39,12,95.71
676130,FF,778001,2025-05-09,CHC,22,6,93.77
676130,FF,777950,2025-05-12,PIT,25,6,94.8
676130,FF,777904,2025-05-16,NYY,33,6,94.58
676130,FF,777856,2025-05-19,BOS,14,3,95.23
676130,FF,777808,2025-05-23,LAD,25,9,94.51
676130,FF,777758,2025-05-26,CWS,14,6,95.07
676130,FF,777749,2025-05-27,CWS,25,9,94.99
676130,FF,777700,2025-05-31,COL,22,3,95.73
676130,FF,777675,2025-06-02,LAD,7,4,94.95
676130,FF,777657,2025-06-03,LAD,7,2,94.8
676130,FF,777604,2025-06-07,COL,26,12,95.92
676130,FF,777570,2025-06-10,WSH,11,4,93.92
676130,FF,777518,2025-06-14,TB,27,11,94.74
676130,FF,777470,2025-06-18,ATL,20,8,95.02
676130,FF,777437,2025-06-20,PHI,28,7,95.39
676130,FF,777389,2025-06-23,ATL,14,1,96.5
676130,FF,777369,2025-06-25,ATL,14,4,96.35
676130,FF,777325,2025-06-28,PIT,34,5,95.58
676130,FF,777034,2025-07-23,LAA,20,5,95.72
676130,FF,776974,2025-07-27,SF,19,8,95.36
676130,FF,776947,2025-07-29,SD,38,8,95.24
676130,FF,776926,2025-08-01,NYM,10,5,95.6
676130,FF,776887,2025-08-03,NYM,21,3,95.3
676130,FF,776844,2025-08-06,PIT,12,3,96.27
676130,FF,776822,2025-08-08,WSH,20,8,94.61
676130,FF,776767,2025-08-12,SD,9,1,95.0
676130,FF,776729,2025-08-15,TB,9,5,95.18
676130,FF,776711,2025-08-16,TB,15,7,94.16
676130,FF,776656,2025-08-20,SD,15,8,95.22
676130,FF,776634,2025-08-22,MIL,17,7,95.96
676130,FF,776608,2025-08-24,MIL,11,4,96.78
676130,FF,776576,2025-08-26,CHC,7,4,94.82
676130,FF,776550,2025-08-28,CHC,8,2,95.75
676130,FF,776486,2025-09-02,COL,31,11,96.28
676130,FF,776416,2025-09-07,STL,12,6,96.42
676130,FF,776374,2025-09-10,AZ,18,7,96.13
676130,FF,776328,2025-09-13,LAD,20,7,96.54
676130,FF,776294,2025-09-16,AZ,27,6,96.25
676130,FF,776233,2025-09-20,LAD,24,6,96.2
676130,FF,776196,2025-09-24,STL,13,3,96.73
676130,FF,776137,2025-09-28,COL,9,7,96.09
676254,SI,778489,2025-04-01,HOU,13,7,94.94
676254,SI,778444,2025-04-04,SEA,20,11,96.02
676254,SI,778436,2025-04-05,SEA,17,14,95.6
676254,SI,778376,2025-04-09,CIN,11,8,94.86
676254,SI,778339,2025-04-13,NYY,18,9,95.93
676254,SI,778243,2025-04-19,LAA,19,12,95.18
676254,SI,778232,2025-04-20,LAA,25,18,95.83
676254,SI,778198,2025-04-23,MIL,22,15,95.45
676254,SI,778171,2025-04-25,TEX,14,10,95.38
676254,SI,778159,2025-04-26,TEX,17,6,95.78
676254,SI,778069,2025-05-03,COL,17,10,95.77
676254,SI,778027,2025-05-06,CHC,25,15,95.93
676254,SI,778020,2025-05-07,CHC,14,9,94.6
676254,SI,777956,2025-05-11,MIN,13,7,96.31
676254,SI,777916,2025-05-14,AZ,18,10,95.4
676254,SI,777879,2025-05-17,ATH,7,5,95.76
676254,SI,777867,2025-05-18,ATH,7,5,96.2
676254,SI,777836,2025-05-20,KC,8,6,96.77
676254,SI,777778,2025-05-25,WSH,17,13,96.55
676254,SI,777738,2025-05-28,DET,13,7,95.91
676254,SI,777717,2025-05-30,MIA,2,2,95.15
676254,SI,777689,2025-06-01,MIA,9,3,94.93
676254,SI,777676,2025-06-02,SD,7,4,95.95
676254,SI,777641,2025-06-04,SD,12,6,94.87
676254,SI,777619,2025-06-06,ATL,27,16,95.49
676254,SI,777587,2025-06-08,ATL,19,11,96.14
676254,SI,777534,2025-06-12,COL,8,2,95.9
676254,SI,777522,2025-06-13,LAD,16,10,96.58
676254,SI,777498,2025-06-15,LAD,21,9,96.8
676254,SI,777425,2025-06-20,BOS,20,16,96.55
676254,SI,777364,2025-06-24,MIA,16,8,96.15
676254,SI,777347,2025-06-26,MIA,6,2,96.6
676254,SI,777338,2025-06-27,CWS,11,6,95.83
676254,SI,777311,2025-06-29,CWS,12,7,95.73
676254,SI,777244,2025-07-04,ATH,15,6,95.75
676254,SI,777199,2025-07-07,PHI,11,7,96.53
676254,SI,777186,2025-07-08,PHI,1,1,95.2
676254,SI,777127,2025-07-12,LAD,15,9,97.61
676254,SI,777119,2025-07-13,LAD,16,10,96.58
676254,SI,777094,2025-07-19,TOR,11,7,95.99
676254,SI,777069,2025-07-21,ATL,24,17,96.88
676254,SI,777041,2025-07-23,ATL,15,10,96.78
676254,SI,776985,2025-07-26,NYM,13,9,96.63
676254,SI,776943,2025-07-29,PIT,21,12,96.66
676254,SI,776933,2025-07-30,PIT,21,17,96.59
676254,SI,776926,2025-08-01,NYM,7,6,96.33
676254,SI,776887,2025-08-03,NYM,19,12,96.22
676254,SI,776844,2025-08-06,PIT,29,16,95.99
676254,SI,776780,2025-08-11,SD,5,3,94.87
676254,SI,776749,2025-08-13,SD,12,9,96.16
676254,SI,776683,2025-08-18,SD,17,15,95.57
676254,SI,776634,2025-08-22,MIL,17,12,95.75
676254,SI,776608,2025-08-24,MIL,22,19,95.74
676254,SI,776576,2025-08-26,CHC,18,13,94.93
676254,SI,776550,2025-08-28,CHC,4,4,95.78
676254,SI,776486,2025-09-02,COL,11,6,96.13
676254,SI,776467,2025-09-03,COL,9,7,95.86
676254,SI,776437,2025-09-06,STL,16,13,96.24
676254,SI,776394,2025-09-09,AZ,17,11,95.8
676254,SI,776350,2025-09-12,LAD,14,11,96.59
676254,SI,776294,2025-09-16,AZ,14,10,96.02
676254,SI,776279,2025-09-17,AZ,23,10,95.87
676254,SI,776227,2025-09-21,LAD,13,8,96.26
676254,SI,776211,2025-09-23,STL,27,13,96.08
676254,SI,776166,2025-09-26,COL,14,5,95.36
676254,SI,776146,2025-09-27,COL,15,6,96.42
676775,FF,776711,2025-08-16,TB,12,4,95.18
676775,FF,776703,2025-08-17,TB,13,3,97.03
676775,FF,776533,2025-08-29,BAL,38,6,96.68
676775,FF,776492,2025-09-01,COL,28,6,95.33
676775,FF,776374,2025-09-10,AZ,28,8,94.4
676775,FF,776328,2025-09-13,LAD,13,5,97.06
676775,FF,776309,2025-09-15,AZ,33,11,95.91
678495,FF,778475,2025-04-02,HOU,12,6,98.72
678495,FF,778444,2025-04-04,SEA,15,5,98.62
678495,FF,778427,2025-04-06,SEA,13,5,97.48
678495,FF,778376,2025-04-09,CIN,14,8,96.19
678495,FF,778355,2025-04-12,NYY,19,12,96.55
678495,FF,778320,2025-04-14,PHI,17,9,97.76
678495,FF,778313,2025-04-15,PHI,6,5,96.62
678495,FF,778260,2025-04-18,LAA,7,5,97.64
678495,FF,778171,2025-04-25,TEX,24,13,95.75
678495,FF,778126,2025-04-29,SD,29,16,96.82
678495,FF,778098,2025-05-01,COL,19,12,97.32
678495,FF,778069,2025-05-03,COL,15,6,96.1
678495,FF,778027,2025-05-06,CHC,17,4,96.88
678495,FF,777974,2025-05-10,MIN,12,6,98.07
678495,FF,777939,2025-05-12,AZ,13,7,99.03
678495,FF,777879,2025-05-17,ATH,9,3,98.07
678495,FF,777867,2025-05-18,ATH,11,11,97.75
678495,FF,777836,2025-05-20,KC,22,11,96.14
678495,FF,777801,2025-05-23,WSH,8,4,97.25
678495,FF,777778,2025-05-25,WSH,10,8,96.8
678495,FF,777738,2025-05-28,DET,27,16,97.26
678495,FF,777705,2025-05-31,MIA,5,2,98.0
678495,FF,777676,2025-06-02,SD,13,5,99.8
678495,FF,777633,2025-06-05,SD,15,11,97.15
678495,FF,777587,2025-06-08,ATL,15,8,98.39
678495,FF,777534,2025-06-12,COL,43,28,97.4
678495,FF,777472,2025-06-17,CLE,6,5,97.46
678495,FF,777440,2025-06-19,CLE,12,5,97.08
678495,FF,777417,2025-06-21,BOS,9,8,97.58
678495,FF,777395,2025-06-22,BOS,29,18,98.33
678495,FF,777355,2025-06-25,MIA,20,12,97.17
678495,FF,777338,2025-06-27,CWS,19,9,96.38
678495,FF,777291,2025-06-30,AZ,10,2,99.4
678495,FF,777270,2025-07-02,AZ,15,8,97.56
678495,FF,777227,2025-07-05,ATH,6,1,98.0
678495,FF,777210,2025-07-06,ATH,9,6,98.32
678495,FF,777143,2025-07-11,LAD,29,17,98.01
678495,FF,777119,2025-07-13,LAD,13,6,97.58
678495,FF,777094,2025-07-19,TOR,16,11,97.95
678495,FF,776985,2025-07-26,NYM,14,6,96.58
678495,FF,776974,2025-07-27,NYM,25,16,97.18
678495,FF,776926,2025-08-01,NYM,16,11,97.91
678495,FF,776879,2025-08-04,PIT,32,15,97.67
678495,FF,776844,2025-08-06,PIT,13,9,98.38
678495,FF,776729,2025-08-15,TB,25,17,96.81
678495,FF,776683,2025-08-18,SD,23,15,96.45
678495,FF,776634,2025-08-22,MIL,15,7,97.7
678906,FF,776911,2025-08-02,NYM,67,14,93.83
678906,FF,776822,2025-08-08,WSH,64,11,92.82
678906,FF,776749,2025-08-13,SD,53,9,92.98
678906,FF,776667,2025-08-19,SD,80,21,93.44
678906,FF,776492,2025-09-01,COL,85,24,93.34
678906,FF,776416,2025-09-07,STL,77,29,92.31
678906,FF,776309,2025-09-15,AZ,73,18,93.51
678906,FF,776233,2025-09-20,LAD,74,17,93.47
686790,SI,776294,2025-09-16,AZ,34,15,93.89
686790,SI,776227,2025-09-21,LAD,89,37,92.97
686790,SI,776166,2025-09-26,COL,89,30,92.65
687931,FF,776964,2025-07-28,PIT,85,46,92.43
687931,FF,776887,2025-08-03,NYM,75,35,92.55
687931,FF,776802,2025-08-09,WSH,78,32,92.5
687931,FF,776634,2025-08-22,MIL,88,44,92.46
687931,FF,776557,2025-08-27,CHC,82,38,93.01
690986,FF,778027,2025-05-06,CHC,11,9,96.2
690986,FF,777992,2025-05-09,MIN,38,26,95.77
690986,FF,777930,2025-05-13,AZ,12,7,95.16
690986,FF,777836,2025-05-20,KC,16,8,95.95
690986,FF,777793,2025-05-24,WSH,57,42,94.72
690986,FF,777717,2025-05-30,MIA,80,50,95.35
690986,FF,777641,2025-06-04,SD,87,63,94.85
690986,FF,777563,2025-06-10,COL,87,48,94.74
690986,FF,776379,2025-09-10,ATH,49,18,94.88
690986,FF,776247,2025-09-20,TB,85,39,93.03
690986,FF,776181,2025-09-26,DET,65,35,93.1
693313,FF,777311,2025-06-29,CWS,17,3,94.97
693313,FF,777278,2025-07-01,AZ,53,13,95.75
693313,FF,777058,2025-07-22,ATL,36,7,96.84
693313,FF,776964,2025-07-28,PIT,48,13,96.67
693313,FF,776879,2025-08-04,PIT,36,13,96.55
693313,FF,776802,2025-08-09,WSH,44,6,96.62
693313,FF,776767,2025-08-12,SD,37,2,96.85
693313,FF,776729,2025-08-15,TB,31,3,97.1
693313,FF,776667,2025-08-19,SD,54,19,97.37
693313,FF,776557,2025-08-27,CHC,16,1,96.5
693313,FF,776516,2025-08-30,BAL,60,7,97.59
693313,FF,776445,2025-09-05,STL,75,32,96.95
693313,FF,776374,2025-09-10,AZ,38,5,96.5
693313,FF,776325,2025-09-14,LAD,24,4,97.38
693313,FF,776256,2025-09-19,LAD,10,4,97.08
693313,FF,776196,2025-09-24,STL,42,4,97.6
694738,SI,778475,2025-04-02,HOU,83,32,93.59
694738,SI,778397,2025-04-08,CIN,81,42,93.42
694738,SI,778320,2025-04-14,PHI,101,29,92.88
694738,SI,778243,2025-04-19,LAA,95,42,93.18
694738,SI,778194,2025-04-24,MIL,78,33,92.69
694738,SI,778105,2025-04-30,SD,90,38,92.93
694738,SI,778044,2025-05-05,CHC,77,30,92.1
694738,SI,777956,2025-05-11,MIN,75,24,93.1
694738,SI,777879,2025-05-17,ATH,92,40,92.95
694738,SI,777801,2025-05-23,WSH,76,33,92.63
694738,SI,777738,2025-05-28,DET,80,22,92.2
694738,SI,777656,2025-06-03,SD,92,33,92.22
694738,SI,777587,2025-06-08,ATL,95,29,92.4
694738,SI,777506,2025-06-14,LAD,45,19,92.86
694738,SI,777417,2025-06-21,BOS,90,34,92.42
694738,SI,777338,2025-06-27,CWS,94,49,91.87
694738,SI,777270,2025-07-02,AZ,81,33,92.75
694738,SI,777199,2025-07-07,PHI,100,45,92.42
694738,SI,777127,2025-07-12,LAD,104,35,92.9
694738,SI,777058,2025-07-22,ATL,87,26,93.1
694738,SI,776729,2025-08-15,TB,66,33,92.98
694738,SI,776656,2025-08-20,SD,65,35,93.16
702352,FF,778048,2025-05-04,COL,22,1,93.2
702352,FF,777770,2025-05-26,DET,18,1,94.4
702352,FF,777563,2025-06-10,COL,51,1,95.7
702352,FF,777506,2025-06-14,LAD,54,1,94.4
702352,FF,777454,2025-06-18,CLE,15,1,94.6
702352,FF,777425,2025-06-20,BOS,14,1,94.0
702352,FF,777395,2025-06-22,BOS,16,1,96.2
702352,FF,777364,2025-06-24,MIA,19,2,93.0
702352,FF,777270,2025-07-02,AZ,14,2,95.8
702352,FF,777227,2025-07-05,ATH,16,2,94.95
702352,FF,777210,2025-07-06,ATH,11,1,95.1
702352,FF,777186,2025-07-08,PHI,18,1,95.9
702352,FF,777079,2025-07-20,TOR,28,1,94.1
702352,FF,777069,2025-07-21,ATL,53,7,94.8
702352,FF,776974,2025-07-27,NYM,58,6,95.17
702352,FF,776911,2025-08-02,NYM,32,4,94.3
702352,FF,776793,2025-08-10,WSH,47,6,95.45
702352,FF,776749,2025-08-13,SD,38,8,96.06
702352,FF,776667,2025-08-19,SD,24,5,95.5
702352,FF,776642,2025-08-21,SD,10,1,95.0
702352,FF,776621,2025-08-23,MIL,31,7,95.34
702352,FF,776533,2025-08-29,BAL,11,2,94.9
702352,FF,776507,2025-08-31,BAL,48,3,95.67
702352,FF,776374,2025-09-10,AZ,49,2,96.5
702352,FF,776325,2025-09-14,LAD,25,2,96.4
702352,FF,776279,2025-09-17,AZ,8,1,95.1
702352,FF,776256,2025-09-19,LAD,20,2,95.45
702352,FF,776211,2025-09-23,STL,14,2,94.8
702352,FF,776146,2025-09-27,COL,15,1,96.3
702352,FF,776137,2025-09-28,COL,30,6,94.92
806185,FF,778475,2025-04-02,HOU,26,18,97.07
806185,FF,778436,2025-04-05,SEA,27,12,96.42
806185,FF,778397,2025-04-08,CIN,39,23,96.14
806185,FF,778339,2025-04-13,NYY,20,6,96.75
806185,FF,778313,2025-04-15,PHI,24,7,96.36
806185,FF,778226,2025-04-21,MIL,49,29,96.59
806185,FF,778151,2025-04-27,TEX,50,10,94.85
806185,FF,778082,2025-05-02,COL,26,13,95.88
806185,FF,778044,2025-05-05,CHC,29,12,95.46
806185,FF,777956,2025-05-11,MIN,31,12,95.63
806185,FF,777916,2025-05-14,AZ,65,15,95.72
806185,FF,777836,2025-05-20,KC,80,30,96.05
806185,FF,777770,2025-05-26,DET,88,33,95.21
806185,FF,777689,2025-06-01,MIA,88,35,95.89
806185,FF,777619,2025-06-06,ATL,92,44,95.87
806185,FF,777534,2025-06-12,COL,104,55,94.82
806185,FF,777425,2025-06-20,BOS,85,36,94.42
806185,FF,777347,2025-06-26,MIA,76,46,94.5
806185,FF,777278,2025-07-01,AZ,79,38,95.16
806185,FF,777210,2025-07-06,ATH,88,37,95.29
806185,FF,777069,2025-07-21,ATL,25,16,96.12
543243,FF,778473,2025-04-02,LAA,88,24,92.38
543243,FF,778408,2025-04-08,PIT,71,11,91.16
543243,FF,778325,2025-04-14,HOU,92,24,91.19
543243,FF,778244,2025-04-20,NYM,102,10,91.26
543243,FF,778164,2025-04-26,MIL,91,6,92.63
543243,FF,778084,2025-05-02,NYM,96,22,91.5
543243,FF,778016,2025-05-07,PIT,89,18,92.09
543243,FF,777933,2025-05-14,PHI,77,15,91.63
543243,FF,777862,2025-05-19,DET,90,21,91.74
543243,FF,777766,2025-05-25,AZ,89,20,92.08
543243,FF,777697,2025-05-31,TEX,91,15,91.55
543243,FF,777620,2025-06-06,LAD,90,15,91.76
543243,FF,777532,2025-06-12,MIL,75,19,92.06
543243,FF,777415,2025-06-21,CIN,79,26,91.94
543243,FF,777349,2025-06-27,CLE,89,23,91.79
543243,FF,777272,2025-07-02,PIT,78,15,91.83
543243,FF,777191,2025-07-08,WSH,70,20,90.55
543243,FF,777118,2025-07-13,ATL,36,8,91.55
543243,FF,777081,2025-07-19,AZ,66,14,91.51
543243,FF,777023,2025-07-24,SD,84,19,91.82
543243,FF,776946,2025-07-29,MIA,91,27,90.78
543243,FF,776870,2025-08-04,LAD,90,24,91.7
543243,FF,776795,2025-08-10,CHC,92,26,92.07
543243,FF,776713,2025-08-16,NYY,88,30,91.42
543243,FF,776631,2025-08-21,TB,92,19,91.77
543243,FF,776568,2025-08-27,PIT,87,15,92.55
543243,FF,776497,2025-09-01,ATH,82,21,92.52
543243,FF,776416,2025-09-07,SF,91,18,92.31
543243,FF,776339,2025-09-13,MIL,95,25,91.69
543243,FF,776265,2025-09-19,MIL,91,14,91.49
543243,FF,776196,2025-09-24,SF,99,18,91.53
571927,SI,778463,2025-04-04,BOS,53,36,93.91
571927,SI,778408,2025-04-08,PIT,16,11,92.88
571927,SI,778389,2025-04-09,PIT,11,7,93.76
571927,SI,778347,2025-04-12,PHI,46,29,93.87
571927,SI,778290,2025-04-16,HOU,71,40,93.72
571927,SI,778229,2025-04-22,ATL,39,27,94.02
571927,SI,778164,2025-04-26,MIL,13,11,94.89
571927,SI,778119,2025-04-30,CIN,73,41,93.67
571927,SI,778030,2025-05-06,PIT,18,6,94.15
571927,SI,777962,2025-05-11,WSH,20,14,94.42
571927,SI,777922,2025-05-14,PHI,40,25,93.96
571927,SI,777840,2025-05-20,DET,34,22,94.85
571927,SI,777786,2025-05-24,AZ,20,15,95.43
571927,SI,777754,2025-05-27,BAL,24,17,94.48
571927,SI,777678,2025-06-01,TEX,11,4,94.3
571927,SI,777660,2025-06-03,KC,23,13,93.95
571927,SI,777620,2025-06-06,LAD,11,4,94.42
571927,SI,777601,2025-06-07,LAD,18,10,94.5
571927,SI,777525,2025-06-13,MIL,27,11,94.51
571927,SI,777447,2025-06-19,CWS,34,20,94.57
571927,SI,777415,2025-06-21,CIN,39,26,95.12
571927,SI,777373,2025-06-24,CHC,19,12,94.62
571927,SI,777329,2025-06-28,CLE,17,9,95.73
571927,SI,777229,2025-07-05,CHC,31,17,96.25
571927,SI,777191,2025-07-08,WSH,22,13,93.75
571927,SI,777167,2025-07-10,WSH,11,5,94.66
571927,SI,777118,2025-07-13,ATL,39,25,95.0
571927,SI,777071,2025-07-20,AZ,12,6,94.62
571927,SI,777005,2025-07-25,SD,11,5,93.94
571927,SI,776960,2025-07-28,MIA,15,9,94.19
571927,SI,776946,2025-07-29,MIA,24,11,94.47
571927,SI,776909,2025-08-02,HOU,11,7,95.09
571927,SI,776880,2025-08-04,KC,17,10,94.26
571927,SI,776807,2025-08-09,SD,22,16,95.38
571927,SI,776753,2025-08-13,HOU,9,3,94.8
571927,SI,776724,2025-08-16,MIA,8,6,95.68
571927,SI,776714,2025-08-17,MIA,11,6,94.97
571927,SI,776684,2025-08-19,BAL,15,10,94.86
571927,SI,776654,2025-08-21,NYY,13,6,95.12
571927,SI,776604,2025-08-25,BAL,17,11,95.13
571927,SI,776564,2025-08-28,BAL,12,6,95.12
571927,SI,776539,2025-08-30,PIT,8,5,94.94
571927,SI,776505,2025-09-01,CLE,23,12,95.85
571927,SI,776474,2025-09-03,CLE,14,6,93.7
571927,SI,776396,2025-09-09,ATH,11,7,94.86
571927,SI,776379,2025-09-10,ATH,2,2,94.45
571927,SI,776330,2025-09-14,NYY,16,9,95.41
571927,SI,776310,2025-09-16,ATH,16,6,95.12
571927,SI,776299,2025-09-17,ATH,11,5,94.98
571927,SI,776236,2025-09-21,TB,13,6,94.87
571927,SI,776181,2025-09-26,DET,11,5,94.88
571927,SI,776151,2025-09-28,DET,6,3,95.77
571945,FF,778432,2025-04-06,BOS,81,21,92.08
571945,FF,778347,2025-04-12,PHI,82,24,91.77
571945,FF,778270,2025-04-18,NYM,69,18,91.74
571945,FF,778214,2025-04-23,ATL,89,26,91.63
571945,FF,778134,2025-04-30,CIN,77,29,92.75
571945,FF,778036,2025-05-05,PIT,84,21,91.85
571945,FF,777962,2025-05-11,WSH,69,24,91.92
571945,FF,777885,2025-05-17,KC,76,23,91.86
571945,FF,777797,2025-05-23,AZ,81,18,92.11
571945,FF,777740,2025-05-28,BAL,72,15,91.7
571945,FF,777642,2025-06-05,KC,92,35,92.18
571945,FF,777558,2025-06-10,TOR,83,20,93.31
571945,FF,777492,2025-06-15,MIL,88,24,93.12
571945,FF,777407,2025-06-22,CIN,97,30,92.78
571945,FF,777329,2025-06-28,CLE,74,17,93.07
571945,FF,777246,2025-07-04,CHC,103,34,92.34
571945,FF,777167,2025-07-10,WSH,71,19,93.5
571945,FF,777071,2025-07-20,AZ,68,18,93.87
571945,FF,777005,2025-07-25,SD,73,20,94.96
571945,FF,776934,2025-07-30,MIA,85,19,95.08
571945,FF,776858,2025-08-05,LAD,67,22,94.24
571945,FF,776783,2025-08-11,COL,76,11,94.09
571945,FF,776698,2025-08-17,NYY,86,26,93.57
571945,FF,776633,2025-08-22,TB,58,15,93.05
571945,FF,776554,2025-08-28,PIT,93,30,93.47
571945,FF,776483,2025-09-02,ATH,67,20,94.15
571945,FF,776400,2025-09-08,SEA,77,21,93.4
571945,FF,776326,2025-09-14,MIL,88,24,93.55
571945,FF,776244,2025-09-20,MIL,95,25,94.23
571945,FF,776167,2025-09-26,CHC,79,24,93.76
607200,FF,778389,2025-04-09,PIT,88,1,93.1
607200,FF,778308,2025-04-15,HOU,96,3,92.53
607200,FF,778233,2025-04-21,ATL,84,2,93.9
607200,FF,778150,2025-04-27,MIL,103,4,90.8
607200,FF,778053,2025-05-04,NYM,101,1,93.3
607200,FF,777995,2025-05-09,WSH,109,2,93.9
607200,FF,777922,2025-05-14,PHI,93,1,92.3
607200,FF,777771,2025-05-26,BAL,91,3,92.83
607200,FF,777678,2025-06-01,TEX,93,1,92.9
607200,FF,777601,2025-06-07,LAD,99,2,93.95
607200,FF,777525,2025-06-13,MIL,86,1,93.5
660896,FF,778490,2025-04-01,CWS,13,10,96.13
660896,FF,778462,2025-04-03,HOU,11,3,98.6
660896,FF,778440,2025-04-05,HOU,23,13,97.32
660896,FF,778400,2025-04-08,KC,16,6,96.3
660896,FF,778363,2025-04-11,DET,23,8,97.05
660896,FF,778348,2025-04-12,DET,10,6,96.52
660896,FF,778324,2025-04-14,NYM,18,4,96.62
660896,FF,778267,2025-04-19,ATL,39,21,97.36
660896,FF,778189,2025-04-24,CWS,41,17,96.21
660896,FF,778139,2025-04-28,CLE,20,8,97.6
660896,FF,778089,2025-05-02,BOS,23,10,97.99
660896,FF,778028,2025-05-06,BAL,20,8,98.08
660896,FF,777938,2025-05-14,BAL,22,9,97.11
660896,FF,777883,2025-05-17,MIL,15,12,96.96
660896,FF,777865,2025-05-18,MIL,12,7,96.34
660896,FF,777788,2025-05-24,KC,26,13,97.82
660896,FF,777732,2025-05-28,TB,11,7,96.77
660896,FF,777695,2025-05-31,SEA,28,19,96.16
660896,FF,777658,2025-06-03,ATH,28,8,96.5
660896,FF,777636,2025-06-05,ATH,26,5,98.0
660896,FF,777557,2025-06-10,TEX,40,13,98.24
660896,FF,777473,2025-06-17,SEA,15,6,98.0
660896,FF,777417,2025-06-21,SF,10,5,98.4
660896,FF,777381,2025-06-23,LAA,10,7,97.63
660896,FF,777362,2025-06-25,LAA,18,13,97.22
660896,FF,777345,2025-06-27,TOR,13,7,97.59
660896,FF,777300,2025-06-30,CIN,25,10,98.52
660896,FF,777277,2025-07-02,CIN,13,5,97.3
660896,FF,777228,2025-07-05,WSH,10,7,98.44
660896,FF,777209,2025-07-07,COL,21,12,97.25
660896,FF,777179,2025-07-09,COL,7,4,96.3
660896,FF,777155,2025-07-11,TB,29,17,96.81
660896,FF,777101,2025-07-18,CHC,15,6,98.15
660896,FF,777075,2025-07-20,CHC,11,5,97.3
660896,FF,777038,2025-07-23,PHI,15,4,98.75
660896,FF,777012,2025-07-25,LAD,27,13,97.67
660896,FF,776961,2025-07-28,MIN,20,8,98.14
660896,FF,776954,2025-07-29,MIN,20,14,96.74
660896,FF,776909,2025-08-02,HOU,11,6,96.27
660896,FF,776880,2025-08-04,KC,24,16,97.02
660896,FF,776775,2025-08-12,COL,12,6,97.92
660896,FF,776731,2025-08-15,NYY,14,7,98.44
660896,FF,776698,2025-08-17,NYY,4,2,96.9
660896,FF,776688,2025-08-18,MIA,23,11,97.91
660896,FF,776633,2025-08-22,TB,9,5,97.98
660896,FF,776578,2025-08-26,PIT,21,4,98.15
660896,FF,776551,2025-08-29,CIN,11,6,97.05
660896,FF,776536,2025-08-30,CIN,16,9,98.93
660896,FF,776400,2025-09-08,SEA,13,4,98.88
660896,FF,776391,2025-09-09,SEA,9,5,97.6
660896,FF,776356,2025-09-12,MIL,36,15,97.57
660896,FF,776326,2025-09-14,MIL,22,9,96.56
660896,FF,776283,2025-09-17,CIN,22,8,96.55
660896,FF,776211,2025-09-23,SF,27,11,98.51
660896,FF,776164,2025-09-27,CHC,28,12,97.2
664854,FF,778495,2025-04-01,LAA,14,5,99.32
664854,FF,778443,2025-04-06,BOS,37,19,98.56
664854,FF,778389,2025-04-09,PIT,10,5,98.26
664854,FF,778365,2025-04-11,PHI,7,3,99.57
664854,FF,778290,2025-04-16,HOU,21,10,98.63
664854,FF,778229,2025-04-22,ATL,22,12,98.18
664854,FF,778184,2025-04-25,MIL,9,2,96.85
664854,FF,778164,2025-04-26,MIL,16,8,98.48
664854,FF,778084,2025-05-02,NYM,15,9,97.96
664854,FF,778053,2025-05-04,NYM,14,5,99.32
664854,FF,778036,2025-05-05,PIT,19,6,99.68
664854,FF,777980,2025-05-10,WSH,22,13,100.43
664854,FF,777953,2025-05-12,PHI,13,4,99.18
664854,FF,777885,2025-05-17,KC,12,7,98.86
664854,FF,777797,2025-05-23,AZ,22,11,99.33
664854,FF,777786,2025-05-24,AZ,31,15,99.86
664854,FF,777754,2025-05-27,BAL,13,6,98.37
664854,FF,777740,2025-05-28,BAL,16,6,99.67
664854,FF,777697,2025-05-31,TEX,15,7,98.74
664854,FF,777642,2025-06-05,KC,20,10,98.89
664854,FF,777601,2025-06-07,LAD,19,9,100.01
664854,FF,777581,2025-06-09,TOR,24,12,99.77
664854,FF,777512,2025-06-14,MIL,17,10,99.5
664854,FF,777447,2025-06-19,CWS,10,4,99.3
664854,FF,777415,2025-06-21,CIN,14,6,98.63
664854,FF,777373,2025-06-24,CHC,17,5,100.22
664854,FF,777329,2025-06-28,CLE,11,4,101.15
664854,FF,777229,2025-07-05,CHC,11,4,101.28
664854,FF,777191,2025-07-08,WSH,20,8,99.28
664854,FF,777133,2025-07-12,ATL,11,5,101.28
664854,FF,777118,2025-07-13,ATL,25,10,99.41
664854,FF,777071,2025-07-20,AZ,15,4,100.15
664854,FF,777023,2025-07-24,SD,16,5,99.98
664854,FF,777005,2025-07-25,SD,13,6,100.45
664854,FF,776926,2025-08-01,SF,16,9,100.54
664854,FF,776876,2025-08-04,CLE,8,3,100.5
664854,FF,776863,2025-08-05,CLE,13,8,99.34
664854,FF,776817,2025-08-09,MIL,8,7,101.99
664854,FF,776799,2025-08-10,MIL,24,10,99.65
664854,FF,776748,2025-08-14,ATL,18,13,98.99
664854,FF,776736,2025-08-15,SEA,14,6,100.57
664854,FF,776707,2025-08-17,SEA,24,13,99.25
664854,FF,776645,2025-08-22,ATL,24,10,99.5
664854,FF,776598,2025-08-25,PHI,15,8,99.89
664854,FF,776585,2025-08-26,PHI,28,18,98.77
664854,FF,776548,2025-08-29,MIA,12,8,97.44
664854,FF,776501,2025-09-01,DET,5,3,98.7
664854,FF,776478,2025-09-03,DET,27,12,99.82
664854,FF,776405,2025-09-08,PHI,15,1,100.5
664854,FF,776384,2025-09-10,PHI,26,15,99.41
664854,FF,776359,2025-09-12,TEX,8,4,97.82
664854,FF,776288,2025-09-17,SD,18,7,98.56
664854,FF,776259,2025-09-19,WSH,15,4,99.02
664854,FF,776252,2025-09-20,WSH,18,10,97.7
664854,FF,776205,2025-09-24,CHC,24,5,100.2
664854,FF,776148,2025-09-28,MIA,18,3,99.27
667463,SI,778463,2025-04-04,BOS,27,22,92.99
667463,SI,778432,2025-04-06,BOS,27,20,91.82
667463,SI,778415,2025-04-07,PIT,9,7,92.01
667463,SI,778347,2025-04-12,PHI,15,10,92.67
667463,SI,778278,2025-04-17,NYM,13,11,93.47
667463,SI,778270,2025-04-18,NYM,3,3,91.2
667463,SI,778256,2025-04-19,NYM,16,11,93.36
667463,SI,778214,2025-04-23,ATL,12,7,93.4
667463,SI,778150,2025-04-27,MIL,9,8,93.1
667463,SI,778141,2025-04-28,CIN,19,14,92.64
667463,SI,778107,2025-05-01,CIN,24,14,92.93
667463,SI,778084,2025-05-02,NYM,11,10,93.02
667463,SI,777962,2025-05-11,WSH,11,7,93.59
667463,SI,777933,2025-05-14,PHI,16,11,93.71
667463,SI,777862,2025-05-19,DET,29,21,94.38
667463,SI,777827,2025-05-21,DET,19,10,93.29
667463,SI,777766,2025-05-25,AZ,10,6,93.02
667463,SI,777771,2025-05-26,BAL,17,9,93.87
667463,SI,777740,2025-05-28,BAL,13,7,93.04
667463,SI,777660,2025-06-03,KC,13,6,92.67
667463,SI,777635,2025-06-05,KC,18,9,93.89
667463,SI,777642,2025-06-05,KC,2,2,92.3
667463,SI,777582,2025-06-08,LAD,9,4,93.58
667463,SI,777558,2025-06-10,TOR,11,7,92.69
667463,SI,777532,2025-06-12,MIL,17,9,93.82
667463,SI,777492,2025-06-15,MIL,12,9,93.08
667463,SI,777458,2025-06-19,CWS,15,11,92.16
667463,SI,777433,2025-06-20,CIN,16,8,93.28
667463,SI,777415,2025-06-21,CIN,3,3,91.77
667463,SI,777357,2025-06-25,CHC,37,22,93.82
667463,SI,777309,2025-06-29,CLE,22,15,93.23
667463,SI,777299,2025-06-30,PIT,30,14,92.56
667463,SI,777246,2025-07-04,CHC,19,9,92.47
667463,SI,777219,2025-07-06,CHC,28,13,93.44
667463,SI,777178,2025-07-09,WSH,22,13,92.31
667463,SI,777100,2025-07-18,AZ,18,8,91.58
667463,SI,777081,2025-07-19,AZ,13,5,92.76
667463,SI,777049,2025-07-22,COL,4,2,93.0
667463,SI,777028,2025-07-23,COL,30,10,92.62
667463,SI,776980,2025-07-27,SD,26,17,92.41
667463,SI,776946,2025-07-29,MIA,6,3,92.0
667463,SI,776356,2025-09-12,MIL,15,8,92.1
667463,SI,776326,2025-09-14,MIL,16,8,93.56
667463,SI,776312,2025-09-15,CIN,6,3,92.33
667463,SI,776220,2025-09-22,SF,6,2,93.65
667463,SI,776211,2025-09-23,SF,17,8,92.44
667463,SI,776167,2025-09-26,CHC,20,13,93.45
667463,SI,776164,2025-09-27,CHC,6,2,93.75
667463,SI,776142,2025-09-28,CHC,18,8,93.08
668941,FF,778443,2025-04-06,BOS,20,3,94.03
668941,FF,778408,2025-04-08,PIT,9,2,93.95
668941,FF,778389,2025-04-09,PIT,13,1,93.2
668941,FF,778336,2025-04-13,PHI,9,1,93.1
668941,FF,778270,2025-04-18,NYM,15,2,95.55
668941,FF,778244,2025-04-20,NYM,10,1,92.6
668941,FF,778150,2025-04-27,MIL,11,2,94.85
668941,FF,778134,2025-04-30,CIN,13,1,93.4
668941,FF,778053,2025-05-04,NYM,18,1,95.7
668941,FF,777864,2025-05-18,KC,11,1,95.1
668941,FF,777862,2025-05-19,DET,12,3,93.9
668941,FF,777827,2025-05-21,DET,10,1,93.2
668941,FF,777797,2025-05-23,AZ,21,3,95.53
668941,FF,777766,2025-05-25,AZ,13,1,94.3
668941,FF,777740,2025-05-28,BAL,15,1,95.0
668941,FF,777642,2025-06-05,KC,13,3,93.83
668941,FF,777620,2025-06-06,LAD,9,1,94.2
668941,FF,777512,2025-06-14,MIL,21,2,91.6
668941,FF,777458,2025-06-19,CWS,20,1,94.2
668941,FF,777373,2025-06-24,CHC,15,2,96.4
668941,FF,777309,2025-06-29,CLE,12,2,95.55
668941,FF,777229,2025-07-05,CHC,17,1,94.4
668941,FF,777191,2025-07-08,WSH,22,1,93.6
668941,FF,777147,2025-07-11,ATL,12,1,94.8
668941,FF,777053,2025-07-21,COL,9,2,95.1
668941,FF,777023,2025-07-24,SD,22,2,93.35
668941,FF,776934,2025-07-30,MIA,17,1,92.8
668941,FF,776795,2025-08-10,CHC,26,1,95.0
668941,FF,776698,2025-08-17,NYY,20,1,94.7
668941,FF,776688,2025-08-18,MIA,10,1,92.1
668941,FF,776686,2025-08-19,MIA,14,1,94.3
668941,FF,776554,2025-08-28,PIT,12,1,94.8
668941,FF,776416,2025-09-07,SF,24,1,94.7
668941,FF,776373,2025-09-10,SEA,22,1,94.1
668941,FF,776339,2025-09-13,MIL,25,1,94.3
668941,FF,776326,2025-09-14,MIL,20,1,94.1
668941,FF,776300,2025-09-16,CIN,11,2,93.65
668941,FF,776220,2025-09-22,SF,19,1,94.6
669461,FF,778495,2025-04-01,LAA,77,27,94.16
669461,FF,778415,2025-04-07,PIT,88,24,93.5
669461,FF,778336,2025-04-13,PHI,88,21,94.99
669461,FF,778256,2025-04-19,NYM,100,14,94.76
669461,FF,778184,2025-04-25,MIL,89,20,94.52
669461,FF,778107,2025-05-01,CIN,42,6,94.2
669461,FF,778030,2025-05-06,PIT,99,30,95.01
669461,FF,777953,2025-05-12,PHI,80,21,94.88
669461,FF,777864,2025-05-18,KC,92,23,93.74
669461,FF,777786,2025-05-24,AZ,88,23,94.57
669461,FF,777709,2025-05-30,TEX,91,24,93.55
669461,FF,777635,2025-06-05,KC,71,19,93.58
669461,FF,777545,2025-06-11,TOR,90,26,93.78
669461,FF,777467,2025-06-17,CWS,86,26,94.38
669461,FF,777392,2025-06-23,CHC,85,29,94.74
669461,FF,777309,2025-06-29,CLE,96,31,93.77
669461,FF,777229,2025-07-05,CHC,94,22,94.49
669461,FF,777147,2025-07-11,ATL,73,20,93.2
669461,FF,776992,2025-07-26,SD,77,22,93.62
669461,FF,776906,2025-08-01,SD,85,28,93.6
669461,FF,776839,2025-08-06,LAD,72,29,92.13
669461,FF,776775,2025-08-12,COL,79,28,93.58
669461,FF,776688,2025-08-18,MIA,75,23,93.03
669461,FF,776606,2025-08-24,TB,73,20,93.4
669461,FF,776551,2025-08-29,CIN,88,22,92.81
669461,FF,776470,2025-09-03,ATH,81,28,92.86
669461,FF,776391,2025-09-09,SEA,65,21,93.04
669461,FF,776312,2025-09-15,CIN,77,24,94.61
669461,FF,776231,2025-09-21,MIL,85,33,94.68
669467,FF,778443,2025-04-06,BOS,92,51,93.85
669467,FF,778365,2025-04-11,PHI,93,51,93.18
669467,FF,778278,2025-04-17,NYM,95,50,92.38
669467,FF,778229,2025-04-22,ATL,83,51,94.21
669467,FF,778141,2025-04-28,CIN,90,30,94.28
669467,FF,778068,2025-05-04,NYM,72,27,93.36
669467,FF,777980,2025-05-10,WSH,91,55,94.72
669467,FF,777901,2025-05-16,KC,100,49,94.8
669467,FF,777827,2025-05-21,DET,90,42,95.25
669467,FF,777754,2025-05-27,BAL,96,56,94.68
669467,FF,777660,2025-06-03,KC,71,25,95.05
669467,FF,777581,2025-06-09,TOR,92,42,94.85
669467,FF,777512,2025-06-14,MIL,82,41,95.47
669467,FF,777433,2025-06-20,CIN,87,42,94.8
669467,FF,777348,2025-06-26,CHC,94,38,95.59
669467,FF,777288,2025-07-01,PIT,94,40,94.55
669467,FF,777178,2025-07-09,WSH,100,36,94.1
669467,FF,777100,2025-07-18,AZ,89,37,93.36
669467,FF,777028,2025-07-23,COL,97,37,94.73
669467,FF,776960,2025-07-28,MIA,81,30,94.59
669467,FF,776884,2025-08-03,SD,93,36,94.73
669467,FF,776818,2025-08-09,CHC,53,13,94.57
669467,FF,776731,2025-08-15,NYY,99,43,94.47
669467,FF,776670,2025-08-20,MIA,93,47,94.21
669467,FF,776578,2025-08-26,PIT,91,37,94.58
669467,FF,776518,2025-08-31,CIN,95,29,95.28
669467,FF,776437,2025-09-06,SF,89,33,94.46
669467,FF,776356,2025-09-12,MIL,72,31,94.57
669467,FF,776283,2025-09-17,CIN,102,33,94.48
669467,FF,776211,2025-09-23,SF,66,26,95.26
676617,SI,778164,2025-04-26,MIL,2,1,98.3
676617,SI,778141,2025-04-28,CIN,12,6,97.45
676617,SI,778107,2025-05-01,CIN,34,15,98.53
676617,SI,777642,2025-06-05,KC,25,13,97.72
676617,SI,777581,2025-06-09,TOR,22,11,98.02
676617,SI,777545,2025-06-11,TOR,26,9,97.98
676617,SI,777525,2025-06-13,MIL,17,6,98.58
676617,SI,777467,2025-06-17,CWS,25,20,96.9
676617,SI,777458,2025-06-19,CWS,14,4,97.68
676617,SI,777433,2025-06-20,CIN,13,9,98.48
676617,SI,777392,2025-06-23,CHC,19,8,98.38
676617,SI,777348,2025-06-26,CHC,16,8,97.16
676617,SI,777309,2025-06-29,CLE,26,11,98.15
676617,SI,777272,2025-07-02,PIT,20,8,98.06
676617,SI,777219,2025-07-06,CHC,39,17,98.98
676617,SI,777147,2025-07-11,ATL,38,17,99.28
676617,SI,777118,2025-07-13,ATL,27,13,98.52
676617,SI,777071,2025-07-20,AZ,17,8,98.84
676617,SI,777049,2025-07-22,COL,31,15,98.55
676617,SI,777023,2025-07-24,SD,13,7,98.36
676617,SI,776992,2025-07-26,SD,15,9,98.56
676617,SI,776934,2025-07-30,MIA,12,5,97.98
676617,SI,776870,2025-08-04,LAD,6,4,98.93
676617,SI,776839,2025-08-06,LAD,20,16,98.64
676617,SI,776826,2025-08-08,CHC,9,7,99.11
676617,SI,776795,2025-08-10,CHC,13,4,96.93
676617,SI,776758,2025-08-13,COL,10,4,97.88
676617,SI,776698,2025-08-17,NYY,24,4,98.32
676617,SI,776686,2025-08-19,MIA,18,11,97.87
676617,SI,776589,2025-08-25,PIT,21,12,97.74
676617,SI,776554,2025-08-28,PIT,13,5,98.38
676617,SI,776437,2025-09-06,SF,8,3,98.0
676617,SI,776416,2025-09-07,SF,11,7,96.66
676617,SI,776373,2025-09-10,SEA,31,10,97.9
676617,SI,776339,2025-09-13,MIL,18,12,96.88
676617,SI,776326,2025-09-14,MIL,16,7,96.47
676617,SI,776300,2025-09-16,CIN,9,4,98.3
676617,SI,776244,2025-09-20,MIL,19,11,97.0
676617,SI,776231,2025-09-21,MIL,15,6,98.25
676617,SI,776211,2025-09-23,SF,5,3,97.2
676617,SI,776196,2025-09-24,SF,16,8,97.08
676617,SI,776142,2025-09-28,CHC,13,8,97.26
681517,FF,778495,2025-04-01,LAA,27,6,94.68
681517,FF,778473,2025-04-02,LAA,11,2,94.15
681517,FF,778443,2025-04-06,BOS,25,8,94.89
681517,FF,778408,2025-04-08,PIT,22,10,93.78
681517,FF,778389,2025-04-09,PIT,23,9,93.99
681517,FF,778336,2025-04-13,PHI,6,2,95.35
681517,FF,778308,2025-04-15,HOU,26,8,95.09
681517,FF,778290,2025-04-16,HOU,14,6,94.7
681517,FF,778270,2025-04-18,NYM,18,6,95.27
681517,FF,778233,2025-04-21,ATL,13,5,95.32
681517,FF,778229,2025-04-22,ATL,7,3,95.17
681517,FF,778214,2025-04-23,ATL,9,3,94.5
681517,FF,778184,2025-04-25,MIL,18,3,93.23
681517,FF,778134,2025-04-30,CIN,14,4,95.35
681517,FF,778053,2025-05-04,NYM,25,6,95.12
681517,FF,778036,2025-05-05,PIT,18,4,94.6
681517,FF,778016,2025-05-07,PIT,11,3,94.97
681517,FF,777953,2025-05-12,PHI,35,10,95.78
681517,FF,777885,2025-05-17,KC,22,9,96.26
681517,FF,777840,2025-05-20,DET,19,5,96.1
681517,FF,777797,2025-05-23,AZ,11,2,96.3
681517,FF,777786,2025-05-24,AZ,10,2,95.05
681517,FF,777740,2025-05-28,BAL,29,7,94.86
681517,FF,777678,2025-06-01,TEX,16,6,94.47
681517,FF,777660,2025-06-03,KC,18,7,95.63
681517,FF,777635,2025-06-05,KC,39,7,95.03
681517,FF,777601,2025-06-07,LAD,15,4,95.15
681517,FF,777558,2025-06-10,TOR,22,4,94.75
681517,FF,777512,2025-06-14,MIL,22,10,95.5
681517,FF,777492,2025-06-15,MIL,19,7,95.6
681517,FF,777458,2025-06-19,CWS,34,13,94.07
681517,FF,777407,2025-06-22,CIN,21,6,95.77
681517,FF,777348,2025-06-26,CHC,26,9,95.62
681517,FF,777272,2025-07-02,PIT,16,3,96.37
681517,FF,777229,2025-07-05,CHC,18,3,95.93
681517,FF,777219,2025-07-06,CHC,17,7,95.63
681517,FF,777167,2025-07-10,WSH,43,19,96.25
681517,FF,777100,2025-07-18,AZ,24,9,96.04
681517,FF,777049,2025-07-22,COL,49,12,95.5
681517,FF,776992,2025-07-26,SD,30,12,95.54
681517,FF,776934,2025-07-30,MIA,2,1,95.3
681517,FF,776896,2025-08-02,SD,16,5,95.16
681517,FF,776839,2025-08-06,LAD,31,9,96.09
681517,FF,776783,2025-08-11,COL,29,8,95.98
681517,FF,776758,2025-08-13,COL,14,5,95.8
681517,FF,776713,2025-08-16,NYY,14,4,96.05
681517,FF,776698,2025-08-17,NYY,27,9,96.89
681517,FF,776631,2025-08-21,TB,25,9,94.9
681517,FF,776589,2025-08-25,PIT,24,8,95.6
681517,FF,776554,2025-08-28,PIT,38,16,96.06
681517,FF,776536,2025-08-30,CIN,16,3,95.93
681517,FF,776470,2025-09-03,ATH,34,8,96.08
681517,FF,776437,2025-09-06,SF,22,2,95.8
681517,FF,776391,2025-09-09,SEA,30,9,95.47
681517,FF,776339,2025-09-13,MIL,31,8,94.94
681517,FF,776312,2025-09-15,CIN,33,9,96.32
681517,FF,776244,2025-09-20,MIL,24,4,95.75
681517,FF,776220,2025-09-22,SF,21,5,96.4
681517,FF,776196,2025-09-24,SF,13,4,95.35
681517,FF,776142,2025-09-28,CHC,39,12,95.71
681676,FF,778495,2025-04-01,LAA,27,13,95.68
681676,FF,778463,2025-04-04,BOS,16,8,95.46
681676,FF,778443,2025-04-06,BOS,6,4,94.7
681676,FF,778389,2025-04-09,PIT,12,4,95.22
681676,FF,778325,2025-04-14,HOU,19,9,95.89
681676,FF,778290,2025-04-16,HOU,12,3,95.9
681676,FF,778270,2025-04-18,NYM,3,1,95.4
681676,FF,778244,2025-04-20,NYM,23,11,95.8
681676,FF,778214,2025-04-23,ATL,10,4,95.52
681676,FF,776906,2025-08-01,SD,10,2,96.1
681676,FF,776858,2025-08-05,LAD,21,10,96.49
681676,FF,776818,2025-08-09,CHC,39,13,95.65
681676,FF,776775,2025-08-12,COL,13,3,96.03
681676,FF,776731,2025-08-15,NYY,22,9,95.97
681676,FF,776670,2025-08-20,MIA,17,5,94.5
681676,FF,776633,2025-08-22,TB,25,8,92.59
681676,FF,776606,2025-08-24,TB,11,2,95.7
681676,FF,776578,2025-08-26,PIT,14,5,95.28
681676,FF,776551,2025-08-29,CIN,21,6,94.02
681676,FF,776497,2025-09-01,ATH,19,8,94.64
681676,FF,776445,2025-09-05,SF,22,8,94.48
681676,FF,776391,2025-09-09,SEA,8,2,93.5
681676,FF,776373,2025-09-10,SEA,14,3,94.47
681676,FF,776312,2025-09-15,CIN,18,5,95.2
681676,FF,776283,2025-09-17,CIN,11,4,94.72
681676,FF,776265,2025-09-19,MIL,16,7,94.61
681676,FF,776231,2025-09-21,MIL,16,6,95.13
681676,FF,776220,2025-09-22,SF,11,3,94.1
681676,FF,776164,2025-09-27,CHC,19,8,95.21
681676,FF,776142,2025-09-28,CHC,18,10,94.17
682610,FF,778347,2025-04-12,PHI,15,1,95.4
682610,FF,778325,2025-04-14,HOU,20,2,96.65
682610,FF,778084,2025-05-02,NYM,39,7,97.44
682610,FF,777678,2025-06-01,TEX,27,7,96.94
682610,FF,777392,2025-06-23,CHC,17,3,97.1
682610,FF,776884,2025-08-03,SD,22,3,95.73
682610,FF,776818,2025-08-09,CHC,34,4,95.32
682610,FF,776713,2025-08-16,NYY,41,11,94.65
685107,FF,778497,2025-04-01,NYM,12,8,96.49
685107,FF,778481,2025-04-02,NYM,11,3,94.37
685107,FF,778451,2025-04-05,ATL,12,5,95.48
685107,FF,778416,2025-04-07,NYM,11,6,93.68
685107,FF,778369,2025-04-11,WSH,16,6,94.25
685107,FF,778354,2025-04-12,WSH,7,3,95.1
685107,FF,778303,2025-04-16,AZ,18,8,94.22
685107,FF,778274,2025-04-18,PHI,53,21,93.83
685107,FF,778219,2025-04-22,CIN,17,4,93.7
685107,FF,778208,2025-04-23,CIN,17,5,93.36
685107,FF,778154,2025-04-26,SEA,14,4,93.65
685107,FF,778109,2025-04-30,LAD,11,8,94.19
685107,FF,778035,2025-05-06,LAD,26,5,94.52
685107,FF,777966,2025-05-11,CWS,10,6,93.52
685107,FF,777952,2025-05-12,CHC,21,8,93.36
685107,FF,777625,2025-06-06,TB,17,3,93.7
685107,FF,777592,2025-06-08,TB,35,5,92.84
685107,FF,777530,2025-06-13,WSH,23,7,93.66
685107,FF,777514,2025-06-14,WSH,26,4,92.5
685107,FF,776670,2025-08-20,MIA,15,4,93.5
685107,FF,776633,2025-08-22,TB,57,11,92.24
688297,FF,778495,2025-04-01,LAA,21,5,95.26
688297,FF,778463,2025-04-04,BOS,11,5,95.06
688297,FF,778432,2025-04-06,BOS,22,8,94.82
688297,FF,778415,2025-04-07,PIT,31,6,94.23
688297,FF,778389,2025-04-09,PIT,23,5,94.86
688297,FF,778084,2025-05-02,NYM,12,1,95.1
688297,FF,778016,2025-05-07,PIT,11,2,94.9
688297,FF,777933,2025-05-14,PHI,26,10,95.39
688297,FF,777864,2025-05-18,KC,7,1,92.7
688297,FF,777827,2025-05-21,DET,12,2,94.65
688297,FF,777558,2025-06-10,TOR,25,9,95.18
688297,FF,777545,2025-06-11,TOR,26,9,94.36
688297,FF,776497,2025-09-01,ATH,21,2,97.3
688297,FF,776445,2025-09-05,SF,22,4,97.0
688297,FF,776356,2025-09-12,MIL,25,5,95.6
688297,FF,776312,2025-09-15,CIN,14,3,95.9
688297,FF,776211,2025-09-23,SF,28,12,97.14
688297,FF,776167,2025-09-26,CHC,41,20,97.0
694335,SI,778278,2025-04-17,NYM,20,10,96.24
694335,SI,778150,2025-04-27,MIL,24,13,96.49
694335,SI,778134,2025-04-30,CIN,15,7,95.96
694335,SI,778107,2025-05-01,CIN,36,23,96.72
694335,SI,777933,2025-05-14,PHI,14,8,96.32
694335,SI,777771,2025-05-26,BAL,17,10,96.47
694335,SI,777709,2025-05-30,TEX,25,15,96.21
694335,SI,777660,2025-06-03,KC,17,7,96.94
694335,SI,777635,2025-06-05,KC,21,13,96.32
694335,SI,777582,2025-06-08,LAD,52,27,96.37
694335,SI,777357,2025-06-25,CHC,35,15,98.03
694335,SI,777329,2025-06-28,CLE,14,4,96.98
694335,SI,777299,2025-06-30,PIT,17,9,96.89
694335,SI,777246,2025-07-04,CHC,12,9,97.53
694335,SI,777219,2025-07-06,CHC,51,16,96.61
694335,SI,777178,2025-07-09,WSH,19,8,96.3
694335,SI,777147,2025-07-11,ATL,34,16,97.5
694335,SI,776960,2025-07-28,MIA,24,15,98.12
694335,SI,776946,2025-07-29,MIA,19,12,97.16
694335,SI,776906,2025-08-01,SD,22,9,96.67
694335,SI,776858,2025-08-05,LAD,28,12,97.01
694335,SI,776826,2025-08-08,CHC,20,11,96.88
694335,SI,776775,2025-08-12,COL,41,20,96.24
694335,SI,776731,2025-08-15,NYY,43,17,97.32
694335,SI,776688,2025-08-18,MIA,15,6,96.02
694335,SI,776686,2025-08-19,MIA,11,4,97.1
694335,SI,776631,2025-08-21,TB,15,8,96.31
694335,SI,776606,2025-08-24,TB,13,6,95.85
694335,SI,776568,2025-08-27,PIT,29,14,96.81
694335,SI,776551,2025-08-29,CIN,23,12,98.06
694335,SI,776483,2025-09-02,ATH,33,12,96.58
694335,SI,776416,2025-09-07,SF,24,9,97.4
694335,SI,776373,2025-09-10,SEA,35,12,96.97
694335,SI,776339,2025-09-13,MIL,41,17,96.21
694335,SI,776283,2025-09-17,CIN,19,7,97.01
694335,SI,776231,2025-09-21,MIL,35,19,97.33
694335,SI,776211,2025-09-23,SF,12,7,97.2
694335,SI,776164,2025-09-27,CHC,14,5,98.26
694335,SI,776142,2025-09-28,CHC,17,9,96.9
700241,FF,778068,2025-05-04,NYM,80,17,94.04
700241,FF,777582,2025-06-08,LAD,101,27,92.94
700241,FF,777458,2025-06-19,CWS,76,18,92.47
700241,FF,777373,2025-06-24,CHC,77,21,93.22
700241,FF,777053,2025-07-21,COL,91,23,93.1
700241,FF,776980,2025-07-27,SD,99,24,92.49
700241,FF,776896,2025-08-02,SD,90,26,93.17
700241,FF,776826,2025-08-08,CHC,87,24,92.89
700241,FF,776758,2025-08-13,COL,74,17,92.61
700241,FF,776686,2025-08-19,MIA,80,19,93.54
700241,FF,776589,2025-08-25,PIT,92,25,92.81
700241,FF,776536,2025-08-30,CIN,93,21,93.07
700241,FF,776445,2025-09-05,SF,75,16,92.71
700241,FF,776373,2025-09-10,SEA,81,21,93.57
700241,FF,776300,2025-09-16,CIN,91,26,92.96
700241,FF,776220,2025-09-22,SF,90,24,92.52
700241,FF,776164,2025-09-27,CHC,88,24,92.81
700669,FF,778432,2025-04-06,BOS,63,29,93.27
700669,FF,778119,2025-04-30,CIN,70,34,96.51
700669,FF,778036,2025-05-05,PIT,11,5,96.36
700669,FF,778030,2025-05-06,PIT,6,1,95.6
700669,FF,777922,2025-05-14,PHI,10,4,96.6
700669,FF,777901,2025-05-16,KC,36,16,95.99
700669,FF,777862,2025-05-19,DET,25,16,94.14
700669,FF,777771,2025-05-26,BAL,12,4,95.25
700669,FF,777709,2025-05-30,TEX,40,16,94.79
700669,FF,777407,2025-06-22,CIN,26,10,97.47
700669,FF,777133,2025-07-12,ATL,17,6,96.75
700669,FF,777118,2025-07-13,ATL,41,18,96.19
700669,FF,777081,2025-07-19,AZ,34,12,96.16
700669,FF,776906,2025-08-01,SD,14,8,97.38
700669,FF,776884,2025-08-03,SD,36,17,96.28
700669,FF,776858,2025-08-05,LAD,17,6,96.82
700669,FF,776818,2025-08-09,CHC,49,15,95.05
700669,FF,776578,2025-08-26,PIT,42,17,96.08
700669,FF,776551,2025-08-29,CIN,28,14,95.83
700669,FF,776518,2025-08-31,CIN,38,18,95.59
700669,FF,776445,2025-09-05,SF,30,14,95.6
700669,FF,776400,2025-09-08,SEA,15,8,95.52
700669,FF,776312,2025-09-15,CIN,14,4,96.3
700669,FF,776283,2025-09-17,CIN,16,6,97.7
700669,FF,776265,2025-09-19,MIL,35,18,96.22
700669,FF,776167,2025-09-26,CHC,31,13,95.62
701552,FF,777532,2025-06-12,MIL,42,12,95.45
701552,FF,777467,2025-06-17,CWS,11,3,94.67
701552,FF,777458,2025-06-19,CWS,14,3,94.87
701552,FF,777415,2025-06-21,CIN,25,7,93.69
701552,FF,777028,2025-07-23,COL,26,2,94.4
701552,FF,776992,2025-07-26,SD,13,4,95.3
701552,FF,776980,2025-07-27,SD,46,19,93.57
701552,FF,776858,2025-08-05,LAD,36,7,95.09
701552,FF,776713,2025-08-16,NYY,39,11,95.25
701552,FF,776670,2025-08-20,MIA,35,11,94.09
701552,FF,776606,2025-08-24,TB,36,12,94.11
701552,FF,776518,2025-08-31,CIN,19,6,95.82
701552,FF,776445,2025-09-05,SF,15,5,95.34
605288,FF,777846,2025-05-20,SEA,90,35,94.84
605288,FF,777758,2025-05-26,NYM,99,23,95.39
605288,FF,777684,2025-06-01,BAL,95,13,95.34
605288,FF,777606,2025-06-07,KC,92,11,95.01
605288,FF,777524,2025-06-13,TEX,92,20,94.86
605288,FF,777408,2025-06-22,TOR,90,5,95.0
605288,FF,777327,2025-06-28,SF,88,8,94.02
605288,FF,777243,2025-07-04,COL,96,3,94.97
605288,FF,777172,2025-07-09,TOR,96,9,95.14
605288,FF,777090,2025-07-19,PIT,78,5,96.0
605288,FF,777017,2025-07-25,CHC,83,11,95.55
605288,FF,776867,2025-08-04,LAA,93,4,92.78
605288,FF,776791,2025-08-10,SEA,94,10,95.79
605288,FF,776711,2025-08-16,SF,69,5,96.02
605288,FF,776633,2025-08-22,STL,93,5,95.58
605288,FF,776545,2025-08-29,WSH,86,3,95.53
605288,FF,776476,2025-09-03,SEA,87,11,95.87
605288,FF,776388,2025-09-09,CWS,83,13,95.75
605288,FF,776321,2025-09-14,CHC,90,7,96.59
605288,FF,776247,2025-09-20,BOS,102,13,95.36
605288,FF,776177,2025-09-26,TOR,96,8,95.31
641329,FF,778483,2025-04-02,BOS,16,4,96.5
641329,FF,778470,2025-04-03,BOS,15,8,96.69
641329,FF,778362,2025-04-12,TOR,13,7,95.91
641329,FF,778344,2025-04-13,TOR,5,5,97.72
641329,FF,778301,2025-04-16,CLE,23,10,97.15
641329,FF,778262,2025-04-19,CIN,27,6,97.4
641329,FF,778168,2025-04-26,DET,14,7,96.8
641329,FF,778133,2025-04-29,NYY,18,9,97.14
641329,FF,778115,2025-04-30,NYY,18,11,96.64
641329,FF,778072,2025-05-03,KC,8,4,97.05
641329,FF,778062,2025-05-04,KC,24,12,97.0
641329,FF,778011,2025-05-07,MIN,10,7,95.49
641329,FF,777961,2025-05-11,LAA,12,8,97.29
641329,FF,777924,2025-05-14,MIN,18,9,96.41
641329,FF,777907,2025-05-16,WSH,12,8,97.5
641329,FF,777873,2025-05-18,WSH,14,9,96.71
641329,FF,777844,2025-05-20,MIL,13,9,96.48
641329,FF,777826,2025-05-21,MIL,18,12,96.51
641329,FF,777809,2025-05-24,BOS,12,7,96.0
641329,FF,777785,2025-05-25,BOS,7,3,94.97
641329,FF,777754,2025-05-27,STL,17,8,96.41
641329,FF,777720,2025-05-30,CWS,14,11,96.47
641329,FF,777684,2025-06-01,CWS,13,7,96.71
641329,FF,777655,2025-06-03,SEA,21,10,96.24
641329,FF,777628,2025-06-05,SEA,14,11,97.04
641329,FF,777588,2025-06-08,ATH,17,4,95.28
641329,FF,777562,2025-06-11,DET,9,5,97.12
641329,FF,777539,2025-06-13,LAA,14,6,97.15
641329,FF,777519,2025-06-14,LAA,2,2,96.6
641329,FF,777477,2025-06-17,TB,8,2,96.5
641329,FF,777463,2025-06-18,TB,9,7,96.39
641329,FF,777446,2025-06-19,TB,9,4,95.65
641329,FF,777406,2025-06-22,NYY,33,15,96.77
641329,FF,777365,2025-06-25,TEX,13,8,96.42
641329,FF,777292,2025-06-30,TEX,21,9,96.59
641329,FF,777252,2025-07-04,ATL,8,5,97.26
641329,FF,777237,2025-07-05,ATL,17,10,96.34
641329,FF,777198,2025-07-08,NYM,15,6,96.68
641329,FF,777170,2025-07-10,BOS,29,11,96.1
641329,FF,777076,2025-07-20,BAL,25,11,96.71
641329,FF,777048,2025-07-22,CWS,12,2,96.9
641329,FF,777030,2025-07-23,CWS,11,4,95.92
641329,FF,777000,2025-07-26,CIN,22,11,96.38
641329,FF,776949,2025-07-29,NYY,9,4,96.48
641329,FF,776938,2025-07-30,NYY,23,12,96.59
641329,FF,776889,2025-08-03,LAD,12,7,95.86
641329,FF,776848,2025-08-05,LAA,15,6,96.68
641329,FF,776843,2025-08-06,LAA,16,7,97.33
641329,FF,776791,2025-08-10,SEA,20,7,96.91
641329,FF,776751,2025-08-13,ATH,12,5,96.02
641329,FF,776711,2025-08-16,SF,13,4,97.08
641329,FF,776677,2025-08-19,NYY,14,4,96.93
641329,FF,776631,2025-08-21,STL,12,5,96.42
641329,FF,776633,2025-08-22,STL,18,7,96.94
641329,FF,776601,2025-08-25,CLE,13,4,96.7
641329,FF,776545,2025-08-29,WSH,19,8,96.92
641329,FF,776525,2025-08-30,WSH,11,6,96.6
641329,FF,776485,2025-09-02,SEA,10,3,97.3
641329,FF,776458,2025-09-04,CLE,11,6,96.47
641329,FF,776438,2025-09-06,CLE,21,8,96.44
641329,FF,776388,2025-09-09,CWS,13,9,96.62
641329,FF,776338,2025-09-13,CHC,11,4,97.82
641329,FF,776316,2025-09-15,TOR,13,5,97.5
641329,FF,776305,2025-09-16,TOR,9,5,96.88
641329,FF,776269,2025-09-18,TOR,21,6,97.55
641329,FF,776236,2025-09-21,BOS,28,12,97.42
641329,FF,776203,2025-09-24,BAL,24,10,97.43
641329,FF,776145,2025-09-28,TOR,31,20,97.47
641793,FF,778454,2025-04-04,TEX,67,10,91.87
641793,FF,778382,2025-04-10,LAA,72,11,91.81
641793,FF,778298,2025-04-16,BOS,76,22,91.81
641793,FF,778212,2025-04-22,AZ,79,25,91.93
641793,FF,778146,2025-04-27,SD,66,14,92.93
641793,FF,778074,2025-05-03,NYY,70,20,92.32
641793,FF,778002,2025-05-09,MIL,90,26,92.05
641793,FF,777913,2025-05-15,TOR,87,30,92.14
641793,FF,777848,2025-05-20,HOU,102,31,91.52
641793,FF,777762,2025-05-26,MIN,72,22,91.63
641793,FF,777693,2025-05-31,HOU,102,35,92.15
641793,FF,777625,2025-06-06,MIA,65,18,91.85
641793,FF,777561,2025-06-11,BOS,86,29,92.49
641793,FF,777477,2025-06-17,BAL,86,16,91.83
641793,FF,777409,2025-06-22,DET,66,9,92.69
641793,FF,777330,2025-06-28,BAL,92,15,92.23
641793,FF,777247,2025-07-04,MIN,68,17,92.31
641793,FF,777095,2025-07-19,BAL,86,18,92.44
641793,FF,777013,2025-07-25,CIN,94,23,92.64
641793,FF,776938,2025-07-30,NYY,94,22,92.4
641793,FF,776860,2025-08-05,CHC,90,23,92.77
641793,FF,776801,2025-08-10,PIT,78,17,92.36
641793,FF,776721,2025-08-16,MIL,87,20,92.94
641793,FF,776635,2025-08-22,AZ,68,20,91.78
641793,FF,776551,2025-08-29,STL,80,25,91.44
641793,FF,776475,2025-09-03,TOR,75,29,92.78
641793,FF,776392,2025-09-09,SD,89,26,92.66
641793,FF,776312,2025-09-15,STL,79,15,91.34
641793,FF,776254,2025-09-20,CHC,64,24,91.45
641793,FF,776171,2025-09-26,MIL,85,26,91.8
642121,FF,778353,2025-04-12,ATL,27,11,91.99
642121,FF,778040,2025-05-06,PHI,23,9,93.12
642121,FF,778021,2025-05-07,PHI,22,8,92.32
642121,FF,778002,2025-05-09,MIL,22,12,92.66
642121,FF,777964,2025-05-11,MIL,14,4,91.12
642121,FF,777913,2025-05-15,TOR,12,4,92.35
642121,FF,777877,2025-05-18,MIA,30,12,92.96
642121,FF,777775,2025-05-25,TOR,21,11,93.37
642121,FF,777725,2025-05-29,HOU,11,3,92.47
642121,FF,777629,2025-06-05,TEX,11,6,93.12
642121,FF,777518,2025-06-14,NYM,17,5,92.88
642121,FF,777502,2025-06-15,NYM,4,2,92.25
642121,FF,777477,2025-06-17,BAL,33,15,93.09
642121,FF,776378,2025-09-10,CWS,33,13,93.68
642121,FF,776305,2025-09-16,TOR,23,9,93.29
642121,FF,776261,2025-09-19,BOS,30,9,93.66
642121,FF,776236,2025-09-21,BOS,22,7,93.66
642121,FF,776177,2025-09-26,TOR,32,13,92.67
643377,FF,778490,2025-04-01,CWS,24,6,96.57
643377,FF,778419,2025-04-06,HOU,17,5,97.26
643377,FF,778400,2025-04-08,KC,12,2,96.85
643377,FF,778388,2025-04-09,KC,10,2,96.95
643377,FF,778335,2025-04-13,DET,17,3,97.33
643377,FF,778307,2025-04-15,NYM,12,4,97.12
643377,FF,778299,2025-04-16,NYM,22,2,96.65
643377,FF,778284,2025-04-18,ATL,26,10,96.88
643377,FF,778216,2025-04-22,CWS,13,5,97.36
643377,FF,778201,2025-04-23,CWS,14,3,97.3
643377,FF,778166,2025-04-26,LAA,19,1,97.0
643377,FF,778129,2025-04-29,CLE,13,2,97.35
643377,FF,778108,2025-05-01,CLE,14,1,97.5
643377,FF,778073,2025-05-03,BOS,7,1,97.1
643377,FF,778063,2025-05-04,BOS,14,2,96.75
643377,FF,778011,2025-05-07,BAL,17,3,97.1
643377,FF,777974,2025-05-10,SF,14,1,97.7
643377,FF,777956,2025-05-11,SF,29,7,96.56
643377,FF,777924,2025-05-14,BAL,20,5,97.78
643377,FF,777829,2025-05-21,CLE,20,1,95.6
643377,FF,777799,2025-05-23,KC,11,1,97.4
643377,FF,777788,2025-05-24,KC,12,5,96.66
643377,FF,777746,2025-05-27,TB,14,1,96.8
643377,FF,777585,2025-06-08,TOR,9,1,96.3
643377,FF,777527,2025-06-13,HOU,17,3,97.57
643377,FF,777452,2025-06-19,CIN,15,4,97.78
643377,FF,777375,2025-06-24,SEA,13,2,97.35
643377,FF,777363,2025-06-25,SEA,9,2,96.65
643377,FF,777334,2025-06-27,DET,23,3,96.47
643377,FF,777275,2025-07-02,MIA,14,2,97.0
643377,FF,777230,2025-07-05,TB,12,2,96.8
643377,FF,777220,2025-07-06,TB,13,1,96.5
643377,FF,777190,2025-07-08,CHC,22,2,97.2
643377,FF,777039,2025-07-22,LAD,20,5,96.72
643377,FF,777022,2025-07-23,LAD,20,4,96.58
643377,FF,777011,2025-07-25,WSH,25,2,97.1
643377,FF,776961,2025-07-28,BOS,13,3,96.83
643377,FF,776935,2025-07-30,BOS,12,2,96.4
643377,FF,776889,2025-08-03,LAD,25,2,97.25
643377,FF,776843,2025-08-06,LAA,25,3,96.8
643377,FF,776824,2025-08-08,SEA,24,4,97.22
643377,FF,776751,2025-08-13,ATH,14,1,94.9
643377,FF,776729,2025-08-15,SF,8,2,96.15
643377,FF,776664,2025-08-20,NYY,19,7,97.03
643377,FF,776633,2025-08-22,STL,21,3,96.23
643377,FF,776584,2025-08-26,CLE,17,5,96.9
643377,FF,776580,2025-08-27,CLE,9,3,96.07
643377,FF,776525,2025-08-30,WSH,14,3,97.93
643377,FF,776485,2025-09-02,SEA,15,8,96.91
643377,FF,776451,2025-09-05,CLE,18,6,96.88
643377,FF,776421,2025-09-07,CLE,17,3,96.27
643377,FF,776378,2025-09-10,CWS,12,4,97.45
643377,FF,776352,2025-09-12,CHC,21,3,97.6
643377,FF,776338,2025-09-13,CHC,9,3,97.23
643377,FF,776316,2025-09-15,TOR,9,1,97.5
643377,FF,776269,2025-09-18,TOR,12,4,97.25
643377,FF,776261,2025-09-19,BOS,13,2,97.05
643377,FF,776203,2025-09-24,BAL,12,3,97.67
643377,FF,776159,2025-09-27,TOR,9,3,97.47
655889,FF,778479,2025-04-02,PIT,15,3,98.27
655889,FF,778420,2025-04-06,TEX,31,7,95.66
655889,FF,778399,2025-04-09,LAA,8,1,96.4
655889,FF,778353,2025-04-12,ATL,21,7,96.03
655889,FF,778319,2025-04-15,BOS,15,1,98.2
655889,FF,778255,2025-04-19,NYY,17,1,98.5
655889,FF,778188,2025-04-24,AZ,16,2,97.3
655889,FF,778172,2025-04-25,SD,21,2,96.75
655889,FF,778128,2025-04-29,KC,17,2,96.25
655889,FF,778057,2025-05-04,NYY,20,3,96.3
655889,FF,778021,2025-05-07,PHI,19,7,96.67
655889,FF,778005,2025-05-08,PHI,12,2,97.55
655889,FF,777981,2025-05-10,MIL,6,2,93.4
655889,FF,777935,2025-05-13,TOR,16,5,96.82
655889,FF,777913,2025-05-15,TOR,15,3,96.93
655889,FF,777810,2025-05-23,TOR,6,6,97.57
655889,FF,777795,2025-05-24,TOR,9,3,98.87
655889,FF,777762,2025-05-26,MIN,12,3,97.43
655889,FF,777746,2025-05-27,MIN,21,7,97.4
655889,FF,777646,2025-06-04,TEX,9,1,98.1
655889,FF,777584,2025-06-09,BOS,21,1,96.6
656876,FF,778420,2025-04-06,TEX,79,30,95.05
656876,FF,778353,2025-04-12,ATL,80,27,95.12
656876,FF,778272,2025-04-18,NYY,84,25,96.94
656876,FF,778188,2025-04-24,AZ,82,23,95.73
656876,FF,778113,2025-04-30,KC,72,21,95.4
656876,FF,778040,2025-05-06,PHI,86,26,95.37
656876,FF,777964,2025-05-11,MIL,72,21,96.25
656876,FF,777889,2025-05-17,MIA,81,32,96.09
656876,FF,777810,2025-05-23,TOR,76,37,95.52
656876,FF,777732,2025-05-28,MIN,74,28,95.39
656876,FF,777662,2025-06-03,TEX,79,32,95.96
656876,FF,777592,2025-06-08,MIA,74,24,95.93
656876,FF,777518,2025-06-14,NYM,86,26,95.41
656876,FF,777446,2025-06-19,BAL,92,30,95.91
656876,FF,777359,2025-06-25,KC,61,22,95.28
656876,FF,777296,2025-06-30,ATH,53,21,96.29
656876,FF,777220,2025-07-06,MIN,32,7,96.61
656876,FF,777155,2025-07-11,BOS,53,25,96.16
656876,FF,777048,2025-07-22,CWS,74,17,96.24
656876,FF,776970,2025-07-28,NYY,80,34,95.79
656876,FF,776901,2025-08-02,LAD,73,19,95.81
656876,FF,776824,2025-08-08,SEA,79,29,95.92
656876,FF,776751,2025-08-13,ATH,76,27,95.41
656876,FF,776664,2025-08-20,NYY,90,42,96.04
656876,FF,776580,2025-08-27,CLE,81,35,95.69
656876,FF,776485,2025-09-02,SEA,72,25,96.08
656876,FF,776421,2025-09-07,CLE,81,44,95.59
656876,FF,776338,2025-09-13,CHC,80,32,96.11
656876,FF,776261,2025-09-19,BOS,76,23,95.93
656876,FF,776191,2025-09-25,BAL,57,21,96.37
657756,FF,777903,2025-05-16,MIA,38,23,91.39
657756,FF,777732,2025-05-28,MIN,17,13,92.28
657756,FF,777446,2025-06-19,BAL,49,22,92.62
657756,FF,776687,2025-08-19,CWS,33,17,92.68
657756,FF,776402,2025-09-09,CHC,19,7,93.43
657756,FF,776360,2025-09-12,HOU,16,7,93.36
657756,FF,776315,2025-09-15,WSH,13,5,93.08
664076,FF,778479,2025-04-02,PIT,18,3,96.03
664076,FF,778420,2025-04-06,TEX,21,1,96.7
664076,FF,778382,2025-04-10,LAA,11,4,95.3
664076,FF,778353,2025-04-12,ATL,10,1,95.6
664076,FF,778298,2025-04-16,BOS,15,1,95.7
664076,FF,778240,2025-04-20,NYY,13,3,97.23
664076,FF,778074,2025-05-03,NYY,19,2,97.9
664076,FF,778021,2025-05-07,PHI,12,4,97.32
664076,FF,778005,2025-05-08,PHI,10,1,97.4
664076,FF,777935,2025-05-13,TOR,11,1,97.6
664076,FF,777889,2025-05-17,MIA,16,1,97.8
664076,FF,777848,2025-05-20,HOU,18,2,97.45
664076,FF,777832,2025-05-21,HOU,10,1,97.7
664076,FF,777795,2025-05-24,TOR,15,2,97.25
664076,FF,777662,2025-06-03,TEX,16,1,95.9
664076,FF,777611,2025-06-07,MIA,12,1,98.1
664076,FF,777584,2025-06-09,BOS,14,2,98.1
664076,FF,777463,2025-06-18,BAL,28,1,97.9
664076,FF,777409,2025-06-22,DET,25,3,96.7
664076,FF,777286,2025-07-01,ATH,15,2,97.55
664076,FF,777247,2025-07-04,MIN,19,1,98.2
664076,FF,777230,2025-07-05,MIN,9,3,96.8
664076,FF,777155,2025-07-11,BOS,8,2,97.05
664076,FF,777059,2025-07-21,CWS,18,1,98.0
664076,FF,777000,2025-07-26,CIN,18,5,97.4
664076,FF,776918,2025-08-01,LAD,11,2,96.35
664076,FF,776843,2025-08-06,LAA,12,1,98.2
664076,FF,776824,2025-08-08,SEA,9,1,95.5
664076,FF,776791,2025-08-10,SEA,11,1,97.9
664076,FF,776729,2025-08-15,SF,13,5,98.12
664076,FF,776677,2025-08-19,NYY,18,4,97.05
664076,FF,776631,2025-08-21,STL,11,2,98.35
664076,FF,776601,2025-08-25,CLE,11,2,97.5
664076,FF,776580,2025-08-27,CLE,18,4,97.68
664076,FF,776545,2025-08-29,WSH,23,2,98.15
664076,FF,776504,2025-09-01,SEA,16,3,96.93
664076,FF,776485,2025-09-02,SEA,10,2,98.05
664076,FF,776458,2025-09-04,CLE,13,2,96.95
664076,FF,776438,2025-09-06,CLE,12,2,97.65
664076,FF,776421,2025-09-07,CLE,18,4,96.32
664076,FF,776352,2025-09-12,CHC,9,1,96.8
664076,FF,776338,2025-09-13,CHC,11,1,97.0
664076,FF,776316,2025-09-15,TOR,16,3,97.43
664076,FF,776269,2025-09-18,TOR,11,4,97.75
664076,FF,776261,2025-09-19,BOS,14,3,96.77
664076,FF,776236,2025-09-21,BOS,11,4,95.38
664076,FF,776159,2025-09-27,TOR,12,2,96.7
664126,FF,778420,2025-04-06,TEX,9,5,96.62
664126,FF,778417,2025-04-08,LAA,16,11,97.43
664126,FF,778399,2025-04-09,LAA,15,9,95.99
664126,FF,778367,2025-04-11,ATL,17,7,97.27
664126,FF,778282,2025-04-17,NYY,10,4,97.02
664126,FF,778255,2025-04-19,NYY,29,14,97.01
664126,FF,778199,2025-04-23,AZ,11,9,97.14
664126,FF,778188,2025-04-24,AZ,15,8,96.79
664126,FF,778160,2025-04-26,SD,17,10,96.93
664126,FF,778146,2025-04-27,SD,15,5,96.16
664126,FF,778074,2025-05-03,NYY,11,3,97.1
664126,FF,778057,2025-05-04,NYY,15,4,97.12
664126,FF,778021,2025-05-07,PHI,15,8,97.5
664126,FF,778005,2025-05-08,PHI,28,12,97.46
664126,FF,777981,2025-05-10,MIL,26,14,96.79
664126,FF,777935,2025-05-13,TOR,18,12,96.52
664126,FF,777889,2025-05-17,MIA,10,4,98.08
664126,FF,777848,2025-05-20,HOU,15,7,97.37
664126,FF,777832,2025-05-21,HOU,20,9,96.72
664126,FF,777810,2025-05-23,TOR,15,10,97.89
664126,FF,777795,2025-05-24,TOR,21,14,97.49
664126,FF,777662,2025-06-03,TEX,9,6,96.97
664126,FF,777646,2025-06-04,TEX,18,10,97.16
664126,FF,777625,2025-06-06,MIA,14,8,97.41
664126,FF,777611,2025-06-07,MIA,13,7,98.06
664126,FF,777584,2025-06-09,BOS,30,21,97.54
664126,FF,777528,2025-06-13,NYM,21,12,97.51
664126,FF,777463,2025-06-18,BAL,12,5,96.96
664126,FF,777359,2025-06-25,KC,16,7,97.4
664126,FF,777353,2025-06-26,KC,4,3,97.67
664126,FF,777296,2025-06-30,ATH,19,10,97.79
664126,FF,777286,2025-07-01,ATH,12,6,98.42
664126,FF,777220,2025-07-06,MIN,18,9,97.27
664126,FF,777155,2025-07-11,BOS,15,9,97.89
664126,FF,777095,2025-07-19,BAL,27,12,98.04
664126,FF,777048,2025-07-22,CWS,12,6,97.73
664126,FF,776970,2025-07-28,NYY,19,9,97.7
664126,FF,776938,2025-07-30,NYY,12,8,98.2
664126,FF,776901,2025-08-02,LAD,14,9,97.83
664126,FF,776848,2025-08-05,LAA,16,13,97.77
664126,FF,776843,2025-08-06,LAA,14,5,97.5
664126,FF,776787,2025-08-11,ATH,12,5,97.98
664126,FF,776729,2025-08-15,SF,11,4,97.52
664126,FF,776711,2025-08-16,SF,17,7,97.36
664126,FF,776664,2025-08-20,NYY,22,10,97.11
664126,FF,776633,2025-08-22,STL,12,6,96.92
664126,FF,776580,2025-08-27,CLE,13,5,96.14
664126,FF,776545,2025-08-29,WSH,22,7,96.36
664126,FF,776520,2025-08-31,WSH,16,5,96.82
664126,FF,776458,2025-09-04,CLE,21,13,97.34
664126,FF,776438,2025-09-06,CLE,21,13,97.26
664126,FF,776388,2025-09-09,CWS,17,7,97.1
664126,FF,776338,2025-09-13,CHC,25,10,97.09
664126,FF,776316,2025-09-15,TOR,12,4,97.1
664126,FF,776290,2025-09-17,TOR,10,3,96.6
664126,FF,776236,2025-09-21,BOS,8,4,96.9
664126,FF,776203,2025-09-24,BAL,7,3,97.43
664126,FF,776159,2025-09-27,TOR,17,7,97.34
666215,FF,778231,2025-04-21,TOR,32,10,96.44
666215,FF,777832,2025-05-21,TB,33,22,96.22
666215,FF,777752,2025-05-27,ATH,19,4,96.18
666215,FF,777725,2025-05-29,TB,20,11,96.6
666215,FF,777693,2025-05-31,TB,46,13,96.18
666215,FF,777484,2025-06-16,BAL,12,4,96.7
666215,FF,777463,2025-06-18,BAL,12,2,96.8
666215,FF,777431,2025-06-20,DET,22,2,96.25
666215,FF,777343,2025-06-27,BAL,44,18,96.01
669358,FF,778493,2025-04-01,PIT,96,31,97.1
669358,FF,778417,2025-04-08,LAA,96,48,96.43
669358,FF,778328,2025-04-14,BOS,98,49,97.38
669358,FF,778255,2025-04-19,NYY,83,37,96.16
669358,FF,778172,2025-04-25,SD,97,44,96.57
669358,FF,778097,2025-05-01,KC,93,48,95.99
669358,FF,778021,2025-05-07,PHI,83,35,97.27
669358,FF,777935,2025-05-13,TOR,86,50,97.16
669358,FF,777877,2025-05-18,MIA,96,48,96.39
669358,FF,777795,2025-05-24,TOR,82,43,96.76
669358,FF,777725,2025-05-29,HOU,86,36,97.76
669358,FF,777646,2025-06-04,TEX,85,40,96.86
669358,FF,777584,2025-06-09,BOS,76,48,96.78
669358,FF,777502,2025-06-15,NYM,106,46,96.52
669358,FF,777431,2025-06-20,DET,105,30,96.65
669358,FF,777353,2025-06-26,KC,97,35,96.73
669358,FF,777286,2025-07-01,ATH,90,39,96.86
669358,FF,777211,2025-07-07,DET,78,30,96.74
669358,FF,777144,2025-07-12,BOS,98,42,96.45
669358,FF,777059,2025-07-21,CWS,87,41,96.85
669358,FF,776982,2025-07-27,CIN,100,40,96.77
669358,FF,776918,2025-08-01,LAD,98,39,97.29
669358,FF,776843,2025-08-06,LAA,81,48,97.9
669358,FF,776762,2025-08-12,ATH,93,36,97.1
669358,FF,776677,2025-08-19,NYY,65,26,97.93
669358,FF,776584,2025-08-26,CLE,92,39,97.0
669358,FF,776504,2025-09-01,SEA,83,24,98.07
669358,FF,776438,2025-09-06,CLE,82,36,97.79
669358,FF,776352,2025-09-12,CHC,67,32,96.71
669358,FF,776269,2025-09-18,TOR,74,29,97.34
669358,FF,776203,2025-09-24,BAL,49,20,97.88
669438,FF,778382,2025-04-10,LAA,36,4,94.05
669438,FF,778340,2025-04-13,ATL,22,1,93.9
669438,FF,778319,2025-04-15,BOS,24,4,94.52
669438,FF,778298,2025-04-16,BOS,14,8,92.64
669438,FF,778255,2025-04-19,NYY,25,4,94.85
669438,FF,778212,2025-04-22,AZ,30,5,93.58
669438,FF,778113,2025-04-30,KC,53,8,93.78
669438,FF,778057,2025-05-04,NYY,14,2,93.95
669438,FF,778040,2025-05-06,PHI,31,8,93.78
669438,FF,777565,2025-06-10,BOS,39,11,94.21
669438,FF,777518,2025-06-14,NYM,29,8,93.6
669438,FF,777059,2025-07-21,CWS,40,8,93.89
669438,FF,777030,2025-07-23,CWS,14,3,92.77
669438,FF,776982,2025-07-27,CIN,10,1,94.5
669438,FF,776949,2025-07-29,NYY,7,1,94.6
669438,FF,776938,2025-07-30,NYY,8,3,94.63
669438,FF,776889,2025-08-03,LAD,47,7,93.8
669438,FF,776805,2025-08-09,SEA,34,9,93.33
669438,FF,776751,2025-08-13,ATH,16,3,94.0
669438,FF,776703,2025-08-17,SF,38,6,94.47
669438,FF,776664,2025-08-20,NYY,11,3,94.1
669438,FF,776631,2025-08-21,STL,12,1,94.2
669438,FF,776601,2025-08-25,CLE,34,11,93.97
669438,FF,776525,2025-08-30,WSH,41,10,94.08
669438,FF,776476,2025-09-03,SEA,31,10,94.33
669947,FF,776247,2025-09-20,BOS,61,24,95.59
669947,FF,776191,2025-09-25,BAL,92,35,95.02
670955,FF,778479,2025-04-02,PIT,16,3,93.7
670955,FF,778438,2025-04-05,TEX,10,1,93.6
670955,FF,778420,2025-04-06,TEX,12,2,94.6
670955,FF,778417,2025-04-08,LAA,20,9,93.03
670955,FF,778367,2025-04-11,ATL,14,6,92.35
670955,FF,778353,2025-04-12,ATL,3,1,92.3
670955,FF,778272,2025-04-18,NYY,14,3,94.6
670955,FF,778255,2025-04-19,NYY,21,9,93.38
670955,FF,778199,2025-04-23,AZ,28,12,94.12
670955,FF,778188,2025-04-24,AZ,9,5,94.34
670955,FF,778160,2025-04-26,SD,11,4,93.48
670955,FF,778146,2025-04-27,SD,18,5,93.34
670955,FF,778057,2025-05-04,NYY,14,4,94.65
670955,FF,778021,2025-05-07,PHI,19,8,93.61
670955,FF,778005,2025-05-08,PHI,18,8,94.11
670955,FF,777981,2025-05-10,MIL,10,5,92.58
670955,FF,777935,2025-05-13,TOR,28,11,93.88
670955,FF,777889,2025-05-17,MIA,15,7,93.44
670955,FF,777848,2025-05-20,HOU,14,5,93.72
670955,FF,777832,2025-05-21,HOU,15,5,93.38
670955,FF,777810,2025-05-23,TOR,26,15,93.99
670955,FF,777732,2025-05-28,MIN,18,5,93.52
670955,FF,777725,2025-05-29,HOU,8,3,94.3
670955,FF,777690,2025-06-01,HOU,15,2,94.1
670955,FF,777662,2025-06-03,TEX,5,2,92.05
670955,FF,777646,2025-06-04,TEX,17,6,93.05
670955,FF,777625,2025-06-06,MIA,12,4,93.28
670955,FF,777592,2025-06-08,MIA,25,11,94.93
670955,FF,777528,2025-06-13,NYM,35,18,94.85
670955,FF,777463,2025-06-18,BAL,13,4,94.15
670955,FF,777446,2025-06-19,BAL,18,5,93.54
670955,FF,777359,2025-06-25,KC,22,11,93.52
670955,FF,777343,2025-06-27,BAL,23,7,93.9
670955,FF,777296,2025-06-30,ATH,26,5,94.78
670955,FF,777271,2025-07-02,ATH,29,8,94.5
670955,FF,777247,2025-07-04,MIN,10,1,94.3
670955,FF,777230,2025-07-05,MIN,9,5,95.36
670955,FF,777144,2025-07-12,BOS,24,14,93.5
670955,FF,777095,2025-07-19,BAL,32,13,94.15
670955,FF,777048,2025-07-22,CWS,31,12,93.82
670955,FF,777013,2025-07-25,CIN,21,8,94.8
670955,FF,776970,2025-07-28,NYY,23,10,94.96
670955,FF,776938,2025-07-30,NYY,15,8,94.15
670955,FF,776901,2025-08-02,LAD,25,12,93.51
670955,FF,776848,2025-08-05,LAA,10,5,93.98
670955,FF,776843,2025-08-06,LAA,13,7,93.06
670955,FF,776791,2025-08-10,SEA,24,12,94.27
670955,FF,776787,2025-08-11,ATH,15,8,93.44
670955,FF,776729,2025-08-15,SF,13,5,93.98
670955,FF,776711,2025-08-16,SF,14,7,93.97
670955,FF,776664,2025-08-20,NYY,15,8,94.02
670955,FF,776631,2025-08-21,STL,11,3,93.83
670955,FF,776606,2025-08-24,STL,14,5,92.2
670955,FF,776580,2025-08-27,CLE,16,5,93.86
670955,FF,776520,2025-08-31,WSH,23,12,94.2
670955,FF,776485,2025-09-02,SEA,27,12,94.28
670955,FF,776458,2025-09-04,CLE,12,8,93.51
670955,FF,776438,2025-09-06,CLE,11,7,94.87
670955,FF,776421,2025-09-07,CLE,21,7,93.44
670955,FF,776388,2025-09-09,CWS,11,5,93.9
670955,FF,776352,2025-09-12,CHC,29,9,94.23
670955,FF,776321,2025-09-14,CHC,20,11,94.24
670955,FF,776290,2025-09-17,TOR,13,5,93.98
670955,FF,776261,2025-09-19,BOS,16,8,94.46
670955,FF,776236,2025-09-21,BOS,11,6,94.32
670955,FF,776203,2025-09-24,BAL,18,5,93.7
670955,FF,776145,2025-09-28,TOR,28,13,93.94
671212,FF,778340,2025-04-13,ATL,72,38,97.94
671212,FF,777220,2025-07-06,MIN,95,58,98.31
671212,FF,777155,2025-07-11,BOS,60,34,98.7
671212,FF,777110,2025-07-18,BAL,26,14,98.01
671212,FF,777030,2025-07-23,CWS,39,19,98.23
671212,FF,776949,2025-07-29,NYY,77,29,99.23
671212,FF,776889,2025-08-03,LAD,71,42,98.14
671212,FF,776805,2025-08-09,SEA,88,48,99.63
671212,FF,776729,2025-08-15,SF,50,35,99.19
671212,FF,776631,2025-08-21,STL,91,42,98.38
671212,FF,776316,2025-09-15,TOR,78,30,98.21
671212,FF,776236,2025-09-21,BOS,93,37,98.3
671212,FF,776159,2025-09-27,TOR,92,26,97.79
671737,FF,778438,2025-04-05,TEX,82,21,96.76
671737,FF,778367,2025-04-11,ATL,93,38,96.93
671737,FF,778282,2025-04-17,NYY,90,28,96.54
671737,FF,778199,2025-04-23,AZ,103,41,96.5
671737,FF,778128,2025-04-29,KC,101,54,95.97
671737,FF,778057,2025-05-04,NYY,88,35,94.83
671737,FF,777981,2025-05-10,MIL,84,42,95.96
671737,FF,777903,2025-05-16,MIA,82,26,96.6
671737,FF,777832,2025-05-21,HOU,84,27,95.84
671737,FF,777746,2025-05-27,MIN,91,27,96.47
671737,FF,777690,2025-06-01,HOU,104,25,97.32
671737,FF,777611,2025-06-07,MIA,77,23,96.07
671737,FF,777528,2025-06-13,NYM,84,33,96.2
671737,FF,777463,2025-06-18,BAL,47,17,96.21
671737,FF,777378,2025-06-24,KC,86,31,96.19
671737,FF,777317,2025-06-29,BAL,40,9,95.9
671737,FF,777230,2025-07-05,MIN,88,25,95.46
671737,FF,777170,2025-07-10,BOS,88,52,95.62
671737,FF,777110,2025-07-18,BAL,87,44,95.68
671737,FF,777030,2025-07-23,CWS,55,22,95.09
671737,FF,776607,2025-08-24,CWS,88,38,95.66
671737,FF,776530,2025-08-30,SD,83,30,97.25
671737,FF,776462,2025-09-04,CWS,91,31,96.54
671737,FF,776376,2025-09-10,LAA,98,35,97.23
671737,FF,776284,2025-09-17,NYY,89,45,96.54
671737,FF,776192,2025-09-24,TEX,90,44,95.97
679358,FF,778328,2025-04-14,BOS,28,8,95.0
679358,FF,778298,2025-04-16,BOS,12,2,93.85
679358,FF,778282,2025-04-17,NYY,10,2,94.5
679358,FF,778240,2025-04-20,NYY,34,5,94.86
679358,FF,778199,2025-04-23,AZ,19,5,93.18
679358,FF,778128,2025-04-29,KC,19,6,94.03
679358,FF,778097,2025-05-01,KC,19,3,93.47
679358,FF,778088,2025-05-02,NYY,24,5,93.8
679358,FF,778040,2025-05-06,PHI,35,10,93.62
679358,FF,778002,2025-05-09,MIL,15,2,94.65
679358,FF,777964,2025-05-11,MIL,23,7,93.87
679358,FF,777923,2025-05-14,TOR,20,9,93.86
679358,FF,777903,2025-05-16,MIA,23,6,93.75
679358,FF,777858,2025-05-19,HOU,10,6,93.82
679358,FF,777775,2025-05-25,TOR,11,6,93.58
679358,FF,777746,2025-05-27,MIN,14,5,93.98
679358,FF,777725,2025-05-29,HOU,25,4,94.18
679358,FF,777629,2025-06-05,TEX,23,8,93.64
679358,FF,777611,2025-06-07,MIA,7,4,93.82
679358,FF,777584,2025-06-09,BOS,16,4,93.32
679358,FF,777561,2025-06-11,BOS,14,3,94.43
679358,FF,777528,2025-06-13,NYM,19,5,94.8
679358,FF,777502,2025-06-15,NYM,46,17,93.88
679358,FF,777431,2025-06-20,DET,34,4,92.78
679358,FF,777409,2025-06-22,DET,13,1,94.9
679358,FF,777378,2025-06-24,KC,10,4,93.52
679358,FF,777343,2025-06-27,BAL,28,5,93.36
679358,FF,777317,2025-06-29,BAL,9,3,94.23
679358,FF,777220,2025-07-06,MIN,13,4,94.7
679358,FF,776364,2025-09-11,CWS,28,9,93.54
679358,FF,776352,2025-09-12,CHC,37,7,93.93
682254,FF,778493,2025-04-01,PIT,16,10,100.23
682254,FF,778438,2025-04-05,TEX,20,10,99.38
682254,FF,778399,2025-04-09,LAA,13,8,98.44
682254,FF,778367,2025-04-11,ATL,8,4,97.82
682254,FF,778340,2025-04-13,ATL,18,7,99.33
682254,FF,778282,2025-04-17,NYY,17,8,98.95
682254,FF,778255,2025-04-19,NYY,15,8,98.51
682254,FF,778199,2025-04-23,AZ,23,14,99.29
682254,FF,778146,2025-04-27,SD,10,7,98.46
682254,FF,778097,2025-05-01,KC,25,19,99.14
682254,FF,778088,2025-05-02,NYY,10,4,98.32
682254,FF,778057,2025-05-04,NYY,5,3,98.17
682254,FF,778040,2025-05-06,PHI,6,2,97.7
682254,FF,778002,2025-05-09,MIL,13,6,97.53
682254,FF,777964,2025-05-11,MIL,18,10,97.81
682254,FF,777935,2025-05-13,TOR,4,1,99.2
682254,FF,777903,2025-05-16,MIA,21,16,98.78
682254,FF,777858,2025-05-19,HOU,13,10,98.49
682254,FF,777810,2025-05-23,TOR,17,11,99.45
682254,FF,777762,2025-05-26,MIN,12,10,98.87
682254,FF,777732,2025-05-28,MIN,15,9,97.69
682254,FF,777662,2025-06-03,TEX,14,9,97.09
682254,FF,777646,2025-06-04,TEX,19,14,99.11
682254,FF,777611,2025-06-07,MIA,26,14,98.54
682254,FF,777592,2025-06-08,MIA,5,3,97.4
682254,FF,777561,2025-06-11,BOS,13,7,99.7
682254,FF,777528,2025-06-13,NYM,15,12,99.48
682254,FF,777502,2025-06-15,NYM,3,3,98.03
682254,FF,777477,2025-06-17,BAL,22,16,98.28
682254,FF,777463,2025-06-18,BAL,11,6,97.88
682254,FF,777420,2025-06-21,DET,21,14,98.44
682254,FF,777409,2025-06-22,DET,22,12,96.43
682254,FF,777378,2025-06-24,KC,5,3,98.7
682254,FF,777343,2025-06-27,BAL,24,12,98.0
682254,FF,777296,2025-06-30,ATH,7,6,99.37
682254,FF,777286,2025-07-01,ATH,15,9,98.31
682254,FF,777230,2025-07-05,MIN,17,15,99.08
682254,FF,777220,2025-07-06,MIN,23,18,98.95
682254,FF,776982,2025-07-27,CIN,12,10,99.03
682254,FF,776949,2025-07-29,NYY,21,12,99.18
682254,FF,776927,2025-07-31,NYY,7,5,99.36
682254,FF,776918,2025-08-01,LAD,15,10,99.09
682254,FF,776805,2025-08-09,SEA,27,21,99.13
682254,FF,776762,2025-08-12,ATH,18,15,98.51
682254,FF,776711,2025-08-16,SF,22,16,99.6
682254,FF,776703,2025-08-17,SF,4,3,97.73
682254,FF,776677,2025-08-19,NYY,19,14,98.31
682254,FF,776631,2025-08-21,STL,7,6,98.72
682254,FF,776606,2025-08-24,STL,28,21,98.37
682254,FF,776584,2025-08-26,CLE,9,6,97.6
682254,FF,776520,2025-08-31,WSH,21,16,98.84
682254,FF,776451,2025-09-05,CLE,17,15,99.32
682254,FF,776421,2025-09-07,CLE,17,12,98.91
682254,FF,776388,2025-09-09,CWS,8,6,98.45
682254,FF,776378,2025-09-10,CWS,32,23,98.54
685801,FF,778454,2025-04-04,TEX,13,4,97.48
685801,FF,778382,2025-04-10,LAA,19,9,97.77
685801,FF,778353,2025-04-12,ATL,24,11,96.73
685801,FF,778328,2025-04-14,BOS,14,8,98.11
685801,FF,778319,2025-04-15,BOS,17,6,97.32
685801,FF,778272,2025-04-18,NYY,24,10,98.09
685801,FF,778255,2025-04-19,NYY,12,6,98.07
685801,FF,778188,2025-04-24,AZ,21,7,96.9
685801,FF,778160,2025-04-26,SD,17,10,98.06
685801,FF,778113,2025-04-30,KC,9,4,97.48
685801,FF,778097,2025-05-01,KC,22,12,97.68
686752,FF,778479,2025-04-02,PIT,88,24,94.62
686752,FF,778399,2025-04-09,LAA,91,44,94.5
686752,FF,778319,2025-04-15,BOS,102,44,95.3
686752,FF,778240,2025-04-20,NYY,96,38,94.52
686752,FF,778160,2025-04-26,SD,74,26,94.59
686752,FF,778088,2025-05-02,NYY,88,37,95.15
686752,FF,778005,2025-05-08,PHI,95,51,94.9
686752,FF,777923,2025-05-14,TOR,92,48,95.31
686752,FF,777858,2025-05-19,HOU,86,37,94.37
686752,FF,777775,2025-05-25,TOR,91,46,94.45
686752,FF,777714,2025-05-30,HOU,93,34,95.35
686752,FF,777629,2025-06-05,TEX,96,51,95.02
686752,FF,777565,2025-06-10,BOS,108,56,95.97
686752,FF,777484,2025-06-16,BAL,98,42,95.1
686752,FF,777420,2025-06-21,DET,96,48,95.23
686752,FF,777343,2025-06-27,BAL,48,16,95.46
686752,FF,777271,2025-07-02,ATH,100,26,95.62
686752,FF,777130,2025-07-13,BOS,88,38,94.82
686752,FF,777076,2025-07-20,BAL,93,48,95.2
686752,FF,777000,2025-07-26,CIN,84,31,94.92
686752,FF,776927,2025-07-31,NYY,88,38,95.11
686752,FF,776848,2025-08-05,LAA,90,58,95.95
686752,FF,776787,2025-08-11,ATH,85,36,95.04
686752,FF,776703,2025-08-17,SF,93,44,95.45
686752,FF,776606,2025-08-24,STL,63,30,95.06
686752,FF,776525,2025-08-30,WSH,93,49,95.83
686752,FF,776458,2025-09-04,CLE,90,55,94.97
686752,FF,776305,2025-09-16,TOR,49,26,95.49
686752,FF,776223,2025-09-23,BAL,61,30,96.46
687003,SI,776606,2025-08-24,STL,35,9,90.74
687003,SI,776545,2025-08-29,WSH,26,12,91.4
687003,SI,776504,2025-09-01,SEA,31,8,90.98
687003,SI,776451,2025-09-05,CLE,37,4,89.7
687330,FF,778438,2025-04-05,TEX,16,2,92.25
687330,FF,777662,2025-06-03,TEX,10,1,91.6
687330,FF,777629,2025-06-05,TEX,23,2,91.8
687330,FF,777611,2025-06-07,MIA,11,1,91.8
687330,FF,777592,2025-06-08,MIA,13,1,91.0
687330,FF,777518,2025-06-14,NYM,11,1,91.5
687330,FF,777420,2025-06-21,DET,21,1,91.5
687330,FF,777378,2025-06-24,KC,15,2,90.6
687330,FF,777359,2025-06-25,KC,9,1,92.6
687330,FF,777317,2025-06-29,BAL,24,5,92.04
687330,FF,777271,2025-07-02,ATH,12,1,91.4
687330,FF,777155,2025-07-11,BOS,19,1,91.9
687330,FF,777059,2025-07-21,CWS,18,1,91.8
687330,FF,777030,2025-07-23,CWS,27,1,92.3
687330,FF,776927,2025-07-31,NYY,13,2,91.35
687330,FF,776485,2025-09-02,SEA,10,1,93.0
687330,FF,776421,2025-09-07,CLE,7,3,91.93
687330,FF,776378,2025-09-10,CWS,15,1,92.4
687330,FF,776352,2025-09-12,CHC,13,1,93.4
687330,FF,776316,2025-09-15,TOR,12,1,89.6
687330,FF,776305,2025-09-16,TOR,17,1,91.7
687330,FF,776269,2025-09-18,TOR,12,2,91.7
687330,FF,776223,2025-09-23,BAL,15,3,93.03
687330,FF,776191,2025-09-25,BAL,8,2,92.75
687330,FF,776145,2025-09-28,TOR,39,9,92.94
693855,FF,777584,2025-06-09,BOS,28,10,90.53
693855,FF,777130,2025-07-13,BOS,22,9,91.81
693855,FF,777076,2025-07-20,BAL,34,12,92.76
693855,FF,777030,2025-07-23,CWS,20,8,90.66
693855,FF,777013,2025-07-25,CIN,38,17,92.22
693855,FF,776982,2025-07-27,CIN,15,4,92.35
693855,FF,776949,2025-07-29,NYY,16,5,93.24
693855,FF,776918,2025-08-01,LAD,31,9,92.59
693855,FF,776867,2025-08-04,LAA,28,9,92.42
693855,FF,776805,2025-08-09,SEA,37,11,92.96
693855,FF,776729,2025-08-15,SF,66,23,92.13
693855,FF,776677,2025-08-19,NYY,62,6,92.07
693855,FF,776601,2025-08-25,CLE,67,20,91.84
693855,FF,776520,2025-08-31,WSH,82,16,92.86
693855,FF,776451,2025-09-05,CLE,89,33,91.2
693855,FF,776364,2025-09-11,CWS,90,34,91.48
693855,FF,776290,2025-09-17,TOR,100,31,91.21
693855,FF,776223,2025-09-23,BAL,89,29,90.44
693855,FF,776145,2025-09-28,TOR,81,31,90.67
697812,FF,777330,2025-06-28,BAL,45,13,93.9
697812,FF,776927,2025-07-31,NYY,48,9,94.23
697812,FF,776378,2025-09-10,CWS,52,11,94.42
801434,FF,777420,2025-06-21,DET,25,18,93.43
801434,FF,777353,2025-06-26,KC,8,3,92.73
801434,FF,777343,2025-06-27,BAL,14,8,93.22
801434,FF,777296,2025-06-30,ATH,21,12,93.77
801434,FF,777211,2025-07-07,DET,36,22,94.15
801434,FF,776660,2025-08-20,COL,32,17,94.33
455119,FF,778480,2025-04-02,CIN,10,2,93.55
455119,FF,778454,2025-04-04,TB,11,4,94.18
455119,FF,778438,2025-04-05,TB,9,2,94.2
455119,FF,778401,2025-04-08,CHC,21,6,94.57
455119,FF,778360,2025-04-11,SEA,12,1,93.7
455119,FF,778306,2025-04-15,LAA,8,3,93.5
455119,FF,778281,2025-04-17,LAA,16,6,96.02
455119,FF,778234,2025-04-20,LAD,11,5,95.62
455119,FF,778192,2025-04-24,ATH,19,5,94.46
455119,FF,778171,2025-04-25,SF,17,7,95.29
455119,FF,778151,2025-04-27,SF,10,3,95.57
455119,FF,778106,2025-04-30,ATH,17,4,94.8
455119,FF,778070,2025-05-03,SEA,30,9,94.34
455119,FF,778037,2025-05-06,BOS,12,5,95.16
455119,FF,777969,2025-05-11,DET,13,8,95.24
455119,FF,777949,2025-05-12,COL,7,1,94.9
455119,FF,777882,2025-05-17,HOU,7,3,94.67
455119,FF,777610,2025-06-07,WSH,13,5,94.78
455119,FF,777533,2025-06-12,MIN,10,4,94.52
455119,FF,777524,2025-06-13,CWS,6,2,93.7
455119,FF,777432,2025-06-20,PIT,11,5,94.78
455119,FF,777421,2025-06-21,PIT,12,5,94.86
455119,FF,777380,2025-06-24,BAL,13,5,95.2
455119,FF,777322,2025-06-28,SEA,6,1,93.4
455119,FF,777292,2025-06-30,BAL,11,5,94.52
455119,FF,777239,2025-07-04,SD,17,3,94.27
455119,FF,777223,2025-07-05,SD,11,6,95.32
455119,FF,777200,2025-07-07,LAA,23,2,95.85
455119,FF,777171,2025-07-09,LAA,9,2,95.0
455119,FF,777154,2025-07-11,HOU,17,3,95.7
455119,FF,777137,2025-07-12,HOU,12,4,95.1
455119,FF,777098,2025-07-18,DET,14,5,94.62
455119,FF,777073,2025-07-20,DET,23,9,95.46
455119,FF,776495,2025-09-01,AZ,12,2,94.75
455119,FF,776468,2025-09-03,AZ,3,1,95.4
455119,FF,776449,2025-09-05,HOU,21,2,94.9
455119,FF,776406,2025-09-08,MIL,23,9,93.97
455119,FF,776349,2025-09-13,NYM,22,6,94.77
455119,FF,776251,2025-09-19,MIA,12,6,95.22
455119,FF,776210,2025-09-23,MIN,20,5,94.04
455119,FF,776183,2025-09-25,MIN,24,6,93.68
518876,FF,778466,2025-04-03,NYY,80,27,91.51
518876,FF,778396,2025-04-08,BAL,89,18,91.99
518876,FF,778318,2025-04-15,MIA,88,27,91.4
518876,FF,778236,2025-04-20,CHC,81,21,92.41
518876,FF,778162,2025-04-26,ATL,93,20,92.2
518876,FF,778086,2025-05-02,PHI,60,18,90.99
518876,FF,778014,2025-05-07,NYM,98,38,91.38
518876,FF,777939,2025-05-12,SF,103,18,91.74
518876,FF,777870,2025-05-18,COL,109,20,91.96
518876,FF,777786,2025-05-24,STL,100,15,91.99
518876,FF,777710,2025-05-30,WSH,95,18,92.28
518876,FF,777654,2025-06-04,ATL,98,20,91.62
518876,FF,777577,2025-06-09,SEA,92,24,92.12
518876,FF,777491,2025-06-15,SD,93,22,91.63
518876,FF,777410,2025-06-21,COL,94,24,91.19
518876,FF,777332,2025-06-27,MIA,88,35,92.23
518876,FF,777270,2025-07-02,SF,92,24,92.05
518876,FF,777185,2025-07-08,SD,77,27,93.99
518876,FF,777115,2025-07-13,LAA,98,13,92.7
518876,FF,777071,2025-07-20,STL,97,23,93.27
518876,FF,777002,2025-07-26,PIT,99,12,91.69
518876,FF,776897,2025-08-02,SEA,69,16,91.45
518876,FF,776821,2025-08-08,PHI,94,9,91.47
518876,FF,776746,2025-08-13,AZ,99,30,91.56
518876,FF,776675,2025-08-19,KC,71,13,90.34
518876,FF,776611,2025-08-24,CLE,96,23,90.8
518876,FF,776524,2025-08-30,ATH,78,12,90.89
518876,FF,776449,2025-09-05,HOU,94,22,92.52
518876,FF,776375,2025-09-10,MIL,93,16,91.71
518876,FF,776301,2025-09-16,HOU,56,5,92.38
518876,FF,776226,2025-09-21,MIA,73,13,91.42
542888,FF,778454,2025-04-04,TB,27,9,93.27
542888,FF,778401,2025-04-08,CHC,15,5,92.32
542888,FF,778341,2025-04-12,SEA,16,7,92.41
542888,FF,778289,2025-04-16,LAA,29,7,93.51
542888,FF,778263,2025-04-18,LAD,19,5,93.62
542888,FF,778213,2025-04-22,ATH,11,2,93.55
542888,FF,778159,2025-04-26,SF,23,4,93.58
542888,FF,778143,2025-04-28,ATH,34,6,93.45
542888,FF,778096,2025-05-01,ATH,24,1,93.0
542888,FF,778037,2025-05-06,BOS,14,5,92.44
542888,FF,777987,2025-05-10,DET,13,4,93.48
542888,FF,777934,2025-05-13,COL,17,6,93.77
542888,FF,777910,2025-05-15,HOU,13,8,93.92
542888,FF,777895,2025-05-16,HOU,18,3,92.87
542888,FF,777818,2025-05-22,NYY,11,5,93.48
542888,FF,777777,2025-05-25,CWS,20,5,93.58
542888,FF,777741,2025-05-27,TOR,25,7,93.37
542888,FF,777678,2025-06-01,STL,10,3,93.53
542888,FF,777646,2025-06-04,TB,16,7,94.6
542888,FF,777629,2025-06-05,TB,5,2,93.7
542888,FF,777596,2025-06-08,WSH,11,1,94.8
542888,FF,777557,2025-06-10,MIN,19,3,94.33
542888,FF,777524,2025-06-13,CWS,32,6,93.65
542888,FF,777460,2025-06-18,KC,12,3,93.93
542888,FF,777443,2025-06-19,KC,25,9,93.32
542888,FF,777421,2025-06-21,PIT,10,1,95.0
542888,FF,777322,2025-06-28,SEA,12,4,92.65
542888,FF,777292,2025-06-30,BAL,17,6,92.98
542888,FF,777239,2025-07-04,SD,11,3,96.17
542888,FF,777200,2025-07-07,LAA,14,3,94.53
542888,FF,777171,2025-07-09,LAA,15,3,93.73
542888,FF,777154,2025-07-11,HOU,8,3,93.4
542888,FF,777125,2025-07-13,HOU,21,5,94.16
542888,FF,777098,2025-07-18,DET,17,6,93.77
542888,FF,777057,2025-07-21,ATH,7,1,93.0
542888,FF,777043,2025-07-22,ATH,17,6,93.4
542888,FF,777009,2025-07-25,ATL,2,1,93.7
542888,FF,776993,2025-07-26,ATL,35,12,93.31
542888,FF,776945,2025-07-29,LAA,16,5,92.8
542888,FF,776932,2025-07-30,LAA,16,5,92.62
542888,FF,776897,2025-08-02,SEA,6,2,93.65
542888,FF,776845,2025-08-06,NYY,16,3,93.83
542888,FF,776810,2025-08-09,PHI,22,10,93.44
542888,FF,776785,2025-08-11,AZ,13,8,93.65
542888,FF,776764,2025-08-12,AZ,11,1,92.8
542888,FF,776710,2025-08-17,TOR,16,11,92.83
542888,FF,776666,2025-08-20,KC,31,8,93.36
542888,FF,776563,2025-08-27,LAA,14,4,93.08
542888,FF,776538,2025-08-29,ATH,18,8,94.45
542888,FF,776508,2025-08-31,ATH,12,6,94.6
542888,FF,776495,2025-09-01,AZ,16,6,94.45
542888,FF,776449,2025-09-05,HOU,12,1,94.6
542888,FF,776418,2025-09-07,HOU,13,2,93.5
542888,FF,776395,2025-09-09,MIL,16,8,93.85
542888,FF,776375,2025-09-10,MIL,19,5,93.62
542888,FF,776349,2025-09-13,NYM,15,5,94.84
542888,FF,776335,2025-09-14,NYM,16,5,93.92
542888,FF,776292,2025-09-17,HOU,19,5,94.04
542888,FF,776251,2025-09-19,MIA,11,1,94.0
542888,FF,776226,2025-09-21,MIA,14,3,92.7
542888,FF,776192,2025-09-24,MIN,15,8,92.29
542888,FF,776175,2025-09-26,CLE,13,5,94.22
542888,FF,776158,2025-09-27,CLE,26,7,94.14
543056,FF,778490,2025-04-01,CWS,22,4,89.65
543056,FF,778474,2025-04-02,CWS,12,2,89.8
543056,FF,778400,2025-04-08,KC,13,6,90.37
543056,FF,778373,2025-04-10,KC,4,2,89.95
543056,FF,778363,2025-04-11,DET,6,2,90.6
543056,FF,778284,2025-04-18,ATL,17,1,90.7
543056,FF,778249,2025-04-20,ATL,8,2,90.2
543056,FF,778201,2025-04-23,CWS,12,4,89.92
543056,FF,778186,2025-04-25,LAA,12,4,90.32
543056,FF,778116,2025-04-30,CLE,16,5,90.24
543056,FF,778089,2025-05-02,BOS,18,5,91.16
543056,FF,778028,2025-05-06,BAL,11,2,89.9
543056,FF,778011,2025-05-07,BAL,17,3,90.4
543056,FF,777992,2025-05-09,SF,9,3,91.23
543056,FF,777533,2025-06-12,TEX,1,1,88.7
543056,FF,777527,2025-06-13,HOU,19,6,88.77
543056,FF,777452,2025-06-19,CIN,15,3,89.43
543056,FF,777434,2025-06-20,MIL,3,1,90.0
543056,FF,777401,2025-06-22,MIL,21,1,89.8
543056,FF,777275,2025-07-02,MIA,9,1,89.6
543056,FF,777247,2025-07-04,TB,11,1,89.2
543056,FF,777173,2025-07-09,CHC,13,2,90.85
543056,FF,777148,2025-07-11,PIT,11,2,90.9
543056,FF,777080,2025-07-19,COL,12,3,90.83
543056,FF,777039,2025-07-22,LAD,10,2,91.8
543056,FF,777022,2025-07-23,LAD,16,1,90.9
543056,FF,777011,2025-07-25,WSH,11,3,91.57
543056,FF,776979,2025-07-27,WSH,20,4,91.65
543056,FF,776908,2025-08-01,SEA,14,2,90.5
543056,FF,776897,2025-08-02,SEA,23,8,90.76
543056,FF,776871,2025-08-04,NYY,14,3,90.9
543056,FF,776810,2025-08-09,PHI,22,2,90.1
543056,FF,776785,2025-08-11,AZ,10,1,89.9
543056,FF,776764,2025-08-12,AZ,16,2,89.65
543056,FF,776735,2025-08-15,TOR,17,5,89.98
543056,FF,776675,2025-08-19,KC,7,5,89.98
543056,FF,776657,2025-08-21,KC,15,7,89.86
543056,FF,776611,2025-08-24,CLE,13,4,89.9
543056,FF,776575,2025-08-26,LAA,23,6,89.88
543056,FF,776301,2025-09-16,HOU,16,6,91.03
543056,FF,776242,2025-09-20,MIA,12,3,90.9
543056,FF,776210,2025-09-23,MIN,31,9,89.86
543056,FF,776147,2025-09-28,CLE,12,2,90.75
543135,FF,778498,2025-04-01,CIN,99,19,93.55
543135,FF,778411,2025-04-07,CHC,87,23,92.18
543135,FF,778334,2025-04-13,SEA,89,20,94.02
543135,FF,778251,2025-04-19,LAD,90,25,93.69
543135,FF,778171,2025-04-25,SF,99,21,94.31
543135,FF,778106,2025-04-30,ATH,92,20,94.8
543135,FF,778037,2025-05-06,BOS,90,28,94.2
543135,FF,777969,2025-05-11,DET,95,20,94.79
543135,FF,777895,2025-05-16,HOU,93,21,95.8
543135,FF,777818,2025-05-22,NYY,105,20,95.15
543135,FF,777741,2025-05-27,TOR,39,5,93.46
543135,FF,777340,2025-06-27,SEA,35,8,93.22
543135,FF,777268,2025-07-02,BAL,72,15,94.0
543135,FF,777180,2025-07-08,LAA,72,12,93.24
543135,FF,777125,2025-07-13,HOU,102,13,94.51
543135,FF,777009,2025-07-25,ATL,86,18,93.58
543135,FF,776932,2025-07-30,LAA,92,23,93.96
543135,FF,776855,2025-08-05,NYY,98,23,94.01
543135,FF,776785,2025-08-11,AZ,86,20,93.98
543135,FF,776710,2025-08-17,TOR,97,25,94.2
543135,FF,776641,2025-08-22,CLE,104,23,94.02
571578,FF,778401,2025-04-08,CHC,72,12,90.55
571578,FF,778289,2025-04-16,LAA,81,9,91.3
571578,FF,778213,2025-04-22,ATH,85,9,91.83
571578,FF,778143,2025-04-28,ATH,93,6,90.98
571578,FF,778070,2025-05-03,SEA,82,3,89.83
571578,FF,777996,2025-05-09,DET,87,3,90.9
571578,FF,777918,2025-05-14,COL,93,1,92.5
571578,FF,777849,2025-05-20,NYY,82,1,91.6
571578,FF,777777,2025-05-25,CWS,86,1,90.9
571578,FF,777697,2025-05-31,STL,82,1,91.7
571578,FF,777533,2025-06-12,MIN,91,1,87.6
571578,FF,777223,2025-07-05,SD,91,1,92.2
571578,FF,777159,2025-07-10,LAA,88,4,92.02
571578,FF,777098,2025-07-18,DET,92,4,90.7
571578,FF,776945,2025-07-29,LAA,103,1,92.4
571578,FF,776871,2025-08-04,NYY,72,1,91.8
571578,FF,776800,2025-08-10,PHI,78,2,91.6
571578,FF,776657,2025-08-21,KC,77,3,91.77
571578,FF,776575,2025-08-26,LAA,102,2,90.65
571578,FF,776495,2025-09-01,AZ,92,1,93.9
571578,FF,776147,2025-09-28,CLE,90,3,90.57
571948,FF,778420,2025-04-06,TB,28,6,87.22
571948,FF,778360,2025-04-11,SEA,21,3,86.47
571948,FF,778263,2025-04-18,LAD,20,6,87.1
571948,FF,778234,2025-04-20,LAD,16,1,87.1
571948,FF,778213,2025-04-22,ATH,26,3,87.37
571948,FF,778159,2025-04-26,SF,15,4,87.08
571948,FF,778096,2025-05-01,ATH,11,2,86.95
571948,FF,778070,2025-05-03,SEA,11,1,87.1
571948,FF,778018,2025-05-07,BOS,13,2,88.05
571948,FF,777987,2025-05-10,DET,26,1,87.3
571948,FF,777934,2025-05-13,COL,28,2,87.6
571948,FF,777895,2025-05-16,HOU,17,3,87.53
571948,FF,777818,2025-05-22,NYY,16,1,86.9
571948,FF,777792,2025-05-24,CWS,13,2,88.15
571948,FF,777759,2025-05-26,TOR,23,4,88.12
571948,FF,777724,2025-05-28,TOR,7,1,88.0
571948,FF,777678,2025-06-01,STL,13,2,87.35
571948,FF,777646,2025-06-04,TB,17,3,88.33
571948,FF,777629,2025-06-05,TB,21,6,87.9
571948,FF,777596,2025-06-08,WSH,21,3,88.17
571948,FF,777524,2025-06-13,CWS,15,2,88.55
571948,FF,777508,2025-06-14,CWS,14,1,88.2
571948,FF,777460,2025-06-18,KC,23,2,88.8
571948,FF,777432,2025-06-20,PIT,16,3,86.57
571948,FF,777421,2025-06-21,PIT,24,4,88.05
571948,FF,777380,2025-06-24,BAL,26,3,88.93
571948,FF,777292,2025-06-30,BAL,26,3,87.7
571948,FF,777239,2025-07-04,SD,18,2,89.9
571948,FF,777223,2025-07-05,SD,18,2,88.95
571948,FF,777200,2025-07-07,LAA,7,1,87.8
571948,FF,777137,2025-07-12,HOU,7,2,88.9
571948,FF,777088,2025-07-19,DET,20,3,88.13
571948,FF,777009,2025-07-25,ATL,16,2,88.5
571948,FF,776932,2025-07-30,LAA,17,1,87.5
571948,FF,776908,2025-08-01,SEA,26,8,88.3
571948,FF,776883,2025-08-03,SEA,23,2,87.9
571948,FF,776845,2025-08-06,NYY,33,4,86.82
571948,FF,776800,2025-08-10,PHI,18,3,88.37
571948,FF,776746,2025-08-13,AZ,11,3,87.97
571948,FF,776710,2025-08-17,TOR,14,4,87.58
571948,FF,776675,2025-08-19,KC,11,1,88.0
571948,FF,776666,2025-08-20,KC,19,3,88.2
571948,FF,776611,2025-08-24,CLE,6,1,87.7
571948,FF,776538,2025-08-29,ATH,14,7,87.61
571948,FF,776432,2025-09-06,HOU,16,2,88.45
571948,FF,776395,2025-09-09,MIL,14,5,88.22
571948,FF,776349,2025-09-13,NYM,25,7,88.77
571948,FF,776335,2025-09-14,NYM,13,2,89.55
571948,FF,776242,2025-09-20,MIA,17,4,88.28
571948,FF,776210,2025-09-23,MIN,16,5,88.96
571948,FF,776183,2025-09-25,MIN,14,1,87.0
571948,FF,776147,2025-09-28,CLE,30,6,88.22
592351,FF,777033,2025-07-23,ATH,15,8,94.49
592351,FF,776993,2025-07-26,ATL,29,15,94.39
592351,FF,776945,2025-07-29,LAA,30,14,95.41
592351,FF,776871,2025-08-04,NYY,66,25,94.49
592351,FF,776785,2025-08-11,AZ,16,9,95.21
592351,FF,776723,2025-08-16,TOR,54,28,94.78
592426,FF,778480,2025-04-02,CIN,11,2,96.0
592426,FF,778454,2025-04-04,TB,11,3,95.03
592426,FF,778438,2025-04-05,TB,8,2,94.6
592426,FF,778385,2025-04-09,CHC,7,2,94.25
592426,FF,778306,2025-04-15,LAA,16,6,94.55
592426,FF,778289,2025-04-16,LAA,6,1,95.0
592426,FF,778213,2025-04-22,ATH,11,4,94.4
592426,FF,778192,2025-04-24,ATH,21,6,94.67
592426,FF,778171,2025-04-25,SF,11,4,94.2
592426,FF,778106,2025-04-30,ATH,20,8,94.1
592426,FF,778052,2025-05-04,SEA,13,4,94.25
592426,FF,777987,2025-05-10,DET,19,7,93.71
592426,FF,777869,2025-05-18,HOU,15,5,93.56
592426,FF,777835,2025-05-21,NYY,9,2,94.15
592426,FF,777792,2025-05-24,CWS,9,4,94.18
592426,FF,777777,2025-05-25,CWS,5,2,93.0
592426,FF,777741,2025-05-27,TOR,14,4,94.02
592426,FF,777724,2025-05-28,TOR,9,2,93.55
592426,FF,777678,2025-06-01,STL,15,6,94.9
592426,FF,777610,2025-06-07,WSH,12,4,94.12
592426,FF,777556,2025-06-11,MIN,15,6,94.73
592426,FF,777524,2025-06-13,CWS,10,3,94.03
592426,FF,777508,2025-06-14,CWS,13,5,95.1
592426,FF,777493,2025-06-15,CWS,16,5,94.8
592426,FF,777460,2025-06-18,KC,10,4,94.75
592426,FF,777380,2025-06-24,BAL,15,4,95.82
592426,FF,777223,2025-07-05,SD,14,5,94.66
592426,FF,777207,2025-07-06,SD,18,5,93.82
592426,FF,777171,2025-07-09,LAA,20,5,94.66
592426,FF,777137,2025-07-12,HOU,17,4,94.05
592426,FF,777073,2025-07-20,DET,26,9,93.71
592426,FF,777043,2025-07-22,ATH,12,5,93.56
592426,FF,776987,2025-07-27,TOR,32,10,94.0
592426,FF,776953,2025-07-29,AZ,22,7,92.94
592426,FF,776861,2025-08-05,MIN,34,8,93.41
592426,FF,776485,2025-09-02,TB,13,8,94.02
592426,FF,776447,2025-09-06,ATL,12,6,94.07
592426,FF,776428,2025-09-07,ATL,18,4,92.68
592426,FF,776373,2025-09-10,STL,31,17,94.22
592426,FF,776362,2025-09-11,LAA,17,9,93.93
592426,FF,776333,2025-09-13,LAA,8,2,94.5
592426,FF,776302,2025-09-16,KC,17,9,93.91
592426,FF,776194,2025-09-24,COL,23,7,93.84
592426,FF,776168,2025-09-26,LAD,16,5,94.18
592426,FF,776139,2025-09-28,LAD,23,8,94.24
594798,FF,778438,2025-04-05,TB,82,48,96.7
594798,FF,778360,2025-04-11,SEA,87,40,96.34
594798,FF,778263,2025-04-18,LAD,96,48,97.07
594798,FF,778192,2025-04-24,ATH,83,30,96.74
594798,FF,778122,2025-04-29,ATH,65,34,97.39
594798,FF,778052,2025-05-04,SEA,89,39,97.04
594798,FF,777987,2025-05-10,DET,90,40,97.48
594798,FF,777910,2025-05-15,HOU,96,40,97.85
594798,FF,777835,2025-05-21,NYY,103,49,97.74
594798,FF,777759,2025-05-26,TOR,81,47,96.52
594798,FF,777678,2025-06-01,STL,81,40,96.45
594798,FF,777610,2025-06-07,WSH,81,38,97.75
594798,FF,777508,2025-06-14,CWS,82,42,96.97
594798,FF,777432,2025-06-20,PIT,84,37,98.34
594798,FF,777365,2025-06-25,BAL,89,31,98.41
594798,FF,777282,2025-07-01,BAL,92,41,97.78
594798,FF,777200,2025-07-07,LAA,95,50,98.21
594798,FF,777137,2025-07-12,HOU,90,38,98.42
594798,FF,777043,2025-07-22,ATH,86,38,97.41
594798,FF,776958,2025-07-28,LAA,91,47,97.37
594798,FF,776883,2025-08-03,SEA,95,36,98.12
594798,FF,776810,2025-08-09,PHI,99,38,98.31
594798,FF,776735,2025-08-15,TOR,84,43,98.38
594798,FF,776592,2025-08-25,LAA,90,37,97.68
594798,FF,776508,2025-08-31,ATH,79,41,97.25
594798,FF,776432,2025-09-06,HOU,97,40,97.32
594798,FF,776359,2025-09-12,NYM,88,49,97.97
594798,FF,776292,2025-09-17,HOU,92,44,97.59
594798,FF,776192,2025-09-24,MIN,74,32,97.71
641540,SI,778122,2025-04-29,ATH,52,19,89.6
641540,SI,777394,2025-06-23,BAL,37,7,91.41
641540,SI,777268,2025-07-02,BAL,51,11,89.55
641540,SI,777180,2025-07-08,LAA,37,8,90.28
641540,SI,777159,2025-07-10,LAA,14,3,90.93
641540,SI,777083,2025-07-20,NYY,43,11,90.66
641540,SI,777041,2025-07-23,SF,18,9,89.76
641540,SI,776993,2025-07-26,TEX,23,5,89.24
641540,SI,776928,2025-07-31,CIN,18,6,89.33
641540,SI,776687,2025-08-19,CWS,13,3,89.9
641540,SI,776360,2025-09-12,HOU,45,20,90.98
641540,SI,776286,2025-09-17,WSH,21,9,90.78
641816,FF,778454,2025-04-04,TB,83,42,92.29
641816,FF,778385,2025-04-09,CHC,94,52,90.44
641816,FF,778306,2025-04-15,LAA,93,46,92.03
641816,FF,778234,2025-04-20,LAD,91,45,92.15
641816,FF,778159,2025-04-26,SF,87,38,92.33
641816,FF,778096,2025-05-01,ATH,90,36,91.89
641816,FF,778018,2025-05-07,BOS,88,60,92.25
641816,FF,777949,2025-05-12,COL,88,36,91.59
641816,FF,777882,2025-05-17,HOU,96,36,92.47
641816,FF,777805,2025-05-23,CWS,96,54,91.48
641816,FF,777724,2025-05-28,TOR,92,46,92.62
641816,FF,777662,2025-06-03,TB,85,40,91.49
641816,FF,777557,2025-06-10,MIN,91,38,92.77
641816,FF,776251,2025-09-19,MIA,68,43,91.59
641816,FF,776183,2025-09-25,MIN,78,32,91.18
656641,FF,778197,2025-04-23,ATH,55,26,95.0
656641,FF,778151,2025-04-27,SF,17,10,93.72
656641,FF,778096,2025-05-01,ATH,17,8,93.98
656641,FF,778083,2025-05-02,SEA,38,16,93.83
656641,FF,778006,2025-05-08,BOS,49,23,95.18
656641,FF,777969,2025-05-11,DET,20,10,95.11
656641,FF,777805,2025-05-23,CWS,11,8,94.95
656641,FF,777777,2025-05-25,CWS,9,4,95.2
656641,FF,777741,2025-05-27,TOR,50,21,94.37
656641,FF,777662,2025-06-03,TB,22,10,94.66
656641,FF,777629,2025-06-05,TB,8,3,96.13
656641,FF,777596,2025-06-08,WSH,60,34,94.49
656641,FF,777556,2025-06-11,MIN,25,13,94.17
656641,FF,777508,2025-06-14,CWS,30,20,95.92
656641,FF,777443,2025-06-19,KC,82,41,94.04
656641,FF,777380,2025-06-24,BAL,88,35,95.07
656641,FF,777282,2025-07-01,BAL,43,26,93.82
656641,FF,777207,2025-07-06,SD,58,30,94.15
656641,FF,777159,2025-07-10,LAA,54,28,93.86
656641,FF,777073,2025-07-20,DET,84,39,93.41
656641,FF,777009,2025-07-25,ATL,14,9,93.07
656641,FF,776993,2025-07-26,ATL,20,8,94.3
656641,FF,776923,2025-07-31,SEA,35,18,94.02
656641,FF,776666,2025-08-20,KC,43,15,95.19
656641,FF,776563,2025-08-27,LAA,66,38,93.7
656641,FF,776481,2025-09-02,AZ,71,31,95.17
656641,FF,776406,2025-09-08,MIL,84,45,93.12
656641,FF,776335,2025-09-14,NYM,88,39,94.49
656641,FF,776251,2025-09-19,MIA,16,11,93.99
656641,FF,776226,2025-09-21,MIA,10,3,92.27
656641,FF,776158,2025-09-27,CLE,81,43,93.8
657097,FF,778480,2025-04-02,CIN,13,3,92.4
657097,FF,778438,2025-04-05,TB,21,7,92.73
657097,FF,778420,2025-04-06,TB,17,5,93.6
657097,FF,778401,2025-04-08,CHC,21,10,91.95
657097,FF,778334,2025-04-13,SEA,12,3,93.63
657097,FF,778306,2025-04-15,LAA,11,3,92.63
657097,FF,778289,2025-04-16,LAA,12,7,93.54
657097,FF,778251,2025-04-19,LAD,22,7,92.7
657097,FF,778213,2025-04-22,ATH,10,3,93.1
657097,FF,778159,2025-04-26,SF,17,8,93.15
657097,FF,778143,2025-04-28,ATH,16,8,92.81
657097,FF,778096,2025-05-01,ATH,9,4,92.28
657097,FF,778052,2025-05-04,SEA,29,13,93.2
657097,FF,778018,2025-05-07,BOS,9,5,93.46
657097,FF,777996,2025-05-09,DET,20,8,92.76
657097,FF,777949,2025-05-12,COL,11,4,94.15
657097,FF,777882,2025-05-17,HOU,22,7,93.2
657097,FF,777849,2025-05-20,NYY,18,7,93.86
657097,FF,777792,2025-05-24,CWS,28,15,92.14
657097,FF,777759,2025-05-26,TOR,9,4,94.12
657097,FF,777724,2025-05-28,TOR,17,10,94.34
657097,FF,777697,2025-05-31,STL,18,9,93.92
657097,FF,777646,2025-06-04,TB,31,14,94.06
657097,FF,777596,2025-06-08,WSH,29,15,94.05
657097,FF,777556,2025-06-11,MIN,9,6,93.13
657097,FF,777524,2025-06-13,CWS,22,13,93.71
657097,FF,777493,2025-06-15,CWS,27,10,93.28
657097,FF,777460,2025-06-18,KC,16,7,93.3
657097,FF,777394,2025-06-23,BAL,9,6,94.9
657097,FF,777365,2025-06-25,BAL,6,4,94.35
657097,FF,777292,2025-06-30,BAL,19,7,94.03
657097,FF,777268,2025-07-02,BAL,10,5,93.56
657097,FF,777239,2025-07-04,SD,6,3,94.07
657097,FF,777200,2025-07-07,LAA,13,7,93.89
657097,FF,777171,2025-07-09,LAA,7,2,94.35
657097,FF,777137,2025-07-12,HOU,11,5,93.86
657097,FF,777088,2025-07-19,DET,27,9,93.58
657097,FF,777009,2025-07-25,ATL,17,9,93.07
657097,FF,776958,2025-07-28,LAA,36,13,93.47
657097,FF,776657,2025-08-21,KC,21,10,93.16
657097,FF,776623,2025-08-23,CLE,17,10,93.14
657097,FF,776592,2025-08-25,LAA,28,13,93.14
657097,FF,776563,2025-08-27,LAA,26,13,93.45
657097,FF,776524,2025-08-30,ATH,10,5,93.96
657097,FF,776495,2025-09-01,AZ,25,12,94.18
657097,FF,776406,2025-09-08,MIL,19,9,92.52
657097,FF,776335,2025-09-14,NYM,20,7,93.19
657097,FF,776319,2025-09-15,HOU,5,1,94.0
657097,FF,776242,2025-09-20,MIA,21,12,93.19
657097,FF,776210,2025-09-23,MIN,18,11,93.4
657097,FF,776183,2025-09-25,MIN,25,10,93.49
657097,FF,776158,2025-09-27,CLE,18,7,92.99
664208,SI,778473,2025-04-02,LAA,12,1,89.0
664208,SI,778443,2025-04-06,BOS,6,2,88.9
664208,SI,778408,2025-04-08,PIT,14,3,88.93
664208,SI,778389,2025-04-09,PIT,14,2,86.85
664208,SI,778365,2025-04-11,PHI,16,5,90.06
664208,SI,778336,2025-04-13,PHI,11,2,90.6
664208,SI,778290,2025-04-16,HOU,10,2,90.1
664208,SI,778270,2025-04-18,NYM,25,3,89.6
664208,SI,778244,2025-04-20,NYM,12,6,90.0
664208,SI,778233,2025-04-21,ATL,19,3,90.2
664208,SI,778184,2025-04-25,MIL,26,6,89.52
664208,SI,778164,2025-04-26,MIL,18,3,89.23
664208,SI,778053,2025-05-04,NYM,21,4,89.9
664208,SI,778036,2025-05-05,PIT,16,1,89.2
664208,SI,777962,2025-05-11,WSH,16,3,89.27
664208,SI,777933,2025-05-14,PHI,15,4,90.15
664208,SI,777827,2025-05-21,DET,24,2,89.35
664208,SI,777766,2025-05-25,AZ,20,1,87.4
664208,SI,777754,2025-05-27,BAL,7,1,89.4
664208,SI,777740,2025-05-28,BAL,10,3,89.53
664208,SI,777697,2025-05-31,TEX,18,2,87.2
664208,SI,777635,2025-06-05,KC,16,1,89.3
664208,SI,777581,2025-06-09,TOR,12,1,86.9
664208,SI,777512,2025-06-14,MIL,33,3,89.33
664208,SI,777373,2025-06-24,CHC,17,2,89.5
664208,SI,777329,2025-06-28,CLE,32,2,90.05
664208,SI,777288,2025-07-01,PIT,22,1,89.5
664208,SI,777191,2025-07-08,WSH,13,1,89.8
664208,SI,777053,2025-07-21,COL,14,1,89.5
664208,SI,777023,2025-07-24,SD,8,3,90.73
664208,SI,776908,2025-08-01,SEA,23,2,90.3
664208,SI,776897,2025-08-02,SEA,15,1,89.2
664208,SI,776800,2025-08-10,PHI,11,2,88.35
664208,SI,776746,2025-08-13,AZ,24,8,89.3
664208,SI,776690,2025-08-18,KC,12,2,88.95
664208,SI,776641,2025-08-22,CLE,19,2,90.6
664208,SI,776524,2025-08-30,ATH,22,1,90.4
664208,SI,776508,2025-08-31,ATH,29,2,90.95
664208,SI,776449,2025-09-05,HOU,22,3,89.0
664208,SI,776418,2025-09-07,HOU,23,1,89.1
664208,SI,776395,2025-09-09,MIL,12,3,89.87
664208,SI,776375,2025-09-10,MIL,10,1,89.9
664208,SI,776359,2025-09-12,NYM,13,2,90.0
664208,SI,776349,2025-09-13,NYM,15,1,91.4
664208,SI,776251,2025-09-19,MIA,18,2,90.85
664208,SI,776192,2025-09-24,MIN,14,2,91.2
664208,SI,776175,2025-09-26,CLE,27,4,90.58
668390,FF,777895,2025-05-16,HOU,40,3,95.93
668390,FF,777805,2025-05-23,CWS,14,3,95.6
668390,FF,777759,2025-05-26,TOR,11,2,94.95
668390,FF,777697,2025-05-31,STL,27,5,95.68
668390,FF,777646,2025-06-04,TB,17,5,96.3
668390,FF,777557,2025-06-10,MIN,12,2,95.85
668390,FF,777533,2025-06-12,MIN,16,3,94.97
668390,FF,777524,2025-06-13,CWS,18,2,96.3
668390,FF,777493,2025-06-15,CWS,27,7,95.66
668390,FF,777443,2025-06-19,KC,18,7,95.4
668390,FF,777365,2025-06-25,BAL,10,5,95.7
668390,FF,777057,2025-07-21,ATH,16,4,96.32
668390,FF,776981,2025-07-27,ATL,19,9,96.4
668390,FF,776958,2025-07-28,LAA,15,3,96.8
668390,FF,776897,2025-08-02,SEA,17,7,97.29
668390,FF,776883,2025-08-03,SEA,13,3,97.17
668390,FF,776845,2025-08-06,NYY,19,4,97.0
668390,FF,776821,2025-08-08,PHI,19,5,96.74
668390,FF,776800,2025-08-10,PHI,16,2,97.1
668390,FF,776764,2025-08-12,AZ,22,4,96.58
668390,FF,776735,2025-08-15,TOR,10,2,95.95
668390,FF,776710,2025-08-17,TOR,19,11,96.69
668390,FF,776675,2025-08-19,KC,29,8,96.26
668390,FF,776432,2025-09-06,HOU,29,12,96.6
668390,FF,776406,2025-09-08,MIL,18,7,95.83
668390,FF,776349,2025-09-13,NYM,15,8,96.62
668390,FF,776335,2025-09-14,NYM,9,2,96.2
668390,FF,776301,2025-09-16,HOU,21,3,96.57
668390,FF,776251,2025-09-19,MIA,18,4,96.72
668390,FF,776226,2025-09-21,MIA,13,7,96.11
668390,FF,776210,2025-09-23,MIN,34,11,95.39
676395,FF,778480,2025-04-02,CIN,16,2,94.2
676395,FF,778454,2025-04-04,TB,12,3,93.37
676395,FF,778438,2025-04-05,TB,6,1,90.5
676395,FF,778385,2025-04-09,CHC,20,8,92.59
676395,FF,778334,2025-04-13,SEA,21,5,94.6
676395,FF,778306,2025-04-15,LAA,8,4,93.45
676395,FF,778251,2025-04-19,LAD,16,6,93.95
676395,FF,778213,2025-04-22,ATH,2,2,92.55
676395,FF,778192,2025-04-24,ATH,10,3,95.13
676395,FF,778171,2025-04-25,SF,15,8,94.18
676395,FF,778151,2025-04-27,SF,10,4,93.6
676395,FF,778106,2025-04-30,ATH,10,5,94.06
676395,FF,778070,2025-05-03,SEA,12,2,94.6
676395,FF,778037,2025-05-06,BOS,8,6,94.37
676395,FF,778018,2025-05-07,BOS,10,6,94.55
676395,FF,777949,2025-05-12,COL,14,5,94.62
676395,FF,777918,2025-05-14,COL,6,3,94.9
676395,FF,777882,2025-05-17,HOU,14,4,93.58
676395,FF,777869,2025-05-18,HOU,14,3,92.8
676395,FF,777835,2025-05-21,NYY,17,6,94.2
676395,FF,777777,2025-05-25,CWS,11,3,94.13
676395,FF,777741,2025-05-27,TOR,15,5,95.08
676395,FF,777724,2025-05-28,TOR,17,8,93.75
676395,FF,777629,2025-06-05,TB,25,13,94.1
676395,FF,777596,2025-06-08,WSH,20,10,93.78
676395,FF,777524,2025-06-13,CWS,23,12,94.88
676395,FF,777508,2025-06-14,CWS,5,3,93.93
676395,FF,777443,2025-06-19,KC,12,6,94.1
676395,FF,777432,2025-06-20,PIT,10,4,95.02
676395,FF,777380,2025-06-24,BAL,9,3,95.13
676395,FF,777322,2025-06-28,SEA,10,3,94.73
676395,FF,777292,2025-06-30,BAL,16,7,93.96
676395,FF,777239,2025-07-04,SD,13,3,95.27
676395,FF,777223,2025-07-05,SD,25,13,94.58
676395,FF,777154,2025-07-11,HOU,13,5,94.86
676395,FF,777137,2025-07-12,HOU,19,13,94.33
676395,FF,777098,2025-07-18,DET,10,5,95.22
676395,FF,777043,2025-07-22,ATH,28,18,94.68
676395,FF,777033,2025-07-23,ATH,12,8,94.49
676395,FF,777009,2025-07-25,ATL,12,9,93.81
676395,FF,776932,2025-07-30,LAA,10,6,94.9
676395,FF,776908,2025-08-01,SEA,5,4,94.8
676395,FF,776897,2025-08-02,SEA,17,6,94.77
676395,FF,776845,2025-08-06,NYY,14,5,95.22
676395,FF,776821,2025-08-08,PHI,29,10,95.66
676395,FF,776800,2025-08-10,PHI,9,3,94.9
676395,FF,776764,2025-08-12,AZ,18,4,95.32
676395,FF,776735,2025-08-15,TOR,11,6,95.42
676395,FF,776690,2025-08-18,KC,18,10,94.97
676395,FF,776657,2025-08-21,KC,10,6,94.48
676395,FF,776641,2025-08-22,CLE,14,10,94.87
676395,FF,776592,2025-08-25,LAA,10,9,94.71
676395,FF,776524,2025-08-30,ATH,15,9,95.53
676395,FF,776468,2025-09-03,AZ,27,17,94.32
676395,FF,776449,2025-09-05,HOU,7,4,94.65
676395,FF,776418,2025-09-07,HOU,6,4,94.95
676395,FF,776395,2025-09-09,MIL,17,10,94.9
676395,FF,776375,2025-09-10,MIL,12,4,94.48
676395,FF,776359,2025-09-12,NYM,16,6,94.83
676395,FF,776335,2025-09-14,NYM,7,3,94.73
676395,FF,776292,2025-09-17,HOU,12,5,95.22
676395,FF,776251,2025-09-19,MIA,14,7,95.09
676395,FF,776226,2025-09-21,MIA,9,4,94.28
676395,FF,776192,2025-09-24,MIN,14,7,93.9
676395,FF,776158,2025-09-27,CLE,23,6,94.93
676961,FF,778341,2025-04-12,SEA,55,7,91.24
676961,FF,778197,2025-04-23,ATH,41,10,92.15
676961,FF,778151,2025-04-27,SF,24,3,91.5
676961,FF,778083,2025-05-02,SEA,19,7,92.41
676961,FF,778018,2025-05-07,BOS,18,6,92.15
676961,FF,777918,2025-05-14,COL,49,13,92.38
676961,FF,777849,2025-05-20,NYY,34,3,90.3
676961,FF,777805,2025-05-23,CWS,21,4,92.12
676961,FF,777792,2025-05-24,CWS,36,8,91.11
676961,FF,777709,2025-05-30,STL,37,1,92.8
676961,FF,777556,2025-06-11,MIN,16,3,92.53
676961,FF,777508,2025-06-14,CWS,17,5,92.3
676961,FF,777468,2025-06-17,KC,36,5,92.4
676961,FF,777404,2025-06-22,PIT,72,7,93.03
676961,FF,777073,2025-07-20,DET,24,5,92.7
676961,FF,777009,2025-07-25,ATL,16,7,92.3
676961,FF,776981,2025-07-27,ATL,22,4,92.78
676961,FF,776945,2025-07-29,LAA,28,8,92.05
676961,FF,776690,2025-08-18,KC,11,1,90.9
676961,FF,776666,2025-08-20,KC,68,17,90.82
676961,FF,776563,2025-08-27,LAA,12,2,91.7
676961,FF,776508,2025-08-31,ATH,20,2,91.85
676961,FF,776481,2025-09-02,AZ,20,7,91.84
676961,FF,776432,2025-09-06,HOU,39,9,92.09
677958,FF,778420,2025-04-06,TB,77,8,96.08
677958,FF,778341,2025-04-12,SEA,68,1,94.3
677958,FF,778281,2025-04-17,LAA,78,16,95.28
677958,FF,778197,2025-04-23,ATH,63,17,95.25
677958,FF,777646,2025-06-04,TB,66,20,97.84
677958,FF,777493,2025-06-15,CWS,82,25,96.17
677958,FF,777421,2025-06-21,PIT,89,16,95.63
677958,FF,777322,2025-06-28,SEA,60,9,95.9
677958,FF,777239,2025-07-04,SD,84,22,95.7
677958,FF,777171,2025-07-09,LAA,67,9,95.73
677958,FF,777088,2025-07-19,DET,96,17,95.47
677958,FF,776993,2025-07-26,ATL,95,22,94.86
677958,FF,776923,2025-07-31,SEA,91,19,96.29
681168,FF,776923,2025-07-31,SEA,20,9,96.24
681168,FF,776897,2025-08-02,SEA,17,4,96.1
681168,FF,776871,2025-08-04,NYY,12,4,95.88
681168,FF,776821,2025-08-08,PHI,44,13,95.96
681168,FF,776746,2025-08-13,AZ,13,2,96.4
681168,FF,776723,2025-08-16,TOR,15,5,96.44
681168,FF,776690,2025-08-18,KC,25,8,95.95
681168,FF,776657,2025-08-21,KC,39,13,96.65
681168,FF,776623,2025-08-23,CLE,6,3,96.07
681168,FF,776592,2025-08-25,LAA,21,2,95.45
681168,FF,776563,2025-08-27,LAA,21,2,96.2
681168,FF,776508,2025-08-31,ATH,22,10,96.37
681168,FF,776481,2025-09-02,AZ,14,4,96.82
681168,FF,776432,2025-09-06,HOU,17,6,96.4
681168,FF,776147,2025-09-28,CLE,30,16,96.34
683004,FF,778480,2025-04-02,CIN,70,15,97.97
683004,FF,778151,2025-04-27,SF,76,16,97.82
683004,FF,778083,2025-05-02,SEA,89,24,97.66
683004,FF,778006,2025-05-08,BOS,90,39,96.95
683004,FF,777934,2025-05-13,COL,89,30,97.69
683004,FF,777869,2025-05-18,HOU,87,26,97.5
683004,FF,777792,2025-05-24,CWS,94,34,97.08
683004,FF,777709,2025-05-30,STL,96,28,98.01
683004,FF,777629,2025-06-05,TB,80,25,97.14
683004,FF,777556,2025-06-11,MIN,87,26,98.09
683004,FF,777468,2025-06-17,KC,93,35,97.23
683004,FF,777404,2025-06-22,PIT,88,36,97.32
683004,FF,777302,2025-06-29,SEA,57,33,97.05
683004,FF,777207,2025-07-06,SD,85,34,97.25
683004,FF,777154,2025-07-11,HOU,87,36,97.92
683004,FF,777057,2025-07-21,ATH,95,26,96.64
683004,FF,776981,2025-07-27,ATL,100,48,97.36
683004,FF,776908,2025-08-01,SEA,92,43,98.57
683004,FF,776845,2025-08-06,NYY,68,22,96.91
683004,FF,776764,2025-08-12,AZ,91,51,97.37
683004,FF,776690,2025-08-18,KC,81,37,96.79
683004,FF,776623,2025-08-23,CLE,93,45,96.97
683004,FF,776538,2025-08-29,ATH,97,41,97.0
683004,FF,776468,2025-09-03,AZ,99,46,97.05
683004,FF,776395,2025-09-09,MIL,89,46,96.14
683004,FF,776319,2025-09-15,HOU,102,37,96.81
683004,FF,776242,2025-09-20,MIA,94,39,96.87
683004,FF,776175,2025-09-26,CLE,101,47,97.86
453286,FF,777368,2025-06-25,CLE,79,35,93.2
453286,FF,777295,2025-06-30,NYY,71,35,93.6
453286,FF,777231,2025-07-05,LAA,72,38,93.78
453286,FF,777152,2025-07-11,ATH,90,41,94.02
453286,FF,777046,2025-07-22,NYY,90,43,93.9
453286,FF,776987,2025-07-27,DET,96,43,94.12
453286,FF,776900,2025-08-02,KC,84,40,93.59
453286,FF,776823,2025-08-08,LAD,98,52,94.24
453286,FF,776747,2025-08-14,CHC,78,35,93.91
453286,FF,776679,2025-08-19,PIT,104,49,93.87
453286,FF,776596,2025-08-25,MIN,97,46,92.94
453286,FF,776515,2025-08-31,MIL,67,37,92.49
453286,FF,776423,2025-09-07,NYY,93,46,93.6
453286,FF,776343,2025-09-13,BAL,91,44,93.88
453286,FF,776260,2025-09-19,KC,45,21,93.25
453286,FF,776206,2025-09-24,BOS,86,50,93.52
554340,FF,778478,2025-04-02,WSH,7,2,96.9
554340,FF,778446,2025-04-05,NYM,10,3,94.17
554340,FF,778426,2025-04-07,BOS,24,12,94.35
554340,FF,778377,2025-04-10,BOS,23,9,95.62
554340,FF,778344,2025-04-13,BAL,15,9,95.76
554340,FF,778297,2025-04-16,ATL,18,10,96.27
554340,FF,778273,2025-04-18,SEA,11,5,96.52
554340,FF,778200,2025-04-23,HOU,14,5,96.06
554340,FF,778185,2025-04-25,NYY,13,6,95.83
554340,FF,778114,2025-04-30,BOS,9,6,96.52
554340,FF,778095,2025-05-01,BOS,12,6,97.28
554340,FF,778064,2025-05-03,CLE,32,12,95.77
554340,FF,778025,2025-05-06,LAA,24,12,94.98
554340,FF,777984,2025-05-09,SEA,28,11,96.93
554340,FF,777923,2025-05-14,TB,7,3,96.63
554340,FF,777886,2025-05-17,DET,8,2,96.5
554340,FF,777871,2025-05-18,DET,17,12,97.22
554340,FF,777816,2025-05-22,SD,9,4,95.78
554340,FF,777274,2025-07-02,NYY,34,12,95.78
570632,FF,778138,2025-04-28,WSH,68,7,97.09
570632,FF,778025,2025-05-06,LAA,74,8,96.26
570632,FF,777958,2025-05-11,SEA,31,4,96.0
570632,FF,777913,2025-05-15,TB,17,5,96.92
570632,FF,777837,2025-05-21,SD,35,1,97.4
570632,FF,777727,2025-05-29,ATH,31,5,97.6
570632,FF,777631,2025-06-05,NYM,31,6,97.0
570632,FF,776892,2025-08-03,CLE,69,9,96.32
570632,FF,776796,2025-08-10,KC,73,8,96.91
570632,FF,776732,2025-08-15,DET,76,15,95.69
570632,FF,776653,2025-08-21,ATH,96,14,95.09
570632,FF,776444,2025-09-05,ATH,58,2,95.95
570632,FF,776376,2025-09-10,MIN,71,3,96.73
570632,FF,776317,2025-09-14,SEA,50,6,96.87
570632,FF,776155,2025-09-27,HOU,31,1,96.9
592332,FF,778465,2025-04-04,NYM,87,45,94.05
592332,FF,778386,2025-04-09,BOS,93,58,92.79
592332,FF,778311,2025-04-15,ATL,98,59,94.58
592332,FF,778231,2025-04-21,HOU,96,43,95.59
592332,FF,778156,2025-04-27,NYY,71,50,93.76
592332,FF,778064,2025-05-03,CLE,94,54,95.17
592332,FF,777984,2025-05-09,SEA,99,50,93.75
592332,FF,777913,2025-05-15,TB,101,52,95.82
592332,FF,777837,2025-05-21,SD,92,44,94.57
592332,FF,777759,2025-05-26,TEX,96,48,94.57
592332,FF,777685,2025-06-01,ATH,96,45,92.98
592332,FF,777600,2025-06-07,MIN,104,62,94.52
592332,FF,777531,2025-06-13,PHI,95,51,95.02
592332,FF,777448,2025-06-19,AZ,81,43,93.59
592332,FF,777354,2025-06-26,CLE,104,53,95.54
592332,FF,777283,2025-07-01,NYY,99,50,93.78
592332,FF,777214,2025-07-06,LAA,107,57,94.85
592332,FF,777132,2025-07-12,ATH,96,51,94.0
592332,FF,777066,2025-07-21,NYY,86,63,93.76
592332,FF,777003,2025-07-26,DET,96,46,93.33
592332,FF,776920,2025-08-01,KC,93,56,93.94
592332,FF,776836,2025-08-06,COL,102,51,94.93
592332,FF,776757,2025-08-13,CHC,84,51,93.49
592332,FF,776694,2025-08-18,PIT,96,48,94.29
592332,FF,776614,2025-08-24,MIA,94,54,94.88
592332,FF,776527,2025-08-30,MIL,96,49,94.69
592332,FF,776457,2025-09-05,NYY,105,61,95.16
592332,FF,776369,2025-09-11,HOU,100,55,94.98
592332,FF,776290,2025-09-17,TB,95,48,95.12
592332,FF,776217,2025-09-23,BOS,92,42,95.09
592332,FF,776145,2025-09-28,TB,85,36,94.63
596271,SI,778383,2025-04-09,HOU,53,25,87.57
596271,SI,778273,2025-04-18,TOR,8,2,88.6
596271,SI,778258,2025-04-19,TOR,12,6,86.62
596271,SI,778175,2025-04-25,MIA,83,29,87.34
596271,SI,778127,2025-04-29,BOS,52,22,87.99
596271,SI,777846,2025-05-20,CWS,68,26,87.28
605135,FF,778446,2025-04-05,NYM,91,10,90.55
605135,FF,778377,2025-04-10,BOS,86,6,90.13
605135,FF,778297,2025-04-16,ATL,90,8,91.98
605135,FF,778217,2025-04-22,HOU,96,5,91.8
605135,FF,778081,2025-05-02,CLE,98,3,91.3
605135,FF,777923,2025-05-14,TB,94,1,91.1
605135,FF,777845,2025-05-20,SD,100,7,92.37
605135,FF,777775,2025-05-25,TB,82,14,90.22
605135,FF,777716,2025-05-30,ATH,82,14,92.14
605135,FF,777637,2025-06-05,PHI,99,9,91.73
605135,FF,777558,2025-06-10,STL,89,6,91.35
605135,FF,777479,2025-06-17,AZ,97,1,92.6
605135,FF,777408,2025-06-22,CWS,82,2,92.35
605135,FF,777323,2025-06-28,BOS,70,5,91.0
605135,FF,777260,2025-07-03,NYY,109,21,91.6
605135,FF,777188,2025-07-08,CWS,78,4,91.88
605135,FF,777108,2025-07-18,SF,97,14,90.81
605135,FF,777027,2025-07-23,NYY,94,11,92.28
605135,FF,776966,2025-07-28,BAL,69,9,91.69
605135,FF,776893,2025-08-03,KC,91,13,91.82
605135,FF,776808,2025-08-09,LAD,68,10,91.93
605135,FF,776735,2025-08-15,TEX,100,21,91.66
605135,FF,776661,2025-08-20,PIT,107,7,92.24
605135,FF,776582,2025-08-26,MIN,93,11,91.01
605135,FF,776503,2025-09-01,CIN,107,14,91.29
605135,FF,776436,2025-09-06,NYY,80,4,91.65
605135,FF,776353,2025-09-12,BAL,75,12,91.31
605135,FF,776269,2025-09-18,TB,85,18,91.18
605513,FF,777545,2025-06-11,STL,29,9,90.79
605513,FF,777499,2025-06-15,PHI,51,23,91.31
605513,FF,777435,2025-06-20,CWS,45,15,90.31
621244,FF,778491,2025-04-01,WSH,95,26,93.84
621244,FF,778426,2025-04-07,BOS,88,22,92.51
621244,FF,778344,2025-04-13,BAL,86,21,92.52
621244,FF,778258,2025-04-19,SEA,82,16,92.71
621244,FF,778185,2025-04-25,NYY,89,18,93.23
621244,FF,778095,2025-05-01,BOS,88,18,93.9
621244,FF,778009,2025-05-07,LAA,89,7,92.13
621244,FF,777935,2025-05-13,TB,83,17,92.49
621244,FF,777871,2025-05-18,DET,83,11,93.07
621244,FF,777795,2025-05-24,TB,95,12,91.65
621244,FF,777727,2025-05-29,ATH,90,20,92.82
621244,FF,777651,2025-06-04,PHI,89,15,93.71
621244,FF,777581,2025-06-09,STL,88,20,93.2
621244,FF,777499,2025-06-15,PHI,88,18,93.43
621244,FF,777418,2025-06-21,CWS,98,10,92.67
621244,FF,777345,2025-06-27,BOS,91,18,93.44
621244,FF,777274,2025-07-02,NYY,83,16,92.81
621244,FF,777212,2025-07-07,CWS,76,13,91.89
621244,FF,777116,2025-07-13,ATH,61,7,92.16
621244,FF,777079,2025-07-20,SF,89,19,92.61
621244,FF,777016,2025-07-25,DET,85,13,93.35
621244,FF,776948,2025-07-30,BAL,73,9,92.51
621244,FF,776854,2025-08-05,COL,81,17,93.05
621244,FF,776768,2025-08-12,CHC,91,17,92.71
621244,FF,776710,2025-08-17,TEX,87,15,92.36
621244,FF,776630,2025-08-23,MIA,81,6,91.6
621244,FF,776491,2025-09-02,CIN,66,7,92.89
621244,FF,776385,2025-09-10,HOU,81,13,93.42
621244,FF,776305,2025-09-16,TB,78,21,92.97
621244,FF,776206,2025-09-24,BOS,39,3,93.37
621366,SI,778449,2025-04-05,NYY,17,1,94.2
621366,SI,778428,2025-04-06,NYY,26,2,92.4
621366,SI,778389,2025-04-09,STL,11,4,92.85
621366,SI,778343,2025-04-13,CIN,13,2,94.2
621366,SI,778314,2025-04-15,WSH,17,8,93.31
621366,SI,778280,2025-04-17,WSH,8,3,93.67
621366,SI,778211,2025-04-22,LAA,15,4,92.5
621366,SI,778176,2025-04-25,LAD,9,4,94.68
621366,SI,778112,2025-04-30,CHC,15,1,93.6
621366,SI,778090,2025-05-02,SD,28,6,93.35
621366,SI,778036,2025-05-05,STL,13,2,93.55
621366,SI,778016,2025-05-07,STL,10,1,94.9
621366,SI,777967,2025-05-11,ATL,20,7,93.94
621366,SI,777943,2025-05-13,NYM,16,9,93.26
621366,SI,777905,2025-05-16,PHI,14,1,94.2
621366,SI,777814,2025-05-22,MIL,8,2,92.1
621366,SI,777806,2025-05-23,MIL,13,2,93.85
621366,SI,777776,2025-05-25,MIL,31,7,93.49
621366,SI,777729,2025-05-28,AZ,23,9,93.74
621366,SI,777630,2025-06-05,HOU,20,6,93.63
621366,SI,777566,2025-06-10,MIA,8,1,95.5
621366,SI,777513,2025-06-14,CHC,12,2,95.0
621366,SI,777451,2025-06-19,DET,15,7,94.67
621366,SI,777432,2025-06-20,TEX,16,7,94.36
621366,SI,776879,2025-08-04,SF,20,6,93.92
621366,SI,776844,2025-08-06,SF,5,2,94.4
621366,SI,776840,2025-08-07,CIN,14,2,94.2
621366,SI,776812,2025-08-09,CIN,14,1,95.4
621366,SI,776801,2025-08-10,CIN,10,4,94.75
621366,SI,776771,2025-08-12,MIL,24,9,95.38
621366,SI,776475,2025-09-03,CIN,20,3,94.87
621366,SI,776423,2025-09-07,NYY,15,4,94.2
621366,SI,776353,2025-09-12,BAL,14,7,94.63
621366,SI,776322,2025-09-14,BAL,28,9,93.83
622253,SI,778241,2025-04-20,SEA,31,9,90.66
622253,SI,778156,2025-04-27,NYY,20,10,91.72
622253,SI,778127,2025-04-29,BOS,33,17,92.64
622253,SI,778056,2025-05-04,CLE,27,3,90.83
622253,SI,778025,2025-05-06,LAA,7,1,90.2
622253,SI,776491,2025-09-02,CIN,21,7,94.06
622554,FF,778455,2025-04-04,KC,20,8,97.34
622554,FF,778422,2025-04-06,KC,16,10,97.36
622554,FF,778396,2025-04-08,AZ,14,3,96.4
622554,FF,778344,2025-04-13,TOR,16,11,96.75
622554,FF,778292,2025-04-17,CLE,3,2,97.15
622554,FF,778262,2025-04-19,CIN,15,9,97.43
622554,FF,778180,2025-04-26,DET,24,13,97.5
622554,FF,778115,2025-04-30,NYY,5,2,97.8
622554,FF,778072,2025-05-03,KC,16,10,97.67
622554,FF,778011,2025-05-07,MIN,17,11,97.99
622554,FF,777961,2025-05-11,LAA,10,4,97.22
622554,FF,777911,2025-05-15,MIN,24,12,97.99
622554,FF,777890,2025-05-17,WSH,7,2,97.4
622554,FF,777860,2025-05-19,MIL,13,8,97.91
622554,FF,777826,2025-05-21,MIL,13,7,97.83
622554,FF,777815,2025-05-23,BOS,19,7,98.04
622554,FF,777790,2025-05-24,BOS,19,15,97.87
622554,FF,777771,2025-05-26,STL,11,4,97.68
622554,FF,777740,2025-05-28,STL,13,6,97.78
622554,FF,777699,2025-05-31,CWS,12,9,97.44
622554,FF,777645,2025-06-04,SEA,8,2,97.75
622554,FF,777613,2025-06-06,ATH,18,3,97.97
622554,FF,777599,2025-06-07,ATH,13,10,98.08
622554,FF,777573,2025-06-10,DET,11,8,97.41
622554,FF,777519,2025-06-14,LAA,17,8,98.01
622554,FF,777501,2025-06-15,LAA,7,3,97.43
622554,FF,777463,2025-06-18,TB,8,3,97.6
622554,FF,777446,2025-06-19,TB,19,10,97.54
622554,FF,777406,2025-06-22,NYY,12,6,97.9
622554,FF,777380,2025-06-24,TEX,21,9,97.93
622554,FF,777343,2025-06-27,TB,12,7,98.31
622554,FF,777292,2025-06-30,TEX,28,20,97.28
622554,FF,777222,2025-07-06,ATL,14,7,98.61
622554,FF,777198,2025-07-08,NYM,11,9,97.83
622554,FF,777181,2025-07-10,NYM,17,10,98.45
622554,FF,777141,2025-07-12,MIA,10,7,98.87
622554,FF,777095,2025-07-19,TB,18,10,97.41
622554,FF,777056,2025-07-22,CLE,10,7,97.59
622554,FF,777019,2025-07-24,CLE,14,6,98.17
622554,FF,776986,2025-07-27,COL,10,2,97.7
622554,FF,776962,2025-07-29,BAL,5,4,97.82
622554,FF,776948,2025-07-30,BAL,12,5,98.16
622554,FF,776900,2025-08-02,KC,11,4,96.52
622554,FF,776893,2025-08-03,KC,11,3,97.23
622554,FF,776808,2025-08-09,LAD,17,4,98.28
622554,FF,776788,2025-08-10,LAD,19,12,97.05
622554,FF,776747,2025-08-14,CHC,4,2,98.0
622554,FF,776723,2025-08-16,TEX,12,5,97.42
622554,FF,776694,2025-08-18,PIT,23,6,98.28
622554,FF,776661,2025-08-20,PIT,18,11,97.8
622554,FF,776630,2025-08-23,MIA,14,11,97.14
622554,FF,776582,2025-08-26,MIN,6,3,97.87
622554,FF,776567,2025-08-27,MIN,17,8,97.55
622554,FF,776527,2025-08-30,MIL,9,2,96.25
622554,FF,776515,2025-08-31,MIL,11,9,98.12
622554,FF,776491,2025-09-02,CIN,17,8,98.42
622554,FF,776393,2025-09-09,HOU,14,9,97.07
622554,FF,776343,2025-09-13,BAL,9,3,97.03
622554,FF,776316,2025-09-15,TB,11,7,97.21
622554,FF,776305,2025-09-16,TB,17,8,97.44
622554,FF,776269,2025-09-18,TB,5,1,96.4
622554,FF,776229,2025-09-21,KC,14,8,97.26
622554,FF,776186,2025-09-25,BOS,15,8,96.85
622554,FF,776159,2025-09-27,TB,23,16,97.49
641778,FF,778114,2025-04-30,BOS,67,29,91.13
641778,FF,777958,2025-05-11,SEA,55,21,92.5
641778,FF,777886,2025-05-17,DET,38,18,91.73
641778,FF,777810,2025-05-23,TB,83,47,90.89
641778,FF,777724,2025-05-28,TEX,38,20,92.53
641778,FF,777665,2025-06-03,PHI,40,19,91.45
641778,FF,777615,2025-06-06,MIN,41,24,92.78
641778,FF,777545,2025-06-11,STL,65,31,92.19
641778,FF,777462,2025-06-18,AZ,69,38,92.23
641778,FF,777384,2025-06-24,CLE,79,34,92.24
641778,FF,777310,2025-06-29,BOS,79,40,90.98
641778,FF,777242,2025-07-04,LAA,92,49,92.24
641778,FF,777172,2025-07-09,CWS,68,31,90.26
641778,FF,777094,2025-07-19,SF,75,39,92.35
641778,FF,777021,2025-07-24,DET,89,42,91.14
641778,FF,776962,2025-07-29,BAL,72,28,91.5
641778,FF,776872,2025-08-04,COL,91,41,90.93
641778,FF,776788,2025-08-10,LAD,69,34,91.88
641778,FF,776723,2025-08-16,TEX,98,53,91.68
641778,FF,776567,2025-08-27,MIN,89,52,91.07
641778,FF,776491,2025-09-02,CIN,44,22,91.2
641778,FF,776343,2025-09-13,BAL,21,11,92.79
641778,FF,776305,2025-09-16,TB,22,14,92.08
641778,FF,776269,2025-09-18,TB,30,14,91.89
641778,FF,776229,2025-09-21,KC,7,3,91.0
641778,FF,776186,2025-09-25,BOS,43,23,93.05
641778,FF,776145,2025-09-28,TB,10,6,92.08
643338,FF,778491,2025-04-01,WSH,4,3,93.6
643338,FF,778478,2025-04-02,WSH,11,6,94.02
643338,FF,778435,2025-04-06,NYM,21,13,93.79
643338,FF,778404,2025-04-08,BOS,14,7,94.24
643338,FF,778377,2025-04-10,BOS,23,16,94.72
643338,FF,778362,2025-04-12,BAL,5,3,94.1
643338,FF,778311,2025-04-15,ATL,21,14,94.77
643338,FF,778273,2025-04-18,SEA,5,3,94.3
643338,FF,778258,2025-04-19,SEA,22,9,95.72
643338,FF,778200,2025-04-23,HOU,25,14,94.79
643338,FF,778170,2025-04-27,NYY,19,12,94.98
643338,FF,778114,2025-04-30,BOS,11,6,94.78
643338,FF,778081,2025-05-02,CLE,11,5,95.46
643338,FF,778064,2025-05-03,CLE,17,5,95.64
643338,FF,778025,2025-05-06,LAA,20,4,95.2
643338,FF,778000,2025-05-08,LAA,9,8,95.04
643338,FF,777935,2025-05-13,TB,14,8,96.09
643338,FF,777906,2025-05-16,DET,15,7,95.33
643338,FF,777886,2025-05-17,DET,10,6,95.78
643338,FF,777816,2025-05-22,SD,12,6,95.55
643338,FF,777810,2025-05-23,TB,16,8,95.4
643338,FF,777741,2025-05-27,TEX,16,6,94.25
643338,FF,777716,2025-05-30,ATH,19,12,95.42
643338,FF,777685,2025-06-01,ATH,17,8,95.31
643338,FF,777651,2025-06-04,PHI,12,4,95.75
643338,FF,777600,2025-06-07,MIN,15,9,95.09
643338,FF,777558,2025-06-10,STL,19,9,95.91
643338,FF,777509,2025-06-14,PHI,23,11,95.43
643338,FF,777462,2025-06-18,AZ,16,8,96.04
643338,FF,777435,2025-06-20,CWS,19,8,96.42
643338,FF,777418,2025-06-21,CWS,12,6,94.72
643338,FF,777384,2025-06-24,CLE,14,7,95.51
643338,FF,777354,2025-06-26,CLE,21,14,95.99
643338,FF,777295,2025-06-30,NYY,10,4,96.22
643338,FF,777283,2025-07-01,NYY,12,6,95.53
643338,FF,777260,2025-07-03,NYY,19,7,95.34
643338,FF,777242,2025-07-04,LAA,14,6,95.7
643338,FF,777212,2025-07-07,CWS,12,7,94.8
643338,FF,777132,2025-07-12,ATH,21,7,95.41
643338,FF,777094,2025-07-19,SF,15,7,95.37
643338,FF,777021,2025-07-24,DET,20,8,95.81
643338,FF,776987,2025-07-27,DET,24,12,95.06
643338,FF,778372,2025-07-29,BAL,23,11,95.3
656546,FF,778491,2025-04-01,WSH,8,1,97.7
656546,FF,778478,2025-04-02,WSH,10,7,95.94
656546,FF,778426,2025-04-07,BOS,9,6,95.5
656546,FF,778386,2025-04-09,BOS,20,4,96.8
656546,FF,778344,2025-04-13,BAL,24,10,97.8
656546,FF,778297,2025-04-16,ATL,19,8,97.26
656546,FF,778273,2025-04-18,SEA,17,6,97.62
656546,FF,778200,2025-04-23,HOU,19,6,96.57
656546,FF,778185,2025-04-25,NYY,13,3,97.67
656546,FF,778114,2025-04-30,BOS,27,10,97.48
656546,FF,778081,2025-05-02,CLE,26,11,97.32
656546,FF,778025,2025-05-06,LAA,9,2,96.45
656546,FF,777984,2025-05-09,SEA,18,5,97.4
656546,FF,777970,2025-05-10,SEA,17,5,96.44
656546,FF,777935,2025-05-13,TB,21,9,97.09
656546,FF,777886,2025-05-17,DET,10,4,96.85
656546,FF,777845,2025-05-20,SD,9,3,97.37
656546,FF,777816,2025-05-22,SD,23,10,96.9
656546,FF,777759,2025-05-26,TEX,13,3,96.8
656546,FF,777724,2025-05-28,TEX,14,6,96.68
656546,FF,777701,2025-05-31,ATH,18,7,96.43
656546,FF,777685,2025-06-01,ATH,12,6,96.47
656546,FF,777615,2025-06-06,MIN,20,9,96.54
656546,FF,777600,2025-06-07,MIN,18,8,95.86
656546,FF,777581,2025-06-09,STL,9,3,96.3
656546,FF,777558,2025-06-10,STL,2,1,95.9
656546,FF,777479,2025-06-17,AZ,10,7,96.7
656546,FF,777435,2025-06-20,CWS,14,2,96.7
656546,FF,777408,2025-06-22,CWS,21,10,95.71
656546,FF,777368,2025-06-25,CLE,18,5,96.84
656546,FF,777310,2025-06-29,BOS,14,2,96.05
656546,FF,777295,2025-06-30,NYY,22,9,96.86
656546,FF,777274,2025-07-02,NYY,14,8,97.04
656546,FF,777260,2025-07-03,NYY,16,4,96.75
656546,FF,777152,2025-07-11,ATH,33,7,96.76
656546,FF,777108,2025-07-18,SF,13,9,97.63
656546,FF,777094,2025-07-19,SF,11,5,96.7
656546,FF,777066,2025-07-21,NYY,16,11,97.74
656546,FF,777046,2025-07-22,NYY,11,6,97.15
656546,FF,776962,2025-07-29,BAL,17,6,96.0
656546,FF,776948,2025-07-30,BAL,15,4,96.05
656546,FF,776900,2025-08-02,KC,18,8,96.22
656546,FF,776893,2025-08-03,KC,6,1,96.8
656546,FF,776788,2025-08-10,LAD,33,21,96.22
656546,FF,776768,2025-08-12,CHC,14,4,95.65
656546,FF,776747,2025-08-14,CHC,12,6,96.27
656546,FF,776735,2025-08-15,TEX,11,5,96.64
656546,FF,776679,2025-08-19,PIT,9,4,96.62
656546,FF,776646,2025-08-22,MIA,18,6,95.93
656546,FF,776630,2025-08-23,MIA,17,9,95.27
656546,FF,776582,2025-08-26,MIN,25,10,95.28
656546,FF,776567,2025-08-27,MIN,14,4,95.88
656546,FF,776527,2025-08-30,MIL,21,7,95.69
656546,FF,776515,2025-08-31,MIL,18,6,96.17
656546,FF,776491,2025-09-02,CIN,18,6,95.62
656546,FF,776475,2025-09-03,CIN,13,4,96.18
656546,FF,776423,2025-09-07,NYY,21,6,95.88
656546,FF,776393,2025-09-09,HOU,10,3,95.5
656546,FF,776385,2025-09-10,HOU,17,7,94.81
656546,FF,776316,2025-09-15,TB,18,7,94.47
656546,FF,776305,2025-09-16,TB,19,9,94.41
656546,FF,776245,2025-09-20,KC,19,3,94.73
656546,FF,776229,2025-09-21,KC,11,2,94.45
656546,FF,776186,2025-09-25,BOS,23,8,95.4
656546,FF,776177,2025-09-26,TB,25,13,94.76
657024,FF,777685,2025-06-01,ATH,13,5,92.52
657024,FF,777665,2025-06-03,PHI,17,7,93.33
657024,FF,777637,2025-06-05,PHI,10,8,92.62
657024,FF,777585,2025-06-08,MIN,29,9,92.73
657024,FF,777531,2025-06-13,PHI,31,14,93.27
657024,FF,777499,2025-06-15,PHI,27,16,92.9
663893,SI,778478,2025-04-02,WSH,13,7,93.51
663893,SI,778446,2025-04-05,NYM,20,12,92.9
663893,SI,778435,2025-04-06,NYM,11,4,92.55
663893,SI,778404,2025-04-08,BOS,4,3,92.67
663893,SI,778377,2025-04-10,BOS,14,13,93.15
663893,SI,778344,2025-04-13,BAL,5,2,92.35
663893,SI,778311,2025-04-15,ATL,19,8,94.14
663893,SI,778297,2025-04-16,ATL,20,11,92.92
663893,SI,778258,2025-04-19,SEA,18,4,93.02
663893,SI,778217,2025-04-22,HOU,14,4,93.5
663893,SI,778185,2025-04-25,NYY,20,12,94.22
663893,SI,778170,2025-04-27,NYY,8,6,92.53
663893,SI,778114,2025-04-30,BOS,15,3,93.87
663893,SI,778081,2025-05-02,CLE,23,3,93.47
663893,SI,778056,2025-05-04,CLE,24,14,93.46
663893,SI,778009,2025-05-07,LAA,15,7,93.89
663893,SI,777984,2025-05-09,SEA,23,8,93.78
663893,SI,777923,2025-05-14,TB,25,9,93.73
663893,SI,777906,2025-05-16,DET,21,12,93.89
663893,SI,777886,2025-05-17,DET,12,6,94.22
663893,SI,777845,2025-05-20,SD,11,7,93.84
663893,SI,777816,2025-05-22,SD,34,12,93.99
663893,SI,777724,2025-05-28,TEX,9,3,94.3
663893,SI,777716,2025-05-30,ATH,12,8,94.56
663893,SI,777701,2025-05-31,ATH,20,14,94.06
663893,SI,777651,2025-06-04,PHI,20,5,94.16
663893,SI,777615,2025-06-06,MIN,37,12,94.04
663893,SI,777581,2025-06-09,STL,24,17,93.09
663893,SI,777545,2025-06-11,STL,31,18,94.01
663893,SI,777509,2025-06-14,PHI,19,9,93.51
663893,SI,777479,2025-06-17,AZ,19,7,93.86
663893,SI,777435,2025-06-20,CWS,17,11,93.76
663893,SI,777408,2025-06-22,CWS,18,5,94.14
663893,SI,777368,2025-06-25,CLE,29,18,93.48
663893,SI,777310,2025-06-29,BOS,9,7,93.3
663893,SI,777295,2025-06-30,NYY,20,9,93.8
663893,SI,777274,2025-07-02,NYY,30,14,92.68
663893,SI,777242,2025-07-04,LAA,17,10,93.35
663893,SI,777214,2025-07-06,LAA,16,4,92.62
663893,SI,777172,2025-07-09,CWS,13,4,92.12
663893,SI,777152,2025-07-11,ATH,16,6,92.52
663893,SI,777116,2025-07-13,ATH,20,5,92.46
663893,SI,777108,2025-07-18,SF,12,3,92.47
663893,SI,777094,2025-07-19,SF,11,8,91.75
663893,SI,777066,2025-07-21,NYY,12,5,92.56
663893,SI,777016,2025-07-25,DET,13,5,92.82
663893,SI,776966,2025-07-28,BAL,24,14,93.24
663893,SI,776948,2025-07-30,BAL,9,3,92.77
663893,SI,776900,2025-08-02,KC,12,5,92.82
663893,SI,776893,2025-08-03,KC,13,5,92.92
663893,SI,776823,2025-08-08,LAD,12,8,93.1
663893,SI,776788,2025-08-10,LAD,12,7,93.74
663893,SI,776768,2025-08-12,CHC,12,4,93.08
663893,SI,776747,2025-08-14,CHC,16,7,93.43
663893,SI,776710,2025-08-17,TEX,13,11,92.94
663893,SI,776694,2025-08-18,PIT,14,9,93.89
663893,SI,776661,2025-08-20,PIT,18,13,92.98
663893,SI,776646,2025-08-22,MIA,9,3,93.33
663893,SI,776630,2025-08-23,MIA,10,9,93.54
663893,SI,776582,2025-08-26,MIN,25,11,92.72
663893,SI,776546,2025-08-29,MIL,16,9,92.97
663893,SI,776515,2025-08-31,MIL,11,9,93.19
663893,SI,776503,2025-09-01,CIN,9,3,93.8
663893,SI,776436,2025-09-06,NYY,20,6,93.63
663893,SI,776385,2025-09-10,HOU,7,2,94.3
663893,SI,776353,2025-09-12,BAL,10,5,93.14
663893,SI,776316,2025-09-15,TB,14,1,93.1
663893,SI,776305,2025-09-16,TB,16,4,93.85
663893,SI,776260,2025-09-19,KC,4,2,93.05
663893,SI,776229,2025-09-21,KC,23,6,93.15
663893,SI,776206,2025-09-24,BOS,8,3,93.33
663893,SI,776186,2025-09-25,BOS,4,3,93.73
663893,SI,776177,2025-09-26,TB,10,6,93.7
663893,SI,776145,2025-09-28,TB,20,12,93.46
667297,SI,777132,2025-07-12,ATH,12,4,94.72
667297,SI,777116,2025-07-13,ATH,17,4,94.05
667297,SI,777079,2025-07-20,SF,25,10,94.66
667297,SI,777003,2025-07-26,DET,19,5,94.54
667297,SI,776966,2025-07-28,BAL,17,5,94.2
667297,SI,776920,2025-08-01,KC,21,5,94.5
667297,SI,776893,2025-08-03,KC,6,2,94.8
667297,SI,776854,2025-08-05,COL,9,2,94.65
667297,SI,776836,2025-08-06,COL,17,4,95.18
667297,SI,776808,2025-08-09,LAD,14,6,95.28
667297,SI,776768,2025-08-12,CHC,13,5,94.58
667297,SI,776757,2025-08-13,CHC,10,1,94.2
667297,SI,776723,2025-08-16,TEX,28,9,94.66
667297,SI,776679,2025-08-19,PIT,23,5,95.44
667297,SI,776630,2025-08-23,MIA,13,3,95.3
667297,SI,776596,2025-08-25,MIN,13,3,94.5
667297,SI,776567,2025-08-27,MIN,20,4,94.6
667297,SI,776546,2025-08-29,MIL,25,7,94.76
667297,SI,776515,2025-08-31,MIL,15,1,95.5
667297,SI,776503,2025-09-01,CIN,13,2,95.15
667297,SI,776475,2025-09-03,CIN,10,3,94.83
667297,SI,776393,2025-09-09,HOU,7,4,94.12
667297,SI,776343,2025-09-13,BAL,5,3,94.17
667297,SI,776305,2025-09-16,TB,19,5,94.38
667297,SI,776290,2025-09-17,TB,10,2,93.5
667297,SI,776260,2025-09-19,KC,40,14,93.8
667297,SI,776206,2025-09-24,BOS,12,4,93.68
667297,SI,776177,2025-09-26,TB,14,3,95.13
667297,SI,776159,2025-09-27,TB,10,3,93.17
669456,FF,776646,2025-08-22,MIA,86,26,92.67
669456,FF,776546,2025-08-29,MIL,92,37,92.72
669456,FF,776475,2025-09-03,CIN,98,40,93.23
669456,FF,776393,2025-09-09,HOU,94,30,92.46
669456,FF,776322,2025-09-14,BAL,97,36,92.25
669456,FF,776245,2025-09-20,KC,87,34,92.02
669456,FF,776177,2025-09-26,TB,90,27,92.57
670102,FF,778435,2025-04-06,NYM,89,52,91.63
670102,FF,778362,2025-04-12,BAL,82,57,92.0
670102,FF,778273,2025-04-18,SEA,68,49,92.59
670102,FF,778200,2025-04-23,HOU,75,49,92.65
670102,FF,778127,2025-04-29,BOS,67,38,93.25
670102,FF,778056,2025-05-04,CLE,72,40,92.23
670102,FF,777970,2025-05-10,SEA,82,50,91.85
670102,FF,777906,2025-05-16,DET,81,55,91.66
670102,FF,777816,2025-05-22,SD,62,39,92.79
670102,FF,777741,2025-05-27,TEX,65,52,93.01
670102,FF,777665,2025-06-03,PHI,43,32,93.39
670102,FF,777585,2025-06-08,MIN,74,49,92.97
670102,FF,777509,2025-06-14,PHI,71,25,93.28
677865,SI,777462,2025-06-18,AZ,15,8,91.7
677865,SI,777448,2025-06-19,AZ,15,12,90.31
677865,SI,777283,2025-07-01,NYY,9,5,90.06
677865,SI,777260,2025-07-03,NYY,7,2,90.05
677865,SI,777132,2025-07-12,ATH,12,6,90.18
677865,SI,777116,2025-07-13,ATH,8,2,90.4
677865,SI,777079,2025-07-20,SF,14,4,90.05
677865,SI,777046,2025-07-22,NYY,10,9,90.48
677865,SI,777027,2025-07-23,NYY,10,9,89.86
677865,SI,776987,2025-07-27,DET,27,13,90.15
677865,SI,776966,2025-07-28,BAL,13,7,89.76
677865,SI,776596,2025-08-25,MIN,30,17,89.82
677865,SI,776567,2025-08-27,MIN,12,4,90.6
677865,SI,776546,2025-08-29,MIL,19,9,90.38
677865,SI,776159,2025-09-27,TB,12,4,89.18
680704,FF,778446,2025-04-05,NYM,22,3,89.57
680704,FF,778377,2025-04-10,BOS,19,2,91.8
680704,FF,778344,2025-04-13,BAL,14,3,92.2
680704,FF,778297,2025-04-16,ATL,13,1,92.3
680704,FF,777435,2025-06-20,CWS,19,8,91.6
680704,FF,777408,2025-06-22,CWS,21,5,91.46
680704,FF,777368,2025-06-25,CLE,16,2,91.85
680704,FF,777345,2025-06-27,BOS,17,6,91.47
680704,FF,777310,2025-06-29,BOS,16,3,89.97
680704,FF,777283,2025-07-01,NYY,8,2,91.05
680704,FF,777242,2025-07-04,LAA,16,5,91.68
680704,FF,777231,2025-07-05,LAA,12,3,90.63
680704,FF,777212,2025-07-07,CWS,6,1,90.5
680755,FF,777958,2025-05-11,SEA,11,2,96.3
680755,FF,777913,2025-05-15,TB,29,3,95.87
680755,FF,777871,2025-05-18,DET,19,3,95.8
680755,FF,777810,2025-05-23,TB,22,5,94.86
680755,FF,777724,2025-05-28,TEX,20,6,95.12
680755,FF,777701,2025-05-31,ATH,35,11,95.51
680755,FF,777665,2025-06-03,PHI,18,4,96.35
680755,FF,777585,2025-06-08,MIN,28,4,95.58
680755,FF,777545,2025-06-11,STL,9,1,95.6
680755,FF,777531,2025-06-13,PHI,12,1,95.9
680755,FF,777509,2025-06-14,PHI,18,5,95.04
680755,FF,777479,2025-06-17,AZ,8,1,95.9
680755,FF,777448,2025-06-19,AZ,6,1,96.3
680755,FF,777435,2025-06-20,CWS,19,4,95.85
680755,FF,777408,2025-06-22,CWS,4,1,94.9
680755,FF,777384,2025-06-24,CLE,7,1,94.7
680755,FF,777323,2025-06-28,BOS,27,7,95.59
680755,FF,777295,2025-06-30,NYY,19,3,96.9
680755,FF,777283,2025-07-01,NYY,9,1,95.7
680755,FF,777260,2025-07-03,NYY,24,7,96.07
680755,FF,777231,2025-07-05,LAA,26,3,96.23
680755,FF,777172,2025-07-09,CWS,21,3,95.47
680755,FF,777152,2025-07-11,ATH,14,2,95.4
680755,FF,777116,2025-07-13,ATH,9,1,96.9
680755,FF,777079,2025-07-20,SF,24,6,95.72
680755,FF,777016,2025-07-25,DET,13,3,96.1
680755,FF,777003,2025-07-26,DET,11,3,95.4
680755,FF,776966,2025-07-28,BAL,11,3,95.5
680755,FF,776948,2025-07-30,BAL,15,4,97.22
680755,FF,776920,2025-08-01,KC,13,3,95.1
680755,FF,776872,2025-08-04,COL,15,7,94.87
680755,FF,776836,2025-08-06,COL,13,2,95.1
680755,FF,776808,2025-08-09,LAD,24,7,97.89
680755,FF,776757,2025-08-13,CHC,17,6,95.73
680755,FF,776735,2025-08-15,TEX,17,3,96.73
680755,FF,776710,2025-08-17,TEX,22,6,95.15
680755,FF,776457,2025-09-05,NYY,11,3,95.3
680755,FF,776423,2025-09-07,NYY,13,4,95.38
680755,FF,776385,2025-09-10,HOU,18,4,94.95
680755,FF,776353,2025-09-12,BAL,14,2,95.95
680755,FF,776343,2025-09-13,BAL,20,7,95.61
680755,FF,776316,2025-09-15,TB,27,9,95.19
680755,FF,776269,2025-09-18,TB,17,7,94.4
680755,FF,776260,2025-09-19,KC,22,7,93.36
680755,FF,776217,2025-09-23,BOS,14,1,95.1
680755,FF,776186,2025-09-25,BOS,11,4,95.62
680755,FF,776145,2025-09-28,TB,15,3,94.5
681751,FF,777231,2025-07-05,LAA,47,25,93.88
681751,FF,778372,2025-07-29,BAL,65,33,93.49
684320,FF,778491,2025-04-01,WSH,16,11,96.48
684320,FF,778465,2025-04-04,NYM,19,8,95.86
684320,FF,778404,2025-04-08,BOS,12,5,94.9
684320,FF,778362,2025-04-12,BAL,10,3,94.87
684320,FF,778322,2025-04-14,ATL,23,11,96.13
684320,FF,778258,2025-04-19,SEA,26,9,96.62
684320,FF,778217,2025-04-22,HOU,17,7,96.51
684320,FF,778170,2025-04-27,NYY,16,5,95.84
684320,FF,778114,2025-04-30,BOS,29,14,95.14
684320,FF,778064,2025-05-03,CLE,6,2,95.05
684320,FF,778056,2025-05-04,CLE,25,7,95.97
684320,FF,778009,2025-05-07,LAA,17,6,95.8
684320,FF,778000,2025-05-08,LAA,29,11,96.25
684320,FF,777958,2025-05-11,SEA,14,4,95.75
684320,FF,777923,2025-05-14,TB,19,7,96.11
684320,FF,777906,2025-05-16,DET,17,6,96.3
684320,FF,777886,2025-05-17,DET,19,5,95.66
684320,FF,777845,2025-05-20,SD,16,6,96.83
684320,FF,777816,2025-05-22,SD,24,11,95.85
684320,FF,777741,2025-05-27,TEX,26,14,95.42
684320,FF,777716,2025-05-30,ATH,14,9,96.5
684320,FF,777701,2025-05-31,ATH,22,7,96.86
684320,FF,777615,2025-06-06,MIN,24,12,97.38
684320,FF,777581,2025-06-09,STL,14,7,96.84
684320,FF,777545,2025-06-11,STL,10,4,97.35
684320,FF,777509,2025-06-14,PHI,21,4,96.45
684320,FF,777462,2025-06-18,AZ,21,6,96.68
684320,FF,777418,2025-06-21,CWS,5,2,96.65
684320,FF,777408,2025-06-22,CWS,10,4,96.72
684320,FF,777384,2025-06-24,CLE,11,5,97.1
684320,FF,777310,2025-06-29,BOS,23,9,96.62
684320,FF,777283,2025-07-01,NYY,20,13,95.99
684320,FF,777274,2025-07-02,NYY,22,10,95.24
684320,FF,777242,2025-07-04,LAA,20,9,95.21
684320,FF,777172,2025-07-09,CWS,19,10,96.56
684320,FF,777152,2025-07-11,ATH,12,4,95.92
684320,FF,777116,2025-07-13,ATH,21,6,96.17
684320,FF,777108,2025-07-18,SF,16,8,95.2
684320,FF,777079,2025-07-20,SF,7,5,95.82
684320,FF,777066,2025-07-21,NYY,6,5,95.74
684320,FF,777027,2025-07-23,NYY,9,7,95.89
684320,FF,777016,2025-07-25,DET,14,7,95.14
684320,FF,776962,2025-07-29,BAL,18,7,96.33
684320,FF,776948,2025-07-30,BAL,24,9,95.37
684320,FF,776854,2025-08-05,COL,26,9,94.66
684320,FF,776808,2025-08-09,LAD,19,10,94.91
684320,FF,776788,2025-08-10,LAD,10,5,94.84
684320,FF,776735,2025-08-15,TEX,10,2,94.0
684320,FF,776710,2025-08-17,TEX,17,8,94.44
684320,FF,776694,2025-08-18,PIT,23,7,95.39
684320,FF,776646,2025-08-22,MIA,14,6,95.38
684320,FF,776614,2025-08-24,MIA,24,6,93.98
684320,FF,776582,2025-08-26,MIN,6,4,92.48
684320,FF,776546,2025-08-29,MIL,21,8,95.05
684320,FF,776527,2025-08-30,MIL,7,1,94.5
684320,FF,776503,2025-09-01,CIN,32,6,96.72
684320,FF,776436,2025-09-06,NYY,21,6,95.23
684320,FF,776393,2025-09-09,HOU,17,8,94.71
684320,FF,776353,2025-09-12,BAL,10,3,93.97
684320,FF,776305,2025-09-16,TB,12,6,96.88
684320,FF,776290,2025-09-17,TB,12,8,95.42
684320,FF,776260,2025-09-19,KC,37,14,92.86
684320,FF,776186,2025-09-25,BOS,5,2,95.3
684320,FF,776159,2025-09-27,TB,20,4,94.95
686973,FF,778490,2025-04-01,CWS,11,4,97.48
686973,FF,778462,2025-04-03,HOU,20,8,97.85
686973,FF,778440,2025-04-05,HOU,16,7,98.77
686973,FF,778419,2025-04-06,HOU,13,8,97.7
686973,FF,778373,2025-04-10,KC,18,11,98.65
686973,FF,778335,2025-04-13,DET,12,4,99.15
686973,FF,778299,2025-04-16,NYM,19,8,98.18
686973,FF,778284,2025-04-18,ATL,18,9,97.62
686973,FF,778249,2025-04-20,ATL,6,2,97.45
686973,FF,778216,2025-04-22,CWS,7,5,98.58
686973,FF,778186,2025-04-25,LAA,20,9,97.7
686973,FF,778166,2025-04-26,LAA,19,9,98.12
686973,FF,778108,2025-05-01,CLE,12,9,98.71
686973,FF,778089,2025-05-02,BOS,5,4,97.0
686973,FF,778063,2025-05-04,BOS,7,4,98.45
686973,FF,778028,2025-05-06,BAL,12,4,98.75
686973,FF,778011,2025-05-07,BAL,10,8,97.3
686973,FF,777992,2025-05-09,SF,7,5,98.06
686973,FF,777956,2025-05-11,SF,8,5,97.18
686973,FF,777924,2025-05-14,BAL,24,17,98.19
686973,FF,777911,2025-05-15,BAL,17,4,97.6
686973,FF,777829,2025-05-21,CLE,14,6,96.68
686973,FF,777799,2025-05-23,KC,9,5,97.92
686973,FF,777772,2025-05-25,KC,12,7,98.19
686973,FF,777746,2025-05-27,TB,11,5,97.48
686973,FF,777695,2025-05-31,SEA,18,6,98.8
686973,FF,777669,2025-06-02,ATH,15,7,97.97
686973,FF,777643,2025-06-04,ATH,22,8,96.91
686973,FF,777600,2025-06-07,TOR,17,6,97.65
686973,FF,777556,2025-06-11,TEX,16,7,98.8
686973,FF,777494,2025-06-15,HOU,22,10,97.96
686973,FF,777452,2025-06-19,CIN,13,5,97.96
686973,FF,777375,2025-06-24,SEA,11,5,97.56
686973,FF,777363,2025-06-25,SEA,17,8,97.32
686973,FF,777334,2025-06-27,DET,15,5,97.42
686973,FF,777293,2025-07-01,MIA,19,11,98.37
686973,FF,777275,2025-07-02,MIA,12,5,97.72
686973,FF,777247,2025-07-04,TB,19,9,99.46
686973,FF,777220,2025-07-06,TB,9,5,98.96
686973,FF,777173,2025-07-09,CHC,11,4,97.9
686973,FF,777148,2025-07-11,PIT,12,5,98.0
686973,FF,777113,2025-07-13,PIT,14,5,98.1
686973,FF,777051,2025-07-21,LAD,7,2,98.55
686973,FF,777039,2025-07-22,LAD,16,8,98.74
686973,FF,777022,2025-07-23,LAD,15,6,97.95
686973,FF,776979,2025-07-27,WSH,11,6,97.53
686973,FF,776954,2025-07-29,BOS,22,7,98.06
686973,FF,776920,2025-08-01,KC,14,6,98.65
686973,FF,776893,2025-08-03,KC,10,6,97.65
686973,FF,776854,2025-08-05,COL,18,9,97.57
686973,FF,776823,2025-08-08,LAD,17,5,99.0
686973,FF,776788,2025-08-10,LAD,28,10,98.65
686973,FF,776768,2025-08-12,CHC,12,7,98.61
686973,FF,776735,2025-08-15,TEX,6,1,97.6
686973,FF,776710,2025-08-17,TEX,20,12,97.37
686973,FF,776679,2025-08-19,PIT,14,6,98.45
686973,FF,776630,2025-08-23,MIA,16,8,97.9
686973,FF,776582,2025-08-26,MIN,9,7,97.6
686973,FF,776546,2025-08-29,MIL,11,8,98.99
686973,FF,776515,2025-08-31,MIL,24,9,98.22
686973,FF,776491,2025-09-02,CIN,15,6,97.63
686973,FF,776475,2025-09-03,CIN,19,10,98.12
686973,FF,776436,2025-09-06,NYY,9,6,98.63
686973,FF,776385,2025-09-10,HOU,28,11,99.09
686973,FF,776353,2025-09-12,BAL,13,4,98.45
686973,FF,776322,2025-09-14,BAL,13,3,98.0
686973,FF,776316,2025-09-15,TB,15,7,97.89
686973,FF,776217,2025-09-23,BOS,11,2,97.95
686973,FF,776186,2025-09-25,BOS,23,10,98.69
686973,FF,776145,2025-09-28,TB,19,8,99.0
687606,FF,778241,2025-04-20,SEA,64,28,93.8
687606,FF,778156,2025-04-27,NYY,57,18,93.31
687606,FF,777795,2025-05-24,TB,12,4,94.05
687606,FF,777775,2025-05-25,TB,46,20,93.42
687606,FF,777724,2025-05-28,TEX,45,17,93.82
687606,FF,777665,2025-06-03,PHI,30,6,94.63
687606,FF,777615,2025-06-06,MIN,40,10,94.66
687606,FF,777585,2025-06-08,MIN,19,9,94.42
687606,FF,777448,2025-06-19,AZ,40,14,93.16
687606,FF,777384,2025-06-24,CLE,29,10,94.49
687606,FF,777345,2025-06-27,BOS,12,5,94.0
687606,FF,777323,2025-06-28,BOS,40,18,93.56
687606,FF,776614,2025-08-24,MIA,14,7,93.53
687922,FF,778478,2025-04-02,WSH,74,40,93.2
687922,FF,778404,2025-04-08,BOS,82,48,92.75
687922,FF,778322,2025-04-14,ATL,87,45,93.8
687922,FF,778241,2025-04-20,SEA,55,33,93.76
687922,FF,777701,2025-05-31,ATH,70,16,94.95
687922,FF,778372,2025-07-29,BAL,70,36,95.48
689254,FC,778491,2025-04-01,WSH,14,5,90.24
689254,FC,778465,2025-04-04,NYM,3,2,88.75
689254,FC,778404,2025-04-08,BOS,12,10,89.37
689254,FC,778362,2025-04-12,BAL,14,11,89.93
689254,FC,778344,2025-04-13,BAL,14,12,89.75
689254,FC,778311,2025-04-15,ATL,16,9,90.12
689254,FC,778273,2025-04-18,SEA,15,13,89.45
689254,FC,778241,2025-04-20,SEA,23,12,89.45
689254,FC,778217,2025-04-22,HOU,13,6,88.52
689254,FC,778185,2025-04-25,NYY,18,9,89.26
689254,FC,778127,2025-04-29,BOS,17,10,89.76
689254,FC,778095,2025-05-01,BOS,6,3,90.27
689254,FC,778064,2025-05-03,CLE,14,9,89.99
689254,FC,778025,2025-05-06,LAA,13,8,89.08
689254,FC,777970,2025-05-10,SEA,14,8,90.45
689254,FC,777935,2025-05-13,TB,18,10,89.88
689254,FC,777913,2025-05-15,TB,6,4,89.58
689254,FC,777906,2025-05-16,DET,19,12,90.41
689254,FC,777871,2025-05-18,DET,16,9,90.27
689254,FC,777816,2025-05-22,SD,12,8,90.12
689254,FC,777795,2025-05-24,TB,12,8,90.66
689254,FC,777775,2025-05-25,TB,20,12,89.23
689254,FC,777727,2025-05-29,ATH,17,9,90.64
689254,FC,777716,2025-05-30,ATH,9,7,90.4
689254,FC,777685,2025-06-01,ATH,20,12,90.07
689254,FC,777637,2025-06-05,PHI,14,7,90.87
689254,FC,777615,2025-06-06,MIN,16,8,90.91
689254,FC,777585,2025-06-08,MIN,20,12,90.77
689254,FC,777558,2025-06-10,STL,15,8,90.56
689254,FC,777531,2025-06-13,PHI,14,6,90.08
689254,FC,777499,2025-06-15,PHI,15,8,90.66
689254,FC,777479,2025-06-17,AZ,26,12,90.29
689254,FC,777435,2025-06-20,CWS,35,25,90.12
689254,FC,777384,2025-06-24,CLE,13,10,90.53
689254,FC,777323,2025-06-28,BOS,29,18,90.75
689254,FC,777295,2025-06-30,NYY,5,2,91.05
689254,FC,777046,2025-07-22,NYY,21,19,90.34
689254,FC,777003,2025-07-26,DET,13,10,90.75
689254,FC,776966,2025-07-28,BAL,24,18,91.18
689254,FC,776948,2025-07-30,BAL,19,10,90.98
689254,FC,776920,2025-08-01,KC,35,26,90.2
689254,FC,776872,2025-08-04,COL,18,6,89.73
689254,FC,776823,2025-08-08,LAD,10,4,89.5
689254,FC,776788,2025-08-10,LAD,12,6,90.43
689254,FC,776768,2025-08-12,CHC,12,3,90.27
689254,FC,776757,2025-08-13,CHC,7,4,91.32
689254,FC,776735,2025-08-15,TEX,9,4,91.3
689254,FC,776710,2025-08-17,TEX,18,11,89.87
689254,FC,776646,2025-08-22,MIA,13,10,89.82
689254,FC,776630,2025-08-23,MIA,4,3,90.37
689254,FC,776245,2025-09-20,KC,19,6,90.77
689254,FC,776217,2025-09-23,BOS,15,4,89.85
689254,FC,776177,2025-09-26,TB,30,15,90.05
689254,FC,776145,2025-09-28,TB,20,7,90.66
702056,FF,776316,2025-09-15,TB,69,32,94.56
702056,FF,776229,2025-09-21,KC,76,33,94.13
702056,FF,776159,2025-09-27,TB,93,43,95.3
472610,SI,778459,2025-04-04,PHI,10,1,95.3
472610,SI,778434,2025-04-06,PHI,22,9,94.6
472610,SI,778409,2025-04-08,WSH,14,8,95.71
472610,SI,778345,2025-04-12,CHC,25,11,95.35
472610,SI,778302,2025-04-15,COL,24,8,96.99
472610,SI,778234,2025-04-20,TEX,9,3,95.6
472610,SI,778220,2025-04-22,CHC,18,4,96.55
472610,SI,778205,2025-04-23,CHC,10,3,96.47
472610,SI,778176,2025-04-25,PIT,16,8,95.99
472610,SI,778145,2025-04-27,PIT,9,6,96.52
472610,SI,778123,2025-04-29,MIA,20,9,96.89
472610,SI,778076,2025-05-03,ATL,26,10,96.87
472610,SI,778060,2025-05-04,ATL,9,7,96.34
472610,SI,778035,2025-05-06,MIA,19,6,97.67
472610,SI,777988,2025-05-09,AZ,31,13,96.98
472610,SI,777937,2025-05-13,ATH,11,5,97.32
472610,SI,777899,2025-05-16,LAA,21,9,97.46
472610,SI,777884,2025-05-17,LAA,12,3,95.4
472610,SI,777866,2025-05-18,LAA,17,6,96.57
472610,SI,777808,2025-05-23,NYM,14,7,95.99
472610,SI,777769,2025-05-26,CLE,10,7,97.09
472610,SI,777753,2025-05-27,CLE,17,3,97.73
472610,SI,777335,2025-06-27,KC,19,4,97.15
472610,SI,777319,2025-06-28,KC,23,10,97.27
472610,SI,777178,2025-07-09,STL,10,6,97.68
472610,SI,777149,2025-07-11,MIL,11,6,97.32
472610,SI,777123,2025-07-13,MIL,11,5,98.24
472610,SI,777112,2025-07-18,SD,4,3,97.57
472610,SI,777091,2025-07-19,SD,18,7,97.14
472610,SI,777064,2025-07-21,CIN,8,5,98.6
472610,SI,777042,2025-07-22,CIN,10,6,96.77
472610,SI,777011,2025-07-25,MIN,9,5,99.32
472610,SI,776997,2025-07-26,MIN,11,6,98.55
472610,SI,776969,2025-07-28,HOU,14,3,98.43
472610,SI,776916,2025-08-01,CWS,18,11,96.95
472610,SI,776848,2025-08-05,TB,12,6,98.27
472610,SI,776832,2025-08-08,DET,11,4,98.32
472610,SI,776813,2025-08-09,DET,8,3,97.47
472610,SI,776779,2025-08-11,LAD,28,16,97.78
472610,SI,776763,2025-08-12,LAD,14,6,97.13
472610,SI,776718,2025-08-16,ATH,11,6,97.07
472610,SI,776699,2025-08-17,ATH,7,3,96.9
472610,SI,776652,2025-08-20,CIN,14,6,97.25
472610,SI,776618,2025-08-23,CHC,6,2,98.4
472610,SI,776592,2025-08-25,TEX,5,1,97.2
472610,SI,776543,2025-08-29,HOU,26,12,98.42
472610,SI,776510,2025-08-31,HOU,14,6,97.03
472610,SI,776488,2025-09-02,KC,11,4,95.72
472610,SI,776414,2025-09-07,ATH,14,9,96.89
472610,SI,776376,2025-09-10,MIN,14,5,96.42
472610,SI,776362,2025-09-11,SEA,16,8,97.22
472610,SI,776274,2025-09-18,MIL,22,11,97.74
472610,SI,776241,2025-09-20,COL,16,11,96.83
472610,SI,776197,2025-09-24,KC,18,7,97.29
592866,FF,778491,2025-04-01,TOR,84,18,87.93
592866,FF,778429,2025-04-06,AZ,96,28,87.39
592866,FF,778354,2025-04-12,MIA,81,26,87.37
592866,FF,778280,2025-04-17,PIT,90,28,87.78
592866,FF,778204,2025-04-23,BAL,99,39,86.64
592866,FF,778138,2025-04-28,NYM,99,40,87.39
592866,FF,778077,2025-05-03,CIN,87,37,87.83
592866,FF,777980,2025-05-10,STL,96,46,86.63
592866,FF,777909,2025-05-15,ATL,77,30,88.32
592866,FF,777820,2025-05-22,ATL,82,33,87.92
592866,FF,777730,2025-05-28,SEA,77,42,87.75
592866,FF,777659,2025-06-03,CHC,76,36,87.8
592866,FF,777596,2025-06-08,TEX,81,41,88.02
592866,FF,777514,2025-06-14,MIA,80,46,87.91
592866,FF,777445,2025-06-19,COL,87,37,88.76
592866,FF,777372,2025-06-24,SD,70,42,88.39
592866,FF,777284,2025-07-02,DET,86,44,87.99
605177,FF,778077,2025-05-03,CIN,8,1,90.7
605177,FF,778022,2025-05-07,CLE,20,1,90.7
605177,FF,777995,2025-05-09,STL,31,5,90.04
605177,FF,777962,2025-05-11,STL,5,1,88.8
605177,FF,777909,2025-05-15,ATL,13,3,90.83
605177,FF,777907,2025-05-16,BAL,24,4,91.18
605177,FF,777873,2025-05-18,BAL,12,3,91.1
605177,FF,777801,2025-05-23,SF,27,5,89.78
605177,FF,777743,2025-05-27,SEA,27,5,91.06
605177,FF,777710,2025-05-30,AZ,20,6,90.5
605177,FF,777659,2025-06-03,CHC,18,4,88.62
605177,FF,777632,2025-06-05,CHC,13,3,90.4
605177,FF,777610,2025-06-07,TEX,3,2,90.4
605177,FF,777596,2025-06-08,TEX,9,2,90.35
605177,FF,777245,2025-07-04,BOS,13,5,89.5
605177,FF,777213,2025-07-06,BOS,18,1,90.1
605177,FF,777191,2025-07-08,STL,8,3,89.43
605177,FF,777167,2025-07-10,STL,12,3,89.67
605177,FF,777135,2025-07-12,MIL,3,1,88.8
605177,FF,777112,2025-07-18,SD,5,3,88.37
605177,FF,777064,2025-07-21,CIN,11,1,89.2
605177,FF,777042,2025-07-22,CIN,25,3,89.3
605177,FF,776997,2025-07-26,MIN,18,2,90.6
605177,FF,776950,2025-07-29,HOU,16,2,88.85
605177,FF,776916,2025-08-01,CWS,17,4,88.25
605177,FF,776885,2025-08-03,CWS,12,2,88.65
605177,FF,776848,2025-08-05,TB,10,2,89.2
605177,FF,776832,2025-08-08,DET,19,3,88.5
605177,FF,776763,2025-08-12,LAD,19,6,89.1
605177,FF,776752,2025-08-13,LAD,20,3,88.63
605177,FF,776718,2025-08-16,ATH,4,3,90.43
605177,FF,776681,2025-08-18,CIN,14,4,88.95
605177,FF,776668,2025-08-19,CIN,8,3,88.6
605177,FF,776563,2025-08-27,TEX,13,5,89.12
605177,FF,776466,2025-09-03,KC,25,8,89.7
605177,FF,776444,2025-09-05,ATH,22,3,89.67
605177,FF,776390,2025-09-09,MIN,16,4,88.98
605177,FF,776376,2025-09-10,MIN,21,4,87.12
605347,FF,778491,2025-04-01,TOR,25,5,94.48
605347,FF,778452,2025-04-05,AZ,16,5,95.42
605347,FF,778429,2025-04-06,AZ,22,2,93.85
605347,FF,778392,2025-04-09,LAD,13,4,93.18
605347,FF,778354,2025-04-12,MIA,11,2,93.85
605347,FF,778337,2025-04-13,MIA,28,7,93.96
605347,FF,778266,2025-04-20,COL,6,2,92.1
605347,FF,778204,2025-04-23,BAL,16,5,94.78
605347,FF,778183,2025-04-25,NYM,11,1,93.9
605347,FF,778153,2025-04-27,NYM,5,2,93.95
605347,FF,778131,2025-04-29,PHI,19,3,93.8
605347,FF,778099,2025-05-01,PHI,11,5,95.14
605347,FF,778026,2025-05-06,CLE,25,9,94.06
605347,FF,778022,2025-05-07,CLE,8,5,93.52
605347,FF,777942,2025-05-13,ATL,24,8,96.68
605347,FF,777909,2025-05-15,ATL,22,5,94.78
605347,FF,777907,2025-05-16,BAL,20,3,95.6
605347,FF,777873,2025-05-18,BAL,16,8,95.51
605347,FF,777820,2025-05-22,ATL,8,3,93.93
605347,FF,777793,2025-05-24,SF,9,1,96.5
605347,FF,777722,2025-05-29,SEA,24,9,95.4
608371,FF,778457,2025-04-04,AZ,11,3,95.53
608371,FF,778429,2025-04-06,AZ,20,7,95.0
608371,FF,778418,2025-04-07,LAD,19,7,94.8
608371,FF,778392,2025-04-09,LAD,14,1,94.2
608371,FF,778369,2025-04-11,MIA,17,4,94.98
608371,FF,778337,2025-04-13,MIA,26,15,95.16
608371,FF,778280,2025-04-17,PIT,16,7,95.7
608371,FF,778247,2025-04-19,COL,17,8,94.51
608371,FF,778173,2025-04-26,NYM,9,6,94.62
608371,FF,778153,2025-04-27,NYM,22,7,95.01
608371,FF,778131,2025-04-29,PHI,8,3,93.67
608371,FF,778087,2025-05-02,CIN,10,7,93.97
608371,FF,778046,2025-05-06,CLE,18,9,94.32
608371,FF,777995,2025-05-09,STL,32,28,94.4
621363,FF,778457,2025-04-04,AZ,17,12,91.07
621363,FF,778409,2025-04-08,LAD,18,17,90.28
621363,FF,778354,2025-04-12,MIA,30,21,91.76
621363,FF,778321,2025-04-14,PIT,13,5,91.66
621363,FF,778247,2025-04-19,COL,12,11,91.4
621363,FF,778266,2025-04-20,COL,14,10,92.85
621363,FF,778222,2025-04-22,BAL,19,13,92.28
621363,FF,778153,2025-04-27,NYM,13,10,93.02
621363,FF,778138,2025-04-28,NYM,14,11,93.33
621363,FF,778118,2025-04-30,PHI,12,10,93.27
621363,FF,777325,2025-06-28,PIT,29,21,93.56
640448,FF,778452,2025-04-05,AZ,11,10,95.97
640448,FF,778429,2025-04-06,AZ,23,11,96.11
640448,FF,778418,2025-04-07,LAD,30,15,95.61
640448,FF,778369,2025-04-11,MIA,9,8,97.24
640448,FF,778314,2025-04-15,PIT,19,16,95.47
640448,FF,778247,2025-04-19,COL,27,19,95.29
640448,FF,778235,2025-04-20,COL,15,10,95.39
640448,FF,778204,2025-04-23,BAL,14,8,96.48
640448,FF,778183,2025-04-25,NYM,5,4,96.7
640448,FF,778131,2025-04-29,PHI,19,16,95.42
640448,FF,778099,2025-05-01,PHI,7,6,96.82
640448,FF,778058,2025-05-04,CIN,12,12,95.98
640448,FF,778026,2025-05-06,CLE,18,14,95.99
640448,FF,777929,2025-05-14,ATL,9,6,97.13
640448,FF,777907,2025-05-16,BAL,12,9,96.04
640448,FF,777841,2025-05-20,ATL,9,7,96.57
640448,FF,777820,2025-05-22,ATL,10,7,95.03
640448,FF,777722,2025-05-29,SEA,20,17,96.5
640448,FF,777710,2025-05-30,AZ,18,16,96.52
640448,FF,777650,2025-06-04,CHC,16,11,96.7
640448,FF,777624,2025-06-06,TEX,13,8,96.15
640448,FF,777570,2025-06-10,NYM,10,5,97.02
640448,FF,777530,2025-06-13,MIA,12,8,96.12
640448,FF,777488,2025-06-16,COL,21,14,96.64
640448,FF,777445,2025-06-19,COL,19,13,97.06
640448,FF,777382,2025-06-23,SD,1,1,94.9
640448,FF,777360,2025-06-25,SD,3,2,95.7
640448,FF,777305,2025-06-29,LAA,27,23,95.97
640448,FF,777265,2025-07-02,DET,16,14,96.49
640448,FF,777258,2025-07-03,DET,6,6,96.83
640448,FF,777213,2025-07-06,BOS,1,1,95.4
640448,FF,777167,2025-07-10,STL,7,5,96.22
640448,FF,777135,2025-07-12,MIL,9,9,96.53
640448,FF,777112,2025-07-18,SD,19,16,96.32
640448,FF,777091,2025-07-19,SD,7,5,96.76
640448,FF,777064,2025-07-21,CIN,21,13,96.99
640448,FF,776979,2025-07-27,MIN,8,7,97.14
640448,FF,776969,2025-07-28,HOU,10,5,97.58
640448,FF,776912,2025-08-02,PHI,13,7,96.8
640448,FF,776874,2025-08-04,MIN,9,7,95.87
640448,FF,776832,2025-08-08,LAA,8,6,96.55
640448,FF,776781,2025-08-11,CWS,7,5,95.7
640448,FF,776754,2025-08-13,CWS,12,10,96.09
640448,FF,776744,2025-08-14,MIN,12,6,96.87
640448,FF,776716,2025-08-16,MIN,9,6,96.75
640448,FF,776685,2025-08-19,HOU,12,7,96.67
640448,FF,776649,2025-08-22,KC,12,11,96.06
640448,FF,776573,2025-08-26,ATH,11,5,95.98
640448,FF,776540,2025-08-29,KC,13,4,96.05
640448,FF,776512,2025-08-31,KC,8,5,96.68
640448,FF,776258,2025-09-20,ATL,18,6,96.12
640448,FF,776218,2025-09-23,CLE,14,4,96.65
640448,FF,776189,2025-09-25,CLE,9,5,97.84
640448,FF,776181,2025-09-26,BOS,10,9,97.09
647336,FF,778022,2025-05-07,CLE,78,30,94.47
647336,FF,777942,2025-05-13,ATL,81,33,94.78
647336,FF,777873,2025-05-18,BAL,82,34,94.06
647336,FF,777778,2025-05-25,SF,91,38,93.43
647336,FF,777696,2025-05-31,AZ,94,53,94.18
647336,FF,777624,2025-06-06,TEX,85,32,94.6
647336,FF,777544,2025-06-12,NYM,102,46,94.56
647336,FF,777480,2025-06-17,COL,93,36,94.44
647336,FF,777398,2025-06-22,LAD,85,44,94.86
647336,FF,777315,2025-06-28,LAA,86,47,93.67
647336,FF,777245,2025-07-04,BOS,92,36,92.62
647336,FF,777167,2025-07-10,STL,91,43,93.73
647336,FF,777112,2025-07-18,SD,85,37,91.7
647336,FF,777026,2025-07-23,CIN,88,45,90.85
647336,FF,776950,2025-07-29,HOU,74,37,91.35
647336,FF,776878,2025-08-04,CIN,31,10,90.77
647336,FF,776318,2025-09-15,PIT,39,22,95.01
647336,FF,776282,2025-09-18,CIN,19,8,94.98
647336,FF,776209,2025-09-23,NYM,33,12,94.78
647336,FF,776187,2025-09-25,NYM,8,3,95.3
647336,FF,776142,2025-09-28,STL,7,3,96.5
663455,FF,777042,2025-07-22,CIN,21,14,95.35
663455,FF,777026,2025-07-23,CIN,14,9,94.12
663455,FF,777011,2025-07-25,MIN,2,2,95.15
663455,FF,776979,2025-07-27,MIN,13,9,96.0
663455,FF,776969,2025-07-28,HOU,11,7,93.63
663455,FF,776937,2025-07-30,HOU,18,11,94.84
663455,FF,776894,2025-08-03,MIL,17,13,93.86
663455,FF,776850,2025-08-06,ATH,25,17,94.76
663455,FF,776802,2025-08-09,SF,12,8,94.25
663455,FF,776770,2025-08-12,KC,9,6,93.67
663455,FF,776759,2025-08-13,KC,22,13,95.63
663455,FF,776739,2025-08-15,PHI,9,7,94.26
663455,FF,776708,2025-08-17,PHI,21,10,95.63
663455,FF,776678,2025-08-19,NYM,25,16,93.67
663455,FF,776628,2025-08-23,PHI,17,6,94.68
663455,FF,776613,2025-08-24,PHI,16,4,94.52
663455,FF,776588,2025-08-26,NYY,10,5,94.48
663455,FF,776570,2025-08-27,NYY,15,5,93.16
663455,FF,776525,2025-08-30,TB,6,2,93.25
663455,FF,776498,2025-09-01,MIA,17,11,93.89
663455,FF,776482,2025-09-02,MIA,22,18,93.93
663455,FF,776455,2025-09-05,CHC,25,17,95.84
663455,FF,776386,2025-09-10,MIA,13,7,94.97
663455,FF,776367,2025-09-11,MIA,28,12,94.51
663455,FF,776320,2025-09-14,PIT,17,10,93.39
663455,FF,776315,2025-09-15,ATL,9,5,91.86
663455,FF,776307,2025-09-16,ATL,15,10,93.32
663455,FF,776259,2025-09-19,NYM,17,12,94.32
663455,FF,776252,2025-09-20,NYM,16,9,94.43
663455,FF,776221,2025-09-22,ATL,17,12,95.13
663455,FF,776219,2025-09-23,ATL,11,5,95.12
663455,FF,776160,2025-09-27,CWS,10,3,94.53
663623,FF,778457,2025-04-04,AZ,86,27,92.53
663623,FF,778392,2025-04-09,LAD,103,30,92.41
663623,FF,778314,2025-04-15,PIT,87,22,91.62
663623,FF,778235,2025-04-20,COL,82,35,91.53
663623,FF,778183,2025-04-25,NYM,98,24,92.09
663623,FF,778118,2025-04-30,PHI,90,21,90.13
663623,FF,778026,2025-05-06,CLE,95,29,92.6
663623,FF,777959,2025-05-12,ATL,83,21,91.56
663623,FF,777890,2025-05-17,BAL,98,39,91.34
663623,FF,777793,2025-05-24,SF,96,38,92.13
663623,FF,777710,2025-05-30,AZ,93,23,93.4
663623,FF,777632,2025-06-05,CHC,94,32,92.85
663623,FF,777555,2025-06-11,NYM,100,39,92.45
663623,FF,777488,2025-06-16,COL,91,32,93.1
663623,FF,777416,2025-06-21,LAD,92,29,92.25
663623,FF,777331,2025-06-27,LAA,91,29,92.22
663623,FF,777258,2025-07-03,DET,107,57,91.82
663623,FF,777191,2025-07-08,STL,98,39,91.65
663623,FF,777123,2025-07-13,MIL,93,35,92.91
663623,FF,777064,2025-07-21,CIN,72,16,92.68
663623,FF,776979,2025-07-27,MIN,86,23,93.29
663623,FF,776903,2025-08-02,MIL,75,16,92.92
663623,FF,776822,2025-08-08,SF,94,24,92.29
663623,FF,776759,2025-08-13,KC,83,35,92.42
663623,FF,776678,2025-08-19,NYM,101,38,91.84
663623,FF,776613,2025-08-24,PHI,69,14,92.95
663623,FF,776525,2025-08-30,TB,83,14,92.42
663623,FF,776455,2025-09-05,CHC,79,17,92.48
663623,FF,776386,2025-09-10,MIA,74,26,92.78
663623,FF,777825,2025-09-16,ATL,102,41,92.71
663623,FF,776237,2025-09-21,NYM,93,31,94.04
663623,FF,776160,2025-09-27,CWS,73,24,92.77
666168,FF,777213,2025-07-06,BOS,11,2,95.05
666168,FF,777191,2025-07-08,STL,16,6,94.53
666168,FF,777167,2025-07-10,STL,17,6,94.97
666168,FF,777123,2025-07-13,MIL,19,5,94.28
666168,FF,777112,2025-07-18,SD,15,3,93.53
666168,FF,777064,2025-07-21,CIN,12,1,93.9
666168,FF,776525,2025-08-30,TB,15,1,95.5
666168,FF,776477,2025-09-03,MIA,23,1,94.9
666168,FF,776420,2025-09-07,CHC,15,3,94.6
666168,FF,776367,2025-09-11,MIA,16,3,94.5
666168,FF,776320,2025-09-14,PIT,17,1,95.1
666168,FF,776307,2025-09-16,ATL,27,3,95.43
666168,FF,776259,2025-09-19,NYM,29,9,95.59
666659,FF,778224,2025-04-22,BOS,37,16,90.87
666659,FF,776662,2025-08-20,PHI,39,19,93.11
666659,FF,776286,2025-09-17,ATL,36,3,95.13
666659,FF,776259,2025-09-19,NYM,11,2,93.25
666659,FF,776221,2025-09-22,ATL,29,5,92.74
666659,FF,776165,2025-09-26,CWS,16,5,94.92
666659,FF,776143,2025-09-28,CWS,10,5,93.96
669022,FF,778478,2025-04-02,TOR,95,52,95.35
669022,FF,778418,2025-04-07,LAD,100,53,95.06
669022,FF,778337,2025-04-13,MIA,105,56,95.71
669022,FF,778247,2025-04-19,COL,104,53,94.85
669022,FF,778193,2025-04-24,BAL,99,42,95.6
669022,FF,778131,2025-04-29,PHI,96,37,95.88
669022,FF,778058,2025-05-04,CIN,100,50,95.81
669022,FF,777962,2025-05-11,STL,101,52,95.28
669022,FF,777907,2025-05-16,BAL,102,46,95.56
669022,FF,777801,2025-05-23,SF,91,49,95.11
669022,FF,777722,2025-05-29,SEA,95,56,95.43
669022,FF,777650,2025-06-04,CHC,94,55,94.96
669022,FF,777570,2025-06-10,NYM,89,41,95.2
669022,FF,777503,2025-06-15,MIA,97,53,95.28
669022,FF,777427,2025-06-20,LAD,100,49,95.16
669022,FF,777360,2025-06-25,SD,103,45,95.17
669022,FF,777265,2025-07-02,DET,111,62,95.37
669022,FF,777178,2025-07-09,STL,89,44,94.85
669022,FF,777077,2025-07-20,SD,75,31,95.27
669022,FF,777011,2025-07-25,MIN,101,54,95.19
669022,FF,776937,2025-07-30,HOU,97,51,94.93
669022,FF,776865,2025-08-05,ATH,60,23,95.13
669022,FF,776793,2025-08-10,SF,96,41,95.5
669022,FF,776739,2025-08-15,PHI,91,40,95.1
669022,FF,776650,2025-08-21,NYM,94,45,95.37
669022,FF,776588,2025-08-26,NYY,99,49,95.31
669022,FF,776367,2025-09-11,MIA,78,39,94.77
669022,FF,776307,2025-09-16,ATL,92,48,94.44
669022,FF,776221,2025-09-22,ATL,71,31,95.25
669371,FF,778337,2025-04-13,MIA,14,6,94.25
669371,FF,778293,2025-04-16,PIT,16,6,93.57
669371,FF,778222,2025-04-22,BAL,10,4,95.22
669371,FF,778193,2025-04-24,BAL,29,15,94.6
669371,FF,778173,2025-04-26,NYM,25,11,94.07
669371,FF,778138,2025-04-28,NYM,29,12,93.97
669371,FF,778087,2025-05-02,CIN,21,12,93.82
669371,FF,778022,2025-05-07,CLE,41,21,94.59
669371,FF,777980,2025-05-10,STL,20,13,93.1
669371,FF,777942,2025-05-13,ATL,14,5,94.92
669371,FF,777929,2025-05-14,ATL,11,1,95.3
669371,FF,777907,2025-05-16,BAL,6,3,94.13
669371,FF,777873,2025-05-18,BAL,6,2,94.05
669371,FF,777841,2025-05-20,ATL,9,3,93.37
669371,FF,777820,2025-05-22,ATL,13,5,94.04
669371,FF,777778,2025-05-25,SF,9,5,93.52
669371,FF,777722,2025-05-29,SEA,18,10,95.03
669371,FF,777696,2025-05-31,AZ,32,21,94.87
669371,FF,777659,2025-06-03,CHC,20,13,94.29
669371,FF,777610,2025-06-07,TEX,24,7,95.06
669371,FF,777596,2025-06-08,TEX,12,7,93.9
669371,FF,777570,2025-06-10,NYM,1,1,93.9
669371,FF,777503,2025-06-15,MIA,15,8,93.79
669371,FF,777480,2025-06-17,COL,20,14,94.7
669371,FF,777445,2025-06-19,COL,10,7,95.81
669371,FF,777398,2025-06-22,LAD,14,7,95.81
669371,FF,777372,2025-06-24,SD,15,8,94.9
669371,FF,777331,2025-06-27,LAA,13,4,94.8
669371,FF,777305,2025-06-29,LAA,14,10,95.67
669371,FF,777265,2025-07-02,DET,16,10,94.93
669371,FF,777258,2025-07-03,DET,21,15,95.31
669371,FF,777213,2025-07-06,BOS,15,8,94.09
669371,FF,777178,2025-07-09,STL,24,10,95.16
669371,FF,777149,2025-07-11,MIL,4,2,94.1
669371,FF,777112,2025-07-18,SD,25,11,95.0
669371,FF,777077,2025-07-20,SD,15,10,94.08
669371,FF,777064,2025-07-21,CIN,21,14,94.28
669371,FF,777026,2025-07-23,CIN,11,9,93.97
669371,FF,777011,2025-07-25,MIN,16,7,96.13
669371,FF,776950,2025-07-29,HOU,23,13,96.25
669371,FF,776937,2025-07-30,HOU,13,5,94.94
669371,FF,776894,2025-08-03,MIL,17,4,94.2
669371,FF,776850,2025-08-06,ATH,15,6,94.73
669371,FF,776802,2025-08-09,SF,12,9,94.7
669371,FF,776793,2025-08-10,SF,13,9,94.27
669371,FF,776759,2025-08-13,KC,19,9,94.13
669371,FF,776743,2025-08-14,PHI,18,7,93.67
669371,FF,776659,2025-08-20,NYM,20,7,94.56
669371,FF,776650,2025-08-21,NYM,19,7,93.83
669371,FF,776597,2025-08-25,NYY,21,10,95.13
669371,FF,776545,2025-08-29,TB,22,8,94.4
669371,FF,776498,2025-09-01,MIA,14,9,93.11
669371,FF,776482,2025-09-02,MIA,15,11,92.75
669371,FF,776440,2025-09-06,CHC,17,9,94.81
669371,FF,776397,2025-09-09,MIA,18,6,93.33
669371,FF,776367,2025-09-11,MIA,24,11,93.14
669371,FF,776336,2025-09-13,PIT,16,10,93.56
671131,FF,778409,2025-04-08,LAD,47,17,95.09
671131,FF,778354,2025-04-12,MIA,13,7,95.87
671131,FF,778321,2025-04-14,PIT,33,3,95.13
671131,FF,778266,2025-04-20,COL,34,3,94.9
671131,FF,778173,2025-04-26,NYM,9,1,96.3
671131,FF,778153,2025-04-27,NYM,31,1,95.5
671131,FF,778087,2025-05-02,CIN,21,3,95.8
671131,FF,778077,2025-05-03,CIN,26,2,95.3
671131,FF,778046,2025-05-06,CLE,10,1,96.3
671131,FF,777995,2025-05-09,STL,47,5,95.78
671131,FF,777959,2025-05-12,ATL,16,1,96.8
671131,FF,777929,2025-05-14,ATL,35,3,97.0
671131,FF,777820,2025-05-22,ATL,8,1,97.4
671131,FF,777801,2025-05-23,SF,22,2,96.75
671131,FF,777743,2025-05-27,SEA,33,14,96.09
671131,FF,777696,2025-05-31,AZ,26,8,97.38
671131,FF,777659,2025-06-03,CHC,11,2,96.95
671131,FF,777632,2025-06-05,CHC,27,8,96.6
671131,FF,777555,2025-06-11,NYM,31,13,96.24
671131,FF,777530,2025-06-13,MIA,39,5,95.42
671131,FF,777503,2025-06-15,MIA,11,2,96.15
671131,FF,777480,2025-06-17,COL,21,8,95.81
671131,FF,777427,2025-06-20,LAD,21,3,95.9
671131,FF,777398,2025-06-22,LAD,14,4,96.18
671131,FF,777315,2025-06-28,LAA,17,4,97.02
671131,FF,777284,2025-07-02,DET,63,26,94.77
671131,FF,777228,2025-07-05,BOS,9,3,95.0
671131,FF,777178,2025-07-09,STL,15,1,95.7
671131,FF,777167,2025-07-10,STL,31,9,95.7
671131,FF,777123,2025-07-13,MIL,22,5,95.72
671131,FF,777112,2025-07-18,SD,12,3,95.3
671131,FF,777077,2025-07-20,SD,54,20,95.48
671131,FF,777026,2025-07-23,CIN,14,4,95.45
671131,FF,776997,2025-07-26,MIN,28,5,95.16
671131,FF,776950,2025-07-29,HOU,16,2,95.65
671131,FF,776917,2025-08-01,MIL,30,7,95.06
671131,FF,776903,2025-08-02,MIL,12,1,94.3
671131,FF,776865,2025-08-05,ATH,22,3,95.77
671131,FF,776837,2025-08-07,ATH,20,2,95.7
671131,FF,776784,2025-08-11,KC,20,2,95.95
671131,FF,776743,2025-08-14,PHI,12,1,95.4
671131,FF,776708,2025-08-17,PHI,17,1,95.7
671131,FF,776678,2025-08-19,NYM,20,2,95.15
671131,FF,776650,2025-08-21,NYM,7,1,95.6
671131,FF,776597,2025-08-25,NYY,20,3,95.93
671131,FF,776570,2025-08-27,NYY,16,1,95.1
671131,FF,776455,2025-09-05,CHC,10,1,95.9
671131,FF,776420,2025-09-07,CHC,17,2,95.35
671131,FF,776320,2025-09-14,PIT,14,1,95.0
671131,FF,776307,2025-09-16,ATL,24,10,94.71
671131,FF,776259,2025-09-19,NYM,18,4,94.75
671131,FF,776221,2025-09-22,ATL,33,6,95.27
671131,FF,776143,2025-09-28,CWS,16,3,95.0
674285,FF,778457,2025-04-04,AZ,9,2,95.65
674285,FF,778392,2025-04-09,LAD,26,3,96.3
674285,FF,778354,2025-04-12,MIA,11,3,96.33
674285,FF,778293,2025-04-16,PIT,6,1,93.9
674285,FF,778266,2025-04-20,COL,12,5,94.82
674285,FF,778173,2025-04-26,NYM,30,5,95.94
674285,FF,778138,2025-04-28,NYM,26,6,94.68
674285,FF,778118,2025-04-30,PHI,16,3,96.27
674285,FF,778087,2025-05-02,CIN,21,4,95.93
674285,FF,778077,2025-05-03,CIN,15,3,94.8
674285,FF,778046,2025-05-06,CLE,20,3,95.27
674285,FF,777679,2025-06-01,AZ,15,1,96.2
674285,FF,777659,2025-06-03,CHC,22,3,95.47
674285,FF,777632,2025-06-05,CHC,20,4,95.48
674285,FF,777610,2025-06-07,TEX,20,5,94.82
674285,FF,777544,2025-06-12,NYM,38,7,95.4
674285,FF,777514,2025-06-14,MIA,14,2,94.25
674285,FF,777427,2025-06-20,LAD,27,15,95.99
674285,FF,777372,2025-06-24,SD,14,8,94.68
674285,FF,777315,2025-06-28,LAA,30,9,93.84
674285,FF,777284,2025-07-02,DET,14,4,95.02
674285,FF,777245,2025-07-04,BOS,12,3,96.23
674285,FF,777228,2025-07-05,BOS,11,3,94.77
674841,FF,776498,2025-09-01,MIA,81,22,91.81
674841,FF,776420,2025-09-07,CHC,87,34,90.93
674841,FF,776336,2025-09-13,PIT,82,29,91.49
674841,FF,776259,2025-09-19,NYM,81,21,91.24
674841,FF,776200,2025-09-24,ATL,83,36,91.16
676571,FF,776865,2025-08-05,ATH,13,6,91.1
676571,FF,776837,2025-08-07,ATH,16,6,90.53
676571,FF,776793,2025-08-10,SF,12,7,90.87
676571,FF,776770,2025-08-12,KC,30,20,90.84
676571,FF,776759,2025-08-13,KC,17,9,89.11
676571,FF,776739,2025-08-15,PHI,12,5,91.1
676571,FF,776708,2025-08-17,PHI,10,4,90.8
676571,FF,776678,2025-08-19,NYM,12,3,91.43
676571,FF,776650,2025-08-21,NYM,13,6,90.73
676571,FF,776648,2025-08-22,PHI,22,5,90.68
676571,FF,776597,2025-08-25,NYY,22,11,91.68
676571,FF,776570,2025-08-27,NYY,24,10,90.65
676571,FF,776545,2025-08-29,TB,23,12,91.37
676571,FF,776520,2025-08-31,TB,22,15,90.25
676571,FF,776482,2025-09-02,MIA,14,8,90.68
676571,FF,776477,2025-09-03,MIA,12,2,90.2
676571,FF,776397,2025-09-09,MIA,10,5,90.68
676571,FF,776386,2025-09-10,MIA,9,4,91.02
676571,FF,776351,2025-09-12,PIT,10,7,90.46
676571,FF,776336,2025-09-13,PIT,11,3,89.67
676571,FF,776307,2025-09-16,ATL,9,2,89.4
676571,FF,777825,2025-09-16,ATL,15,5,91.0
676571,FF,776259,2025-09-19,NYM,12,4,91.62
676571,FF,776252,2025-09-20,NYM,12,7,91.87
676571,FF,776221,2025-09-22,ATL,33,16,91.41
676571,FF,776165,2025-09-26,CWS,5,3,91.07
676571,FF,776143,2025-09-28,CWS,10,1,91.8
676917,FF,776850,2025-08-06,ATH,88,28,97.37
676917,FF,776784,2025-08-11,KC,88,37,98.04
676917,FF,776725,2025-08-16,PHI,90,14,97.35
676917,FF,776648,2025-08-22,PHI,95,23,96.83
676917,FF,776570,2025-08-27,NYY,76,31,96.71
676917,FF,776482,2025-09-02,MIA,75,17,97.48
676917,FF,776409,2025-09-08,MIA,61,15,96.81
676917,FF,776320,2025-09-14,PIT,67,14,96.54
676917,FF,776252,2025-09-20,NYM,76,27,97.44
676917,FF,776165,2025-09-26,CWS,72,26,96.36
678606,FF,778491,2025-04-01,TOR,29,1,97.5
678606,FF,778457,2025-04-04,AZ,18,2,98.65
678606,FF,778429,2025-04-06,AZ,11,1,97.6
678606,FF,778314,2025-04-15,PIT,15,3,96.5
678606,FF,778247,2025-04-19,COL,22,2,97.1
678606,FF,778235,2025-04-20,COL,16,1,96.9
678606,FF,778183,2025-04-25,NYM,16,3,98.4
678606,FF,778099,2025-05-01,PHI,30,4,98.43
678606,FF,778077,2025-05-03,CIN,9,3,96.57
678606,FF,778058,2025-05-04,CIN,13,2,95.45
678606,FF,778026,2025-05-06,CLE,22,1,99.5
678606,FF,777980,2025-05-10,STL,18,7,98.04
678606,FF,777959,2025-05-12,ATL,15,2,98.15
678606,FF,777929,2025-05-14,ATL,29,8,97.99
678606,FF,777907,2025-05-16,BAL,20,2,96.7
678606,FF,777890,2025-05-17,BAL,15,2,96.55
678606,FF,777841,2025-05-20,ATL,10,2,96.45
678606,FF,777820,2025-05-22,ATL,23,10,97.53
678606,FF,777722,2025-05-29,SEA,16,1,98.6
678606,FF,777596,2025-06-08,TEX,18,2,96.6
678606,FF,777570,2025-06-10,NYM,21,2,98.8
678606,FF,777530,2025-06-13,MIA,34,2,97.65
678606,FF,777416,2025-06-21,LAD,19,1,98.1
678606,FF,777372,2025-06-24,SD,13,4,96.35
678606,FF,777331,2025-06-27,LAA,13,3,96.4
678606,FF,777305,2025-06-29,LAA,21,1,98.6
678606,FF,777265,2025-07-02,DET,22,3,98.77
678606,FF,777149,2025-07-11,MIL,13,2,98.35
678606,FF,777135,2025-07-12,MIL,16,2,98.2
678606,FF,777112,2025-07-18,SD,9,3,98.07
678606,FF,777011,2025-07-25,MIN,18,1,96.7
678606,FF,776894,2025-08-03,MIL,23,2,99.4
678606,FF,776802,2025-08-09,SF,19,1,99.0
678606,FF,776759,2025-08-13,KC,23,2,100.5
678606,FF,776743,2025-08-14,PHI,12,1,97.6
678606,FF,776725,2025-08-16,PHI,24,2,99.1
678606,FF,776659,2025-08-20,NYM,7,1,99.5
678606,FF,776650,2025-08-21,NYM,28,1,97.1
678606,FF,776570,2025-08-27,NYY,13,1,97.0
678606,FF,776482,2025-09-02,MIA,20,1,97.6
678606,FF,776440,2025-09-06,CHC,16,4,98.88
678606,FF,776252,2025-09-20,NYM,43,6,98.95
680730,FF,778452,2025-04-05,AZ,75,45,92.43
680730,FF,778369,2025-04-11,MIA,80,40,92.3
680730,FF,778293,2025-04-16,PIT,70,37,93.07
680730,FF,778222,2025-04-22,BAL,89,52,92.91
680730,FF,778153,2025-04-27,NYM,76,54,92.1
680730,FF,778087,2025-05-02,CIN,76,47,92.18
680730,FF,777995,2025-05-09,STL,84,60,92.2
680730,FF,777929,2025-05-14,ATL,69,42,93.67
680730,FF,777841,2025-05-20,ATL,79,47,92.78
680730,FF,777743,2025-05-27,SEA,78,46,92.97
680730,FF,777679,2025-06-01,AZ,61,50,93.17
680730,FF,777610,2025-06-07,TEX,75,51,93.34
680730,FF,777530,2025-06-13,MIA,82,48,92.06
680730,FF,777461,2025-06-18,COL,83,39,93.24
680730,FF,777382,2025-06-23,SD,95,57,93.91
680730,FF,777305,2025-06-29,LAA,73,44,92.99
680730,FF,777228,2025-07-05,BOS,94,41,92.3
680730,FF,777149,2025-07-11,MIL,85,56,92.73
680730,FF,777091,2025-07-19,SD,81,46,93.15
680730,FF,776997,2025-07-26,MIN,97,56,93.4
680730,FF,776917,2025-08-01,MIL,84,51,92.24
680730,FF,776837,2025-08-07,ATH,84,48,93.17
680730,FF,776770,2025-08-12,KC,87,45,93.27
680730,FF,776708,2025-08-17,PHI,52,32,93.64
680730,FF,776628,2025-08-23,PHI,99,57,94.43
680730,FF,776545,2025-08-29,TB,90,41,94.07
680730,FF,776477,2025-09-03,MIA,85,41,93.01
680730,FF,776397,2025-09-09,MIA,88,63,92.1
680730,FF,776315,2025-09-15,ATL,96,65,92.43
680730,FF,776237,2025-09-21,NYM,53,31,93.96
680730,FF,776200,2025-09-24,ATL,11,8,92.78
680730,FF,776143,2025-09-28,CWS,16,8,93.0
687377,FF,778478,2025-04-02,TOR,27,7,97.33
687377,FF,778457,2025-04-04,AZ,8,2,95.5
687377,FF,778409,2025-04-08,LAD,58,13,94.54
687377,FF,776903,2025-08-02,MIL,10,4,95.92
687377,FF,776865,2025-08-05,ATH,24,7,96.7
687377,FF,776837,2025-08-07,ATH,19,6,97.42
687377,FF,776784,2025-08-11,KC,15,5,96.84
687377,FF,776770,2025-08-12,KC,23,12,96.72
687377,FF,776739,2025-08-15,PHI,13,7,97.4
687377,FF,776708,2025-08-17,PHI,22,7,97.53
687377,FF,776628,2025-08-23,PHI,26,9,96.16
687377,FF,776588,2025-08-26,NYY,35,10,95.72
687377,FF,776545,2025-08-29,TB,3,1,97.5
687377,FF,776520,2025-08-31,TB,12,7,98.24
687377,FF,776455,2025-09-05,CHC,23,4,97.62
687377,FF,776409,2025-09-08,MIA,48,22,95.92
687377,FF,776315,2025-09-15,ATL,25,9,96.49
687377,FF,777825,2025-09-16,ATL,23,12,96.49
687377,FF,776219,2025-09-23,ATL,17,12,96.35
687377,FF,776165,2025-09-26,CWS,19,12,96.49
690925,FF,777260,2025-07-03,TOR,45,29,96.19
690925,FF,777169,2025-07-10,SEA,40,31,95.68
690925,FF,776865,2025-08-05,ATH,30,21,96.48
690925,FF,776837,2025-08-07,ATH,11,6,96.63
690925,FF,776793,2025-08-10,SF,10,5,97.08
690925,FF,776784,2025-08-11,KC,16,8,95.8
690925,FF,776759,2025-08-13,KC,11,7,96.73
690925,FF,776739,2025-08-15,PHI,14,10,95.22
690925,FF,776708,2025-08-17,PHI,16,9,96.06
690925,FF,776659,2025-08-20,NYM,9,3,96.7
690925,FF,776650,2025-08-21,NYM,11,7,96.29
690925,FF,776613,2025-08-24,PHI,14,7,97.13
690925,FF,776588,2025-08-26,NYY,33,20,96.94
690925,FF,776545,2025-08-29,TB,9,2,97.75
690925,FF,776520,2025-08-31,TB,11,6,97.55
690925,FF,776498,2025-09-01,MIA,18,10,96.78
690925,FF,776440,2025-09-06,CHC,22,9,96.12
690925,FF,776420,2025-09-07,CHC,19,9,97.93
690925,FF,776386,2025-09-10,MIA,12,5,98.14
690925,FF,776351,2025-09-12,PIT,11,3,97.93
690925,FF,776336,2025-09-13,PIT,12,2,97.15
690925,FF,776320,2025-09-14,PIT,22,8,97.04
690925,FF,776286,2025-09-17,ATL,21,12,95.62
690925,FF,776252,2025-09-20,NYM,17,10,96.09
690925,FF,776200,2025-09-24,ATL,28,12,97.2
691251,FF,777284,2025-07-02,DET,36,11,95.44
691251,FF,777123,2025-07-13,MIL,29,20,93.26
691251,FF,777077,2025-07-20,SD,41,27,94.39
691251,FF,777042,2025-07-22,CIN,8,6,93.78
691251,FF,777026,2025-07-23,CIN,14,7,91.09
691251,FF,776950,2025-07-29,HOU,32,13,94.68
691251,FF,776917,2025-08-01,MIL,32,10,95.26
691251,FF,776894,2025-08-03,MIL,19,8,94.19
691251,FF,776865,2025-08-05,ATH,42,14,94.83
694350,FF,778046,2025-05-06,CLE,26,12,94.59
694350,FF,777980,2025-05-10,STL,6,6,95.53
694350,FF,777962,2025-05-11,STL,18,10,95.05
694350,FF,777942,2025-05-13,ATL,6,6,93.67
694350,FF,777909,2025-05-15,ATL,12,5,94.48
694350,FF,777890,2025-05-17,BAL,25,14,95.06
694350,FF,777801,2025-05-23,SF,22,11,93.83
694350,FF,777743,2025-05-27,SEA,19,15,94.33
694350,FF,777730,2025-05-28,SEA,13,5,93.4
694350,FF,777679,2025-06-01,AZ,17,7,93.67
694350,FF,777659,2025-06-03,CHC,29,16,93.77
694350,FF,777632,2025-06-05,CHC,14,8,93.88
694350,FF,777610,2025-06-07,TEX,18,12,94.82
694350,FF,777555,2025-06-11,NYM,17,10,95.0
694350,FF,777544,2025-06-12,NYM,19,10,95.15
694350,FF,777514,2025-06-14,MIA,3,3,95.0
694350,FF,777480,2025-06-17,COL,21,9,95.11
694350,FF,777445,2025-06-19,COL,18,7,94.63
694350,FF,777416,2025-06-21,LAD,20,10,94.62
694350,FF,777382,2025-06-23,SD,33,14,95.06
694350,FF,777331,2025-06-27,LAA,10,6,95.23
694350,FF,777315,2025-06-28,LAA,7,5,94.1
694350,FF,777245,2025-07-04,BOS,29,15,95.43
694350,FF,776937,2025-07-30,HOU,15,8,95.72
694350,FF,776917,2025-08-01,MIL,19,7,95.17
694350,FF,776894,2025-08-03,MIL,23,14,95.04
695418,FF,778478,2025-04-02,TOR,20,10,96.84
695418,FF,778409,2025-04-08,LAD,55,42,94.86
695418,FF,778321,2025-04-14,PIT,57,29,95.59
695418,FF,778266,2025-04-20,COL,65,47,94.84
695418,FF,778173,2025-04-26,NYM,80,50,95.04
695418,FF,778099,2025-05-01,PHI,69,30,94.38
695418,FF,778046,2025-05-06,CLE,93,40,93.8
695418,FF,777962,2025-05-11,STL,25,12,94.67
695418,FF,777942,2025-05-13,ATL,43,27,95.16
695418,FF,777909,2025-05-15,ATL,19,14,95.31
695418,FF,777873,2025-05-18,BAL,21,13,95.85
695418,FF,777820,2025-05-22,ATL,29,23,93.67
695418,FF,777778,2025-05-25,SF,28,11,95.16
695418,FF,777730,2025-05-28,SEA,26,22,95.1
695418,FF,777710,2025-05-30,AZ,32,12,95.22
695418,FF,777679,2025-06-01,AZ,9,6,95.78
695418,FF,777650,2025-06-04,CHC,18,8,95.28
695418,FF,777624,2025-06-06,TEX,9,4,94.1
695418,FF,777596,2025-06-08,TEX,34,19,94.27
695418,FF,777570,2025-06-10,NYM,12,9,94.89
695418,FF,777530,2025-06-13,MIA,38,23,94.11
695418,FF,777514,2025-06-14,MIA,12,5,93.08
695418,FF,777488,2025-06-16,COL,22,11,95.04
695418,FF,777461,2025-06-18,COL,14,9,95.62
695418,FF,777416,2025-06-21,LAD,13,10,95.49
695418,FF,777382,2025-06-23,SD,23,10,95.85
695418,FF,777360,2025-06-25,SD,30,14,94.51
695418,FF,777331,2025-06-27,LAA,36,23,95.06
695418,FF,777265,2025-07-02,DET,20,12,95.94
695418,FF,777258,2025-07-03,DET,21,14,95.85
695418,FF,777213,2025-07-06,BOS,26,20,96.22
695418,FF,777149,2025-07-11,MIL,13,10,96.47
695418,FF,777135,2025-07-12,MIL,27,17,96.15
695418,FF,777042,2025-07-22,CIN,50,21,95.58
695418,FF,776969,2025-07-28,HOU,59,21,95.41
695418,FF,776894,2025-08-03,MIL,92,46,94.6
695418,FF,776802,2025-08-09,SF,86,35,95.04
695418,FF,776743,2025-08-14,PHI,92,18,94.94
695418,FF,776659,2025-08-20,NYM,92,41,94.6
695418,FF,776597,2025-08-25,NYY,78,35,94.1
695418,FF,776520,2025-08-31,TB,62,19,93.87
695418,FF,776440,2025-09-06,CHC,90,38,94.28
695418,FF,776351,2025-09-12,PIT,87,30,93.96
695418,FF,776286,2025-09-17,ATL,102,40,93.76
695418,FF,776219,2025-09-23,ATL,96,37,94.46
695418,FF,776143,2025-09-28,CWS,80,34,92.78
702795,FF,777899,2025-05-16,LAA,20,5,93.82
702795,FF,777638,2025-06-04,NYM,38,12,95.64
702795,FF,777514,2025-06-14,MIA,8,4,95.12
702795,FF,777503,2025-06-15,MIA,20,12,94.52
702795,FF,777461,2025-06-18,COL,12,4,95.92
702795,FF,777445,2025-06-19,COL,12,9,96.02
702795,FF,777398,2025-06-22,LAD,16,6,95.43
702795,FF,777315,2025-06-28,LAA,16,12,95.33
702795,FF,777245,2025-07-04,BOS,33,16,95.62
702795,FF,777228,2025-07-05,BOS,10,5,95.76
702795,FF,776917,2025-08-01,MIL,35,18,95.71
702795,FF,776894,2025-08-03,MIL,11,4,94.78
829272,FF,777213,2025-07-06,BOS,55,13,90.67
829272,FF,777135,2025-07-12,MIL,56,22,90.97
829272,FF,776903,2025-08-02,MIL,60,28,90.68
829272,FF,776850,2025-08-06,ATH,17,9,91.56
829272,FF,776822,2025-08-08,SF,50,25,89.97
829272,FF,776784,2025-08-11,KC,13,7,90.74
829272,FF,776708,2025-08-17,PHI,32,10,89.28
829272,FF,776659,2025-08-20,NYM,10,1,91.5
829272,FF,776648,2025-08-22,PHI,17,3,92.3
829272,FF,776613,2025-08-24,PHI,47,14,92.56
829272,FF,776570,2025-08-27,NYY,64,23,91.11
829272,FF,776520,2025-08-31,TB,10,5,91.22
829272,FF,776477,2025-09-03,MIA,13,4,91.7
829272,FF,776455,2025-09-05,CHC,29,14,91.11
829272,FF,776409,2025-09-08,MIA,38,25,91.22
829272,FF,776336,2025-09-13,PIT,28,12,90.99
829272,FF,776315,2025-09-15,ATL,36,20,92.59
829272,FF,777825,2025-09-16,ATL,14,6,90.58
829272,FF,776286,2025-09-17,ATL,18,6,90.37
829272,FF,776221,2025-09-22,ATL,29,5,93.0
829272,FF,776165,2025-09-26,CWS,17,6,91.23
829272,FF,776143,2025-09-28,CWS,17,3,91.13
